# Blender 5.2.2 LTS
# www.blender.org
mtllib Untitled.mtl
o alpha_pelt
v 0.851156 -0.023438 6.776635
v 0.851156 -0.604632 6.777533
v 1.376886 0.066206 6.778453
v 1.376886 -0.499975 6.779030
v 2.325932 0.197174 4.798877
v 2.325932 -0.349494 4.799163
v 3.145252 0.418914 3.691648
v 3.145252 -0.104939 3.692248
v 4.012366 0.449294 3.476154
v 4.012366 -0.067896 3.477607
v 4.012366 0.434237 2.826934
v 4.012366 -0.087766 2.828658
v 3.472980 0.429115 1.819428
v 3.472980 -0.093546 1.821190
v 4.176230 0.398749 1.187624
v 4.176230 -0.142888 1.190443
v 3.718776 0.393786 0.245139
v 3.718776 -0.152912 0.248242
v 4.013732 0.409655 -4.013045
v 4.013732 -0.106700 -4.011708
v 4.827808 0.363189 -6.201293
v 4.827808 -0.165497 -6.199200
v 4.261494 0.382967 -6.736486
v 4.261494 -0.135502 -6.734962
v 3.187857 0.323534 -6.180080
v 3.187857 -0.203465 -6.179628
v 1.642291 -0.038361 -6.188661
v 1.642291 -0.608262 -6.188007
v 4.623562 0.411876 -2.190107
v 4.623562 -0.117309 -2.188015
v -0.851156 -0.023438 6.776635
v -0.851156 -0.604632 6.777533
v -0.000000 -0.239944 5.355982
v -0.000000 -0.870075 5.358011
v -1.376887 0.066206 6.778453
v -1.376887 -0.499975 6.779030
v -2.325932 0.197174 4.798877
v -2.325932 -0.349494 4.799163
v -3.145252 0.418914 3.691648
v -3.145252 -0.104939 3.692248
v -4.012366 0.449294 3.476154
v -4.012366 -0.067896 3.477607
v -4.012366 0.434237 2.826934
v -4.012366 -0.087766 2.828658
v -3.472980 0.429115 1.819428
v -3.472980 -0.093546 1.821190
v -4.176230 0.398749 1.187624
v -4.176230 -0.142888 1.190443
v -3.718776 0.393786 0.245139
v -3.718776 -0.152912 0.248242
v -4.013732 0.409655 -4.013045
v -4.013732 -0.106700 -4.011708
v -4.827808 0.363189 -6.201293
v -4.827808 -0.165497 -6.199200
v -4.261494 0.382967 -6.736486
v -4.261494 -0.135502 -6.734962
v -3.187857 0.323534 -6.180080
v -3.187857 -0.203465 -6.179628
v -1.642291 -0.038361 -6.188661
v -1.642291 -0.608262 -6.188007
v -0.000000 -0.306041 -5.561829
v -0.000000 -0.936171 -5.559800
v -4.623562 0.411876 -2.190107
v -4.623562 -0.117309 -2.188015
vn -0.8581 0.0008 0.5135
vn -0.8579 0.0008 0.5139
vn -0.8578 0.0015 0.5140
vn -0.0034 0.0013 1.0000
vn -0.0032 0.0015 1.0000
vn 0.9019 0.0006 0.4319
vn 0.9017 0.0004 0.4323
vn 0.9017 0.0003 0.4323
vn 0.8037 0.0004 0.5950
vn 0.8037 0.0003 0.5950
vn 0.8038 0.0006 0.5949
vn 0.2397 0.0012 0.9708
vn 0.2402 0.0011 0.9707
vn 0.2416 0.0027 0.9704
vn 1.0000 -0.0000 -0.0000
vn 0.8816 -0.0016 -0.4720
vn 0.6687 0.0026 0.7435
vn 0.6678 0.0039 0.7443
vn 0.6675 0.0039 0.7446
vn 0.8996 -0.0023 -0.4367
vn 0.8996 -0.0025 -0.4367
vn 0.8996 -0.0024 -0.4367
vn 0.9484 -0.0012 -0.3172
vn 0.9484 -0.0013 -0.3171
vn 0.9483 -0.0007 -0.3175
vn 0.9374 0.0008 0.3482
vn 0.9372 0.0014 0.3487
vn 0.9371 0.0014 0.3492
vn 0.6874 -0.0028 -0.7263
vn 0.6872 -0.0029 -0.7265
vn 0.6869 -0.0024 -0.7267
vn -0.4606 -0.0025 -0.8876
vn -0.4594 -0.0008 -0.8882
vn -0.4587 -0.0008 -0.8886
vn 0.0057 -0.0009 -1.0000
vn 0.0057 -0.0011 -1.0000
vn -0.3555 -0.0011 -0.9347
vn -0.3567 -0.0030 -0.9342
vn -0.3577 -0.0031 -0.9338
vn 0.0125 -0.9999 -0.0100
vn 0.0268 0.9995 -0.0183
vn 0.9375 0.0020 0.3479
vn 0.9374 0.0020 0.3482
vn 0.9373 0.0014 0.3486
vn 0.8578 0.0015 0.5140
vn 0.8579 0.0008 0.5139
vn 0.8581 0.0008 0.5135
vn 0.0034 0.0013 1.0000
vn 0.0032 0.0015 1.0000
vn -0.9017 0.0003 0.4323
vn -0.9017 0.0004 0.4323
vn -0.9019 0.0005 0.4320
vn -0.8038 0.0006 0.5949
vn -0.8037 0.0003 0.5950
vn -0.8036 0.0003 0.5952
vn -0.2415 0.0026 0.9704
vn -0.2402 0.0011 0.9707
vn -0.2398 0.0012 0.9708
vn -1.0000 -0.0000 -0.0000
vn -0.8816 -0.0016 -0.4720
vn -0.6687 0.0026 0.7435
vn -0.6684 0.0025 0.7438
vn -0.6675 0.0039 0.7446
vn -0.8996 -0.0023 -0.4367
vn -0.8996 -0.0023 -0.4366
vn -0.8996 -0.0024 -0.4367
vn -0.9483 -0.0007 -0.3175
vn -0.9484 -0.0013 -0.3171
vn -0.9484 -0.0012 -0.3172
vn -0.9374 0.0008 0.3482
vn -0.9372 0.0009 0.3487
vn -0.9371 0.0014 0.3492
vn -0.6869 -0.0024 -0.7267
vn -0.6872 -0.0029 -0.7265
vn -0.6870 -0.0026 -0.7266
vn 0.4606 -0.0025 -0.8876
vn 0.4600 -0.0026 -0.8879
vn 0.4587 -0.0008 -0.8886
vn -0.0057 -0.0009 -1.0000
vn -0.0058 -0.0009 -1.0000
vn -0.0057 -0.0011 -1.0000
vn 0.3555 -0.0011 -0.9347
vn 0.3564 -0.0011 -0.9343
vn 0.3577 -0.0031 -0.9338
vn -0.2965 -0.9515 0.0822
vn 0.1724 0.9850 -0.0083
vn 0.1680 0.9856 -0.0201
vn 0.1652 0.9862 -0.0071
vn -0.9372 0.0014 0.3487
vn -0.9374 0.0020 0.3482
vn -0.9375 0.0020 0.3479
vn -0.8578 0.0017 0.5140
vn -0.0036 0.0010 1.0000
vn 0.9017 0.0002 0.4323
vn 0.8038 0.0007 0.5949
vn 0.2411 0.0027 0.9705
vn 0.6684 0.0025 0.7438
vn 0.8996 -0.0023 -0.4366
vn 0.9483 -0.0008 -0.3172
vn 0.9372 0.0009 0.3487
vn 0.6868 -0.0021 -0.7268
vn -0.4600 -0.0026 -0.8879
vn 0.0058 -0.0009 -1.0000
vn -0.3564 -0.0011 -0.9343
vn 0.1946 -0.9786 0.0663
vn 0.2262 -0.9735 0.0344
vn 0.1991 -0.9799 0.0089
vn 0.1977 -0.9803 0.0027
vn 0.1965 -0.9805 0.0067
vn 0.1989 -0.9800 0.0079
vn 0.1972 -0.9803 0.0059
vn 0.0221 -0.9966 -0.0792
vn 0.2533 -0.9659 -0.0534
vn 0.2965 -0.9515 0.0822
vn 0.2029 -0.9770 -0.0657
vn 0.0502 -0.9983 0.0306
vn -0.0422 -0.9986 0.0311
vn 0.0166 -0.9999 -0.0032
vn 0.2556 -0.9660 0.0389
vn 0.0236 -0.9991 0.0356
vn -0.1677 0.9846 -0.0496
vn -0.1759 0.9844 -0.0060
vn -0.1744 0.9847 -0.0043
vn -0.1741 0.9847 -0.0072
vn -0.1673 0.9832 0.0731
vn -0.1681 0.9856 -0.0197
vn -0.2280 0.9725 0.0482
vn -0.0233 0.9978 0.0616
vn -0.0122 0.9999 0.0029
vn -0.0246 0.9992 -0.0304
vn -0.1908 0.9813 -0.0265
vn -0.0408 0.9989 -0.0232
vn -0.2219 0.9745 -0.0335
vn -0.0148 0.9999 0.0029
vn -0.2478 0.9669 -0.0604
vn -0.1724 0.9850 -0.0083
vn 0.9374 0.0014 0.3483
vn 0.8578 0.0017 0.5140
vn 0.0036 0.0010 1.0000
vn -0.9017 0.0002 0.4323
vn -0.8038 0.0007 0.5949
vn -0.2411 0.0027 0.9705
vn -0.6678 0.0039 0.7443
vn -0.8996 -0.0025 -0.4367
vn -0.9483 -0.0008 -0.3172
vn -0.6868 -0.0021 -0.7268
vn 0.4594 -0.0008 -0.8882
vn 0.3567 -0.0030 -0.9342
vn -0.1946 -0.9786 0.0663
vn -0.1972 -0.9803 0.0059
vn -0.1989 -0.9800 0.0079
vn -0.1965 -0.9805 0.0067
vn -0.1977 -0.9803 0.0027
vn -0.1991 -0.9799 0.0089
vn -0.0221 -0.9966 -0.0792
vn -0.2533 -0.9659 -0.0534
vn -0.2262 -0.9735 0.0344
vn -0.0502 -0.9983 0.0306
vn -0.2029 -0.9770 -0.0657
vn -0.0236 -0.9991 0.0356
vn -0.0125 -0.9999 -0.0100
vn -0.0166 -0.9999 -0.0032
vn -0.2556 -0.9660 0.0389
vn 0.0422 -0.9986 0.0311
vn 0.1759 0.9844 -0.0060
vn 0.1677 0.9846 -0.0496
vn 0.1908 0.9813 -0.0265
vn 0.0408 0.9989 -0.0232
vn 0.1673 0.9832 0.0731
vn 0.0148 0.9999 0.0029
vn 0.2219 0.9745 -0.0335
vn 0.2280 0.9725 0.0482
vn 0.1681 0.9856 -0.0197
vn 0.0233 0.9978 0.0616
vn 0.0122 0.9999 0.0029
vn 0.0246 0.9992 -0.0304
vn 0.2478 0.9669 -0.0604
vn -0.0268 0.9995 -0.0183
vn -0.9374 0.0014 0.3483
vt 0.625000 0.250000
vt 0.375000 0.250000
vt 0.375000 0.375000
vt 0.625000 0.375000
s 1
usemtl aplha_pelt
f 2/1/1 1/2/2 33/3/3
f 1/2/4 2/1/5 4/1/4
f 3/2/6 4/1/7 6/1/8
f 5/2/9 6/1/10 8/1/11
f 7/2/12 8/1/13 10/1/14
f 10/1/15 12/1/15 11/2/15
f 12/1/16 14/1/16 13/2/16
f 14/1/17 16/1/18 15/2/19
f 16/1/20 18/1/21 17/2/22
f 29/2/23 30/1/24 20/1/25
f 20/1/26 22/1/27 21/2/28
f 21/2/29 22/1/30 24/1/31
f 24/1/32 26/1/33 25/2/34
f 26/1/35 28/1/36 27/2/36
f 28/1/37 62/1/38 61/2/39
f 18/1/40 20/1/40 30/1/40
f 17/2/41 13/2/41 15/2/41
f 17/2/42 18/1/43 30/1/44
f 33/3/45 31/2/46 32/1/47
f 36/1/48 32/1/49 31/2/48
f 38/1/50 36/1/51 35/2/52
f 40/1/53 38/1/54 37/2/55
f 42/1/56 40/1/57 39/2/58
f 42/1/59 41/2/59 43/2/59
f 44/1/60 43/2/60 45/2/60
f 46/1/61 45/2/62 47/2/63
f 48/1/64 47/2/65 49/2/66
f 52/1/67 64/1/68 63/2/69
f 52/1/70 51/2/71 53/2/72
f 56/1/73 54/1/74 53/2/75
f 56/1/76 55/2/77 57/2/78
f 58/1/79 57/2/80 59/2/81
f 60/1/82 59/2/83 61/2/84
f 34/4/85 46/1/85 50/1/85
f 49/2/86 61/2/87 51/2/88
f 64/1/89 50/1/90 49/2/91
f 2/1/1 33/3/3 34/4/92
f 1/2/4 4/1/4 3/2/93
f 3/2/6 6/1/8 5/2/94
f 5/2/9 8/1/11 7/2/95
f 7/2/12 10/1/14 9/2/96
f 10/1/15 11/2/15 9/2/15
f 12/1/16 13/2/16 11/2/16
f 14/1/17 15/2/19 13/2/97
f 16/1/20 17/2/22 15/2/98
f 29/2/23 20/1/25 19/2/99
f 20/1/26 21/2/28 19/2/100
f 21/2/29 24/1/31 23/2/101
f 24/1/32 25/2/34 23/2/102
f 26/1/35 27/2/36 25/2/103
f 28/1/37 61/2/39 27/2/104
f 34/4/105 4/1/105 2/1/105
f 34/4/106 6/1/106 4/1/106
f 28/1/107 20/1/108 62/1/109
f 62/1/109 18/1/110 34/4/111
f 22/1/112 26/1/112 24/1/112
f 26/1/113 20/1/113 28/1/113
f 62/1/109 20/1/108 18/1/110
f 18/1/114 14/1/114 34/4/114
f 34/4/115 8/1/115 6/1/115
f 8/1/116 12/1/116 10/1/116
f 14/1/117 18/1/117 16/1/117
f 8/1/118 14/1/118 12/1/118
f 34/4/119 14/1/119 8/1/119
f 20/1/120 26/1/120 22/1/120
f 1/2/121 3/2/121 33/3/121
f 33/3/122 17/2/123 61/2/124
f 5/2/125 7/2/125 33/3/125
f 61/2/126 19/2/126 27/2/126
f 27/2/127 19/2/127 25/2/127
f 25/2/128 21/2/128 23/2/128
f 19/2/129 17/2/129 29/2/129
f 25/2/130 19/2/130 21/2/130
f 33/3/131 3/2/131 5/2/131
f 11/2/132 7/2/132 9/2/132
f 7/2/133 13/2/133 33/3/133
f 13/2/134 7/2/134 11/2/134
f 13/2/135 17/2/135 33/3/135
f 19/2/136 61/2/124 17/2/123
f 17/2/42 30/1/44 29/2/137
f 33/3/45 32/1/47 34/4/138
f 36/1/48 31/2/48 35/2/139
f 38/1/50 35/2/52 37/2/140
f 40/1/53 37/2/55 39/2/141
f 42/1/56 39/2/58 41/2/142
f 42/1/59 43/2/59 44/1/59
f 44/1/60 45/2/60 46/1/60
f 46/1/61 47/2/63 48/1/143
f 48/1/64 49/2/66 50/1/144
f 52/1/67 63/2/69 51/2/145
f 52/1/70 53/2/72 54/1/89
f 56/1/73 53/2/75 55/2/146
f 56/1/76 57/2/78 58/1/147
f 58/1/79 59/2/81 60/1/81
f 60/1/82 61/2/84 62/1/148
f 36/1/149 34/4/149 32/1/149
f 34/4/150 50/1/151 62/1/152
f 62/1/152 52/1/153 60/1/154
f 58/1/155 54/1/155 56/1/155
f 62/1/152 50/1/151 52/1/153
f 60/1/156 52/1/156 58/1/156
f 38/1/157 34/4/157 36/1/157
f 44/1/158 40/1/158 42/1/158
f 40/1/159 34/4/159 38/1/159
f 58/1/160 52/1/160 54/1/160
f 52/1/161 50/1/161 64/1/161
f 44/1/162 46/1/162 40/1/162
f 40/1/163 46/1/163 34/4/163
f 50/1/164 46/1/164 48/1/164
f 61/2/165 49/2/165 33/3/165
f 33/3/166 35/2/166 31/2/166
f 37/2/167 35/2/167 33/3/167
f 39/2/168 43/2/168 41/2/168
f 33/3/169 39/2/169 37/2/169
f 39/2/170 45/2/170 43/2/170
f 33/3/171 45/2/171 39/2/171
f 57/2/172 51/2/172 59/2/172
f 59/2/173 51/2/88 61/2/87
f 53/2/174 57/2/174 55/2/174
f 49/2/175 51/2/175 63/2/175
f 51/2/176 57/2/176 53/2/176
f 33/3/177 49/2/177 45/2/177
f 45/2/178 49/2/178 47/2/178
f 64/1/89 49/2/91 63/2/179
o BézierCurve.002
v -1.255875 0.050914 4.205356
v -1.242787 0.064197 4.203070
v -1.224946 0.069059 4.199747
v -1.207134 0.064197 4.196278
v -1.194122 0.050914 4.193592
v -1.189397 0.032769 4.192409
v -1.194226 0.014624 4.193046
v -1.207314 0.001341 4.195333
v -1.225154 -0.003521 4.198656
v -1.242967 0.001341 4.202125
v -1.255978 0.014624 4.204810
v -1.260703 0.032769 4.205993
v -1.369732 0.060778 3.603431
v -1.356634 0.074060 3.601201
v -1.338783 0.078921 3.597934
v -1.320963 0.074058 3.594505
v -1.307949 0.060775 3.591833
v -1.303227 0.042630 3.590634
v -1.308064 0.024486 3.591229
v -1.321162 0.011204 3.593458
v -1.339013 0.006343 3.596725
v -1.356833 0.011206 3.600155
v -1.369848 0.024489 3.602827
v -1.374569 0.042633 3.604026
v -1.473034 0.070818 3.048893
v -1.459924 0.084099 3.046723
v -1.442062 0.088959 3.043514
v -1.424235 0.084096 3.040127
v -1.411218 0.070812 3.037469
v -1.406499 0.052668 3.036252
v -1.411344 0.034525 3.036803
v -1.424454 0.021244 3.038974
v -1.442315 0.016384 3.042183
v -1.460143 0.021247 3.045570
v -1.473160 0.034530 3.048228
v -1.477879 0.052675 3.049444
v -1.568557 0.081168 2.527890
v -1.555437 0.094448 2.525778
v -1.537564 0.099307 2.522626
v -1.519729 0.094442 2.519280
v -1.506709 0.081159 2.516636
v -1.501994 0.063015 2.515403
v -1.506847 0.044872 2.515910
v -1.519967 0.031592 2.518023
v -1.537839 0.026734 2.521174
v -1.555675 0.031598 2.524520
v -1.568694 0.044882 2.527164
v -1.573410 0.063025 2.528398
v -1.659079 0.091960 2.026569
v -1.645949 0.105239 2.024509
v -1.628068 0.110096 2.021409
v -1.610226 0.105231 2.018101
v -1.597204 0.091947 2.015469
v -1.592492 0.073804 2.014220
v -1.597351 0.055662 2.014689
v -1.610481 0.042383 2.016749
v -1.628363 0.037526 2.019849
v -1.646205 0.042391 2.023157
v -1.659227 0.055675 2.025789
v -1.663939 0.073818 2.027037
v -1.747379 0.103326 1.531078
v -1.734242 0.116604 1.529060
v -1.716353 0.121461 1.526002
v -1.698505 0.116595 1.522722
v -1.685482 0.103311 1.520101
v -1.680771 0.085168 1.518840
v -1.685637 0.067027 1.519278
v -1.698774 0.053749 1.521296
v -1.716663 0.048892 1.524354
v -1.734510 0.053758 1.527633
v -1.747534 0.067042 1.530255
v -1.752244 0.085185 1.531516
v -1.836234 0.115400 1.027565
v -1.823092 0.128677 1.025575
v -1.805198 0.133533 1.022544
v -1.787347 0.128667 1.019284
v -1.774322 0.115383 1.016670
v -1.769614 0.097239 1.015401
v -1.774482 0.079099 1.015817
v -1.787625 0.065822 1.017807
v -1.805519 0.060966 1.020838
v -1.823369 0.065832 1.024098
v -1.836394 0.079116 1.026712
v -1.841103 0.097259 1.027981
v -1.928423 0.128313 0.502173
v -1.915279 0.141590 0.500196
v -1.897383 0.146446 0.497178
v -1.879530 0.141580 0.493928
v -1.866505 0.128295 0.491317
v -1.861797 0.110152 0.490044
v -1.866667 0.092012 0.490450
v -1.879812 0.078735 0.492428
v -1.897708 0.073879 0.495446
v -1.915560 0.078746 0.498696
v -1.928586 0.092030 0.501307
v -1.933294 0.110173 0.502580
v -2.026726 0.142199 -0.058954
v -2.013581 0.155476 -0.060932
v -1.995685 0.160332 -0.063950
v -1.977833 0.155466 -0.067201
v -1.964807 0.142181 -0.069812
v -1.960099 0.124038 -0.071085
v -1.964970 0.105898 -0.070678
v -1.978114 0.092621 -0.068700
v -1.996010 0.087765 -0.065682
v -2.013863 0.092632 -0.062432
v -2.026888 0.105916 -0.059820
v -2.031596 0.124059 -0.058547
v -2.133920 0.157191 -0.669677
v -2.120778 0.170468 -0.671666
v -2.102884 0.175324 -0.674696
v -2.085033 0.170458 -0.677954
v -2.072008 0.157173 -0.680568
v -2.067299 0.139030 -0.681838
v -2.072168 0.120890 -0.681422
v -2.085310 0.107613 -0.679433
v -2.103204 0.102757 -0.676403
v -2.121055 0.107623 -0.673145
v -2.134080 0.120907 -0.670530
v -2.138789 0.139050 -0.669261
v -2.252786 0.173420 -1.343853
v -2.239647 0.186698 -1.345862
v -2.221756 0.191554 -1.348910
v -2.203907 0.186688 -1.352183
v -2.190883 0.173404 -1.354801
v -2.186174 0.155261 -1.356065
v -2.191040 0.137120 -1.355635
v -2.204179 0.123843 -1.353627
v -2.222070 0.118986 -1.350578
v -2.239919 0.123852 -1.347306
v -2.252943 0.137136 -1.344687
v -2.257653 0.155279 -1.343423
v -2.386102 0.191021 -2.095343
v -2.372967 0.204299 -2.097376
v -2.355081 0.209156 -2.100448
v -2.337235 0.204290 -2.103737
v -2.324212 0.191006 -2.106362
v -2.319501 0.172863 -2.107619
v -2.324365 0.154722 -2.107171
v -2.337499 0.141444 -2.105139
v -2.355386 0.136586 -2.102066
v -2.373231 0.141452 -2.098777
v -2.386255 0.154736 -2.096152
v -2.390965 0.172879 -2.094896
v -2.536648 0.210125 -2.938005
v -2.523518 0.223404 -2.940063
v -2.505636 0.228261 -2.943161
v -2.487793 0.223396 -2.946469
v -2.474771 0.210112 -2.949099
v -2.470059 0.191969 -2.950349
v -2.474919 0.173827 -2.949882
v -2.488049 0.160548 -2.947823
v -2.505931 0.155691 -2.944726
v -2.523774 0.160556 -2.941418
v -2.536796 0.173840 -2.938787
v -2.541508 0.191983 -2.937538
v 2.114457 0.323946 4.172246
v 2.128086 0.337844 4.169266
v 2.146836 0.342931 4.166050
v 2.165683 0.337844 4.163462
v 2.179577 0.323946 4.162193
v 2.184794 0.304962 4.162584
v 2.179938 0.285978 4.164531
v 2.166308 0.272080 4.167511
v 2.147558 0.266993 4.170726
v 2.128711 0.272080 4.173315
v 2.114818 0.285978 4.174584
v 2.109600 0.304962 4.174192
v 2.017390 0.284663 3.538667
v 2.031028 0.298564 3.535748
v 2.049787 0.303654 3.532588
v 2.068639 0.298570 3.530033
v 2.082533 0.284672 3.528768
v 2.087746 0.265686 3.529132
v 2.082882 0.246699 3.531027
v 2.069243 0.232797 3.533946
v 2.050485 0.227707 3.537107
v 2.031632 0.232792 3.539662
v 2.017738 0.246689 3.540927
v 2.012525 0.265675 3.540563
v 1.929422 0.249761 2.954965
v 1.943070 0.263666 2.952110
v 1.961837 0.268760 2.949007
v 1.980695 0.263677 2.946487
v 1.994589 0.249780 2.945226
v 1.999799 0.230792 2.945562
v 1.994926 0.211801 2.947404
v 1.981278 0.197896 2.950259
v 1.962511 0.192802 2.953362
v 1.943653 0.197885 2.955882
v 1.929758 0.211782 2.957143
v 1.924549 0.230770 2.956807
v 1.848176 0.218209 2.406557
v 1.861833 0.232117 2.403764
v 1.880609 0.237214 2.400718
v 1.899471 0.232134 2.398233
v 1.913367 0.218237 2.396976
v 1.918571 0.199247 2.397283
v 1.913691 0.180254 2.399073
v 1.900034 0.166345 2.401865
v 1.881258 0.161248 2.404912
v 1.862396 0.166329 2.407397
v 1.848500 0.180225 2.408654
v 1.843295 0.199215 2.408346
v 1.771272 0.188975 1.878861
v 1.784938 0.202887 1.876125
v 1.803721 0.207986 1.873129
v 1.822588 0.202907 1.870676
v 1.836484 0.189011 1.869422
v 1.841685 0.170020 1.869704
v 1.836798 0.151024 1.871446
v 1.823132 0.137112 1.874182
v 1.804349 0.132012 1.877178
v 1.785482 0.137091 1.879632
v 1.771586 0.150987 1.880885
v 1.766385 0.169978 1.880603
v 1.696333 0.161027 1.357294
v 1.710006 0.174941 1.354604
v 1.728794 0.180043 1.351649
v 1.747665 0.174966 1.349220
v 1.761561 0.161069 1.347970
v 1.766760 0.142077 1.348231
v 1.761867 0.123079 1.349936
v 1.748195 0.109165 1.352627
v 1.729406 0.104063 1.355582
v 1.710535 0.109140 1.358010
v 1.696639 0.123037 1.359261
v 1.691441 0.142029 1.358999
v 1.620980 0.133334 0.827276
v 1.634657 0.147250 0.824616
v 1.653449 0.152353 0.821687
v 1.672323 0.147277 0.819276
v 1.686219 0.133380 0.818027
v 1.691415 0.114388 0.818275
v 1.686519 0.095388 0.819955
v 1.672843 0.081472 0.822615
v 1.654050 0.076369 0.825543
v 1.635177 0.081445 0.827955
v 1.621280 0.095342 0.829204
v 1.616084 0.114334 0.828955
v 1.542834 0.104864 0.274220
v 1.556513 0.118780 0.271574
v 1.575307 0.123884 0.268659
v 1.594182 0.118808 0.266255
v 1.608078 0.104912 0.265007
v 1.613274 0.085919 0.265249
v 1.608376 0.066918 0.266917
v 1.594697 0.053002 0.269563
v 1.575903 0.047898 0.272478
v 1.557029 0.052974 0.274882
v 1.543132 0.066870 0.276130
v 1.537936 0.085863 0.275888
v 1.459516 0.074584 -0.316458
v 1.473195 0.088500 -0.319105
v 1.491989 0.093604 -0.322021
v 1.510864 0.088528 -0.324425
v 1.524760 0.074632 -0.325673
v 1.529956 0.055639 -0.325431
v 1.525058 0.036639 -0.323763
v 1.511379 0.022722 -0.321116
v 1.492585 0.017618 -0.318200
v 1.473711 0.022694 -0.315796
v 1.459814 0.036591 -0.314548
v 1.454619 0.055584 -0.314790
v 1.368648 0.041463 -0.959346
v 1.382324 0.055379 -0.962005
v 1.401117 0.060482 -0.964932
v 1.419990 0.055406 -0.967343
v 1.433887 0.041509 -0.968592
v 1.439083 0.022517 -0.968344
v 1.434187 0.003517 -0.966666
v 1.420510 -0.010399 -0.964007
v 1.401717 -0.015503 -0.961080
v 1.382844 -0.010426 -0.958669
v 1.368948 0.003470 -0.957420
v 1.363751 0.022463 -0.957668
v 1.267849 0.004468 -1.669031
v 1.281523 0.018383 -1.671711
v 1.300313 0.023486 -1.674657
v 1.319184 0.018409 -1.677079
v 1.333081 0.004512 -1.678329
v 1.338278 -0.014480 -1.678072
v 1.333384 -0.033479 -1.676376
v 1.319710 -0.047394 -1.673696
v 1.300920 -0.052496 -1.670750
v 1.282049 -0.047419 -1.668328
v 1.268152 -0.033523 -1.667078
v 1.262955 -0.014530 -1.667335
v 1.154740 -0.037431 -2.460099
v 1.168411 -0.023518 -2.462805
v 1.187197 -0.018417 -2.465774
v 1.206067 -0.023495 -2.468211
v 1.219963 -0.037391 -2.469463
v 1.225162 -0.056383 -2.469194
v 1.220272 -0.075380 -2.467477
v 1.206601 -0.089294 -2.464771
v 1.187814 -0.094395 -2.461802
v 1.168945 -0.089317 -2.459365
v 1.155049 -0.075421 -2.458113
v 1.149850 -0.056429 -2.458382
v 1.026944 -0.085268 -3.347138
v 1.040610 -0.071356 -3.349872
v 1.059393 -0.066257 -3.352866
v 1.078260 -0.071335 -3.355318
v 1.092156 -0.085232 -3.356572
v 1.097357 -0.104223 -3.356290
v 1.092470 -0.123219 -3.354550
v 1.078804 -0.137131 -3.351816
v 1.060021 -0.142231 -3.348822
v 1.041153 -0.137152 -3.346370
v 1.027257 -0.123256 -3.345116
v 1.022056 -0.104265 -3.345397
v 0.579363 -0.060769 5.346398
v 0.597111 -0.042724 5.343096
v 0.621412 -0.036119 5.338930
v 0.645754 -0.042724 5.335017
v 0.663616 -0.060769 5.332405
v 0.670211 -0.085419 5.331793
v 0.663773 -0.110069 5.333347
v 0.646025 -0.128115 5.336649
v 0.621725 -0.134720 5.340815
v 0.597382 -0.128115 5.344728
v 0.579520 -0.110069 5.347340
v 0.572925 -0.085419 5.347951
v 0.443949 -0.076056 4.525257
v 0.461710 -0.058009 4.522034
v 0.486022 -0.051403 4.517940
v 0.510372 -0.058007 4.514071
v 0.528235 -0.076052 4.511463
v 0.534825 -0.100703 4.510817
v 0.528375 -0.125354 4.512304
v 0.510615 -0.143401 4.515527
v 0.486302 -0.150007 4.519622
v 0.461952 -0.143403 4.523491
v 0.444089 -0.125358 4.526098
v 0.437500 -0.100707 4.526744
v 0.321103 -0.088488 3.768806
v 0.338877 -0.070440 3.765666
v 0.363201 -0.063833 3.761646
v 0.387559 -0.070436 3.757823
v 0.405422 -0.088481 3.755221
v 0.412006 -0.113133 3.754538
v 0.405545 -0.137785 3.755956
v 0.387771 -0.155833 3.759096
v 0.363447 -0.162441 3.763117
v 0.339089 -0.155837 3.766940
v 0.321225 -0.137792 3.769542
v 0.314642 -0.113141 3.770225
v 0.207518 -0.098581 3.058140
v 0.225305 -0.080532 3.055081
v 0.249641 -0.073924 3.051135
v 0.274005 -0.080526 3.047357
v 0.291870 -0.098571 3.044760
v 0.298448 -0.123223 3.044041
v 0.291976 -0.147877 3.045392
v 0.274189 -0.165926 3.048450
v 0.249853 -0.172535 3.052397
v 0.225488 -0.165932 3.056175
v 0.207624 -0.147887 3.058771
v 0.201046 -0.123235 3.059491
v 0.099889 -0.106850 2.374357
v 0.117687 -0.088800 2.371371
v 0.142034 -0.082191 2.367490
v 0.166405 -0.088793 2.363753
v 0.184270 -0.106838 2.361162
v 0.190843 -0.131490 2.360410
v 0.184362 -0.156145 2.361699
v 0.166563 -0.174195 2.364685
v 0.142217 -0.180804 2.368566
v 0.117846 -0.174202 2.372303
v 0.099980 -0.156157 2.374894
v 0.093408 -0.131505 2.375646
v -0.005089 -0.113811 1.698552
v 0.012719 -0.095760 1.695625
v 0.037073 -0.089150 1.691797
v 0.061450 -0.095752 1.688092
v 0.079316 -0.113797 1.685504
v 0.085884 -0.138450 1.684727
v 0.079395 -0.163104 1.685967
v 0.061588 -0.181155 1.688894
v 0.037233 -0.187765 1.692723
v 0.012857 -0.181163 1.696427
v -0.005009 -0.163118 1.699015
v -0.011578 -0.138466 1.699792
v -0.110721 -0.119978 1.011821
v -0.092908 -0.101927 1.008934
v -0.068548 -0.095317 1.005140
v -0.044168 -0.101918 1.001458
v -0.026302 -0.119963 0.998873
v -0.019736 -0.144616 0.998077
v -0.026230 -0.169271 0.999286
v -0.044043 -0.187322 1.002173
v -0.068404 -0.193933 1.005966
v -0.092783 -0.187331 1.009649
v -0.110649 -0.169286 1.012234
v -0.117215 -0.144633 1.013029
v -0.220314 -0.125867 0.295258
v -0.202498 -0.107816 0.292389
v -0.178135 -0.101206 0.288612
v -0.153754 -0.107807 0.284940
v -0.135888 -0.125852 0.282356
v -0.129323 -0.150505 0.281553
v -0.135819 -0.175160 0.282745
v -0.153636 -0.193211 0.285615
v -0.177998 -0.199822 0.289391
v -0.202379 -0.193220 0.293064
v -0.220246 -0.175175 0.295648
v -0.226811 -0.150522 0.296451
v -0.337174 -0.131994 -0.470046
v -0.319358 -0.113943 -0.472916
v -0.294995 -0.107332 -0.476693
v -0.270614 -0.113934 -0.480366
v -0.252748 -0.131979 -0.482950
v -0.246183 -0.156632 -0.483753
v -0.252679 -0.181287 -0.482559
v -0.270496 -0.199338 -0.479690
v -0.294858 -0.205948 -0.475912
v -0.319239 -0.199347 -0.472239
v -0.337106 -0.181302 -0.469655
v -0.343670 -0.156649 -0.468852
v -0.464607 -0.138873 -1.303000
v -0.446793 -0.120822 -1.305886
v -0.422433 -0.114212 -1.309678
v -0.398053 -0.120814 -1.313360
v -0.380187 -0.138858 -1.315945
v -0.373621 -0.163511 -1.316741
v -0.380115 -0.188166 -1.315534
v -0.397929 -0.206217 -1.312648
v -0.422289 -0.212828 -1.308856
v -0.446669 -0.206226 -1.305174
v -0.464535 -0.188181 -1.302589
v -0.471101 -0.163528 -1.301794
v -0.605920 -0.147021 -2.222516
v -0.588110 -0.128970 -2.225429
v -0.563753 -0.122360 -2.229245
v -0.539376 -0.128962 -2.232942
v -0.521510 -0.147006 -2.235528
v -0.514942 -0.171659 -2.236312
v -0.521433 -0.196314 -2.235083
v -0.539243 -0.214365 -2.232170
v -0.563599 -0.220975 -2.228354
v -0.587977 -0.214373 -2.224657
v -0.605843 -0.196328 -2.222070
v -0.612410 -0.171676 -2.221287
v -0.764418 -0.156952 -3.247502
v -0.746614 -0.138901 -3.250449
v -0.722261 -0.132291 -3.254295
v -0.697887 -0.138893 -3.258010
v -0.680021 -0.156938 -3.260599
v -0.673451 -0.181591 -3.261368
v -0.679938 -0.206245 -3.260111
v -0.697742 -0.224296 -3.257164
v -0.722094 -0.230906 -3.253318
v -0.746469 -0.224304 -3.249603
v -0.764334 -0.206259 -3.247014
v -0.770904 -0.181606 -3.246245
v -0.943409 -0.169181 -4.396869
v -0.925610 -0.151131 -4.399852
v -0.901263 -0.144522 -4.403730
v -0.876892 -0.151124 -4.407466
v -0.859026 -0.169169 -4.410057
v -0.852454 -0.193821 -4.410810
v -0.858936 -0.218476 -4.409523
v -0.876734 -0.236526 -4.406540
v -0.901081 -0.243135 -4.402661
v -0.925453 -0.236533 -4.398926
v -0.943318 -0.218488 -4.396335
v -0.949890 -0.193836 -4.395582
vn -0.8495 0.4998 0.1689
vn -0.4889 0.8658 0.1067
vn 0.0028 0.9999 0.0159
vn 0.4938 0.8660 -0.0792
vn 0.8524 0.4999 -0.1531
vn 0.9826 -0.0001 -0.1859
vn 0.8493 -0.5001 -0.1689
vn 0.4885 -0.8660 -0.1066
vn -0.0032 -0.9999 -0.0158
vn -0.4940 -0.8658 0.0793
vn -0.8524 -0.4999 0.1531
vn -0.9826 -0.0001 0.1859
vn -0.8497 0.4998 0.1681
vn 0.0029 0.9999 0.0167
vn 0.4941 0.8659 -0.0778
vn 0.8527 0.4999 -0.1515
vn 0.9828 -0.0002 -0.1845
vn 0.8495 -0.5002 -0.1681
vn 0.4884 -0.8661 -0.1066
vn -0.0034 -0.9999 -0.0166
vn -0.4943 -0.8658 0.0779
vn -0.8527 -0.4999 0.1515
vn -0.9828 -0.0001 0.1845
vn -0.8500 0.4998 0.1666
vn -0.4889 0.8658 0.1068
vn 0.0033 0.9998 0.0184
vn 0.4946 0.8659 -0.0750
vn 0.8533 0.4998 -0.1482
vn 0.9833 -0.0002 -0.1817
vn 0.8497 -0.5002 -0.1665
vn 0.4884 -0.8661 -0.1067
vn -0.0037 -0.9998 -0.0183
vn -0.4948 -0.8658 0.0750
vn -0.8533 -0.4998 0.1482
vn -0.9833 -0.0000 0.1817
vn -0.8503 0.4998 0.1651
vn -0.4889 0.8658 0.1069
vn 0.0036 0.9998 0.0200
vn 0.4951 0.8658 -0.0722
vn 0.8539 0.4998 -0.1450
vn 0.9838 -0.0003 -0.1790
vn 0.8500 -0.5002 -0.1650
vn 0.4884 -0.8660 -0.1068
vn -0.0040 -0.9998 -0.0200
vn -0.4953 -0.8657 0.0722
vn -0.8539 -0.4998 0.1450
vn -0.9838 -0.0000 0.1790
vn -0.8505 0.4999 0.1637
vn -0.4888 0.8658 0.1069
vn 0.0039 0.9998 0.0215
vn 0.4956 0.8658 -0.0696
vn 0.8545 0.4997 -0.1422
vn 0.9843 -0.0003 -0.1766
vn 0.8503 -0.5002 -0.1637
vn 0.4884 -0.8660 -0.1069
vn -0.0042 -0.9998 -0.0215
vn -0.4957 -0.8657 0.0697
vn -0.8544 -0.4997 0.1422
vn -0.9843 0.0001 0.1766
vn -0.8507 0.5000 0.1626
vn -0.4888 0.8658 0.1070
vn 0.0041 0.9997 0.0227
vn 0.4960 0.8657 -0.0676
vn 0.8549 0.4997 -0.1399
vn 0.9846 -0.0003 -0.1746
vn 0.8505 -0.5002 -0.1626
vn 0.4885 -0.8660 -0.1069
vn -0.0044 -0.9997 -0.0227
vn -0.4961 -0.8656 0.0677
vn -0.8549 -0.4997 0.1399
vn -0.9846 0.0002 0.1746
vn -0.8508 0.5000 0.1618
vn -0.4887 0.8659 0.1070
vn 0.0043 0.9997 0.0235
vn 0.4962 0.8657 -0.0663
vn 0.8551 0.4996 -0.1383
vn 0.9849 -0.0003 -0.1733
vn 0.8507 -0.5002 -0.1618
vn 0.4885 -0.8660 -0.1070
vn -0.0045 -0.9997 -0.0235
vn -0.4963 -0.8656 0.0663
vn -0.8551 -0.4996 0.1383
vn -0.9849 0.0002 0.1733
vn -0.8508 0.5001 0.1615
vn -0.4886 0.8659 0.1070
vn 0.0045 0.9997 0.0239
vn 0.4964 0.8656 -0.0657
vn 0.8553 0.4996 -0.1376
vn 0.9850 -0.0003 -0.1727
vn 0.8508 -0.5001 -0.1615
vn 0.4886 -0.8659 -0.1070
vn -0.0045 -0.9997 -0.0239
vn -0.4964 -0.8656 0.0657
vn -0.8553 -0.4996 0.1376
vn -0.9850 0.0003 0.1727
vn 0.0045 0.9997 0.0238
vn 0.8552 0.4996 -0.1377
vn -0.4963 -0.8656 0.0657
vn -0.8552 -0.4996 0.1377
vn -0.8507 0.5002 0.1618
vn -0.4885 0.8660 0.1070
vn 0.0045 0.9997 0.0235
vn 0.4963 0.8656 -0.0663
vn 0.9849 -0.0002 -0.1733
vn 0.8507 -0.5000 -0.1618
vn 0.4887 -0.8659 -0.1070
vn -0.0044 -0.9997 -0.0235
vn -0.4962 -0.8657 0.0663
vn -0.9849 0.0003 0.1733
vn -0.8506 0.5002 0.1623
vn 0.0044 0.9997 0.0230
vn 0.4961 0.8656 -0.0672
vn 0.8550 0.4996 -0.1393
vn 0.9847 -0.0002 -0.1742
vn 0.8507 -0.5000 -0.1623
vn -0.0042 -0.9997 -0.0230
vn -0.4961 -0.8657 0.0672
vn -0.8550 -0.4996 0.1393
vn -0.9847 0.0003 0.1742
vn -0.8505 0.5002 0.1629
vn -0.4885 0.8660 0.1069
vn 0.0043 0.9997 0.0223
vn 0.4959 0.8657 -0.0683
vn 0.8547 0.4997 -0.1406
vn 0.9845 -0.0002 -0.1753
vn 0.8506 -0.5000 -0.1629
vn -0.0041 -0.9997 -0.0223
vn -0.4958 -0.8657 0.0683
vn -0.8547 -0.4997 0.1406
vn -0.9845 0.0003 0.1753
vn -0.8504 0.5001 0.1633
vn 0.0042 0.9998 0.0219
vn 0.4958 0.8657 -0.0690
vn 0.8546 0.4997 -0.1413
vn 0.9844 -0.0002 -0.1759
vn 0.8505 -0.5000 -0.1633
vn 0.4887 -0.8659 -0.1069
vn -0.0040 -0.9998 -0.0219
vn -0.4957 -0.8657 0.0689
vn -0.8546 -0.4997 0.1413
vn -0.9844 0.0003 0.1759
vn -0.8608 0.4988 0.1010
vn -0.5025 0.8642 0.0234
vn -0.0095 0.9981 -0.0604
vn 0.4861 0.8645 -0.1281
vn 0.8514 0.4991 -0.1614
vn 0.9885 -0.0001 -0.1514
vn 0.8606 -0.4992 -0.1009
vn 0.5021 -0.8645 -0.0233
vn 0.0092 -0.9981 0.0605
vn -0.4862 -0.8644 0.1281
vn -0.8513 -0.4992 0.1614
vn -0.9885 -0.0002 0.1515
vn -0.8609 0.4987 0.1004
vn -0.5025 0.8643 0.0237
vn -0.0094 0.9982 -0.0594
vn 0.4863 0.8646 -0.1265
vn 0.8516 0.4992 -0.1598
vn 0.9887 -0.0000 -0.1502
vn 0.8607 -0.4992 -0.1004
vn 0.5020 -0.8645 -0.0236
vn 0.0090 -0.9982 0.0594
vn -0.4865 -0.8645 0.1266
vn -0.8516 -0.4993 0.1598
vn -0.9886 -0.0003 0.1503
vn -0.8611 0.4987 0.0994
vn -0.5024 0.8643 0.0244
vn -0.0091 0.9983 -0.0572
vn 0.4868 0.8648 -0.1235
vn 0.8521 0.4994 -0.1566
vn 0.9890 0.0001 -0.1478
vn 0.8608 -0.4991 -0.0993
vn 0.5019 -0.8646 -0.0243
vn 0.0086 -0.9983 0.0573
vn -0.4869 -0.8647 0.1235
vn -0.8521 -0.4995 0.1566
vn -0.9890 -0.0005 0.1478
vn -0.8612 0.4986 0.0984
vn -0.5023 0.8643 0.0250
vn -0.0087 0.9984 -0.0551
vn 0.4872 0.8649 -0.1204
vn 0.8526 0.4995 -0.1535
vn 0.9894 0.0003 -0.1454
vn 0.8610 -0.4991 -0.0983
vn 0.5019 -0.8646 -0.0249
vn 0.0083 -0.9984 0.0552
vn -0.4874 -0.8649 0.1204
vn -0.8525 -0.4996 0.1535
vn -0.9894 -0.0006 0.1454
vn -0.8613 0.4986 0.0975
vn -0.5022 0.8644 0.0256
vn -0.0084 0.9985 -0.0532
vn 0.4876 0.8651 -0.1177
vn 0.8530 0.4997 -0.1507
vn 0.9897 0.0004 -0.1432
vn 0.8611 -0.4990 -0.0974
vn 0.5018 -0.8646 -0.0255
vn 0.0081 -0.9985 0.0532
vn -0.4878 -0.8650 0.1177
vn -0.8529 -0.4998 0.1507
vn -0.9897 -0.0007 0.1433
vn -0.8614 0.4986 0.0967
vn -0.5021 0.8644 0.0260
vn -0.0082 0.9986 -0.0517
vn 0.4880 0.8652 -0.1155
vn 0.8533 0.4998 -0.1484
vn 0.9899 0.0005 -0.1415
vn 0.8613 -0.4989 -0.0967
vn 0.5018 -0.8646 -0.0260
vn 0.0079 -0.9986 0.0517
vn -0.4881 -0.8651 0.1155
vn -0.8533 -0.4999 0.1484
vn -0.9899 -0.0007 0.1415
vn -0.8614 0.4987 0.0962
vn -0.5020 0.8645 0.0263
vn -0.0080 0.9987 -0.0507
vn 0.4882 0.8653 -0.1141
vn 0.8535 0.4999 -0.1469
vn 0.9901 0.0006 -0.1404
vn 0.8614 -0.4988 -0.0962
vn 0.5018 -0.8646 -0.0263
vn 0.0078 -0.9987 0.0507
vn -0.4882 -0.8652 0.1141
vn -0.8535 -0.5000 0.1469
vn -0.9901 -0.0008 0.1404
vn -0.8614 0.4987 0.0960
vn -0.5019 0.8645 0.0264
vn -0.0078 0.9987 -0.0502
vn 0.4883 0.8653 -0.1134
vn 0.8536 0.5000 -0.1462
vn 0.9902 0.0007 -0.1398
vn 0.8614 -0.4987 -0.0960
vn 0.5018 -0.8646 -0.0264
vn 0.0078 -0.9987 0.0502
vn -0.4883 -0.8653 0.1134
vn -0.8536 -0.5000 0.1462
vn -0.9902 -0.0007 0.1398
vn -0.5018 0.8646 0.0264
vn 0.9902 0.0007 -0.1399
vn 0.5019 -0.8645 -0.0264
vn 0.0079 -0.9987 0.0502
vn -0.8614 0.4988 0.0962
vn -0.5018 0.8646 0.0263
vn -0.0078 0.9987 -0.0506
vn 0.4882 0.8652 -0.1140
vn 0.8535 0.5000 -0.1468
vn 0.9901 0.0008 -0.1403
vn 0.8614 -0.4987 -0.0962
vn 0.5019 -0.8645 -0.0263
vn 0.0079 -0.9987 0.0506
vn -0.4882 -0.8653 0.1140
vn -0.8535 -0.4999 0.1468
vn -0.9901 -0.0007 0.1403
vn -0.8613 0.4988 0.0965
vn -0.5018 0.8646 0.0261
vn -0.0079 0.9986 -0.0513
vn 0.4881 0.8652 -0.1150
vn 0.8534 0.4999 -0.1479
vn 0.9900 0.0007 -0.1411
vn 0.8614 -0.4987 -0.0966
vn 0.5020 -0.8645 -0.0261
vn 0.0081 -0.9986 0.0513
vn -0.4881 -0.8652 0.1150
vn -0.8534 -0.4999 0.1479
vn -0.9900 -0.0006 0.1411
vn -0.8612 0.4989 0.0969
vn -0.5019 0.8646 0.0258
vn -0.0080 0.9986 -0.0522
vn 0.4879 0.8651 -0.1163
vn 0.8532 0.4998 -0.1492
vn 0.9899 0.0007 -0.1421
vn 0.8613 -0.4987 -0.0970
vn 0.5020 -0.8645 -0.0259
vn 0.0082 -0.9986 0.0522
vn -0.4879 -0.8651 0.1163
vn -0.8532 -0.4998 0.1492
vn -0.9899 -0.0005 0.1421
vn -0.8612 0.4989 0.0972
vn -0.5019 0.8646 0.0257
vn -0.0081 0.9986 -0.0527
vn 0.4878 0.8651 -0.1169
vn 0.8531 0.4998 -0.1499
vn 0.9898 0.0007 -0.1426
vn 0.8613 -0.4987 -0.0972
vn 0.5021 -0.8644 -0.0257
vn 0.0083 -0.9986 0.0527
vn -0.4878 -0.8651 0.1169
vn -0.8531 -0.4998 0.1499
vn -0.9898 -0.0005 0.1426
vn -0.8561 0.4997 0.1319
vn -0.4962 0.8657 0.0657
vn -0.0032 0.9998 -0.0181
vn 0.4907 0.8659 -0.0970
vn 0.8530 0.4999 -0.1500
vn 0.9867 -0.0001 -0.1627
vn 0.8559 -0.5001 -0.1318
vn 0.4957 -0.8660 -0.0656
vn 0.0028 -0.9998 0.0181
vn -0.4908 -0.8659 0.0971
vn -0.8530 -0.5000 0.1500
vn -0.9867 -0.0002 0.1627
vn -0.8562 0.4997 0.1314
vn -0.4961 0.8657 0.0660
vn -0.0030 0.9999 -0.0170
vn 0.4909 0.8660 -0.0955
vn 0.8533 0.4999 -0.1484
vn 0.9869 -0.0001 -0.1615
vn 0.8559 -0.5001 -0.1313
vn 0.4957 -0.8660 -0.0659
vn 0.0026 -0.9999 0.0171
vn -0.4911 -0.8659 0.0955
vn -0.8532 -0.5000 0.1484
vn -0.9869 -0.0002 0.1615
vn -0.8564 0.4996 0.1303
vn -0.4960 0.8658 0.0667
vn -0.0027 0.9999 -0.0149
vn 0.4914 0.8660 -0.0924
vn 0.8538 0.5000 -0.1452
vn 0.9873 -0.0001 -0.1591
vn 0.8561 -0.5001 -0.1303
vn 0.4956 -0.8660 -0.0666
vn 0.0023 -0.9999 0.0149
vn -0.4916 -0.8659 0.0925
vn -0.8537 -0.5001 0.1452
vn -0.9873 -0.0003 0.1591
vn -0.8565 0.4996 0.1293
vn -0.4959 0.8658 0.0673
vn -0.0023 0.9999 -0.0128
vn 0.4919 0.8661 -0.0894
vn 0.8543 0.5000 -0.1421
vn 0.9877 -0.0001 -0.1567
vn 0.8563 -0.5001 -0.1292
vn 0.4955 -0.8660 -0.0672
vn 0.0020 -0.9999 0.0128
vn -0.4920 -0.8660 0.0894
vn -0.8542 -0.5001 0.1421
vn -0.9877 -0.0003 0.1567
vn -0.8567 0.4997 0.1284
vn -0.4958 0.8658 0.0678
vn -0.0020 0.9999 -0.0109
vn 0.4923 0.8661 -0.0867
vn 0.8547 0.5001 -0.1393
vn 0.9880 -0.0000 -0.1545
vn 0.8565 -0.5000 -0.1283
vn 0.4954 -0.8660 -0.0678
vn 0.0017 -0.9999 0.0109
vn -0.4925 -0.8660 0.0867
vn -0.8547 -0.5001 0.1392
vn -0.9880 -0.0003 0.1545
vn -0.8567 0.4997 0.1276
vn -0.4957 0.8658 0.0683
vn -0.0017 1.0000 -0.0094
vn 0.4927 0.8661 -0.0845
vn 0.8551 0.5001 -0.1370
vn 0.9883 0.0001 -0.1528
vn 0.8566 -0.5000 -0.1276
vn 0.4954 -0.8660 -0.0682
vn 0.0015 -1.0000 0.0094
vn -0.4928 -0.8660 0.0845
vn -0.8550 -0.5001 0.1370
vn -0.9883 -0.0003 0.1528
vn -0.8568 0.4998 0.1271
vn -0.4956 0.8659 0.0686
vn -0.0015 1.0000 -0.0084
vn 0.4929 0.8661 -0.0831
vn 0.8553 0.5001 -0.1355
vn 0.9884 0.0001 -0.1516
vn 0.8567 -0.4999 -0.1271
vn 0.4954 -0.8660 -0.0685
vn 0.0014 -1.0000 0.0084
vn -0.4930 -0.8661 0.0831
vn -0.8553 -0.5001 0.1355
vn -0.9884 -0.0002 0.1516
vn -0.8568 0.4998 0.1269
vn -0.4955 0.8659 0.0687
vn -0.0014 1.0000 -0.0079
vn 0.4931 0.8661 -0.0824
vn 0.8554 0.5001 -0.1348
vn 0.9885 0.0002 -0.1511
vn 0.8568 -0.4999 -0.1269
vn 0.4954 -0.8659 -0.0687
vn 0.0014 -1.0000 0.0079
vn -0.4931 -0.8661 0.0824
vn -0.8554 -0.5001 0.1348
vn -0.9885 -0.0002 0.1511
vn -0.8568 0.4999 0.1269
vn -0.4954 0.8659 0.0687
vn 0.8568 -0.4998 -0.1269
vn 0.4955 -0.8659 -0.0687
vn -0.4930 -0.8661 0.0824
vn -0.8567 0.4999 0.1271
vn -0.4954 0.8659 0.0686
vn -0.0014 1.0000 -0.0083
vn 0.4930 0.8661 -0.0830
vn 0.8553 0.5001 -0.1354
vn 0.9884 0.0002 -0.1516
vn 0.8568 -0.4998 -0.1271
vn 0.4955 -0.8659 -0.0686
vn 0.0015 -1.0000 0.0083
vn -0.4929 -0.8661 0.0830
vn -0.8553 -0.5001 0.1354
vn -0.9884 -0.0001 0.1516
vn -0.8566 0.4999 0.1274
vn -0.4954 0.8660 0.0683
vn -0.0015 1.0000 -0.0090
vn 0.4928 0.8661 -0.0840
vn 0.8551 0.5001 -0.1365
vn 0.9883 0.0002 -0.1524
vn 0.8567 -0.4998 -0.1274
vn 0.4956 -0.8659 -0.0684
vn 0.0016 -1.0000 0.0090
vn -0.4928 -0.8661 0.0840
vn -0.8551 -0.5001 0.1365
vn -0.9883 -0.0001 0.1524
vn -0.8566 0.4999 0.1278
vn -0.4955 0.8660 0.0681
vn -0.0016 0.9999 -0.0099
vn 0.4927 0.8660 -0.0853
vn 0.8549 0.5001 -0.1378
vn 0.9882 0.0002 -0.1533
vn 0.8567 -0.4997 -0.1279
vn 0.4957 -0.8658 -0.0681
vn 0.0018 -0.9999 0.0099
vn -0.4926 -0.8661 0.0852
vn -0.8549 -0.5001 0.1378
vn -0.9882 -0.0001 0.1533
vn -0.8565 0.4999 0.1281
vn -0.4955 0.8660 0.0679
vn -0.0017 0.9999 -0.0104
vn 0.4925 0.8660 -0.0859
vn 0.8548 0.5001 -0.1384
vn 0.9881 0.0002 -0.1539
vn 0.8567 -0.4997 -0.1281
vn 0.4957 -0.8658 -0.0680
vn 0.0019 -0.9999 0.0104
vn -0.4925 -0.8661 0.0859
vn -0.8548 -0.5001 0.1384
vn -0.9881 -0.0001 0.1539
vt 0.000000 1.000000
vt 0.083333 1.000000
vt 0.083333 0.916667
vt 0.000000 0.916667
vt 0.000000 0.083333
vt 0.083333 0.083333
vt 0.083333 0.000000
vt 0.000000 0.000000
vt 0.000000 0.166667
vt 0.083333 0.166667
vt 0.000000 0.250000
vt 0.083333 0.250000
vt 0.000000 0.333333
vt 0.083333 0.333333
vt 0.000000 0.416667
vt 0.083333 0.416667
vt 0.000000 0.500000
vt 0.083333 0.500000
vt 0.000000 0.583333
vt 0.083333 0.583333
vt 0.000000 0.666667
vt 0.083333 0.666667
vt 0.000000 0.750000
vt 0.083333 0.750000
vt 0.000000 0.833333
vt 0.083333 0.833333
vt 0.166667 1.000000
vt 0.166667 0.916667
vt 0.166667 0.083333
vt 0.166667 0.000000
vt 0.166667 0.166667
vt 0.166667 0.250000
vt 0.166667 0.333333
vt 0.166667 0.416667
vt 0.166667 0.500000
vt 0.166667 0.583333
vt 0.166667 0.666667
vt 0.166667 0.750000
vt 0.166667 0.833333
vt 0.250000 1.000000
vt 0.250000 0.916667
vt 0.250000 0.083333
vt 0.250000 0.000000
vt 0.250000 0.166667
vt 0.250000 0.250000
vt 0.250000 0.333333
vt 0.250000 0.416667
vt 0.250000 0.500000
vt 0.250000 0.583333
vt 0.250000 0.666667
vt 0.250000 0.750000
vt 0.250000 0.833333
vt 0.333333 1.000000
vt 0.333333 0.916667
vt 0.333333 0.083333
vt 0.333333 0.000000
vt 0.333333 0.166667
vt 0.333333 0.250000
vt 0.333333 0.333333
vt 0.333333 0.416667
vt 0.333333 0.500000
vt 0.333333 0.583333
vt 0.333333 0.666667
vt 0.333333 0.750000
vt 0.333333 0.833333
vt 0.416667 1.000000
vt 0.416667 0.916667
vt 0.416667 0.083333
vt 0.416667 0.000000
vt 0.416667 0.166667
vt 0.416667 0.250000
vt 0.416667 0.333333
vt 0.416667 0.416667
vt 0.416667 0.500000
vt 0.416667 0.583333
vt 0.416667 0.666667
vt 0.416667 0.750000
vt 0.416667 0.833333
vt 0.500000 1.000000
vt 0.500000 0.916667
vt 0.500000 0.083333
vt 0.500000 0.000000
vt 0.500000 0.166667
vt 0.500000 0.250000
vt 0.500000 0.333333
vt 0.500000 0.416667
vt 0.500000 0.500000
vt 0.500000 0.583333
vt 0.500000 0.666667
vt 0.500000 0.750000
vt 0.500000 0.833333
vt 0.583333 1.000000
vt 0.583333 0.916667
vt 0.583333 0.083333
vt 0.583333 0.000000
vt 0.583333 0.166667
vt 0.583333 0.250000
vt 0.583333 0.333333
vt 0.583333 0.416667
vt 0.583333 0.500000
vt 0.583333 0.583333
vt 0.583333 0.666667
vt 0.583333 0.750000
vt 0.583333 0.833333
vt 0.666667 1.000000
vt 0.666667 0.916667
vt 0.666667 0.083333
vt 0.666667 0.000000
vt 0.666667 0.166667
vt 0.666667 0.250000
vt 0.666667 0.333333
vt 0.666667 0.416667
vt 0.666667 0.500000
vt 0.666667 0.583333
vt 0.666667 0.666667
vt 0.666667 0.750000
vt 0.666667 0.833333
vt 0.750000 1.000000
vt 0.750000 0.916667
vt 0.750000 0.083333
vt 0.750000 0.000000
vt 0.750000 0.166667
vt 0.750000 0.250000
vt 0.750000 0.333333
vt 0.750000 0.416667
vt 0.750000 0.500000
vt 0.750000 0.583333
vt 0.750000 0.666667
vt 0.750000 0.750000
vt 0.750000 0.833333
vt 0.833333 1.000000
vt 0.833333 0.916667
vt 0.833333 0.083333
vt 0.833333 0.000000
vt 0.833333 0.166667
vt 0.833333 0.250000
vt 0.833333 0.333333
vt 0.833333 0.416667
vt 0.833333 0.500000
vt 0.833333 0.583333
vt 0.833333 0.666667
vt 0.833333 0.750000
vt 0.833333 0.833333
vt 0.916667 1.000000
vt 0.916667 0.916667
vt 0.916667 0.083333
vt 0.916667 0.000000
vt 0.916667 0.166667
vt 0.916667 0.250000
vt 0.916667 0.333333
vt 0.916667 0.416667
vt 0.916667 0.500000
vt 0.916667 0.583333
vt 0.916667 0.666667
vt 0.916667 0.750000
vt 0.916667 0.833333
vt 1.000000 1.000000
vt 1.000000 0.916667
vt 1.000000 0.083333
vt 1.000000 0.000000
vt 1.000000 0.166667
vt 1.000000 0.250000
vt 1.000000 0.333333
vt 1.000000 0.416667
vt 1.000000 0.500000
vt 1.000000 0.583333
vt 1.000000 0.666667
vt 1.000000 0.750000
vt 1.000000 0.833333
s 1
usemtl claw_glow
f 65/5/180 77/6/192 88/7/202 76/8/191
f 66/9/181 78/10/181 77/11/192 65/12/180
f 67/13/182 79/14/193 78/10/181 66/9/181
f 68/15/183 80/16/194 79/14/193 67/13/182
f 69/17/184 81/18/195 80/16/194 68/15/183
f 70/19/185 82/20/196 81/18/195 69/17/184
f 71/21/186 83/22/197 82/20/196 70/19/185
f 72/23/187 84/24/198 83/22/197 71/21/186
f 73/25/188 85/26/199 84/24/198 72/23/187
f 74/27/189 86/28/200 85/26/199 73/25/188
f 75/29/190 87/30/201 86/28/200 74/27/189
f 76/8/191 88/7/202 87/30/201 75/29/190
f 77/6/192 89/31/203 100/32/214 88/7/202
f 78/10/181 90/33/204 89/34/203 77/11/192
f 79/14/193 91/35/205 90/33/204 78/10/181
f 80/16/194 92/36/206 91/35/205 79/14/193
f 81/18/195 93/37/207 92/36/206 80/16/194
f 82/20/196 94/38/208 93/37/207 81/18/195
f 83/22/197 95/39/209 94/38/208 82/20/196
f 84/24/198 96/40/210 95/39/209 83/22/197
f 85/26/199 97/41/211 96/40/210 84/24/198
f 86/28/200 98/42/212 97/41/211 85/26/199
f 87/30/201 99/43/213 98/42/212 86/28/200
f 88/7/202 100/32/214 99/43/213 87/30/201
f 89/31/203 101/44/215 112/45/226 100/32/214
f 90/33/204 102/46/216 101/47/215 89/34/203
f 91/35/205 103/48/217 102/46/216 90/33/204
f 92/36/206 104/49/218 103/48/217 91/35/205
f 93/37/207 105/50/219 104/49/218 92/36/206
f 94/38/208 106/51/220 105/50/219 93/37/207
f 95/39/209 107/52/221 106/51/220 94/38/208
f 96/40/210 108/53/222 107/52/221 95/39/209
f 97/41/211 109/54/223 108/53/222 96/40/210
f 98/42/212 110/55/224 109/54/223 97/41/211
f 99/43/213 111/56/225 110/55/224 98/42/212
f 100/32/214 112/45/226 111/56/225 99/43/213
f 101/44/215 113/57/227 124/58/238 112/45/226
f 102/46/216 114/59/228 113/60/227 101/47/215
f 103/48/217 115/61/229 114/59/228 102/46/216
f 104/49/218 116/62/230 115/61/229 103/48/217
f 105/50/219 117/63/231 116/62/230 104/49/218
f 106/51/220 118/64/232 117/63/231 105/50/219
f 107/52/221 119/65/233 118/64/232 106/51/220
f 108/53/222 120/66/234 119/65/233 107/52/221
f 109/54/223 121/67/235 120/66/234 108/53/222
f 110/55/224 122/68/236 121/67/235 109/54/223
f 111/56/225 123/69/237 122/68/236 110/55/224
f 112/45/226 124/58/238 123/69/237 111/56/225
f 113/57/227 125/70/239 136/71/250 124/58/238
f 114/59/228 126/72/240 125/73/239 113/60/227
f 115/61/229 127/74/241 126/72/240 114/59/228
f 116/62/230 128/75/242 127/74/241 115/61/229
f 117/63/231 129/76/243 128/75/242 116/62/230
f 118/64/232 130/77/244 129/76/243 117/63/231
f 119/65/233 131/78/245 130/77/244 118/64/232
f 120/66/234 132/79/246 131/78/245 119/65/233
f 121/67/235 133/80/247 132/79/246 120/66/234
f 122/68/236 134/81/248 133/80/247 121/67/235
f 123/69/237 135/82/249 134/81/248 122/68/236
f 124/58/238 136/71/250 135/82/249 123/69/237
f 125/70/239 137/83/251 148/84/262 136/71/250
f 126/72/240 138/85/252 137/86/251 125/73/239
f 127/74/241 139/87/253 138/85/252 126/72/240
f 128/75/242 140/88/254 139/87/253 127/74/241
f 129/76/243 141/89/255 140/88/254 128/75/242
f 130/77/244 142/90/256 141/89/255 129/76/243
f 131/78/245 143/91/257 142/90/256 130/77/244
f 132/79/246 144/92/258 143/91/257 131/78/245
f 133/80/247 145/93/259 144/92/258 132/79/246
f 134/81/248 146/94/260 145/93/259 133/80/247
f 135/82/249 147/95/261 146/94/260 134/81/248
f 136/71/250 148/84/262 147/95/261 135/82/249
f 137/83/251 149/96/263 160/97/274 148/84/262
f 138/85/252 150/98/264 149/99/263 137/86/251
f 139/87/253 151/100/265 150/98/264 138/85/252
f 140/88/254 152/101/266 151/100/265 139/87/253
f 141/89/255 153/102/267 152/101/266 140/88/254
f 142/90/256 154/103/268 153/102/267 141/89/255
f 143/91/257 155/104/269 154/103/268 142/90/256
f 144/92/258 156/105/270 155/104/269 143/91/257
f 145/93/259 157/106/271 156/105/270 144/92/258
f 146/94/260 158/107/272 157/106/271 145/93/259
f 147/95/261 159/108/273 158/107/272 146/94/260
f 148/84/262 160/97/274 159/108/273 147/95/261
f 149/96/263 161/109/263 172/110/274 160/97/274
f 150/98/264 162/111/264 161/112/263 149/99/263
f 151/100/265 163/113/275 162/111/264 150/98/264
f 152/101/266 164/114/266 163/113/275 151/100/265
f 153/102/267 165/115/276 164/114/266 152/101/266
f 154/103/268 166/116/268 165/115/276 153/102/267
f 155/104/269 167/117/269 166/116/268 154/103/268
f 156/105/270 168/118/270 167/117/269 155/104/269
f 157/106/271 169/119/271 168/118/270 156/105/270
f 158/107/272 170/120/277 169/119/271 157/106/271
f 159/108/273 171/121/278 170/120/277 158/107/272
f 160/97/274 172/110/274 171/121/278 159/108/273
f 161/109/263 173/122/279 184/123/288 172/110/274
f 162/111/264 174/124/280 173/125/279 161/112/263
f 163/113/275 175/126/281 174/124/280 162/111/264
f 164/114/266 176/127/282 175/126/281 163/113/275
f 165/115/276 177/128/255 176/127/282 164/114/266
f 166/116/268 178/129/283 177/128/255 165/115/276
f 167/117/269 179/130/284 178/129/283 166/116/268
f 168/118/270 180/131/285 179/130/284 167/117/269
f 169/119/271 181/132/286 180/131/285 168/118/270
f 170/120/277 182/133/287 181/132/286 169/119/271
f 171/121/278 183/134/261 182/133/287 170/120/277
f 172/110/274 184/123/288 183/134/261 171/121/278
f 173/122/279 185/135/289 196/136/298 184/123/288
f 174/124/280 186/137/280 185/138/289 173/125/279
f 175/126/281 187/139/290 186/137/280 174/124/280
f 176/127/282 188/140/291 187/139/290 175/126/281
f 177/128/255 189/141/292 188/140/291 176/127/282
f 178/129/283 190/142/293 189/141/292 177/128/255
f 179/130/284 191/143/294 190/142/293 178/129/283
f 180/131/285 192/144/285 191/143/294 179/130/284
f 181/132/286 193/145/295 192/144/285 180/131/285
f 182/133/287 194/146/296 193/145/295 181/132/286
f 183/134/261 195/147/297 194/146/296 182/133/287
f 184/123/288 196/136/298 195/147/297 183/134/261
f 185/135/289 197/148/299 208/149/309 196/136/298
f 186/137/280 198/150/300 197/151/299 185/138/289
f 187/139/290 199/152/301 198/150/300 186/137/280
f 188/140/291 200/153/302 199/152/301 187/139/290
f 189/141/292 201/154/303 200/153/302 188/140/291
f 190/142/293 202/155/304 201/154/303 189/141/292
f 191/143/294 203/156/305 202/155/304 190/142/293
f 192/144/285 204/157/285 203/156/305 191/143/294
f 193/145/295 205/158/306 204/157/285 192/144/285
f 194/146/296 206/159/307 205/158/306 193/145/295
f 195/147/297 207/160/308 206/159/307 194/146/296
f 196/136/298 208/149/309 207/160/308 195/147/297
f 197/148/299 209/161/310 220/162/320 208/149/309
f 198/150/300 210/163/300 209/164/310 197/151/299
f 199/152/301 211/165/311 210/163/300 198/150/300
f 200/153/302 212/166/312 211/165/311 199/152/301
f 201/154/303 213/167/313 212/166/312 200/153/302
f 202/155/304 214/168/314 213/167/313 201/154/303
f 203/156/305 215/169/315 214/168/314 202/155/304
f 204/157/285 216/170/316 215/169/315 203/156/305
f 205/158/306 217/171/317 216/170/316 204/157/285
f 206/159/307 218/172/318 217/171/317 205/158/306
f 207/160/308 219/173/319 218/172/318 206/159/307
f 208/149/309 220/162/320 219/173/319 207/160/308
f 221/5/321 233/6/333 244/7/344 232/8/332
f 222/9/322 234/10/334 233/11/333 221/12/321
f 223/13/323 235/14/335 234/10/334 222/9/322
f 224/15/324 236/16/336 235/14/335 223/13/323
f 225/17/325 237/18/337 236/16/336 224/15/324
f 226/19/326 238/20/338 237/18/337 225/17/325
f 227/21/327 239/22/339 238/20/338 226/19/326
f 228/23/328 240/24/340 239/22/339 227/21/327
f 229/25/329 241/26/341 240/24/340 228/23/328
f 230/27/330 242/28/342 241/26/341 229/25/329
f 231/29/331 243/30/343 242/28/342 230/27/330
f 232/8/332 244/7/344 243/30/343 231/29/331
f 233/6/333 245/31/345 256/32/356 244/7/344
f 234/10/334 246/33/346 245/34/345 233/11/333
f 235/14/335 247/35/347 246/33/346 234/10/334
f 236/16/336 248/36/348 247/35/347 235/14/335
f 237/18/337 249/37/349 248/36/348 236/16/336
f 238/20/338 250/38/350 249/37/349 237/18/337
f 239/22/339 251/39/351 250/38/350 238/20/338
f 240/24/340 252/40/352 251/39/351 239/22/339
f 241/26/341 253/41/353 252/40/352 240/24/340
f 242/28/342 254/42/354 253/41/353 241/26/341
f 243/30/343 255/43/355 254/42/354 242/28/342
f 244/7/344 256/32/356 255/43/355 243/30/343
f 245/31/345 257/44/357 268/45/368 256/32/356
f 246/33/346 258/46/358 257/47/357 245/34/345
f 247/35/347 259/48/359 258/46/358 246/33/346
f 248/36/348 260/49/360 259/48/359 247/35/347
f 249/37/349 261/50/361 260/49/360 248/36/348
f 250/38/350 262/51/362 261/50/361 249/37/349
f 251/39/351 263/52/363 262/51/362 250/38/350
f 252/40/352 264/53/364 263/52/363 251/39/351
f 253/41/353 265/54/365 264/53/364 252/40/352
f 254/42/354 266/55/366 265/54/365 253/41/353
f 255/43/355 267/56/367 266/55/366 254/42/354
f 256/32/356 268/45/368 267/56/367 255/43/355
f 257/44/357 269/57/369 280/58/380 268/45/368
f 258/46/358 270/59/370 269/60/369 257/47/357
f 259/48/359 271/61/371 270/59/370 258/46/358
f 260/49/360 272/62/372 271/61/371 259/48/359
f 261/50/361 273/63/373 272/62/372 260/49/360
f 262/51/362 274/64/374 273/63/373 261/50/361
f 263/52/363 275/65/375 274/64/374 262/51/362
f 264/53/364 276/66/376 275/65/375 263/52/363
f 265/54/365 277/67/377 276/66/376 264/53/364
f 266/55/366 278/68/378 277/67/377 265/54/365
f 267/56/367 279/69/379 278/68/378 266/55/366
f 268/45/368 280/58/380 279/69/379 267/56/367
f 269/57/369 281/70/381 292/71/392 280/58/380
f 270/59/370 282/72/382 281/73/381 269/60/369
f 271/61/371 283/74/383 282/72/382 270/59/370
f 272/62/372 284/75/384 283/74/383 271/61/371
f 273/63/373 285/76/385 284/75/384 272/62/372
f 274/64/374 286/77/386 285/76/385 273/63/373
f 275/65/375 287/78/387 286/77/386 274/64/374
f 276/66/376 288/79/388 287/78/387 275/65/375
f 277/67/377 289/80/389 288/79/388 276/66/376
f 278/68/378 290/81/390 289/80/389 277/67/377
f 279/69/379 291/82/391 290/81/390 278/68/378
f 280/58/380 292/71/392 291/82/391 279/69/379
f 281/70/381 293/83/393 304/84/404 292/71/392
f 282/72/382 294/85/394 293/86/393 281/73/381
f 283/74/383 295/87/395 294/85/394 282/72/382
f 284/75/384 296/88/396 295/87/395 283/74/383
f 285/76/385 297/89/397 296/88/396 284/75/384
f 286/77/386 298/90/398 297/89/397 285/76/385
f 287/78/387 299/91/399 298/90/398 286/77/386
f 288/79/388 300/92/400 299/91/399 287/78/387
f 289/80/389 301/93/401 300/92/400 288/79/388
f 290/81/390 302/94/402 301/93/401 289/80/389
f 291/82/391 303/95/403 302/94/402 290/81/390
f 292/71/392 304/84/404 303/95/403 291/82/391
f 293/83/393 305/96/405 316/97/416 304/84/404
f 294/85/394 306/98/406 305/99/405 293/86/393
f 295/87/395 307/100/407 306/98/406 294/85/394
f 296/88/396 308/101/408 307/100/407 295/87/395
f 297/89/397 309/102/409 308/101/408 296/88/396
f 298/90/398 310/103/410 309/102/409 297/89/397
f 299/91/399 311/104/411 310/103/410 298/90/398
f 300/92/400 312/105/412 311/104/411 299/91/399
f 301/93/401 313/106/413 312/105/412 300/92/400
f 302/94/402 314/107/414 313/106/413 301/93/401
f 303/95/403 315/108/415 314/107/414 302/94/402
f 304/84/404 316/97/416 315/108/415 303/95/403
f 305/96/405 317/109/405 328/110/416 316/97/416
f 306/98/406 318/111/417 317/112/405 305/99/405
f 307/100/407 319/113/407 318/111/417 306/98/406
f 308/101/408 320/114/408 319/113/407 307/100/407
f 309/102/409 321/115/409 320/114/408 308/101/408
f 310/103/410 322/116/418 321/115/409 309/102/409
f 311/104/411 323/117/411 322/116/418 310/103/410
f 312/105/412 324/118/419 323/117/411 311/104/411
f 313/106/413 325/119/420 324/118/419 312/105/412
f 314/107/414 326/120/414 325/119/420 313/106/413
f 315/108/415 327/121/415 326/120/414 314/107/414
f 316/97/416 328/110/416 327/121/415 315/108/415
f 317/109/405 329/122/421 340/123/432 328/110/416
f 318/111/417 330/124/422 329/125/421 317/112/405
f 319/113/407 331/126/423 330/124/422 318/111/417
f 320/114/408 332/127/424 331/126/423 319/113/407
f 321/115/409 333/128/425 332/127/424 320/114/408
f 322/116/418 334/129/426 333/128/425 321/115/409
f 323/117/411 335/130/427 334/129/426 322/116/418
f 324/118/419 336/131/428 335/130/427 323/117/411
f 325/119/420 337/132/429 336/131/428 324/118/419
f 326/120/414 338/133/430 337/132/429 325/119/420
f 327/121/415 339/134/431 338/133/430 326/120/414
f 328/110/416 340/123/432 339/134/431 327/121/415
f 329/122/421 341/135/433 352/136/444 340/123/432
f 330/124/422 342/137/434 341/138/433 329/125/421
f 331/126/423 343/139/435 342/137/434 330/124/422
f 332/127/424 344/140/436 343/139/435 331/126/423
f 333/128/425 345/141/437 344/140/436 332/127/424
f 334/129/426 346/142/438 345/141/437 333/128/425
f 335/130/427 347/143/439 346/142/438 334/129/426
f 336/131/428 348/144/440 347/143/439 335/130/427
f 337/132/429 349/145/441 348/144/440 336/131/428
f 338/133/430 350/146/442 349/145/441 337/132/429
f 339/134/431 351/147/443 350/146/442 338/133/430
f 340/123/432 352/136/444 351/147/443 339/134/431
f 341/135/433 353/148/445 364/149/456 352/136/444
f 342/137/434 354/150/446 353/151/445 341/138/433
f 343/139/435 355/152/447 354/150/446 342/137/434
f 344/140/436 356/153/448 355/152/447 343/139/435
f 345/141/437 357/154/449 356/153/448 344/140/436
f 346/142/438 358/155/450 357/154/449 345/141/437
f 347/143/439 359/156/451 358/155/450 346/142/438
f 348/144/440 360/157/452 359/156/451 347/143/439
f 349/145/441 361/158/453 360/157/452 348/144/440
f 350/146/442 362/159/454 361/158/453 349/145/441
f 351/147/443 363/160/455 362/159/454 350/146/442
f 352/136/444 364/149/456 363/160/455 351/147/443
f 353/148/445 365/161/457 376/162/468 364/149/456
f 354/150/446 366/163/458 365/164/457 353/151/445
f 355/152/447 367/165/459 366/163/458 354/150/446
f 356/153/448 368/166/460 367/165/459 355/152/447
f 357/154/449 369/167/461 368/166/460 356/153/448
f 358/155/450 370/168/462 369/167/461 357/154/449
f 359/156/451 371/169/463 370/168/462 358/155/450
f 360/157/452 372/170/464 371/169/463 359/156/451
f 361/158/453 373/171/465 372/170/464 360/157/452
f 362/159/454 374/172/466 373/171/465 361/158/453
f 363/160/455 375/173/467 374/172/466 362/159/454
f 364/149/456 376/162/468 375/173/467 363/160/455
f 377/5/469 389/6/481 400/7/492 388/8/480
f 378/9/470 390/10/482 389/11/481 377/12/469
f 379/13/471 391/14/483 390/10/482 378/9/470
f 380/15/472 392/16/484 391/14/483 379/13/471
f 381/17/473 393/18/485 392/16/484 380/15/472
f 382/19/474 394/20/486 393/18/485 381/17/473
f 383/21/475 395/22/487 394/20/486 382/19/474
f 384/23/476 396/24/488 395/22/487 383/21/475
f 385/25/477 397/26/489 396/24/488 384/23/476
f 386/27/478 398/28/490 397/26/489 385/25/477
f 387/29/479 399/30/491 398/28/490 386/27/478
f 388/8/480 400/7/492 399/30/491 387/29/479
f 389/6/481 401/31/493 412/32/504 400/7/492
f 390/10/482 402/33/494 401/34/493 389/11/481
f 391/14/483 403/35/495 402/33/494 390/10/482
f 392/16/484 404/36/496 403/35/495 391/14/483
f 393/18/485 405/37/497 404/36/496 392/16/484
f 394/20/486 406/38/498 405/37/497 393/18/485
f 395/22/487 407/39/499 406/38/498 394/20/486
f 396/24/488 408/40/500 407/39/499 395/22/487
f 397/26/489 409/41/501 408/40/500 396/24/488
f 398/28/490 410/42/502 409/41/501 397/26/489
f 399/30/491 411/43/503 410/42/502 398/28/490
f 400/7/492 412/32/504 411/43/503 399/30/491
f 401/31/493 413/44/505 424/45/516 412/32/504
f 402/33/494 414/46/506 413/47/505 401/34/493
f 403/35/495 415/48/507 414/46/506 402/33/494
f 404/36/496 416/49/508 415/48/507 403/35/495
f 405/37/497 417/50/509 416/49/508 404/36/496
f 406/38/498 418/51/510 417/50/509 405/37/497
f 407/39/499 419/52/511 418/51/510 406/38/498
f 408/40/500 420/53/512 419/52/511 407/39/499
f 409/41/501 421/54/513 420/53/512 408/40/500
f 410/42/502 422/55/514 421/54/513 409/41/501
f 411/43/503 423/56/515 422/55/514 410/42/502
f 412/32/504 424/45/516 423/56/515 411/43/503
f 413/44/505 425/57/517 436/58/528 424/45/516
f 414/46/506 426/59/518 425/60/517 413/47/505
f 415/48/507 427/61/519 426/59/518 414/46/506
f 416/49/508 428/62/520 427/61/519 415/48/507
f 417/50/509 429/63/521 428/62/520 416/49/508
f 418/51/510 430/64/522 429/63/521 417/50/509
f 419/52/511 431/65/523 430/64/522 418/51/510
f 420/53/512 432/66/524 431/65/523 419/52/511
f 421/54/513 433/67/525 432/66/524 420/53/512
f 422/55/514 434/68/526 433/67/525 421/54/513
f 423/56/515 435/69/527 434/68/526 422/55/514
f 424/45/516 436/58/528 435/69/527 423/56/515
f 425/57/517 437/70/529 448/71/540 436/58/528
f 426/59/518 438/72/530 437/73/529 425/60/517
f 427/61/519 439/74/531 438/72/530 426/59/518
f 428/62/520 440/75/532 439/74/531 427/61/519
f 429/63/521 441/76/533 440/75/532 428/62/520
f 430/64/522 442/77/534 441/76/533 429/63/521
f 431/65/523 443/78/535 442/77/534 430/64/522
f 432/66/524 444/79/536 443/78/535 431/65/523
f 433/67/525 445/80/537 444/79/536 432/66/524
f 434/68/526 446/81/538 445/80/537 433/67/525
f 435/69/527 447/82/539 446/81/538 434/68/526
f 436/58/528 448/71/540 447/82/539 435/69/527
f 437/70/529 449/83/541 460/84/552 448/71/540
f 438/72/530 450/85/542 449/86/541 437/73/529
f 439/74/531 451/87/543 450/85/542 438/72/530
f 440/75/532 452/88/544 451/87/543 439/74/531
f 441/76/533 453/89/545 452/88/544 440/75/532
f 442/77/534 454/90/546 453/89/545 441/76/533
f 443/78/535 455/91/547 454/90/546 442/77/534
f 444/79/536 456/92/548 455/91/547 443/78/535
f 445/80/537 457/93/549 456/92/548 444/79/536
f 446/81/538 458/94/550 457/93/549 445/80/537
f 447/82/539 459/95/551 458/94/550 446/81/538
f 448/71/540 460/84/552 459/95/551 447/82/539
f 449/83/541 461/96/553 472/97/564 460/84/552
f 450/85/542 462/98/554 461/99/553 449/86/541
f 451/87/543 463/100/555 462/98/554 450/85/542
f 452/88/544 464/101/556 463/100/555 451/87/543
f 453/89/545 465/102/557 464/101/556 452/88/544
f 454/90/546 466/103/558 465/102/557 453/89/545
f 455/91/547 467/104/559 466/103/558 454/90/546
f 456/92/548 468/105/560 467/104/559 455/91/547
f 457/93/549 469/106/561 468/105/560 456/92/548
f 458/94/550 470/107/562 469/106/561 457/93/549
f 459/95/551 471/108/563 470/107/562 458/94/550
f 460/84/552 472/97/564 471/108/563 459/95/551
f 461/96/553 473/109/565 484/110/564 472/97/564
f 462/98/554 474/111/566 473/112/565 461/99/553
f 463/100/555 475/113/555 474/111/566 462/98/554
f 464/101/556 476/114/556 475/113/555 463/100/555
f 465/102/557 477/115/557 476/114/556 464/101/556
f 466/103/558 478/116/558 477/115/557 465/102/557
f 467/104/559 479/117/567 478/116/558 466/103/558
f 468/105/560 480/118/568 479/117/567 467/104/559
f 469/106/561 481/119/561 480/118/568 468/105/560
f 470/107/562 482/120/569 481/119/561 469/106/561
f 471/108/563 483/121/563 482/120/569 470/107/562
f 472/97/564 484/110/564 483/121/563 471/108/563
f 473/109/565 485/122/570 496/123/581 484/110/564
f 474/111/566 486/124/571 485/125/570 473/112/565
f 475/113/555 487/126/572 486/124/571 474/111/566
f 476/114/556 488/127/573 487/126/572 475/113/555
f 477/115/557 489/128/574 488/127/573 476/114/556
f 478/116/558 490/129/575 489/128/574 477/115/557
f 479/117/567 491/130/576 490/129/575 478/116/558
f 480/118/568 492/131/577 491/130/576 479/117/567
f 481/119/561 493/132/578 492/131/577 480/118/568
f 482/120/569 494/133/579 493/132/578 481/119/561
f 483/121/563 495/134/580 494/133/579 482/120/569
f 484/110/564 496/123/581 495/134/580 483/121/563
f 485/122/570 497/135/582 508/136/593 496/123/581
f 486/124/571 498/137/583 497/138/582 485/125/570
f 487/126/572 499/139/584 498/137/583 486/124/571
f 488/127/573 500/140/585 499/139/584 487/126/572
f 489/128/574 501/141/586 500/140/585 488/127/573
f 490/129/575 502/142/587 501/141/586 489/128/574
f 491/130/576 503/143/588 502/142/587 490/129/575
f 492/131/577 504/144/589 503/143/588 491/130/576
f 493/132/578 505/145/590 504/144/589 492/131/577
f 494/133/579 506/146/591 505/145/590 493/132/578
f 495/134/580 507/147/592 506/146/591 494/133/579
f 496/123/581 508/136/593 507/147/592 495/134/580
f 497/135/582 509/148/594 520/149/605 508/136/593
f 498/137/583 510/150/595 509/151/594 497/138/582
f 499/139/584 511/152/596 510/150/595 498/137/583
f 500/140/585 512/153/597 511/152/596 499/139/584
f 501/141/586 513/154/598 512/153/597 500/140/585
f 502/142/587 514/155/599 513/154/598 501/141/586
f 503/143/588 515/156/600 514/155/599 502/142/587
f 504/144/589 516/157/601 515/156/600 503/143/588
f 505/145/590 517/158/602 516/157/601 504/144/589
f 506/146/591 518/159/603 517/158/602 505/145/590
f 507/147/592 519/160/604 518/159/603 506/146/591
f 508/136/593 520/149/605 519/160/604 507/147/592
f 509/148/594 521/161/606 532/162/617 520/149/605
f 510/150/595 522/163/607 521/164/606 509/151/594
f 511/152/596 523/165/608 522/163/607 510/150/595
f 512/153/597 524/166/609 523/165/608 511/152/596
f 513/154/598 525/167/610 524/166/609 512/153/597
f 514/155/599 526/168/611 525/167/610 513/154/598
f 515/156/600 527/169/612 526/168/611 514/155/599
f 516/157/601 528/170/613 527/169/612 515/156/600
f 517/158/602 529/171/614 528/170/613 516/157/601
f 518/159/603 530/172/615 529/171/614 517/158/602
f 519/160/604 531/173/616 530/172/615 518/159/603
f 520/149/605 532/162/617 531/173/616 519/160/604
o BézierCurve.002
v -1.255875 0.050914 4.205356
v -1.242787 0.064197 4.203070
v -1.224946 0.069059 4.199747
v -1.207134 0.064197 4.196278
v -1.194122 0.050914 4.193592
v -1.189397 0.032769 4.192409
v -1.194226 0.014624 4.193046
v -1.207314 0.001341 4.195333
v -1.225154 -0.003521 4.198656
v -1.242967 0.001341 4.202125
v -1.255978 0.014624 4.204810
v -1.260703 0.032769 4.205993
v -1.369732 0.060778 3.603431
v -1.356634 0.074060 3.601201
v -1.338783 0.078921 3.597934
v -1.320963 0.074058 3.594505
v -1.307949 0.060775 3.591833
v -1.303227 0.042630 3.590634
v -1.308064 0.024486 3.591229
v -1.321162 0.011204 3.593458
v -1.339013 0.006343 3.596725
v -1.356833 0.011206 3.600155
v -1.369848 0.024489 3.602827
v -1.374569 0.042633 3.604026
v -1.473034 0.070818 3.048893
v -1.459924 0.084099 3.046723
v -1.442062 0.088959 3.043514
v -1.424235 0.084096 3.040127
v -1.411218 0.070812 3.037469
v -1.406499 0.052668 3.036252
v -1.411344 0.034525 3.036803
v -1.424454 0.021244 3.038974
v -1.442315 0.016384 3.042183
v -1.460143 0.021247 3.045570
v -1.473160 0.034530 3.048228
v -1.477879 0.052675 3.049444
v -1.568557 0.081168 2.527890
v -1.555437 0.094448 2.525778
v -1.537564 0.099307 2.522626
v -1.519729 0.094442 2.519280
v -1.506709 0.081159 2.516636
v -1.501994 0.063015 2.515403
v -1.506847 0.044872 2.515910
v -1.519967 0.031592 2.518023
v -1.537839 0.026734 2.521174
v -1.555675 0.031598 2.524520
v -1.568694 0.044882 2.527164
v -1.573410 0.063025 2.528398
v -1.659079 0.091960 2.026569
v -1.645949 0.105239 2.024509
v -1.628068 0.110096 2.021409
v -1.610226 0.105231 2.018101
v -1.597204 0.091947 2.015469
v -1.592492 0.073804 2.014220
v -1.597351 0.055662 2.014689
v -1.610481 0.042383 2.016749
v -1.628363 0.037526 2.019849
v -1.646205 0.042391 2.023157
v -1.659227 0.055675 2.025789
v -1.663939 0.073818 2.027037
v -1.747379 0.103326 1.531078
v -1.734242 0.116604 1.529060
v -1.716353 0.121461 1.526002
v -1.698505 0.116595 1.522722
v -1.685482 0.103311 1.520101
v -1.680771 0.085168 1.518840
v -1.685637 0.067027 1.519278
v -1.698774 0.053749 1.521296
v -1.716663 0.048892 1.524354
v -1.734510 0.053758 1.527633
v -1.747534 0.067042 1.530255
v -1.752244 0.085185 1.531516
v -1.836234 0.115400 1.027565
v -1.823092 0.128677 1.025575
v -1.805198 0.133533 1.022544
v -1.787347 0.128667 1.019284
v -1.774322 0.115383 1.016670
v -1.769614 0.097239 1.015401
v -1.774482 0.079099 1.015817
v -1.787625 0.065822 1.017807
v -1.805519 0.060966 1.020838
v -1.823369 0.065832 1.024098
v -1.836394 0.079116 1.026712
v -1.841103 0.097259 1.027981
v -1.928423 0.128313 0.502173
v -1.915279 0.141590 0.500196
v -1.897383 0.146446 0.497178
v -1.879530 0.141580 0.493928
v -1.866505 0.128295 0.491317
v -1.861797 0.110152 0.490044
v -1.866667 0.092012 0.490450
v -1.879812 0.078735 0.492428
v -1.897708 0.073879 0.495446
v -1.915560 0.078746 0.498696
v -1.928586 0.092030 0.501307
v -1.933294 0.110173 0.502580
v -2.026726 0.142199 -0.058954
v -2.013581 0.155476 -0.060932
v -1.995685 0.160332 -0.063950
v -1.977833 0.155466 -0.067201
v -1.964807 0.142181 -0.069812
v -1.960099 0.124038 -0.071085
v -1.964970 0.105898 -0.070678
v -1.978114 0.092621 -0.068700
v -1.996010 0.087765 -0.065682
v -2.013863 0.092632 -0.062432
v -2.026888 0.105916 -0.059820
v -2.031596 0.124059 -0.058547
v -2.133920 0.157191 -0.669677
v -2.120778 0.170468 -0.671666
v -2.102884 0.175324 -0.674696
v -2.085033 0.170458 -0.677954
v -2.072008 0.157173 -0.680568
v -2.067299 0.139030 -0.681838
v -2.072168 0.120890 -0.681422
v -2.085310 0.107613 -0.679433
v -2.103204 0.102757 -0.676403
v -2.121055 0.107623 -0.673145
v -2.134080 0.120907 -0.670530
v -2.138789 0.139050 -0.669261
v -2.252786 0.173420 -1.343853
v -2.239647 0.186698 -1.345862
v -2.221756 0.191554 -1.348910
v -2.203907 0.186688 -1.352183
v -2.190883 0.173404 -1.354801
v -2.186174 0.155261 -1.356065
v -2.191040 0.137120 -1.355635
v -2.204179 0.123843 -1.353627
v -2.222070 0.118986 -1.350578
v -2.239919 0.123852 -1.347306
v -2.252943 0.137136 -1.344687
v -2.257653 0.155279 -1.343423
v -2.386102 0.191021 -2.095343
v -2.372967 0.204299 -2.097376
v -2.355081 0.209156 -2.100448
v -2.337235 0.204290 -2.103737
v -2.324212 0.191006 -2.106362
v -2.319501 0.172863 -2.107619
v -2.324365 0.154722 -2.107171
v -2.337499 0.141444 -2.105139
v -2.355386 0.136586 -2.102066
v -2.373231 0.141452 -2.098777
v -2.386255 0.154736 -2.096152
v -2.390965 0.172879 -2.094896
v -2.536648 0.210125 -2.938005
v -2.523518 0.223404 -2.940063
v -2.505636 0.228261 -2.943161
v -2.487793 0.223396 -2.946469
v -2.474771 0.210112 -2.949099
v -2.470059 0.191969 -2.950349
v -2.474919 0.173827 -2.949882
v -2.488049 0.160548 -2.947823
v -2.505931 0.155691 -2.944726
v -2.523774 0.160556 -2.941418
v -2.536796 0.173840 -2.938787
v -2.541508 0.191983 -2.937538
v 2.114457 0.323946 4.172246
v 2.128086 0.337844 4.169266
v 2.146836 0.342931 4.166050
v 2.165683 0.337844 4.163462
v 2.179577 0.323946 4.162193
v 2.184794 0.304962 4.162584
v 2.179938 0.285978 4.164531
v 2.166308 0.272080 4.167511
v 2.147558 0.266993 4.170726
v 2.128711 0.272080 4.173315
v 2.114818 0.285978 4.174584
v 2.109600 0.304962 4.174192
v 2.017390 0.284663 3.538667
v 2.031028 0.298564 3.535748
v 2.049787 0.303654 3.532588
v 2.068639 0.298570 3.530033
v 2.082533 0.284672 3.528768
v 2.087746 0.265686 3.529132
v 2.082882 0.246699 3.531027
v 2.069243 0.232797 3.533946
v 2.050485 0.227707 3.537107
v 2.031632 0.232792 3.539662
v 2.017738 0.246689 3.540927
v 2.012525 0.265675 3.540563
v 1.929422 0.249761 2.954965
v 1.943070 0.263666 2.952110
v 1.961837 0.268760 2.949007
v 1.980695 0.263677 2.946487
v 1.994589 0.249780 2.945226
v 1.999799 0.230792 2.945562
v 1.994926 0.211801 2.947404
v 1.981278 0.197896 2.950259
v 1.962511 0.192802 2.953362
v 1.943653 0.197885 2.955882
v 1.929758 0.211782 2.957143
v 1.924549 0.230770 2.956807
v 1.848176 0.218209 2.406557
v 1.861833 0.232117 2.403764
v 1.880609 0.237214 2.400718
v 1.899471 0.232134 2.398233
v 1.913367 0.218237 2.396976
v 1.918571 0.199247 2.397283
v 1.913691 0.180254 2.399073
v 1.900034 0.166345 2.401865
v 1.881258 0.161248 2.404912
v 1.862396 0.166329 2.407397
v 1.848500 0.180225 2.408654
v 1.843295 0.199215 2.408346
v 1.771272 0.188975 1.878861
v 1.784938 0.202887 1.876125
v 1.803721 0.207986 1.873129
v 1.822588 0.202907 1.870676
v 1.836484 0.189011 1.869422
v 1.841685 0.170020 1.869704
v 1.836798 0.151024 1.871446
v 1.823132 0.137112 1.874182
v 1.804349 0.132012 1.877178
v 1.785482 0.137091 1.879632
v 1.771586 0.150987 1.880885
v 1.766385 0.169978 1.880603
v 1.696333 0.161027 1.357294
v 1.710006 0.174941 1.354604
v 1.728794 0.180043 1.351649
v 1.747665 0.174966 1.349220
v 1.761561 0.161069 1.347970
v 1.766760 0.142077 1.348231
v 1.761867 0.123079 1.349936
v 1.748195 0.109165 1.352627
v 1.729406 0.104063 1.355582
v 1.710535 0.109140 1.358010
v 1.696639 0.123037 1.359261
v 1.691441 0.142029 1.358999
v 1.620980 0.133334 0.827276
v 1.634657 0.147250 0.824616
v 1.653449 0.152353 0.821687
v 1.672323 0.147277 0.819276
v 1.686219 0.133380 0.818027
v 1.691415 0.114388 0.818275
v 1.686519 0.095388 0.819955
v 1.672843 0.081472 0.822615
v 1.654050 0.076369 0.825543
v 1.635177 0.081445 0.827955
v 1.621280 0.095342 0.829204
v 1.616084 0.114334 0.828955
v 1.542834 0.104864 0.274220
v 1.556513 0.118780 0.271574
v 1.575307 0.123884 0.268659
v 1.594182 0.118808 0.266255
v 1.608078 0.104912 0.265007
v 1.613274 0.085919 0.265249
v 1.608376 0.066918 0.266917
v 1.594697 0.053002 0.269563
v 1.575903 0.047898 0.272478
v 1.557029 0.052974 0.274882
v 1.543132 0.066870 0.276130
v 1.537936 0.085863 0.275888
v 1.459516 0.074584 -0.316458
v 1.473195 0.088500 -0.319105
v 1.491989 0.093604 -0.322021
v 1.510864 0.088528 -0.324425
v 1.524760 0.074632 -0.325673
v 1.529956 0.055639 -0.325431
v 1.525058 0.036639 -0.323763
v 1.511379 0.022722 -0.321116
v 1.492585 0.017618 -0.318200
v 1.473711 0.022694 -0.315796
v 1.459814 0.036591 -0.314548
v 1.454619 0.055584 -0.314790
v 1.368648 0.041463 -0.959346
v 1.382324 0.055379 -0.962005
v 1.401117 0.060482 -0.964932
v 1.419990 0.055406 -0.967343
v 1.433887 0.041509 -0.968592
v 1.439083 0.022517 -0.968344
v 1.434187 0.003517 -0.966666
v 1.420510 -0.010399 -0.964007
v 1.401717 -0.015503 -0.961080
v 1.382844 -0.010426 -0.958669
v 1.368948 0.003470 -0.957420
v 1.363751 0.022463 -0.957668
v 1.267849 0.004468 -1.669031
v 1.281523 0.018383 -1.671711
v 1.300313 0.023486 -1.674657
v 1.319184 0.018409 -1.677079
v 1.333081 0.004512 -1.678329
v 1.338278 -0.014480 -1.678072
v 1.333384 -0.033479 -1.676376
v 1.319710 -0.047394 -1.673696
v 1.300920 -0.052496 -1.670750
v 1.282049 -0.047419 -1.668328
v 1.268152 -0.033523 -1.667078
v 1.262955 -0.014530 -1.667335
v 1.154740 -0.037431 -2.460099
v 1.168411 -0.023518 -2.462805
v 1.187197 -0.018417 -2.465774
v 1.206067 -0.023495 -2.468211
v 1.219963 -0.037391 -2.469463
v 1.225162 -0.056383 -2.469194
v 1.220272 -0.075380 -2.467477
v 1.206601 -0.089294 -2.464771
v 1.187814 -0.094395 -2.461802
v 1.168945 -0.089317 -2.459365
v 1.155049 -0.075421 -2.458113
v 1.149850 -0.056429 -2.458382
v 1.026944 -0.085268 -3.347138
v 1.040610 -0.071356 -3.349872
v 1.059393 -0.066257 -3.352866
v 1.078260 -0.071335 -3.355318
v 1.092156 -0.085232 -3.356572
v 1.097357 -0.104223 -3.356290
v 1.092470 -0.123219 -3.354550
v 1.078804 -0.137131 -3.351816
v 1.060021 -0.142231 -3.348822
v 1.041153 -0.137152 -3.346370
v 1.027257 -0.123256 -3.345116
v 1.022056 -0.104265 -3.345397
v 0.579363 -0.060769 5.346398
v 0.597111 -0.042724 5.343096
v 0.621412 -0.036119 5.338930
v 0.645754 -0.042724 5.335017
v 0.663616 -0.060769 5.332405
v 0.670211 -0.085419 5.331793
v 0.663773 -0.110069 5.333347
v 0.646025 -0.128115 5.336649
v 0.621725 -0.134720 5.340815
v 0.597382 -0.128115 5.344728
v 0.579520 -0.110069 5.347340
v 0.572925 -0.085419 5.347951
v 0.443949 -0.076056 4.525257
v 0.461710 -0.058009 4.522034
v 0.486022 -0.051403 4.517940
v 0.510372 -0.058007 4.514071
v 0.528235 -0.076052 4.511463
v 0.534825 -0.100703 4.510817
v 0.528375 -0.125354 4.512304
v 0.510615 -0.143401 4.515527
v 0.486302 -0.150007 4.519622
v 0.461952 -0.143403 4.523491
v 0.444089 -0.125358 4.526098
v 0.437500 -0.100707 4.526744
v 0.321103 -0.088488 3.768806
v 0.338877 -0.070440 3.765666
v 0.363201 -0.063833 3.761646
v 0.387559 -0.070436 3.757823
v 0.405422 -0.088481 3.755221
v 0.412006 -0.113133 3.754538
v 0.405545 -0.137785 3.755956
v 0.387771 -0.155833 3.759096
v 0.363447 -0.162441 3.763117
v 0.339089 -0.155837 3.766940
v 0.321225 -0.137792 3.769542
v 0.314642 -0.113141 3.770225
v 0.207518 -0.098581 3.058140
v 0.225305 -0.080532 3.055081
v 0.249641 -0.073924 3.051135
v 0.274005 -0.080526 3.047357
v 0.291870 -0.098571 3.044760
v 0.298448 -0.123223 3.044041
v 0.291976 -0.147877 3.045392
v 0.274189 -0.165926 3.048450
v 0.249853 -0.172535 3.052397
v 0.225488 -0.165932 3.056175
v 0.207624 -0.147887 3.058771
v 0.201046 -0.123235 3.059491
v 0.099889 -0.106850 2.374357
v 0.117687 -0.088800 2.371371
v 0.142034 -0.082191 2.367490
v 0.166405 -0.088793 2.363753
v 0.184270 -0.106838 2.361162
v 0.190843 -0.131490 2.360410
v 0.184362 -0.156145 2.361699
v 0.166563 -0.174195 2.364685
v 0.142217 -0.180804 2.368566
v 0.117846 -0.174202 2.372303
v 0.099980 -0.156157 2.374894
v 0.093408 -0.131505 2.375646
v -0.005089 -0.113811 1.698552
v 0.012719 -0.095760 1.695625
v 0.037073 -0.089150 1.691797
v 0.061450 -0.095752 1.688092
v 0.079316 -0.113797 1.685504
v 0.085884 -0.138450 1.684727
v 0.079395 -0.163104 1.685967
v 0.061588 -0.181155 1.688894
v 0.037233 -0.187765 1.692723
v 0.012857 -0.181163 1.696427
v -0.005009 -0.163118 1.699015
v -0.011578 -0.138466 1.699792
v -0.110721 -0.119978 1.011821
v -0.092908 -0.101927 1.008934
v -0.068548 -0.095317 1.005140
v -0.044168 -0.101918 1.001458
v -0.026302 -0.119963 0.998873
v -0.019736 -0.144616 0.998077
v -0.026230 -0.169271 0.999286
v -0.044043 -0.187322 1.002173
v -0.068404 -0.193933 1.005966
v -0.092783 -0.187331 1.009649
v -0.110649 -0.169286 1.012234
v -0.117215 -0.144633 1.013029
v -0.220314 -0.125867 0.295258
v -0.202498 -0.107816 0.292389
v -0.178135 -0.101206 0.288612
v -0.153754 -0.107807 0.284940
v -0.135888 -0.125852 0.282356
v -0.129323 -0.150505 0.281553
v -0.135819 -0.175160 0.282745
v -0.153636 -0.193211 0.285615
v -0.177998 -0.199822 0.289391
v -0.202379 -0.193220 0.293064
v -0.220246 -0.175175 0.295648
v -0.226811 -0.150522 0.296451
v -0.337174 -0.131994 -0.470046
v -0.319358 -0.113943 -0.472916
v -0.294995 -0.107332 -0.476693
v -0.270614 -0.113934 -0.480366
v -0.252748 -0.131979 -0.482950
v -0.246183 -0.156632 -0.483753
v -0.252679 -0.181287 -0.482559
v -0.270496 -0.199338 -0.479690
v -0.294858 -0.205948 -0.475912
v -0.319239 -0.199347 -0.472239
v -0.337106 -0.181302 -0.469655
v -0.343670 -0.156649 -0.468852
v -0.464607 -0.138873 -1.303000
v -0.446793 -0.120822 -1.305886
v -0.422433 -0.114212 -1.309678
v -0.398053 -0.120814 -1.313360
v -0.380187 -0.138858 -1.315945
v -0.373621 -0.163511 -1.316741
v -0.380115 -0.188166 -1.315534
v -0.397929 -0.206217 -1.312648
v -0.422289 -0.212828 -1.308856
v -0.446669 -0.206226 -1.305174
v -0.464535 -0.188181 -1.302589
v -0.471101 -0.163528 -1.301794
v -0.605920 -0.147021 -2.222516
v -0.588110 -0.128970 -2.225429
v -0.563753 -0.122360 -2.229245
v -0.539376 -0.128962 -2.232942
v -0.521510 -0.147006 -2.235528
v -0.514942 -0.171659 -2.236312
v -0.521433 -0.196314 -2.235083
v -0.539243 -0.214365 -2.232170
v -0.563599 -0.220975 -2.228354
v -0.587977 -0.214373 -2.224657
v -0.605843 -0.196328 -2.222070
v -0.612410 -0.171676 -2.221287
v -0.764418 -0.156952 -3.247502
v -0.746614 -0.138901 -3.250449
v -0.722261 -0.132291 -3.254295
v -0.697887 -0.138893 -3.258010
v -0.680021 -0.156938 -3.260599
v -0.673451 -0.181591 -3.261368
v -0.679938 -0.206245 -3.260111
v -0.697742 -0.224296 -3.257164
v -0.722094 -0.230906 -3.253318
v -0.746469 -0.224304 -3.249603
v -0.764334 -0.206259 -3.247014
v -0.770904 -0.181606 -3.246245
v -0.943409 -0.169181 -4.396869
v -0.925610 -0.151131 -4.399852
v -0.901263 -0.144522 -4.403730
v -0.876892 -0.151124 -4.407466
v -0.859026 -0.169169 -4.410057
v -0.852454 -0.193821 -4.410810
v -0.858936 -0.218476 -4.409523
v -0.876734 -0.236526 -4.406540
v -0.901081 -0.243135 -4.402661
v -0.925453 -0.236533 -4.398926
v -0.943318 -0.218488 -4.396335
v -0.949890 -0.193836 -4.395582
vn -0.8495 0.4998 0.1689
vn -0.4889 0.8658 0.1067
vn 0.0028 0.9999 0.0159
vn 0.4938 0.8660 -0.0792
vn 0.8524 0.4999 -0.1531
vn 0.9826 -0.0001 -0.1859
vn 0.8493 -0.5001 -0.1689
vn 0.4885 -0.8660 -0.1066
vn -0.0032 -0.9999 -0.0158
vn -0.4940 -0.8658 0.0793
vn -0.8524 -0.4999 0.1531
vn -0.9826 -0.0001 0.1859
vn -0.8497 0.4998 0.1681
vn 0.0029 0.9999 0.0167
vn 0.4941 0.8659 -0.0778
vn 0.8527 0.4999 -0.1515
vn 0.9828 -0.0002 -0.1845
vn 0.8495 -0.5002 -0.1681
vn 0.4884 -0.8661 -0.1066
vn -0.0034 -0.9999 -0.0166
vn -0.4943 -0.8658 0.0779
vn -0.8527 -0.4999 0.1515
vn -0.9828 -0.0001 0.1845
vn -0.8500 0.4998 0.1666
vn -0.4889 0.8658 0.1068
vn 0.0033 0.9998 0.0184
vn 0.4946 0.8659 -0.0750
vn 0.8533 0.4998 -0.1482
vn 0.9833 -0.0002 -0.1817
vn 0.8497 -0.5002 -0.1665
vn 0.4884 -0.8661 -0.1067
vn -0.0037 -0.9998 -0.0183
vn -0.4948 -0.8658 0.0750
vn -0.8533 -0.4998 0.1482
vn -0.9833 -0.0000 0.1817
vn -0.8503 0.4998 0.1651
vn -0.4889 0.8658 0.1069
vn 0.0036 0.9998 0.0200
vn 0.4951 0.8658 -0.0722
vn 0.8539 0.4998 -0.1450
vn 0.9838 -0.0003 -0.1790
vn 0.8500 -0.5002 -0.1650
vn 0.4884 -0.8660 -0.1068
vn -0.0040 -0.9998 -0.0200
vn -0.4953 -0.8657 0.0722
vn -0.8539 -0.4998 0.1450
vn -0.9838 -0.0000 0.1790
vn -0.8505 0.4999 0.1637
vn -0.4888 0.8658 0.1069
vn 0.0039 0.9998 0.0215
vn 0.4956 0.8658 -0.0696
vn 0.8545 0.4997 -0.1422
vn 0.9843 -0.0003 -0.1766
vn 0.8503 -0.5002 -0.1637
vn 0.4884 -0.8660 -0.1069
vn -0.0042 -0.9998 -0.0215
vn -0.4957 -0.8657 0.0697
vn -0.8544 -0.4997 0.1422
vn -0.9843 0.0001 0.1766
vn -0.8507 0.5000 0.1626
vn -0.4888 0.8658 0.1070
vn 0.0041 0.9997 0.0227
vn 0.4960 0.8657 -0.0676
vn 0.8549 0.4997 -0.1399
vn 0.9846 -0.0003 -0.1746
vn 0.8505 -0.5002 -0.1626
vn 0.4885 -0.8660 -0.1069
vn -0.0044 -0.9997 -0.0227
vn -0.4961 -0.8656 0.0677
vn -0.8549 -0.4997 0.1399
vn -0.9846 0.0002 0.1746
vn -0.8508 0.5000 0.1618
vn -0.4887 0.8659 0.1070
vn 0.0043 0.9997 0.0235
vn 0.4962 0.8657 -0.0663
vn 0.8551 0.4996 -0.1383
vn 0.9849 -0.0003 -0.1733
vn 0.8507 -0.5002 -0.1618
vn 0.4885 -0.8660 -0.1070
vn -0.0045 -0.9997 -0.0235
vn -0.4963 -0.8656 0.0663
vn -0.8551 -0.4996 0.1383
vn -0.9849 0.0002 0.1733
vn -0.8508 0.5001 0.1615
vn -0.4886 0.8659 0.1070
vn 0.0045 0.9997 0.0239
vn 0.4964 0.8656 -0.0657
vn 0.8553 0.4996 -0.1376
vn 0.9850 -0.0003 -0.1727
vn 0.8508 -0.5001 -0.1615
vn 0.4886 -0.8659 -0.1070
vn -0.0045 -0.9997 -0.0239
vn -0.4964 -0.8656 0.0657
vn -0.8553 -0.4996 0.1376
vn -0.9850 0.0003 0.1727
vn 0.0045 0.9997 0.0238
vn 0.8552 0.4996 -0.1377
vn -0.4963 -0.8656 0.0657
vn -0.8552 -0.4996 0.1377
vn -0.8507 0.5002 0.1618
vn -0.4885 0.8660 0.1070
vn 0.0045 0.9997 0.0235
vn 0.4963 0.8656 -0.0663
vn 0.9849 -0.0002 -0.1733
vn 0.8507 -0.5000 -0.1618
vn 0.4887 -0.8659 -0.1070
vn -0.0044 -0.9997 -0.0235
vn -0.4962 -0.8657 0.0663
vn -0.9849 0.0003 0.1733
vn -0.8506 0.5002 0.1623
vn 0.0044 0.9997 0.0230
vn 0.4961 0.8656 -0.0672
vn 0.8550 0.4996 -0.1393
vn 0.9847 -0.0002 -0.1742
vn 0.8507 -0.5000 -0.1623
vn -0.0042 -0.9997 -0.0230
vn -0.4961 -0.8657 0.0672
vn -0.8550 -0.4996 0.1393
vn -0.9847 0.0003 0.1742
vn -0.8505 0.5002 0.1629
vn -0.4885 0.8660 0.1069
vn 0.0043 0.9997 0.0223
vn 0.4959 0.8657 -0.0683
vn 0.8547 0.4997 -0.1406
vn 0.9845 -0.0002 -0.1753
vn 0.8506 -0.5000 -0.1629
vn -0.0041 -0.9997 -0.0223
vn -0.4958 -0.8657 0.0683
vn -0.8547 -0.4997 0.1406
vn -0.9845 0.0003 0.1753
vn -0.8504 0.5001 0.1633
vn 0.0042 0.9998 0.0219
vn 0.4958 0.8657 -0.0690
vn 0.8546 0.4997 -0.1413
vn 0.9844 -0.0002 -0.1759
vn 0.8505 -0.5000 -0.1633
vn 0.4887 -0.8659 -0.1069
vn -0.0040 -0.9998 -0.0219
vn -0.4957 -0.8657 0.0689
vn -0.8546 -0.4997 0.1413
vn -0.9844 0.0003 0.1759
vn -0.8608 0.4988 0.1010
vn -0.5025 0.8642 0.0234
vn -0.0095 0.9981 -0.0604
vn 0.4861 0.8645 -0.1281
vn 0.8514 0.4991 -0.1614
vn 0.9885 -0.0001 -0.1514
vn 0.8606 -0.4992 -0.1009
vn 0.5021 -0.8645 -0.0233
vn 0.0092 -0.9981 0.0605
vn -0.4862 -0.8644 0.1281
vn -0.8513 -0.4992 0.1614
vn -0.9885 -0.0002 0.1515
vn -0.8609 0.4987 0.1004
vn -0.5025 0.8643 0.0237
vn -0.0094 0.9982 -0.0594
vn 0.4863 0.8646 -0.1265
vn 0.8516 0.4992 -0.1598
vn 0.9887 -0.0000 -0.1502
vn 0.8607 -0.4992 -0.1004
vn 0.5020 -0.8645 -0.0236
vn 0.0090 -0.9982 0.0594
vn -0.4865 -0.8645 0.1266
vn -0.8516 -0.4993 0.1598
vn -0.9886 -0.0003 0.1503
vn -0.8611 0.4987 0.0994
vn -0.5024 0.8643 0.0244
vn -0.0091 0.9983 -0.0572
vn 0.4868 0.8648 -0.1235
vn 0.8521 0.4994 -0.1566
vn 0.9890 0.0001 -0.1478
vn 0.8608 -0.4991 -0.0993
vn 0.5019 -0.8646 -0.0243
vn 0.0086 -0.9983 0.0573
vn -0.4869 -0.8647 0.1235
vn -0.8521 -0.4995 0.1566
vn -0.9890 -0.0005 0.1478
vn -0.8612 0.4986 0.0984
vn -0.5023 0.8643 0.0250
vn -0.0087 0.9984 -0.0551
vn 0.4872 0.8649 -0.1204
vn 0.8526 0.4995 -0.1535
vn 0.9894 0.0003 -0.1454
vn 0.8610 -0.4991 -0.0983
vn 0.5019 -0.8646 -0.0249
vn 0.0083 -0.9984 0.0552
vn -0.4874 -0.8649 0.1204
vn -0.8525 -0.4996 0.1535
vn -0.9894 -0.0006 0.1454
vn -0.8613 0.4986 0.0975
vn -0.5022 0.8644 0.0256
vn -0.0084 0.9985 -0.0532
vn 0.4876 0.8651 -0.1177
vn 0.8530 0.4997 -0.1507
vn 0.9897 0.0004 -0.1432
vn 0.8611 -0.4990 -0.0974
vn 0.5018 -0.8646 -0.0255
vn 0.0081 -0.9985 0.0532
vn -0.4878 -0.8650 0.1177
vn -0.8529 -0.4998 0.1507
vn -0.9897 -0.0007 0.1433
vn -0.8614 0.4986 0.0967
vn -0.5021 0.8644 0.0260
vn -0.0082 0.9986 -0.0517
vn 0.4880 0.8652 -0.1155
vn 0.8533 0.4998 -0.1484
vn 0.9899 0.0005 -0.1415
vn 0.8613 -0.4989 -0.0967
vn 0.5018 -0.8646 -0.0260
vn 0.0079 -0.9986 0.0517
vn -0.4881 -0.8651 0.1155
vn -0.8533 -0.4999 0.1484
vn -0.9899 -0.0007 0.1415
vn -0.8614 0.4987 0.0962
vn -0.5020 0.8645 0.0263
vn -0.0080 0.9987 -0.0507
vn 0.4882 0.8653 -0.1141
vn 0.8535 0.4999 -0.1469
vn 0.9901 0.0006 -0.1404
vn 0.8614 -0.4988 -0.0962
vn 0.5018 -0.8646 -0.0263
vn 0.0078 -0.9987 0.0507
vn -0.4882 -0.8652 0.1141
vn -0.8535 -0.5000 0.1469
vn -0.9901 -0.0008 0.1404
vn -0.8614 0.4987 0.0960
vn -0.5019 0.8645 0.0264
vn -0.0078 0.9987 -0.0502
vn 0.4883 0.8653 -0.1134
vn 0.8536 0.5000 -0.1462
vn 0.9902 0.0007 -0.1398
vn 0.8614 -0.4987 -0.0960
vn 0.5018 -0.8646 -0.0264
vn 0.0078 -0.9987 0.0502
vn -0.4883 -0.8653 0.1134
vn -0.8536 -0.5000 0.1462
vn -0.9902 -0.0007 0.1398
vn -0.5018 0.8646 0.0264
vn 0.9902 0.0007 -0.1399
vn 0.5019 -0.8645 -0.0264
vn 0.0079 -0.9987 0.0502
vn -0.8614 0.4988 0.0962
vn -0.5018 0.8646 0.0263
vn -0.0078 0.9987 -0.0506
vn 0.4882 0.8652 -0.1140
vn 0.8535 0.5000 -0.1468
vn 0.9901 0.0008 -0.1403
vn 0.8614 -0.4987 -0.0962
vn 0.5019 -0.8645 -0.0263
vn 0.0079 -0.9987 0.0506
vn -0.4882 -0.8653 0.1140
vn -0.8535 -0.4999 0.1468
vn -0.9901 -0.0007 0.1403
vn -0.8613 0.4988 0.0965
vn -0.5018 0.8646 0.0261
vn -0.0079 0.9986 -0.0513
vn 0.4881 0.8652 -0.1150
vn 0.8534 0.4999 -0.1479
vn 0.9900 0.0007 -0.1411
vn 0.8614 -0.4987 -0.0966
vn 0.5020 -0.8645 -0.0261
vn 0.0081 -0.9986 0.0513
vn -0.4881 -0.8652 0.1150
vn -0.8534 -0.4999 0.1479
vn -0.9900 -0.0006 0.1411
vn -0.8612 0.4989 0.0969
vn -0.5019 0.8646 0.0258
vn -0.0080 0.9986 -0.0522
vn 0.4879 0.8651 -0.1163
vn 0.8532 0.4998 -0.1492
vn 0.9899 0.0007 -0.1421
vn 0.8613 -0.4987 -0.0970
vn 0.5020 -0.8645 -0.0259
vn 0.0082 -0.9986 0.0522
vn -0.4879 -0.8651 0.1163
vn -0.8532 -0.4998 0.1492
vn -0.9899 -0.0005 0.1421
vn -0.8612 0.4989 0.0972
vn -0.5019 0.8646 0.0257
vn -0.0081 0.9986 -0.0527
vn 0.4878 0.8651 -0.1169
vn 0.8531 0.4998 -0.1499
vn 0.9898 0.0007 -0.1426
vn 0.8613 -0.4987 -0.0972
vn 0.5021 -0.8644 -0.0257
vn 0.0083 -0.9986 0.0527
vn -0.4878 -0.8651 0.1169
vn -0.8531 -0.4998 0.1499
vn -0.9898 -0.0005 0.1426
vn -0.8561 0.4997 0.1319
vn -0.4962 0.8657 0.0657
vn -0.0032 0.9998 -0.0181
vn 0.4907 0.8659 -0.0970
vn 0.8530 0.4999 -0.1500
vn 0.9867 -0.0001 -0.1627
vn 0.8559 -0.5001 -0.1318
vn 0.4957 -0.8660 -0.0656
vn 0.0028 -0.9998 0.0181
vn -0.4908 -0.8659 0.0971
vn -0.8530 -0.5000 0.1500
vn -0.9867 -0.0002 0.1627
vn -0.8562 0.4997 0.1314
vn -0.4961 0.8657 0.0660
vn -0.0030 0.9999 -0.0170
vn 0.4909 0.8660 -0.0955
vn 0.8533 0.4999 -0.1484
vn 0.9869 -0.0001 -0.1615
vn 0.8559 -0.5001 -0.1313
vn 0.4957 -0.8660 -0.0659
vn 0.0026 -0.9999 0.0171
vn -0.4911 -0.8659 0.0955
vn -0.8532 -0.5000 0.1484
vn -0.9869 -0.0002 0.1615
vn -0.8564 0.4996 0.1303
vn -0.4960 0.8658 0.0667
vn -0.0027 0.9999 -0.0149
vn 0.4914 0.8660 -0.0924
vn 0.8538 0.5000 -0.1452
vn 0.9873 -0.0001 -0.1591
vn 0.8561 -0.5001 -0.1303
vn 0.4956 -0.8660 -0.0666
vn 0.0023 -0.9999 0.0149
vn -0.4916 -0.8659 0.0925
vn -0.8537 -0.5001 0.1452
vn -0.9873 -0.0003 0.1591
vn -0.8565 0.4996 0.1293
vn -0.4959 0.8658 0.0673
vn -0.0023 0.9999 -0.0128
vn 0.4919 0.8661 -0.0894
vn 0.8543 0.5000 -0.1421
vn 0.9877 -0.0001 -0.1567
vn 0.8563 -0.5001 -0.1292
vn 0.4955 -0.8660 -0.0672
vn 0.0020 -0.9999 0.0128
vn -0.4920 -0.8660 0.0894
vn -0.8542 -0.5001 0.1421
vn -0.9877 -0.0003 0.1567
vn -0.8567 0.4997 0.1284
vn -0.4958 0.8658 0.0678
vn -0.0020 0.9999 -0.0109
vn 0.4923 0.8661 -0.0867
vn 0.8547 0.5001 -0.1393
vn 0.9880 -0.0000 -0.1545
vn 0.8565 -0.5000 -0.1283
vn 0.4954 -0.8660 -0.0678
vn 0.0017 -0.9999 0.0109
vn -0.4925 -0.8660 0.0867
vn -0.8547 -0.5001 0.1392
vn -0.9880 -0.0003 0.1545
vn -0.8567 0.4997 0.1276
vn -0.4957 0.8658 0.0683
vn -0.0017 1.0000 -0.0094
vn 0.4927 0.8661 -0.0845
vn 0.8551 0.5001 -0.1370
vn 0.9883 0.0001 -0.1528
vn 0.8566 -0.5000 -0.1276
vn 0.4954 -0.8660 -0.0682
vn 0.0015 -1.0000 0.0094
vn -0.4928 -0.8660 0.0845
vn -0.8550 -0.5001 0.1370
vn -0.9883 -0.0003 0.1528
vn -0.8568 0.4998 0.1271
vn -0.4956 0.8659 0.0686
vn -0.0015 1.0000 -0.0084
vn 0.4929 0.8661 -0.0831
vn 0.8553 0.5001 -0.1355
vn 0.9884 0.0001 -0.1516
vn 0.8567 -0.4999 -0.1271
vn 0.4954 -0.8660 -0.0685
vn 0.0014 -1.0000 0.0084
vn -0.4930 -0.8661 0.0831
vn -0.8553 -0.5001 0.1355
vn -0.9884 -0.0002 0.1516
vn -0.8568 0.4998 0.1269
vn -0.4955 0.8659 0.0687
vn -0.0014 1.0000 -0.0079
vn 0.4931 0.8661 -0.0824
vn 0.8554 0.5001 -0.1348
vn 0.9885 0.0002 -0.1511
vn 0.8568 -0.4999 -0.1269
vn 0.4954 -0.8659 -0.0687
vn 0.0014 -1.0000 0.0079
vn -0.4931 -0.8661 0.0824
vn -0.8554 -0.5001 0.1348
vn -0.9885 -0.0002 0.1511
vn -0.8568 0.4999 0.1269
vn -0.4954 0.8659 0.0687
vn 0.8568 -0.4998 -0.1269
vn 0.4955 -0.8659 -0.0687
vn -0.4930 -0.8661 0.0824
vn -0.8567 0.4999 0.1271
vn -0.4954 0.8659 0.0686
vn -0.0014 1.0000 -0.0083
vn 0.4930 0.8661 -0.0830
vn 0.8553 0.5001 -0.1354
vn 0.9884 0.0002 -0.1516
vn 0.8568 -0.4998 -0.1271
vn 0.4955 -0.8659 -0.0686
vn 0.0015 -1.0000 0.0083
vn -0.4929 -0.8661 0.0830
vn -0.8553 -0.5001 0.1354
vn -0.9884 -0.0001 0.1516
vn -0.8566 0.4999 0.1274
vn -0.4954 0.8660 0.0683
vn -0.0015 1.0000 -0.0090
vn 0.4928 0.8661 -0.0840
vn 0.8551 0.5001 -0.1365
vn 0.9883 0.0002 -0.1524
vn 0.8567 -0.4998 -0.1274
vn 0.4956 -0.8659 -0.0684
vn 0.0016 -1.0000 0.0090
vn -0.4928 -0.8661 0.0840
vn -0.8551 -0.5001 0.1365
vn -0.9883 -0.0001 0.1524
vn -0.8566 0.4999 0.1278
vn -0.4955 0.8660 0.0681
vn -0.0016 0.9999 -0.0099
vn 0.4927 0.8660 -0.0853
vn 0.8549 0.5001 -0.1378
vn 0.9882 0.0002 -0.1533
vn 0.8567 -0.4997 -0.1279
vn 0.4957 -0.8658 -0.0681
vn 0.0018 -0.9999 0.0099
vn -0.4926 -0.8661 0.0852
vn -0.8549 -0.5001 0.1378
vn -0.9882 -0.0001 0.1533
vn -0.8565 0.4999 0.1281
vn -0.4955 0.8660 0.0679
vn -0.0017 0.9999 -0.0104
vn 0.4925 0.8660 -0.0859
vn 0.8548 0.5001 -0.1384
vn 0.9881 0.0002 -0.1539
vn 0.8567 -0.4997 -0.1281
vn 0.4957 -0.8658 -0.0680
vn 0.0019 -0.9999 0.0104
vn -0.4925 -0.8661 0.0859
vn -0.8548 -0.5001 0.1384
vn -0.9881 -0.0001 0.1539
vt 0.000000 1.000000
vt 0.083333 1.000000
vt 0.083333 0.916667
vt 0.000000 0.916667
vt 0.000000 0.083333
vt 0.083333 0.083333
vt 0.083333 0.000000
vt 0.000000 0.000000
vt 0.000000 0.166667
vt 0.083333 0.166667
vt 0.000000 0.250000
vt 0.083333 0.250000
vt 0.000000 0.333333
vt 0.083333 0.333333
vt 0.000000 0.416667
vt 0.083333 0.416667
vt 0.000000 0.500000
vt 0.083333 0.500000
vt 0.000000 0.583333
vt 0.083333 0.583333
vt 0.000000 0.666667
vt 0.083333 0.666667
vt 0.000000 0.750000
vt 0.083333 0.750000
vt 0.000000 0.833333
vt 0.083333 0.833333
vt 0.166667 1.000000
vt 0.166667 0.916667
vt 0.166667 0.083333
vt 0.166667 0.000000
vt 0.166667 0.166667
vt 0.166667 0.250000
vt 0.166667 0.333333
vt 0.166667 0.416667
vt 0.166667 0.500000
vt 0.166667 0.583333
vt 0.166667 0.666667
vt 0.166667 0.750000
vt 0.166667 0.833333
vt 0.250000 1.000000
vt 0.250000 0.916667
vt 0.250000 0.083333
vt 0.250000 0.000000
vt 0.250000 0.166667
vt 0.250000 0.250000
vt 0.250000 0.333333
vt 0.250000 0.416667
vt 0.250000 0.500000
vt 0.250000 0.583333
vt 0.250000 0.666667
vt 0.250000 0.750000
vt 0.250000 0.833333
vt 0.333333 1.000000
vt 0.333333 0.916667
vt 0.333333 0.083333
vt 0.333333 0.000000
vt 0.333333 0.166667
vt 0.333333 0.250000
vt 0.333333 0.333333
vt 0.333333 0.416667
vt 0.333333 0.500000
vt 0.333333 0.583333
vt 0.333333 0.666667
vt 0.333333 0.750000
vt 0.333333 0.833333
vt 0.416667 1.000000
vt 0.416667 0.916667
vt 0.416667 0.083333
vt 0.416667 0.000000
vt 0.416667 0.166667
vt 0.416667 0.250000
vt 0.416667 0.333333
vt 0.416667 0.416667
vt 0.416667 0.500000
vt 0.416667 0.583333
vt 0.416667 0.666667
vt 0.416667 0.750000
vt 0.416667 0.833333
vt 0.500000 1.000000
vt 0.500000 0.916667
vt 0.500000 0.083333
vt 0.500000 0.000000
vt 0.500000 0.166667
vt 0.500000 0.250000
vt 0.500000 0.333333
vt 0.500000 0.416667
vt 0.500000 0.500000
vt 0.500000 0.583333
vt 0.500000 0.666667
vt 0.500000 0.750000
vt 0.500000 0.833333
vt 0.583333 1.000000
vt 0.583333 0.916667
vt 0.583333 0.083333
vt 0.583333 0.000000
vt 0.583333 0.166667
vt 0.583333 0.250000
vt 0.583333 0.333333
vt 0.583333 0.416667
vt 0.583333 0.500000
vt 0.583333 0.583333
vt 0.583333 0.666667
vt 0.583333 0.750000
vt 0.583333 0.833333
vt 0.666667 1.000000
vt 0.666667 0.916667
vt 0.666667 0.083333
vt 0.666667 0.000000
vt 0.666667 0.166667
vt 0.666667 0.250000
vt 0.666667 0.333333
vt 0.666667 0.416667
vt 0.666667 0.500000
vt 0.666667 0.583333
vt 0.666667 0.666667
vt 0.666667 0.750000
vt 0.666667 0.833333
vt 0.750000 1.000000
vt 0.750000 0.916667
vt 0.750000 0.083333
vt 0.750000 0.000000
vt 0.750000 0.166667
vt 0.750000 0.250000
vt 0.750000 0.333333
vt 0.750000 0.416667
vt 0.750000 0.500000
vt 0.750000 0.583333
vt 0.750000 0.666667
vt 0.750000 0.750000
vt 0.750000 0.833333
vt 0.833333 1.000000
vt 0.833333 0.916667
vt 0.833333 0.083333
vt 0.833333 0.000000
vt 0.833333 0.166667
vt 0.833333 0.250000
vt 0.833333 0.333333
vt 0.833333 0.416667
vt 0.833333 0.500000
vt 0.833333 0.583333
vt 0.833333 0.666667
vt 0.833333 0.750000
vt 0.833333 0.833333
vt 0.916667 1.000000
vt 0.916667 0.916667
vt 0.916667 0.083333
vt 0.916667 0.000000
vt 0.916667 0.166667
vt 0.916667 0.250000
vt 0.916667 0.333333
vt 0.916667 0.416667
vt 0.916667 0.500000
vt 0.916667 0.583333
vt 0.916667 0.666667
vt 0.916667 0.750000
vt 0.916667 0.833333
vt 1.000000 1.000000
vt 1.000000 0.916667
vt 1.000000 0.083333
vt 1.000000 0.000000
vt 1.000000 0.166667
vt 1.000000 0.250000
vt 1.000000 0.333333
vt 1.000000 0.416667
vt 1.000000 0.500000
vt 1.000000 0.583333
vt 1.000000 0.666667
vt 1.000000 0.750000
vt 1.000000 0.833333
s 1
usemtl claw_glow
f 533/174/618 545/175/630 556/176/640 544/177/629
f 534/178/619 546/179/619 545/180/630 533/181/618
f 535/182/620 547/183/631 546/179/619 534/178/619
f 536/184/621 548/185/632 547/183/631 535/182/620
f 537/186/622 549/187/633 548/185/632 536/184/621
f 538/188/623 550/189/634 549/187/633 537/186/622
f 539/190/624 551/191/635 550/189/634 538/188/623
f 540/192/625 552/193/636 551/191/635 539/190/624
f 541/194/626 553/195/637 552/193/636 540/192/625
f 542/196/627 554/197/638 553/195/637 541/194/626
f 543/198/628 555/199/639 554/197/638 542/196/627
f 544/177/629 556/176/640 555/199/639 543/198/628
f 545/175/630 557/200/641 568/201/652 556/176/640
f 546/179/619 558/202/642 557/203/641 545/180/630
f 547/183/631 559/204/643 558/202/642 546/179/619
f 548/185/632 560/205/644 559/204/643 547/183/631
f 549/187/633 561/206/645 560/205/644 548/185/632
f 550/189/634 562/207/646 561/206/645 549/187/633
f 551/191/635 563/208/647 562/207/646 550/189/634
f 552/193/636 564/209/648 563/208/647 551/191/635
f 553/195/637 565/210/649 564/209/648 552/193/636
f 554/197/638 566/211/650 565/210/649 553/195/637
f 555/199/639 567/212/651 566/211/650 554/197/638
f 556/176/640 568/201/652 567/212/651 555/199/639
f 557/200/641 569/213/653 580/214/664 568/201/652
f 558/202/642 570/215/654 569/216/653 557/203/641
f 559/204/643 571/217/655 570/215/654 558/202/642
f 560/205/644 572/218/656 571/217/655 559/204/643
f 561/206/645 573/219/657 572/218/656 560/205/644
f 562/207/646 574/220/658 573/219/657 561/206/645
f 563/208/647 575/221/659 574/220/658 562/207/646
f 564/209/648 576/222/660 575/221/659 563/208/647
f 565/210/649 577/223/661 576/222/660 564/209/648
f 566/211/650 578/224/662 577/223/661 565/210/649
f 567/212/651 579/225/663 578/224/662 566/211/650
f 568/201/652 580/214/664 579/225/663 567/212/651
f 569/213/653 581/226/665 592/227/676 580/214/664
f 570/215/654 582/228/666 581/229/665 569/216/653
f 571/217/655 583/230/667 582/228/666 570/215/654
f 572/218/656 584/231/668 583/230/667 571/217/655
f 573/219/657 585/232/669 584/231/668 572/218/656
f 574/220/658 586/233/670 585/232/669 573/219/657
f 575/221/659 587/234/671 586/233/670 574/220/658
f 576/222/660 588/235/672 587/234/671 575/221/659
f 577/223/661 589/236/673 588/235/672 576/222/660
f 578/224/662 590/237/674 589/236/673 577/223/661
f 579/225/663 591/238/675 590/237/674 578/224/662
f 580/214/664 592/227/676 591/238/675 579/225/663
f 581/226/665 593/239/677 604/240/688 592/227/676
f 582/228/666 594/241/678 593/242/677 581/229/665
f 583/230/667 595/243/679 594/241/678 582/228/666
f 584/231/668 596/244/680 595/243/679 583/230/667
f 585/232/669 597/245/681 596/244/680 584/231/668
f 586/233/670 598/246/682 597/245/681 585/232/669
f 587/234/671 599/247/683 598/246/682 586/233/670
f 588/235/672 600/248/684 599/247/683 587/234/671
f 589/236/673 601/249/685 600/248/684 588/235/672
f 590/237/674 602/250/686 601/249/685 589/236/673
f 591/238/675 603/251/687 602/250/686 590/237/674
f 592/227/676 604/240/688 603/251/687 591/238/675
f 593/239/677 605/252/689 616/253/700 604/240/688
f 594/241/678 606/254/690 605/255/689 593/242/677
f 595/243/679 607/256/691 606/254/690 594/241/678
f 596/244/680 608/257/692 607/256/691 595/243/679
f 597/245/681 609/258/693 608/257/692 596/244/680
f 598/246/682 610/259/694 609/258/693 597/245/681
f 599/247/683 611/260/695 610/259/694 598/246/682
f 600/248/684 612/261/696 611/260/695 599/247/683
f 601/249/685 613/262/697 612/261/696 600/248/684
f 602/250/686 614/263/698 613/262/697 601/249/685
f 603/251/687 615/264/699 614/263/698 602/250/686
f 604/240/688 616/253/700 615/264/699 603/251/687
f 605/252/689 617/265/701 628/266/712 616/253/700
f 606/254/690 618/267/702 617/268/701 605/255/689
f 607/256/691 619/269/703 618/267/702 606/254/690
f 608/257/692 620/270/704 619/269/703 607/256/691
f 609/258/693 621/271/705 620/270/704 608/257/692
f 610/259/694 622/272/706 621/271/705 609/258/693
f 611/260/695 623/273/707 622/272/706 610/259/694
f 612/261/696 624/274/708 623/273/707 611/260/695
f 613/262/697 625/275/709 624/274/708 612/261/696
f 614/263/698 626/276/710 625/275/709 613/262/697
f 615/264/699 627/277/711 626/276/710 614/263/698
f 616/253/700 628/266/712 627/277/711 615/264/699
f 617/265/701 629/278/701 640/279/712 628/266/712
f 618/267/702 630/280/702 629/281/701 617/268/701
f 619/269/703 631/282/713 630/280/702 618/267/702
f 620/270/704 632/283/704 631/282/713 619/269/703
f 621/271/705 633/284/714 632/283/704 620/270/704
f 622/272/706 634/285/706 633/284/714 621/271/705
f 623/273/707 635/286/707 634/285/706 622/272/706
f 624/274/708 636/287/708 635/286/707 623/273/707
f 625/275/709 637/288/709 636/287/708 624/274/708
f 626/276/710 638/289/715 637/288/709 625/275/709
f 627/277/711 639/290/716 638/289/715 626/276/710
f 628/266/712 640/279/712 639/290/716 627/277/711
f 629/278/701 641/291/717 652/292/726 640/279/712
f 630/280/702 642/293/718 641/294/717 629/281/701
f 631/282/713 643/295/719 642/293/718 630/280/702
f 632/283/704 644/296/720 643/295/719 631/282/713
f 633/284/714 645/297/693 644/296/720 632/283/704
f 634/285/706 646/298/721 645/297/693 633/284/714
f 635/286/707 647/299/722 646/298/721 634/285/706
f 636/287/708 648/300/723 647/299/722 635/286/707
f 637/288/709 649/301/724 648/300/723 636/287/708
f 638/289/715 650/302/725 649/301/724 637/288/709
f 639/290/716 651/303/699 650/302/725 638/289/715
f 640/279/712 652/292/726 651/303/699 639/290/716
f 641/291/717 653/304/727 664/305/736 652/292/726
f 642/293/718 654/306/718 653/307/727 641/294/717
f 643/295/719 655/308/728 654/306/718 642/293/718
f 644/296/720 656/309/729 655/308/728 643/295/719
f 645/297/693 657/310/730 656/309/729 644/296/720
f 646/298/721 658/311/731 657/310/730 645/297/693
f 647/299/722 659/312/732 658/311/731 646/298/721
f 648/300/723 660/313/723 659/312/732 647/299/722
f 649/301/724 661/314/733 660/313/723 648/300/723
f 650/302/725 662/315/734 661/314/733 649/301/724
f 651/303/699 663/316/735 662/315/734 650/302/725
f 652/292/726 664/305/736 663/316/735 651/303/699
f 653/304/727 665/317/737 676/318/747 664/305/736
f 654/306/718 666/319/738 665/320/737 653/307/727
f 655/308/728 667/321/739 666/319/738 654/306/718
f 656/309/729 668/322/740 667/321/739 655/308/728
f 657/310/730 669/323/741 668/322/740 656/309/729
f 658/311/731 670/324/742 669/323/741 657/310/730
f 659/312/732 671/325/743 670/324/742 658/311/731
f 660/313/723 672/326/723 671/325/743 659/312/732
f 661/314/733 673/327/744 672/326/723 660/313/723
f 662/315/734 674/328/745 673/327/744 661/314/733
f 663/316/735 675/329/746 674/328/745 662/315/734
f 664/305/736 676/318/747 675/329/746 663/316/735
f 665/317/737 677/330/748 688/331/758 676/318/747
f 666/319/738 678/332/738 677/333/748 665/320/737
f 667/321/739 679/334/749 678/332/738 666/319/738
f 668/322/740 680/335/750 679/334/749 667/321/739
f 669/323/741 681/336/751 680/335/750 668/322/740
f 670/324/742 682/337/752 681/336/751 669/323/741
f 671/325/743 683/338/753 682/337/752 670/324/742
f 672/326/723 684/339/754 683/338/753 671/325/743
f 673/327/744 685/340/755 684/339/754 672/326/723
f 674/328/745 686/341/756 685/340/755 673/327/744
f 675/329/746 687/342/757 686/341/756 674/328/745
f 676/318/747 688/331/758 687/342/757 675/329/746
f 689/174/759 701/175/771 712/176/782 700/177/770
f 690/178/760 702/179/772 701/180/771 689/181/759
f 691/182/761 703/183/773 702/179/772 690/178/760
f 692/184/762 704/185/774 703/183/773 691/182/761
f 693/186/763 705/187/775 704/185/774 692/184/762
f 694/188/764 706/189/776 705/187/775 693/186/763
f 695/190/765 707/191/777 706/189/776 694/188/764
f 696/192/766 708/193/778 707/191/777 695/190/765
f 697/194/767 709/195/779 708/193/778 696/192/766
f 698/196/768 710/197/780 709/195/779 697/194/767
f 699/198/769 711/199/781 710/197/780 698/196/768
f 700/177/770 712/176/782 711/199/781 699/198/769
f 701/175/771 713/200/783 724/201/794 712/176/782
f 702/179/772 714/202/784 713/203/783 701/180/771
f 703/183/773 715/204/785 714/202/784 702/179/772
f 704/185/774 716/205/786 715/204/785 703/183/773
f 705/187/775 717/206/787 716/205/786 704/185/774
f 706/189/776 718/207/788 717/206/787 705/187/775
f 707/191/777 719/208/789 718/207/788 706/189/776
f 708/193/778 720/209/790 719/208/789 707/191/777
f 709/195/779 721/210/791 720/209/790 708/193/778
f 710/197/780 722/211/792 721/210/791 709/195/779
f 711/199/781 723/212/793 722/211/792 710/197/780
f 712/176/782 724/201/794 723/212/793 711/199/781
f 713/200/783 725/213/795 736/214/806 724/201/794
f 714/202/784 726/215/796 725/216/795 713/203/783
f 715/204/785 727/217/797 726/215/796 714/202/784
f 716/205/786 728/218/798 727/217/797 715/204/785
f 717/206/787 729/219/799 728/218/798 716/205/786
f 718/207/788 730/220/800 729/219/799 717/206/787
f 719/208/789 731/221/801 730/220/800 718/207/788
f 720/209/790 732/222/802 731/221/801 719/208/789
f 721/210/791 733/223/803 732/222/802 720/209/790
f 722/211/792 734/224/804 733/223/803 721/210/791
f 723/212/793 735/225/805 734/224/804 722/211/792
f 724/201/794 736/214/806 735/225/805 723/212/793
f 725/213/795 737/226/807 748/227/818 736/214/806
f 726/215/796 738/228/808 737/229/807 725/216/795
f 727/217/797 739/230/809 738/228/808 726/215/796
f 728/218/798 740/231/810 739/230/809 727/217/797
f 729/219/799 741/232/811 740/231/810 728/218/798
f 730/220/800 742/233/812 741/232/811 729/219/799
f 731/221/801 743/234/813 742/233/812 730/220/800
f 732/222/802 744/235/814 743/234/813 731/221/801
f 733/223/803 745/236/815 744/235/814 732/222/802
f 734/224/804 746/237/816 745/236/815 733/223/803
f 735/225/805 747/238/817 746/237/816 734/224/804
f 736/214/806 748/227/818 747/238/817 735/225/805
f 737/226/807 749/239/819 760/240/830 748/227/818
f 738/228/808 750/241/820 749/242/819 737/229/807
f 739/230/809 751/243/821 750/241/820 738/228/808
f 740/231/810 752/244/822 751/243/821 739/230/809
f 741/232/811 753/245/823 752/244/822 740/231/810
f 742/233/812 754/246/824 753/245/823 741/232/811
f 743/234/813 755/247/825 754/246/824 742/233/812
f 744/235/814 756/248/826 755/247/825 743/234/813
f 745/236/815 757/249/827 756/248/826 744/235/814
f 746/237/816 758/250/828 757/249/827 745/236/815
f 747/238/817 759/251/829 758/250/828 746/237/816
f 748/227/818 760/240/830 759/251/829 747/238/817
f 749/239/819 761/252/831 772/253/842 760/240/830
f 750/241/820 762/254/832 761/255/831 749/242/819
f 751/243/821 763/256/833 762/254/832 750/241/820
f 752/244/822 764/257/834 763/256/833 751/243/821
f 753/245/823 765/258/835 764/257/834 752/244/822
f 754/246/824 766/259/836 765/258/835 753/245/823
f 755/247/825 767/260/837 766/259/836 754/246/824
f 756/248/826 768/261/838 767/260/837 755/247/825
f 757/249/827 769/262/839 768/261/838 756/248/826
f 758/250/828 770/263/840 769/262/839 757/249/827
f 759/251/829 771/264/841 770/263/840 758/250/828
f 760/240/830 772/253/842 771/264/841 759/251/829
f 761/252/831 773/265/843 784/266/854 772/253/842
f 762/254/832 774/267/844 773/268/843 761/255/831
f 763/256/833 775/269/845 774/267/844 762/254/832
f 764/257/834 776/270/846 775/269/845 763/256/833
f 765/258/835 777/271/847 776/270/846 764/257/834
f 766/259/836 778/272/848 777/271/847 765/258/835
f 767/260/837 779/273/849 778/272/848 766/259/836
f 768/261/838 780/274/850 779/273/849 767/260/837
f 769/262/839 781/275/851 780/274/850 768/261/838
f 770/263/840 782/276/852 781/275/851 769/262/839
f 771/264/841 783/277/853 782/276/852 770/263/840
f 772/253/842 784/266/854 783/277/853 771/264/841
f 773/265/843 785/278/843 796/279/854 784/266/854
f 774/267/844 786/280/855 785/281/843 773/268/843
f 775/269/845 787/282/845 786/280/855 774/267/844
f 776/270/846 788/283/846 787/282/845 775/269/845
f 777/271/847 789/284/847 788/283/846 776/270/846
f 778/272/848 790/285/856 789/284/847 777/271/847
f 779/273/849 791/286/849 790/285/856 778/272/848
f 780/274/850 792/287/857 791/286/849 779/273/849
f 781/275/851 793/288/858 792/287/857 780/274/850
f 782/276/852 794/289/852 793/288/858 781/275/851
f 783/277/853 795/290/853 794/289/852 782/276/852
f 784/266/854 796/279/854 795/290/853 783/277/853
f 785/278/843 797/291/859 808/292/870 796/279/854
f 786/280/855 798/293/860 797/294/859 785/281/843
f 787/282/845 799/295/861 798/293/860 786/280/855
f 788/283/846 800/296/862 799/295/861 787/282/845
f 789/284/847 801/297/863 800/296/862 788/283/846
f 790/285/856 802/298/864 801/297/863 789/284/847
f 791/286/849 803/299/865 802/298/864 790/285/856
f 792/287/857 804/300/866 803/299/865 791/286/849
f 793/288/858 805/301/867 804/300/866 792/287/857
f 794/289/852 806/302/868 805/301/867 793/288/858
f 795/290/853 807/303/869 806/302/868 794/289/852
f 796/279/854 808/292/870 807/303/869 795/290/853
f 797/291/859 809/304/871 820/305/882 808/292/870
f 798/293/860 810/306/872 809/307/871 797/294/859
f 799/295/861 811/308/873 810/306/872 798/293/860
f 800/296/862 812/309/874 811/308/873 799/295/861
f 801/297/863 813/310/875 812/309/874 800/296/862
f 802/298/864 814/311/876 813/310/875 801/297/863
f 803/299/865 815/312/877 814/311/876 802/298/864
f 804/300/866 816/313/878 815/312/877 803/299/865
f 805/301/867 817/314/879 816/313/878 804/300/866
f 806/302/868 818/315/880 817/314/879 805/301/867
f 807/303/869 819/316/881 818/315/880 806/302/868
f 808/292/870 820/305/882 819/316/881 807/303/869
f 809/304/871 821/317/883 832/318/894 820/305/882
f 810/306/872 822/319/884 821/320/883 809/307/871
f 811/308/873 823/321/885 822/319/884 810/306/872
f 812/309/874 824/322/886 823/321/885 811/308/873
f 813/310/875 825/323/887 824/322/886 812/309/874
f 814/311/876 826/324/888 825/323/887 813/310/875
f 815/312/877 827/325/889 826/324/888 814/311/876
f 816/313/878 828/326/890 827/325/889 815/312/877
f 817/314/879 829/327/891 828/326/890 816/313/878
f 818/315/880 830/328/892 829/327/891 817/314/879
f 819/316/881 831/329/893 830/328/892 818/315/880
f 820/305/882 832/318/894 831/329/893 819/316/881
f 821/317/883 833/330/895 844/331/906 832/318/894
f 822/319/884 834/332/896 833/333/895 821/320/883
f 823/321/885 835/334/897 834/332/896 822/319/884
f 824/322/886 836/335/898 835/334/897 823/321/885
f 825/323/887 837/336/899 836/335/898 824/322/886
f 826/324/888 838/337/900 837/336/899 825/323/887
f 827/325/889 839/338/901 838/337/900 826/324/888
f 828/326/890 840/339/902 839/338/901 827/325/889
f 829/327/891 841/340/903 840/339/902 828/326/890
f 830/328/892 842/341/904 841/340/903 829/327/891
f 831/329/893 843/342/905 842/341/904 830/328/892
f 832/318/894 844/331/906 843/342/905 831/329/893
f 845/174/907 857/175/919 868/176/930 856/177/918
f 846/178/908 858/179/920 857/180/919 845/181/907
f 847/182/909 859/183/921 858/179/920 846/178/908
f 848/184/910 860/185/922 859/183/921 847/182/909
f 849/186/911 861/187/923 860/185/922 848/184/910
f 850/188/912 862/189/924 861/187/923 849/186/911
f 851/190/913 863/191/925 862/189/924 850/188/912
f 852/192/914 864/193/926 863/191/925 851/190/913
f 853/194/915 865/195/927 864/193/926 852/192/914
f 854/196/916 866/197/928 865/195/927 853/194/915
f 855/198/917 867/199/929 866/197/928 854/196/916
f 856/177/918 868/176/930 867/199/929 855/198/917
f 857/175/919 869/200/931 880/201/942 868/176/930
f 858/179/920 870/202/932 869/203/931 857/180/919
f 859/183/921 871/204/933 870/202/932 858/179/920
f 860/185/922 872/205/934 871/204/933 859/183/921
f 861/187/923 873/206/935 872/205/934 860/185/922
f 862/189/924 874/207/936 873/206/935 861/187/923
f 863/191/925 875/208/937 874/207/936 862/189/924
f 864/193/926 876/209/938 875/208/937 863/191/925
f 865/195/927 877/210/939 876/209/938 864/193/926
f 866/197/928 878/211/940 877/210/939 865/195/927
f 867/199/929 879/212/941 878/211/940 866/197/928
f 868/176/930 880/201/942 879/212/941 867/199/929
f 869/200/931 881/213/943 892/214/954 880/201/942
f 870/202/932 882/215/944 881/216/943 869/203/931
f 871/204/933 883/217/945 882/215/944 870/202/932
f 872/205/934 884/218/946 883/217/945 871/204/933
f 873/206/935 885/219/947 884/218/946 872/205/934
f 874/207/936 886/220/948 885/219/947 873/206/935
f 875/208/937 887/221/949 886/220/948 874/207/936
f 876/209/938 888/222/950 887/221/949 875/208/937
f 877/210/939 889/223/951 888/222/950 876/209/938
f 878/211/940 890/224/952 889/223/951 877/210/939
f 879/212/941 891/225/953 890/224/952 878/211/940
f 880/201/942 892/214/954 891/225/953 879/212/941
f 881/213/943 893/226/955 904/227/966 892/214/954
f 882/215/944 894/228/956 893/229/955 881/216/943
f 883/217/945 895/230/957 894/228/956 882/215/944
f 884/218/946 896/231/958 895/230/957 883/217/945
f 885/219/947 897/232/959 896/231/958 884/218/946
f 886/220/948 898/233/960 897/232/959 885/219/947
f 887/221/949 899/234/961 898/233/960 886/220/948
f 888/222/950 900/235/962 899/234/961 887/221/949
f 889/223/951 901/236/963 900/235/962 888/222/950
f 890/224/952 902/237/964 901/236/963 889/223/951
f 891/225/953 903/238/965 902/237/964 890/224/952
f 892/214/954 904/227/966 903/238/965 891/225/953
f 893/226/955 905/239/967 916/240/978 904/227/966
f 894/228/956 906/241/968 905/242/967 893/229/955
f 895/230/957 907/243/969 906/241/968 894/228/956
f 896/231/958 908/244/970 907/243/969 895/230/957
f 897/232/959 909/245/971 908/244/970 896/231/958
f 898/233/960 910/246/972 909/245/971 897/232/959
f 899/234/961 911/247/973 910/246/972 898/233/960
f 900/235/962 912/248/974 911/247/973 899/234/961
f 901/236/963 913/249/975 912/248/974 900/235/962
f 902/237/964 914/250/976 913/249/975 901/236/963
f 903/238/965 915/251/977 914/250/976 902/237/964
f 904/227/966 916/240/978 915/251/977 903/238/965
f 905/239/967 917/252/979 928/253/990 916/240/978
f 906/241/968 918/254/980 917/255/979 905/242/967
f 907/243/969 919/256/981 918/254/980 906/241/968
f 908/244/970 920/257/982 919/256/981 907/243/969
f 909/245/971 921/258/983 920/257/982 908/244/970
f 910/246/972 922/259/984 921/258/983 909/245/971
f 911/247/973 923/260/985 922/259/984 910/246/972
f 912/248/974 924/261/986 923/260/985 911/247/973
f 913/249/975 925/262/987 924/261/986 912/248/974
f 914/250/976 926/263/988 925/262/987 913/249/975
f 915/251/977 927/264/989 926/263/988 914/250/976
f 916/240/978 928/253/990 927/264/989 915/251/977
f 917/252/979 929/265/991 940/266/1002 928/253/990
f 918/254/980 930/267/992 929/268/991 917/255/979
f 919/256/981 931/269/993 930/267/992 918/254/980
f 920/257/982 932/270/994 931/269/993 919/256/981
f 921/258/983 933/271/995 932/270/994 920/257/982
f 922/259/984 934/272/996 933/271/995 921/258/983
f 923/260/985 935/273/997 934/272/996 922/259/984
f 924/261/986 936/274/998 935/273/997 923/260/985
f 925/262/987 937/275/999 936/274/998 924/261/986
f 926/263/988 938/276/1000 937/275/999 925/262/987
f 927/264/989 939/277/1001 938/276/1000 926/263/988
f 928/253/990 940/266/1002 939/277/1001 927/264/989
f 929/265/991 941/278/1003 952/279/1002 940/266/1002
f 930/267/992 942/280/1004 941/281/1003 929/268/991
f 931/269/993 943/282/993 942/280/1004 930/267/992
f 932/270/994 944/283/994 943/282/993 931/269/993
f 933/271/995 945/284/995 944/283/994 932/270/994
f 934/272/996 946/285/996 945/284/995 933/271/995
f 935/273/997 947/286/1005 946/285/996 934/272/996
f 936/274/998 948/287/1006 947/286/1005 935/273/997
f 937/275/999 949/288/999 948/287/1006 936/274/998
f 938/276/1000 950/289/1007 949/288/999 937/275/999
f 939/277/1001 951/290/1001 950/289/1007 938/276/1000
f 940/266/1002 952/279/1002 951/290/1001 939/277/1001
f 941/278/1003 953/291/1008 964/292/1019 952/279/1002
f 942/280/1004 954/293/1009 953/294/1008 941/281/1003
f 943/282/993 955/295/1010 954/293/1009 942/280/1004
f 944/283/994 956/296/1011 955/295/1010 943/282/993
f 945/284/995 957/297/1012 956/296/1011 944/283/994
f 946/285/996 958/298/1013 957/297/1012 945/284/995
f 947/286/1005 959/299/1014 958/298/1013 946/285/996
f 948/287/1006 960/300/1015 959/299/1014 947/286/1005
f 949/288/999 961/301/1016 960/300/1015 948/287/1006
f 950/289/1007 962/302/1017 961/301/1016 949/288/999
f 951/290/1001 963/303/1018 962/302/1017 950/289/1007
f 952/279/1002 964/292/1019 963/303/1018 951/290/1001
f 953/291/1008 965/304/1020 976/305/1031 964/292/1019
f 954/293/1009 966/306/1021 965/307/1020 953/294/1008
f 955/295/1010 967/308/1022 966/306/1021 954/293/1009
f 956/296/1011 968/309/1023 967/308/1022 955/295/1010
f 957/297/1012 969/310/1024 968/309/1023 956/296/1011
f 958/298/1013 970/311/1025 969/310/1024 957/297/1012
f 959/299/1014 971/312/1026 970/311/1025 958/298/1013
f 960/300/1015 972/313/1027 971/312/1026 959/299/1014
f 961/301/1016 973/314/1028 972/313/1027 960/300/1015
f 962/302/1017 974/315/1029 973/314/1028 961/301/1016
f 963/303/1018 975/316/1030 974/315/1029 962/302/1017
f 964/292/1019 976/305/1031 975/316/1030 963/303/1018
f 965/304/1020 977/317/1032 988/318/1043 976/305/1031
f 966/306/1021 978/319/1033 977/320/1032 965/307/1020
f 967/308/1022 979/321/1034 978/319/1033 966/306/1021
f 968/309/1023 980/322/1035 979/321/1034 967/308/1022
f 969/310/1024 981/323/1036 980/322/1035 968/309/1023
f 970/311/1025 982/324/1037 981/323/1036 969/310/1024
f 971/312/1026 983/325/1038 982/324/1037 970/311/1025
f 972/313/1027 984/326/1039 983/325/1038 971/312/1026
f 973/314/1028 985/327/1040 984/326/1039 972/313/1027
f 974/315/1029 986/328/1041 985/327/1040 973/314/1028
f 975/316/1030 987/329/1042 986/328/1041 974/315/1029
f 976/305/1031 988/318/1043 987/329/1042 975/316/1030
f 977/317/1032 989/330/1044 1000/331/1055 988/318/1043
f 978/319/1033 990/332/1045 989/333/1044 977/320/1032
f 979/321/1034 991/334/1046 990/332/1045 978/319/1033
f 980/322/1035 992/335/1047 991/334/1046 979/321/1034
f 981/323/1036 993/336/1048 992/335/1047 980/322/1035
f 982/324/1037 994/337/1049 993/336/1048 981/323/1036
f 983/325/1038 995/338/1050 994/337/1049 982/324/1037
f 984/326/1039 996/339/1051 995/338/1050 983/325/1038
f 985/327/1040 997/340/1052 996/339/1051 984/326/1039
f 986/328/1041 998/341/1053 997/340/1052 985/327/1040
f 987/329/1042 999/342/1054 998/341/1053 986/328/1041
f 988/318/1043 1000/331/1055 999/342/1054 987/329/1042
