# Blender 5.2.2 LTS
# www.blender.org
mtllib claw.mtl
o VelociraptorClawOBJ
v -0.634544 0.187976 0.173698
v -0.618313 0.151179 0.137651
v -0.088280 -0.258056 0.094285
v -0.239369 -0.158495 0.086684
v -0.189088 -0.215156 0.117723
v -0.119041 -0.256940 0.106666
v -0.193178 -0.220373 0.124788
v -0.132483 -0.238304 0.106423
v -0.179886 -0.269568 0.130545
v -0.217171 -0.303689 0.166756
v -0.423817 -0.005123 0.116490
v -0.493979 0.027762 0.101015
v -0.401604 -0.033190 0.122718
v -0.372280 -0.134563 0.143229
v -0.255590 -0.181745 0.131005
v -0.280297 -0.193793 0.135560
v -0.303918 -0.146243 0.131584
v -0.377899 -0.068788 0.124911
v -0.426662 -0.055078 0.129084
v -0.355394 -0.105007 0.129846
v -0.334551 0.121808 0.009631
v -0.416398 0.318964 -0.034322
v -0.354273 0.309220 -0.086306
v -0.466628 0.328016 -0.016728
v -0.377115 0.071875 0.041674
v -0.475307 0.259928 -0.011023
v -0.402213 0.136549 0.015955
v -0.444637 0.309027 -0.024777
v -0.312760 0.252993 -0.086171
v -0.441613 0.245660 -0.019888
v -0.407642 0.301319 -0.047356
v -0.349163 0.289194 -0.094334
v -0.497255 0.185454 0.014513
v -0.319658 0.173735 -0.033865
v -0.353918 0.261553 -0.084191
v -0.427174 0.155499 0.020372
v -0.328229 0.207193 -0.064733
v -0.477657 0.150432 0.020423
v -0.388111 0.210801 -0.040261
v -0.351617 0.199111 -0.048102
v -0.387512 0.186354 -0.017907
v -0.511440 0.102234 0.056290
v -0.437428 0.078969 0.066908
v -0.297306 0.303116 -0.087815
v -0.482908 0.119755 0.038553
v -0.443987 0.205751 -0.005989
v -0.022661 -0.181313 0.047994
v -0.109587 -0.178820 0.059238
v -0.028153 -0.282293 0.084519
v 0.008886 -0.278662 0.072283
v 0.038905 -0.279139 0.057341
v 0.440016 -0.087792 -0.210745
v 0.401857 -0.150208 -0.174396
v 0.449880 -0.108739 -0.206159
v 0.076448 -0.247566 -0.000707
v 0.076611 -0.268471 0.009959
v 0.385306 -0.129364 -0.172867
v -0.007972 -0.228572 0.028981
v 0.027371 -0.218422 0.017012
v 0.045511 -0.276979 0.036011
v 0.082156 -0.287965 0.042668
v -0.041849 -0.260296 0.063743
v -0.036242 -0.213577 0.041596
v -0.024647 -0.267064 0.073942
v 0.136334 -0.286057 0.018459
v 0.429497 -0.170095 -0.166028
v 0.405917 -0.191412 -0.144642
v 0.360434 -0.217109 -0.121642
v 0.137975 -0.230236 -0.031589
v 0.233681 -0.212108 -0.078811
v 0.344599 -0.200275 -0.137117
v 0.255861 -0.266633 -0.048600
v 0.274794 -0.256839 -0.082699
v 0.182119 -0.195775 -0.040733
v 0.316939 -0.271298 -0.079827
v 0.374800 -0.225483 -0.123541
v 0.225061 -0.276410 -0.026721
v 0.265867 -0.308963 -0.040650
v 0.304581 -0.250619 -0.080684
v 0.341643 -0.254991 -0.099474
v 0.200607 -0.275883 -0.038674
v 0.472860 0.003609 -0.228293
v 0.454636 -0.039401 -0.223930
v 0.307511 -0.228233 -0.110573
v 0.485632 -0.013101 -0.243648
v 0.142348 -0.347341 0.036659
v 0.215927 -0.243366 -0.065815
v 0.175734 -0.318234 0.000038
v 0.092840 -0.313256 0.037367
v 0.247634 -0.295167 -0.039384
v 0.234530 -0.271300 -0.056255
v 0.202647 -0.339572 0.007974
v 0.066386 -0.329643 0.051723
v 0.132171 -0.282658 -0.000764
v 0.178598 -0.289026 -0.003310
v 0.039182 -0.196324 0.022188
v -0.284530 -0.108818 0.081681
v -0.338967 -0.068609 0.081973
v -0.176150 -0.136136 0.074353
v -0.216033 -0.148091 0.077194
v -0.152245 -0.222997 0.088115
v -0.342262 -0.018711 0.067840
v -0.282681 0.051275 0.055680
v -0.273941 -0.055982 0.074798
v -0.525741 0.220762 0.129181
v -0.577425 0.147106 0.103839
v -0.570894 0.123502 0.090511
v -0.602193 0.078596 0.142756
v -0.596026 0.109321 0.123129
v -0.536280 0.058097 0.098319
v -0.575349 0.049710 0.132875
v -0.649948 0.160636 0.175249
v -0.625685 0.111080 0.171399
v -0.635007 0.146831 0.147953
v -0.235678 -0.179707 0.100092
v -0.600300 0.036094 0.186574
v -0.581739 0.011206 0.173753
v -0.395186 -0.214687 0.232090
v -0.392844 -0.199368 0.189824
v -0.521643 -0.043480 0.151926
v -0.325749 -0.261861 0.201128
v -0.327658 -0.103884 0.099359
v -0.285349 -0.143238 0.098736
v -0.356729 -0.070082 0.091696
v -0.471014 -0.083646 0.152108
v -0.551235 -0.037099 0.177904
v -0.445382 -0.177212 0.221367
v -0.202787 -0.323734 0.185024
v -0.472551 0.350354 -0.001864
v -0.476015 0.294608 -0.005323
v -0.486033 0.229983 0.003614
v -0.411609 0.233499 -0.026222
v -0.393745 0.270151 -0.056456
v -0.557290 0.154785 0.084791
v -0.554427 0.141025 0.069493
v 0.427328 -0.067444 -0.196041
v 0.269800 -0.174830 -0.091888
v 0.322996 -0.167018 -0.130612
v 0.295236 -0.185117 -0.116977
v 0.237375 -0.185094 -0.070761
v -0.511365 0.202065 0.103966
v -0.641803 0.129942 0.181974
v -0.495133 0.266076 0.085010
v -0.625268 0.082183 0.213235
v -0.610904 0.045787 0.218484
v -0.611227 0.056464 0.185626
v -0.607641 0.013815 0.223955
v -0.414030 -0.208728 0.230338
v -0.573859 -0.033441 0.216921
v -0.513022 -0.113182 0.234145
v -0.338043 -0.250576 0.219301
v -0.259927 -0.303919 0.212835
v -0.484822 -0.147788 0.254125
v -0.488295 0.348311 0.025903
v -0.491231 0.314836 0.059409
v -0.481145 0.278868 0.031000
v -0.483866 0.309402 0.010167
v -0.486790 0.249368 0.017074
v 0.421271 -0.052944 -0.185509
v 0.460252 -0.014635 -0.208003
v 0.388403 -0.104758 -0.161625
v -0.602156 0.217754 0.179173
v -0.624811 0.213922 0.226899
v -0.493382 0.357771 0.082761
v -0.497345 0.330630 0.091714
v -0.611496 0.220699 0.198514
v -0.649289 0.197974 0.196271
v -0.501233 0.287506 0.115292
v -0.509319 0.263573 0.126691
v -0.530208 0.236432 0.150517
v -0.499408 0.210205 0.069319
v -0.511514 0.196734 0.037586
v -0.526344 0.179481 0.091684
v -0.538056 0.169110 0.049980
v -0.493059 0.368766 0.060056
v -0.486623 0.378957 0.067072
v -0.573778 0.216571 0.245536
v -0.600741 0.210170 0.258057
v -0.603533 0.216519 0.236177
v -0.575959 0.227429 0.194824
v -0.544304 0.212257 0.235683
v -0.580779 0.087954 0.293759
v -0.587615 0.110019 0.272809
v -0.415569 0.305434 0.187636
v -0.439578 0.257003 0.221164
v -0.455202 0.240375 0.240532
v -0.482628 0.217143 0.257548
v -0.352137 0.372148 0.106662
v -0.523494 0.236335 0.175905
v -0.563772 0.225610 0.169233
v -0.435004 0.333040 0.145177
v -0.341015 0.381634 0.080281
v -0.432001 0.287161 0.176761
v -0.379644 0.384446 0.102127
v -0.421667 0.386722 0.126482
v -0.423973 0.396506 0.101623
v -0.493139 0.268721 0.150152
v -0.562568 0.195744 0.268263
v -0.517692 0.203044 0.270525
v -0.491501 0.223312 0.219163
v -0.294706 0.387218 0.079634
v -0.285707 0.392169 0.022089
v -0.448295 0.379789 0.095898
v 0.357796 -0.120999 -0.098417
v 0.351099 -0.118015 -0.116218
v 0.306487 -0.158905 -0.053209
v 0.308495 -0.148247 -0.092142
v 0.260336 -0.167901 -0.030110
v 0.252815 -0.165997 -0.054112
v 0.205369 -0.174337 -0.025510
v 0.410428 -0.075298 -0.151360
v 0.375928 -0.102095 -0.127657
v 0.399468 -0.080983 -0.153694
v -0.567748 0.172864 0.269793
v -0.611401 0.198971 0.254136
v -0.542512 0.097273 0.305055
v -0.567331 0.116868 0.290669
v -0.442200 0.352065 0.134342
v -0.398599 0.351142 0.155856
v -0.518441 0.194242 0.282023
v -0.550735 0.139708 0.292134
v -0.520852 0.155791 0.293497
v 0.441888 -0.033499 -0.198055
v -0.447967 0.048328 0.312713
v -0.489888 0.033074 0.318139
v -0.530155 0.060581 0.313672
v -0.457246 0.125085 0.291201
v -0.498401 0.096428 0.309032
v -0.456682 0.089575 0.301063
v -0.422157 0.264796 0.219775
v -0.396725 0.272817 0.217786
v -0.402571 0.326720 0.179628
v -0.325396 0.134777 0.211857
v -0.305670 0.083394 0.220569
v -0.326639 0.064194 0.236815
v -0.348092 0.306248 0.161014
v -0.309852 0.368662 0.107120
v -0.299840 0.343691 0.123880
v -0.271733 0.315179 0.125549
v -0.362290 0.347197 0.149818
v -0.368995 0.320759 0.163301
v -0.355279 0.092920 0.234912
v -0.397152 0.387731 0.121639
v -0.324200 0.302623 0.144019
v -0.484050 0.167427 0.286245
v -0.439965 0.156718 0.274387
v -0.422083 0.229396 0.246235
v -0.483886 0.204165 0.270159
v 0.013577 -0.176994 0.143871
v 0.040454 -0.168560 0.102745
v 0.076187 -0.198013 0.122011
v -0.079090 -0.176521 0.209382
v 0.005870 -0.158569 0.113157
v -0.077459 -0.213580 0.209172
v -0.021950 -0.156883 0.150437
v -0.401614 0.003141 0.306057
v -0.424513 -0.024848 0.322618
v -0.373563 0.014647 0.291927
v -0.419266 0.028260 0.306013
v -0.363562 -0.009322 0.294681
v -0.316428 -0.093289 0.304843
v -0.380072 -0.092556 0.323271
v -0.330034 -0.133197 0.315174
v -0.384337 -0.129622 0.320379
v -0.197233 -0.209605 0.283819
v -0.295744 0.049205 0.232524
v -0.274450 -0.152597 0.301773
v -0.291452 -0.040038 0.256162
v -0.296723 -0.003873 0.251310
v -0.310104 -0.190078 0.309511
v -0.144354 -0.146010 0.229642
v -0.142663 -0.171116 0.228402
v -0.191956 -0.140075 0.242146
v -0.452169 0.001694 0.319854
v -0.464581 -0.037504 0.324290
v -0.245254 -0.050885 0.247702
v -0.257032 0.383268 0.077382
v -0.246614 0.364684 0.092010
v 0.232088 -0.223427 0.042038
v 0.456351 -0.041955 -0.188436
v 0.144404 -0.226460 0.097959
v 0.253787 -0.181921 -0.003516
v 0.199544 -0.208008 0.050811
v 0.213549 -0.182129 0.010676
v 0.180930 -0.189649 0.038624
v 0.122817 -0.191514 0.076957
v -0.418429 0.186103 0.260885
v -0.433755 0.135183 0.281800
v -0.356059 0.044346 0.247708
v -0.343840 0.221519 0.181036
v -0.235391 0.320736 0.106946
v -0.276810 0.346719 0.120428
v -0.244147 0.233674 0.103055
v -0.391274 0.239256 0.229685
v -0.353934 0.156567 0.213959
v -0.370693 0.273555 0.207254
v -0.302237 0.176304 0.175600
v -0.279719 0.165985 0.148761
v -0.248955 0.149233 0.104980
v -0.254822 0.098917 0.130544
v -0.286275 0.280273 0.135921
v -0.262188 0.247002 0.123492
v 0.025778 -0.316066 0.185543
v -0.026117 -0.290447 0.215612
v 0.041963 -0.255885 0.157894
v 0.074694 -0.356755 0.139977
v 0.010810 -0.247788 0.173977
v 0.028800 -0.286480 0.184587
v 0.083337 -0.267478 0.134925
v 0.004007 -0.206052 0.173068
v 0.106495 -0.249289 0.126987
v 0.167765 -0.259792 0.090705
v 0.120417 -0.272627 0.115238
v 0.099469 -0.313924 0.144118
v 0.190337 -0.301901 0.081791
v 0.158356 -0.320247 0.103800
v -0.091802 -0.247681 0.243393
v -0.016127 -0.237749 0.190164
v -0.250864 -0.122941 0.280251
v -0.381897 0.041151 0.274242
v -0.385017 -0.032541 0.314594
v -0.088826 -0.123647 0.166972
v -0.138156 -0.083536 0.156938
v -0.266695 0.006377 0.231926
v -0.196244 -0.161662 0.268355
v -0.150194 -0.254997 0.267478
v -0.270211 -0.064068 0.252865
v -0.240459 -0.099483 0.252692
v -0.097302 -0.141483 0.198144
v -0.112123 -0.222562 0.243121
v -0.227005 -0.014074 0.211739
v -0.104484 -0.275968 0.249339
v -0.139309 -0.093185 0.188423
v -0.210392 -0.053347 0.227062
v -0.193981 -0.045106 0.199197
v -0.250842 0.382230 0.057869
v -0.230231 0.346794 0.072949
v 0.194250 -0.279607 0.068159
v 0.444845 -0.124133 -0.136762
v 0.261202 -0.268430 0.021487
v 0.238966 -0.298939 0.046039
v 0.409410 -0.192101 -0.091032
v 0.294304 -0.237921 0.006608
v 0.353988 -0.232240 -0.053349
v 0.338624 -0.260384 -0.031122
v 0.321417 -0.250706 -0.023433
v 0.302415 -0.294675 -0.003516
v 0.237684 -0.324640 0.042637
v 0.462503 -0.118476 -0.159236
v 0.491967 0.000865 -0.236222
v 0.487558 -0.055035 -0.208637
v 0.215053 -0.262022 0.064316
v -0.247950 0.062968 0.106833
v -0.232743 0.292644 0.097326
v -0.229611 0.268328 0.098109
v 0.080203 -0.371640 0.113894
v -0.230845 0.317668 0.067682
v -0.221916 0.276642 0.080216
v -0.230266 0.249603 0.052984
v -0.227363 0.226510 0.034217
v -0.225836 0.226263 0.052566
v -0.234353 0.271730 0.037910
v -0.232900 0.201707 0.078501
v -0.234553 0.204324 0.047714
v -0.217083 0.192257 0.040722
v -0.228184 0.181948 0.071277
v -0.241382 0.122795 0.075854
v 0.423175 -0.196931 -0.123986
v 0.393766 -0.213477 -0.088572
v 0.456320 -0.148649 -0.162229
v 0.392259 -0.233528 -0.091618
v 0.370582 -0.247529 -0.063437
v 0.319781 -0.292764 -0.023523
v 0.348118 -0.275952 -0.057634
v 0.277521 -0.316857 0.006040
v 0.156049 -0.356530 0.084354
v 0.200210 -0.350288 0.047587
v 0.496734 -0.026074 -0.235397
v 0.476959 -0.101929 -0.199734
v -0.598597 0.177714 0.251828
v -0.612576 0.119394 0.252720
v -0.611448 0.082207 0.254495
v -0.597687 0.069709 0.278407
v -0.616837 0.158651 0.230462
v -0.624509 0.153614 0.212795
v -0.596900 0.023320 0.261806
v 0.060285 -0.365790 0.089459
v -0.284917 0.133611 0.006035
v -0.284934 0.266275 -0.078183
v -0.264143 0.249440 -0.053337
v -0.280337 0.226839 -0.069495
v -0.288018 0.196818 -0.049534
v -0.296547 0.163688 -0.021190
v -0.265462 0.215205 -0.042878
v -0.287376 0.153528 -0.015288
v -0.238893 0.139473 0.042387
v -0.223792 0.192818 0.014599
v -0.250584 0.198810 -0.003530
v -0.252626 0.153042 0.016551
v -0.250562 0.091058 0.058638
v 0.424744 -0.192021 -0.140320
v 0.449169 -0.147077 -0.179437
v 0.382361 -0.242778 -0.106255
v 0.318524 -0.291754 -0.063247
v 0.242104 -0.334708 0.003683
v 0.114638 -0.364592 0.069169
v 0.147246 -0.362220 0.067211
v 0.478806 -0.057215 -0.229652
v -0.271399 0.020155 0.071333
v -0.253484 0.055359 0.089810
v -0.224029 0.011363 0.165098
v -0.242828 0.052854 0.138467
v -0.204249 -0.022800 0.158254
v -0.228980 0.004150 0.124920
v -0.239115 -0.021230 0.091374
v -0.226547 -0.036136 0.100887
v -0.157373 -0.073081 0.176944
v -0.169548 -0.064964 0.142325
v -0.173572 -0.051613 0.160320
v -0.237706 0.340956 0.041599
v -0.267308 0.371732 -0.006875
v -0.236690 0.331889 -0.017420
v -0.257291 0.293926 -0.063323
v -0.230666 0.293588 0.033970
v -0.233501 0.328151 0.006767
v -0.225101 0.274620 0.011429
v -0.236295 0.237253 -0.000567
v -0.257010 0.360325 -0.023790
v -0.234120 0.269295 -0.015823
v -0.252012 0.273170 -0.051589
v -0.264562 0.338533 -0.057631
v -0.569718 0.173623 0.133416
v -0.632445 0.214142 0.185408
v -0.053746 -0.136126 0.125129
v -0.081259 -0.138036 0.086748
v -0.112560 -0.101696 0.148300
v -0.139473 -0.114766 0.086672
v -0.311657 0.342748 -0.076183
v -0.386813 0.345634 -0.023634
v -0.330607 0.354018 -0.063847
v -0.275191 0.394416 0.039149
v -0.395172 0.375869 0.035773
v -0.428997 0.393310 0.066960
v -0.405056 0.360949 0.004337
v -0.312459 0.373378 -0.038006
v -0.297901 0.363580 -0.051989
v -0.478263 0.384201 0.054473
v -0.287462 0.318026 -0.075235
v -0.007294 -0.194638 0.031189
v 0.152673 -0.185425 -0.007680
v 0.086076 -0.178802 0.059628
v 0.164833 -0.178840 0.011205
v 0.081979 -0.189036 0.019826
v 0.007947 -0.171824 0.052767
v -0.020969 -0.160128 0.073285
v -0.097677 -0.145682 0.073244
v -0.221232 -0.078504 0.083425
v -0.602129 0.044467 0.242396
v -0.651748 0.174565 0.196532
v -0.618930 0.075196 0.238505
v -0.639053 0.127146 0.197555
v -0.527764 -0.097956 0.256873
v -0.547434 -0.048526 0.288280
v -0.234301 -0.314693 0.236902
v -0.321045 -0.272384 0.244077
v -0.383258 -0.224667 0.271429
v -0.440898 -0.180128 0.275226
v -0.272371 -0.282977 0.263815
v -0.436780 -0.113142 0.316465
v -0.221570 -0.239206 0.286520
v -0.021679 -0.371585 0.142704
v -0.355856 -0.238568 0.276107
v 0.021976 -0.371959 0.138357
v 0.011172 -0.365715 0.161666
v -0.094083 -0.357093 0.164897
v -0.182457 -0.327290 0.234769
v -0.091273 -0.352378 0.195008
v -0.165558 -0.341438 0.205332
v -0.609888 0.226327 0.211027
v 0.042827 -0.233622 0.159524
v -0.508810 -0.102921 0.200236
v -0.494697 -0.117281 0.285852
v -0.077649 -0.315916 0.230121
v 0.099178 -0.222655 -0.010334
v -0.468882 0.309847 0.136518
v -0.469581 0.059798 0.082651
v -0.400072 0.007141 0.079873
v -0.145860 -0.116621 0.218460
v -0.305444 0.017333 0.059390
v -0.376962 0.138909 0.233208
v -0.314334 -0.228574 0.297565
v -0.283277 0.214543 0.140835
v -0.256492 0.061841 0.179760
v 0.352991 -0.214754 -0.039431
v -0.482258 -0.082493 0.311298
v -0.340994 -0.238258 0.184764
v 0.326019 -0.194194 -0.029344
v -0.160207 -0.286817 0.262343
v -0.251951 0.022627 0.207142
v -0.442992 -0.148203 0.301772
v -0.493470 -0.087388 0.170598
v -0.305865 0.245624 0.153916
v -0.039928 -0.164789 0.175195
v -0.025245 -0.321874 0.088184
v -0.195202 -0.067604 0.107812
v -0.516721 -0.005341 0.126891
v -0.324730 -0.025492 0.273660
v 0.403063 -0.122852 -0.108556
v -0.261876 0.129502 0.023269
v -0.357062 0.377535 0.026540
v -0.021988 -0.330063 0.203167
v -0.344770 -0.193063 0.154774
v 0.129563 -0.349912 0.110871
v -0.094239 -0.219495 0.061725
v -0.579431 0.033603 0.289541
v -0.527969 0.160351 0.037048
v -0.183867 -0.293034 0.141921
v -0.546776 0.009997 0.306933
v -0.382654 0.204580 0.234089
v -0.416203 -0.160594 0.170805
v -0.404392 0.064187 0.053667
v -0.277797 0.103480 0.181225
v -0.299083 0.080317 0.036603
v -0.284858 0.381159 -0.021548
v -0.378027 -0.189482 0.305242
v 0.346173 -0.128202 -0.116673
v -0.245616 -0.196938 0.296463
v -0.081349 -0.345142 0.128496
v -0.018671 -0.264764 0.052763
v -0.406072 0.085592 0.278417
v -0.337024 0.347506 0.135726
v -0.344567 -0.066871 0.307272
v -0.455466 0.247043 0.204513
v -0.561868 -0.050603 0.263473
v -0.429321 0.359413 0.001348
v 0.086572 -0.285520 0.145409
vn -0.3590 0.5315 -0.7672
vn -0.3330 0.5808 -0.7428
vn -0.3359 -0.5158 -0.7881
vn -0.2637 -0.1081 -0.9585
vn -0.2555 -0.8367 -0.4844
vn -0.4319 -0.5877 -0.6841
vn -0.1297 -0.1067 -0.9858
vn -0.3674 -0.2766 -0.8880
vn -0.3893 -0.6188 -0.6823
vn -0.3119 -0.2370 -0.9201
vn -0.3372 -0.1988 -0.9202
vn -0.3215 -0.2010 -0.9254
vn -0.1995 -0.1669 -0.9656
vn -0.3738 -0.4748 -0.7968
vn -0.0311 -0.4791 -0.8772
vn 0.0961 -0.2485 -0.9639
vn -0.0345 -0.2425 -0.9695
vn -0.3041 -0.4482 -0.8406
vn -0.3821 -0.5042 -0.7744
vn -0.1137 -0.1388 -0.9838
vn -0.1946 -0.1774 -0.9647
vn -0.3863 -0.4021 -0.8301
vn -0.1591 -0.2775 -0.9475
vn -0.2463 -0.2795 -0.9280
vn -0.2099 -0.3012 -0.9302
vn -0.2752 -0.3043 -0.9119
vn -0.2546 -0.3356 -0.9069
vn -0.2748 -0.3089 -0.9105
vn -0.2927 -0.4175 -0.8603
vn -0.2797 -0.4646 -0.8402
vn -0.1740 -0.4399 -0.8810
vn -0.3558 -0.4081 -0.8407
vn -0.1243 -0.1433 -0.9818
vn -0.3493 -0.3368 -0.8744
vn -0.4900 -0.5192 -0.7002
vn -0.3903 -0.5318 -0.7516
vn -0.3023 -0.3738 -0.8769
vn -0.3903 -0.5315 -0.7518
vn -0.3806 -0.7571 -0.5310
vn -0.3778 -0.5518 -0.7434
vn -0.3580 -0.5014 -0.7877
vn -0.3573 -0.3577 -0.8628
vn -0.4500 -0.4075 -0.7947
vn 0.0586 -0.5084 -0.8591
vn 0.0041 -0.5426 -0.8400
vn -0.0246 -0.3379 -0.9409
vn -0.4903 -0.4039 -0.7723
vn -0.4885 -0.3945 -0.7783
vn -0.3270 0.0217 -0.9448
vn 0.3436 -0.1637 -0.9247
vn -0.4629 -0.1671 -0.8705
vn -0.1750 -0.4217 -0.8897
vn -0.1128 -0.3251 -0.9389
vn -0.5325 -0.0903 -0.8416
vn -0.4945 -0.0903 -0.8645
vn -0.2542 -0.4409 -0.8608
vn -0.4163 0.3975 -0.8177
vn -0.1892 0.1555 -0.9695
vn -0.4471 -0.4028 -0.7987
vn -0.3016 -0.2675 -0.9151
vn -0.3719 -0.2967 -0.8796
vn -0.3560 -0.2884 -0.8889
vn -0.7583 -0.1531 -0.6336
vn -0.2443 -0.2927 -0.9245
vn -0.0714 -0.5484 -0.8332
vn 0.0508 -0.5146 -0.8560
vn 0.0445 -0.4524 -0.8907
vn 0.1218 -0.6576 -0.7434
vn -0.3585 -0.4287 -0.8293
vn -0.2452 -0.6906 -0.6804
vn 0.0955 -0.4483 -0.8888
vn -0.1242 -0.3859 -0.9141
vn -0.3551 -0.3453 -0.8687
vn -0.3514 -0.6364 -0.6866
vn -0.1392 -0.6121 -0.7784
vn -0.4712 -0.3811 -0.7954
vn -0.1175 -0.4919 -0.8627
vn -0.0361 -0.5973 -0.8012
vn -0.3107 -0.3772 -0.8724
vn -0.1900 -0.5130 -0.8371
vn -0.3745 -0.6065 -0.7014
vn -0.1178 -0.6052 -0.7873
vn -0.3288 -0.4816 -0.8124
vn -0.3978 -0.4700 -0.7879
vn -0.1069 -0.5178 -0.8488
vn 0.0157 0.3755 -0.9267
vn 0.3315 -0.1329 -0.9340
vn 0.1447 -0.0770 -0.9865
vn 0.0236 -0.5106 -0.8595
vn -0.3393 -0.5415 -0.7692
vn 0.0593 -0.5244 -0.8494
vn -0.3107 -0.2961 -0.9032
vn -0.3034 -0.1537 -0.9404
vn -0.1177 0.2406 -0.9635
vn -0.3071 -0.1731 -0.9358
vn -0.3374 0.0678 -0.9389
vn -0.5196 0.3713 -0.7695
vn -0.3764 0.0677 -0.9240
vn -0.3236 0.1565 -0.9332
vn -0.3641 -0.6000 -0.7123
vn -0.2998 -0.3366 -0.8927
vn -0.2263 -0.9596 -0.1672
vn -0.3703 0.0381 -0.9281
vn -0.3858 -0.1131 -0.9156
vn -0.3575 -0.0345 -0.9333
vn -0.3268 0.0240 -0.9448
vn -0.3838 -0.4221 -0.8213
vn -0.2094 -0.9121 -0.3525
vn -0.2535 -0.9514 -0.1748
vn -0.3046 -0.7363 -0.6042
vn -0.2977 -0.7438 -0.5984
vn 0.2071 -0.6448 -0.7357
vn -0.2859 -0.2969 -0.9111
vn -0.3737 -0.8046 -0.4614
vn -0.3535 -0.4251 -0.8333
vn -0.2942 -0.7697 -0.5666
vn -0.1839 -0.5873 -0.7882
vn -0.4603 -0.0564 -0.8860
vn -0.2211 -0.5215 -0.8241
vn -0.0393 -0.9854 -0.1657
vn -0.4085 0.0222 -0.9125
vn -0.4096 0.0181 -0.9121
vn -0.2262 -0.9595 -0.1680
vn -0.2670 -0.9471 -0.1782
vn -0.3278 -0.4869 -0.8096
vn -0.2163 -0.9411 -0.2598
vn -0.5304 -0.3505 -0.7719
vn -0.0745 -0.5886 -0.8050
vn 0.0640 -0.6421 -0.7640
vn -0.3847 -0.4248 -0.8195
vn -0.2927 -0.2959 -0.9093
vn -0.4659 0.0848 -0.8807
vn -0.5022 -0.0730 -0.8616
vn -0.5966 0.3199 -0.7360
vn -0.3931 -0.2436 -0.8867
vn -0.3384 -0.4290 -0.8375
vn 0.2121 -0.9642 -0.1592
vn -0.3973 -0.0793 -0.9142
vn -0.4308 -0.2514 -0.8667
vn -0.4660 0.3856 -0.7964
vn -0.4995 0.3094 -0.8091
vn -0.1872 -0.6273 -0.7560
vn -0.3781 -0.2345 -0.8956
vn -0.1227 -0.6306 -0.7663
vn -0.4907 -0.1509 -0.8581
vn -0.3577 -0.3951 -0.8461
vn -0.4519 -0.3048 -0.8384
vn -0.4370 0.6707 -0.5993
vn -0.4125 0.3002 -0.8601
vn -0.4405 -0.4050 -0.8012
vn -0.3476 -0.3808 -0.8568
vn 0.1169 -0.9525 -0.2812
vn -0.4361 -0.0602 -0.8979
vn -0.5050 -0.2354 -0.8304
vn -0.4413 -0.2988 -0.8462
vn -0.6390 0.1953 -0.7440
vn 0.0537 -0.9867 -0.1535
vn -0.3223 -0.3539 -0.8780
vn -0.0807 -0.7146 -0.6948
vn 0.1862 -0.7951 -0.5772
vn 0.2044 -0.7930 -0.5739
vn -0.4831 0.0097 -0.8755
vn 0.2841 -0.3296 -0.9004
vn 0.0386 -0.8959 -0.4425
vn -0.2925 -0.7187 -0.6307
vn -0.3426 -0.5003 -0.7952
vn -0.1149 -0.5167 -0.8484
vn -0.4083 -0.2600 -0.8751
vn -0.3440 -0.5009 -0.7942
vn -0.2717 -0.6173 -0.7383
vn -0.3748 -0.5285 -0.7617
vn -0.2132 -0.3037 -0.9286
vn -0.4997 -0.0166 -0.8661
vn -0.2617 -0.3615 -0.8949
vn 0.2433 -0.9658 -0.0891
vn -0.3790 -0.2261 -0.8973
vn -0.3330 -0.1529 -0.9305
vn -0.4165 -0.1257 -0.9004
vn -0.2705 -0.6162 -0.7396
vn -0.1459 -0.8942 -0.4232
vn -0.1422 -0.9795 -0.1424
vn -0.3900 -0.4748 -0.7890
vn -0.2932 -0.5928 -0.7501
vn -0.3265 -0.6557 -0.6808
vn -0.3725 -0.4241 -0.8254
vn -0.2965 -0.5992 -0.7437
vn -0.3768 -0.1865 -0.9073
vn -0.4174 -0.1364 -0.8984
vn -0.2430 -0.6806 -0.6912
vn -0.3113 0.3712 -0.8748
vn 0.0275 -0.1345 -0.9905
vn 0.3345 -0.0540 -0.9408
vn 0.4740 -0.0558 -0.8788
vn -0.2113 -0.2793 -0.9367
vn -0.0163 -0.2124 -0.9771
vn -0.0896 0.0626 -0.9940
vn 0.0373 -0.2640 -0.9638
vn -0.3763 -0.5039 -0.7775
vn -0.2862 -0.3659 -0.8855
vn -0.2372 -0.3084 -0.9212
vn 0.3037 0.3754 -0.8757
vn -0.0946 -0.1099 -0.9894
vn -0.0691 -0.0065 -0.9976
vn -0.2660 -0.2521 -0.9304
vn -0.3399 -0.4771 -0.8104
vn -0.3743 -0.7730 -0.5123
vn -0.2567 -0.3467 -0.9022
vn 0.3370 -0.3227 -0.8845
vn -0.4448 -0.2711 -0.8536
vn -0.3260 -0.1798 -0.9281
vn 0.3798 -0.3484 -0.8569
vn -0.2941 -0.8728 -0.3895
vn -0.1443 -0.9755 0.1662
vn -0.5230 0.6310 -0.5730
vn -0.5968 0.5004 -0.6273
vn -0.3827 0.6242 -0.6811
vn -0.6239 0.5305 -0.5739
vn -0.5995 0.2613 -0.7565
vn -0.8197 0.0923 -0.5653
vn -0.7999 -0.4477 -0.3997
vn -0.8438 -0.1582 -0.5127
vn -0.5277 0.0137 -0.8493
vn -0.7431 -0.1712 -0.6470
vn -0.6271 -0.4109 -0.6618
vn -0.5961 -0.3438 -0.7256
vn -0.5956 -0.2984 -0.7458
vn -0.7154 0.3324 -0.6145
vn -0.7003 0.3596 -0.6167
vn -0.7212 0.3732 -0.5835
vn -0.5512 0.4470 -0.7045
vn -0.7518 -0.4873 -0.4442
vn -0.8210 -0.4049 -0.4025
vn -0.7617 -0.5148 -0.3934
vn -0.5530 -0.5853 -0.5930
vn -0.4587 -0.5176 -0.7223
vn -0.2543 -0.9047 -0.3420
vn -0.5249 -0.6712 -0.5235
vn -0.6330 -0.6132 -0.4727
vn -0.5701 -0.5686 -0.5930
vn -0.7798 -0.6078 -0.1502
vn -0.4462 -0.6864 -0.5743
vn -0.4567 -0.8144 -0.3580
vn -0.5764 -0.5480 -0.6062
vn -0.6988 -0.4629 -0.5453
vn -0.5987 -0.7692 -0.2232
vn -0.8253 -0.4227 -0.3743
vn -0.6024 -0.3823 -0.7007
vn -0.6403 -0.4574 -0.6171
vn -0.5217 -0.4789 -0.7061
vn -0.4579 -0.5802 -0.6736
vn -0.5945 -0.6061 -0.5283
vn -0.4229 -0.5915 -0.6865
vn -0.6865 -0.6679 -0.2874
vn -0.5629 -0.6321 -0.5326
vn -0.3749 -0.9199 -0.1148
vn -0.4436 -0.7564 -0.4807
vn -0.3357 -0.8539 -0.3978
vn -0.8668 0.0958 -0.4893
vn -0.9302 0.0410 -0.3648
vn -0.9323 0.1809 -0.3130
vn -0.8612 0.0701 -0.5035
vn -0.8315 0.0748 -0.5504
vn -0.7198 0.3345 -0.6083
vn -0.7811 0.0217 -0.6240
vn -0.6956 0.4645 -0.5480
vn -0.6423 0.3009 -0.7049
vn -0.5592 -0.3665 -0.7437
vn -0.5599 -0.3840 -0.7342
vn -0.5791 -0.3999 -0.7104
vn -0.1213 -0.9789 0.1646
vn -0.0801 -0.9156 0.3941
vn -0.3225 -0.9223 -0.2129
vn -0.3874 -0.5398 -0.7474
vn -0.4691 -0.8012 -0.3715
vn -0.4108 -0.8672 -0.2816
vn -0.7307 -0.4839 -0.4816
vn -0.5287 -0.6814 -0.5061
vn -0.7319 -0.5149 -0.4464
vn -0.6524 -0.6496 -0.3905
vn -0.5896 -0.8054 -0.0612
vn -0.3766 -0.5409 -0.7521
vn -0.6235 -0.6638 -0.4132
vn -0.4262 -0.5687 -0.7035
vn -0.5116 -0.7799 -0.3605
vn -0.6402 -0.4796 -0.6001
vn -0.6702 -0.4545 -0.5868
vn -0.5779 -0.5839 -0.5703
vn -0.4903 -0.3942 -0.7773
vn -0.4496 -0.8617 -0.2351
vn -0.4668 0.5809 -0.6668
vn -0.5936 0.2664 -0.7594
vn -0.6723 0.1212 -0.7303
vn -0.5869 -0.0254 -0.8093
vn -0.5883 -0.1875 -0.7866
vn -0.6653 -0.2547 -0.7018
vn -0.5889 -0.2643 -0.7637
vn -0.7395 -0.4640 -0.4876
vn -0.7709 0.1308 -0.6234
vn -0.7317 0.0356 -0.6807
vn -0.6370 0.1493 -0.7563
vn -0.7840 0.3369 -0.5214
vn -0.6651 0.3780 -0.6440
vn -0.6302 0.5668 -0.5306
vn -0.6388 0.5745 -0.5118
vn -0.4208 0.6060 -0.6751
vn -0.5857 0.3040 -0.7513
vn -0.7256 0.5711 -0.3838
vn -0.9835 0.1017 -0.1497
vn -0.9678 -0.2403 0.0754
vn -0.9016 -0.3600 -0.2397
vn -0.9339 -0.2985 -0.1969
vn -0.7557 -0.6547 0.0159
vn -0.9184 -0.3789 -0.1141
vn -0.8691 -0.4729 -0.1451
vn -0.8913 -0.3092 -0.3315
vn -0.7967 -0.4627 -0.3888
vn -0.8779 -0.3242 -0.3524
vn -0.8138 -0.5811 -0.0046
vn -0.9514 -0.1437 -0.2725
vn -0.7794 -0.5012 -0.3761
vn -0.8118 -0.5838 -0.0061
vn -0.7816 -0.6166 -0.0939
vn -0.6501 -0.7333 -0.1994
vn -0.7379 -0.6698 -0.0833
vn -0.7336 -0.6198 -0.2787
vn -0.7220 -0.5887 -0.3635
vn -0.5131 -0.8450 -0.1508
vn -0.5392 -0.8407 -0.0498
vn -0.5544 -0.7721 -0.3105
vn -0.6925 -0.6886 -0.2152
vn -0.7579 -0.6500 -0.0561
vn -0.6749 -0.7188 -0.1668
vn -0.9000 0.3285 -0.2866
vn -0.9361 0.1694 -0.3084
vn -0.8478 0.0589 -0.5270
vn -0.9884 -0.0552 -0.1417
vn -0.8688 0.0974 -0.4855
vn -0.9834 -0.0103 -0.1811
vn -0.9826 -0.0184 -0.1849
vn -0.9626 -0.0615 -0.2639
vn -0.9665 0.1353 -0.2183
vn -0.9766 -0.1736 -0.1269
vn -0.9690 0.0743 0.2354
vn -0.8949 -0.0078 -0.4462
vn -0.8762 0.2513 -0.4112
vn -0.9924 -0.0322 -0.1191
vn -0.8876 0.2474 -0.3886
vn -0.7427 0.4731 -0.4738
vn -0.7395 0.4786 -0.4735
vn -0.9026 0.3582 -0.2388
vn -0.8407 0.0410 -0.5400
vn -0.7919 0.4901 -0.3643
vn -0.6459 0.7434 0.1736
vn -0.6299 0.7263 0.2751
vn -0.7728 0.4662 0.4307
vn -0.8611 0.3067 -0.4055
vn -0.7574 0.5230 -0.3910
vn -0.8842 0.4253 0.1933
vn -0.8066 0.4894 -0.3315
vn -0.5497 0.6806 -0.4843
vn -0.9840 0.1655 0.0661
vn -0.9848 -0.0313 -0.1711
vn -0.5066 0.7524 -0.4210
vn -0.6391 0.6479 -0.4144
vn -0.9731 0.2195 -0.0705
vn -0.9446 0.1537 -0.2899
vn -0.7912 0.5970 -0.1328
vn -0.8751 0.4643 0.1367
vn -0.7371 0.6747 0.0392
vn -0.7246 0.6890 -0.0161
vn -0.6208 0.7837 -0.0205
vn -0.7409 0.6430 -0.1940
vn -0.3359 0.9395 0.0668
vn -0.6449 0.7543 0.1227
vn -0.8153 0.2339 0.5298
vn -0.8816 0.1567 0.4452
vn -0.5053 0.7619 -0.4053
vn -0.0924 0.9531 0.2883
vn -0.2429 0.9229 0.2988
vn 0.2060 0.9586 0.1964
vn -0.0683 0.9749 0.2117
vn -0.0874 0.9342 0.3459
vn -0.1697 0.9749 0.1441
vn 0.9713 0.1436 -0.1894
vn -0.2208 0.6268 0.7473
vn -0.7890 0.5624 0.2473
vn -0.6306 0.7623 0.1457
vn -0.5822 0.7987 0.1521
vn -0.7146 0.6293 0.3055
vn -0.4623 0.8525 0.2439
vn -0.3325 0.8066 0.4887
vn -0.0261 0.9304 0.3657
vn -0.2260 0.9581 -0.1757
vn -0.2424 0.9527 -0.1832
vn -0.2048 0.9481 -0.2433
vn -0.6976 0.5241 0.4886
vn -0.5855 0.7343 0.3434
vn -0.4433 0.6922 0.5695
vn -0.5292 0.6075 0.5923
vn -0.7881 0.5693 0.2342
vn -0.6186 0.4250 0.6608
vn -0.6817 0.4457 0.5803
vn -0.6230 0.4155 0.6627
vn -0.7322 0.3074 0.6078
vn -0.6794 0.3982 0.6163
vn -0.4566 0.6711 0.5841
vn -0.4679 0.5143 0.7187
vn 0.0334 0.9311 0.3633
vn 0.2611 0.9626 0.0722
vn -0.3494 0.7616 0.5458
vn -0.6888 0.5592 0.4613
vn -0.2681 0.9605 0.0746
vn -0.0153 0.6975 0.7164
vn -0.2938 0.9308 0.2175
vn -0.0962 0.9417 0.3225
vn -0.1673 0.9140 0.3695
vn -0.5674 0.8234 0.0063
vn -0.2416 0.9309 0.2739
vn -0.2108 0.9442 0.2531
vn -0.2845 0.8666 0.4099
vn 0.0726 0.9284 0.3644
vn 0.3071 0.8470 0.4340
vn 0.1150 0.9670 0.2273
vn -0.1202 0.9920 -0.0398
vn -0.0950 0.8486 0.5205
vn -0.1974 0.9789 0.0533
vn -0.2710 0.9617 0.0404
vn -0.8390 0.3887 0.3808
vn -0.4133 0.8599 0.2996
vn -0.5516 0.3014 -0.7777
vn -0.4515 0.8662 0.2138
vn -0.0573 0.9637 0.2608
vn -0.2108 0.9671 0.1428
vn -0.5186 0.7510 -0.4088
vn -0.1063 0.9880 0.1117
vn -0.4868 0.8728 -0.0344
vn 0.0641 0.9785 0.1962
vn -0.0663 0.8893 0.4525
vn 0.0682 0.9784 0.1952
vn -0.4865 0.8397 0.2412
vn 0.1690 0.9468 0.2741
vn -0.4868 0.8397 0.2407
vn -0.8068 0.4871 -0.3345
vn -0.6892 0.6574 -0.3047
vn -0.4326 0.3405 0.8348
vn -0.4717 0.2893 0.8329
vn -0.6780 0.1150 0.7260
vn -0.3638 0.2061 0.9084
vn -0.3297 0.2506 0.9102
vn -0.6799 0.3831 0.6253
vn -0.3075 0.1182 0.9442
vn -0.1382 0.6280 0.7658
vn -0.3596 0.5128 0.7795
vn 0.1139 0.7065 0.6985
vn -0.3946 0.4192 0.8177
vn -0.4327 0.3170 0.8440
vn -0.4925 0.6469 0.5823
vn -0.4124 0.3280 0.8499
vn -0.5051 0.4667 0.7260
vn -0.0197 0.7945 0.6069
vn -0.1548 0.6961 0.7010
vn -0.1583 0.7890 0.5937
vn -0.2163 0.1138 0.9697
vn -0.1803 0.2544 0.9502
vn -0.2741 0.4367 0.8568
vn -0.3464 0.2881 0.8928
vn -0.2912 0.1293 0.9479
vn 0.0383 0.1004 0.9942
vn -0.1791 0.5896 0.7876
vn -0.0055 0.7469 0.6649
vn -0.5257 0.7786 0.3427
vn -0.4888 0.7929 0.3639
vn 0.0272 0.1046 0.9941
vn -0.0841 0.2009 0.9760
vn 0.0447 0.2235 0.9737
vn 0.4073 0.3269 0.8528
vn 0.4184 0.3139 0.8523
vn 0.2034 0.3706 0.9063
vn 0.2226 0.2642 0.9384
vn -0.0833 0.2227 0.9713
vn 0.4118 0.2499 0.8763
vn 0.2271 0.3089 0.9236
vn -0.0302 0.3297 0.9436
vn 0.3406 0.3629 0.8674
vn 0.3643 0.3260 0.8724
vn -0.1997 0.5864 0.7850
vn 0.2319 0.5827 0.7789
vn 0.2933 0.5734 0.7650
vn 0.3136 0.4336 0.8448
vn 0.5840 0.0509 0.8102
vn 0.2448 0.6807 0.6904
vn 0.1168 0.7300 0.6734
vn 0.2373 0.7395 0.6300
vn 0.2965 0.6113 0.7337
vn 0.0572 0.7760 0.6282
vn 0.0480 0.5699 0.8203
vn 0.1229 0.1783 0.9763
vn 0.2515 0.3018 0.9196
vn 0.1159 0.6760 0.7278
vn 0.1927 0.4066 0.8931
vn 0.3426 0.3565 0.8692
vn 0.4353 0.5906 0.6795
vn 0.4323 0.6061 0.6677
vn 0.1922 0.6662 0.7206
vn 0.4476 0.3769 0.8109
vn 0.4220 0.7879 0.4485
vn 0.3340 0.7146 0.6147
vn 0.3757 0.9083 0.1841
vn 0.2941 0.1576 0.9427
vn 0.1385 0.3279 0.9345
vn 0.2353 0.3002 0.9244
vn 0.1958 0.3926 0.8986
vn 0.3250 0.3781 0.8668
vn 0.3158 0.3050 0.8985
vn 0.1001 0.2787 0.9551
vn 0.2293 0.2551 0.9393
vn 0.0973 0.2862 0.9532
vn 0.0625 0.6019 0.7961
vn 0.1727 0.2784 0.9448
vn 0.3504 0.2478 0.9032
vn 0.2632 0.4763 0.8390
vn 0.3510 0.2472 0.9031
vn 0.1623 0.5825 0.7965
vn 0.3517 0.2504 0.9020
vn 0.2765 0.1514 0.9490
vn 0.2808 0.1497 0.9480
vn 0.3064 0.1609 0.9382
vn 0.2260 0.1576 0.9613
vn 0.0320 0.0306 0.9990
vn 0.2744 0.2059 0.9393
vn -0.0360 -0.0736 0.9966
vn -0.1190 -0.1453 0.9822
vn 0.4925 0.2194 0.8422
vn 0.3564 0.2240 0.9071
vn 0.3116 0.2859 0.9062
vn 0.2274 -0.0986 0.9688
vn 0.0908 -0.0671 0.9936
vn 0.2288 -0.0167 0.9733
vn 0.1996 0.0124 0.9798
vn 0.1840 -0.1247 0.9750
vn 0.0893 -0.0877 0.9921
vn -0.0629 -0.2509 0.9660
vn 0.3029 0.1175 0.9457
vn 0.0752 0.1443 0.9867
vn 0.0066 0.1104 0.9939
vn -0.2327 -0.1843 0.9549
vn 0.0783 -0.3033 0.9497
vn 0.0455 -0.5011 0.8642
vn -0.0040 -0.4568 0.8895
vn -0.1622 -0.0777 0.9837
vn 0.1164 0.7602 0.6392
vn 0.3002 0.7724 0.5598
vn 0.3976 0.2997 0.8673
vn 0.2583 0.3180 0.9122
vn 0.3108 0.3929 0.8655
vn 0.2912 0.2936 0.9105
vn 0.1851 0.2476 0.9510
vn 0.4467 0.2912 0.8460
vn 0.2252 0.1906 0.9555
vn 0.3167 0.4520 0.8339
vn 0.2065 0.3231 0.9236
vn 0.4875 0.1855 0.8532
vn 0.2464 0.3421 0.9068
vn 0.1870 0.0306 0.9819
vn 0.2503 -0.0309 0.9677
vn 0.4921 0.3726 0.7867
vn 0.2643 0.0981 0.9594
vn 0.1426 0.1150 0.9831
vn 0.3114 0.1274 0.9417
vn 0.4345 0.5632 0.7029
vn 0.3649 0.8360 0.4099
vn 0.4197 0.7953 0.4374
vn 0.4791 0.6503 0.5896
vn 0.3742 0.7810 0.5000
vn 0.5099 0.7881 0.3448
vn 0.4754 0.6773 0.5615
vn 0.4924 0.6910 0.5292
vn 0.4669 0.8746 0.1307
vn 0.2872 0.0072 0.9578
vn 0.0688 0.8754 0.4785
vn 0.3579 0.5990 0.7163
vn 0.3514 0.6501 0.6737
vn 0.2010 0.6226 0.7563
vn 0.1939 0.6322 0.7502
vn 0.3857 0.5540 0.7378
vn 0.4488 0.5437 0.7092
vn 0.3368 0.7334 0.5905
vn 0.2003 0.7901 0.5793
vn 0.1928 0.6398 0.7440
vn 0.3679 0.6353 0.6790
vn 0.3541 0.7393 0.5728
vn 0.1294 0.6522 0.7469
vn 0.1759 0.9337 0.3120
vn 0.0671 0.9410 0.3316
vn 0.2912 0.9532 0.0818
vn 0.1050 0.3506 0.9306
vn 0.4763 0.2076 0.8544
vn 0.3250 0.1174 0.9384
vn 0.6657 0.2979 0.6842
vn 0.5788 0.2417 0.7788
vn 0.3658 0.3797 0.8497
vn 0.3524 0.3790 0.8557
vn 0.4971 0.3903 0.7750
vn 0.4652 -0.0970 0.8799
vn 0.9881 0.1243 -0.0911
vn 0.6756 -0.1814 0.7147
vn 0.5857 0.0399 0.8095
vn 0.5040 0.2310 0.8322
vn 0.6943 0.2057 0.6896
vn 0.8346 0.1660 0.5253
vn 0.6210 0.0433 0.7826
vn 0.7875 0.1000 0.6081
vn 0.7607 0.1955 0.6190
vn 0.5131 0.2325 0.8262
vn 0.6616 0.3650 0.6550
vn 0.6404 0.2705 0.7188
vn 0.6307 0.4123 0.6574
vn 0.6312 0.4129 0.6566
vn 0.8074 0.3978 0.4357
vn 0.4197 0.2109 0.8828
vn 0.4922 0.2628 0.8299
vn 0.4103 0.2262 0.8835
vn 0.6493 0.2535 0.7170
vn 0.7142 0.2427 0.6565
vn 0.7854 0.1554 0.5992
vn 0.6538 0.2569 0.7118
vn 0.7841 0.3049 0.5406
vn 0.7150 -0.0944 0.6927
vn 0.7003 -0.0236 0.7134
vn 0.8349 0.1477 0.5302
vn 0.8357 0.1682 0.5228
vn 0.5876 0.2139 0.7804
vn 0.8944 0.2275 0.3850
vn 0.8409 0.4182 0.3436
vn 0.5493 0.0872 0.8311
vn 0.5861 0.0869 0.8055
vn 0.3498 0.2684 0.8976
vn 0.4295 0.2868 0.8563
vn 0.5571 0.0146 0.8303
vn 0.5673 0.1056 0.8167
vn 0.4798 0.5886 0.6507
vn 0.4639 0.2424 0.8521
vn 0.4934 0.3645 0.7898
vn 0.2767 -0.0808 0.9576
vn 0.4930 -0.0223 0.8698
vn 0.4670 -0.3487 0.8126
vn 0.4726 -0.3515 0.8082
vn 0.5235 0.4963 0.6925
vn 0.5462 0.2112 0.8106
vn 0.4904 -0.0220 0.8712
vn 0.4187 -0.4062 0.8122
vn 0.4352 0.3382 0.8344
vn 0.4997 0.4371 0.7478
vn 0.4419 -0.1789 0.8791
vn 0.4998 0.4374 0.7476
vn 0.5169 0.3423 0.7846
vn 0.5241 0.1864 0.8310
vn 0.4996 -0.2691 0.8234
vn 0.4763 0.0967 0.8739
vn 0.4850 0.1809 0.8556
vn 0.5232 0.3758 0.7649
vn 0.4858 -0.1442 0.8621
vn 0.4581 0.5066 0.7304
vn 0.5642 0.2614 0.7831
vn 0.5952 0.2353 0.7683
vn 0.4875 0.4860 0.7253
vn 0.5145 -0.3087 0.8000
vn 0.4832 0.6692 0.5645
vn 0.3738 0.2450 0.8946
vn 0.4891 0.4833 0.7261
vn 0.4042 0.0126 0.9146
vn 0.5174 0.5157 0.6829
vn 0.3967 -0.2372 0.8868
vn 0.3975 0.0146 0.9175
vn 0.3559 -0.2001 0.9129
vn 0.3722 -0.2427 0.8959
vn 0.5410 0.1064 0.8343
vn 0.5771 0.4544 0.6786
vn 0.4461 0.6406 0.6250
vn 0.4933 0.3681 0.7881
vn 0.5887 0.4833 0.6480
vn 0.4373 -0.0825 0.8955
vn 0.4398 -0.1756 0.8808
vn 0.5257 0.5395 0.6577
vn 0.6333 0.5027 0.5884
vn 0.5244 0.3699 0.7669
vn 0.5543 0.3483 0.7559
vn 0.4291 0.3259 0.8424
vn 0.5504 0.3183 0.7719
vn 0.5565 0.3913 0.7329
vn 0.4704 0.4094 0.7817
vn 0.5916 0.4917 0.6390
vn 0.6151 0.7473 0.2515
vn 0.4842 0.4465 0.7524
vn 0.4425 0.2689 0.8555
vn 0.6322 0.4197 0.6513
vn 0.5201 0.1876 0.8332
vn 0.5497 0.5763 0.6047
vn 0.2346 -0.1048 0.9664
vn 0.5892 0.4918 0.6411
vn 0.4485 0.2660 0.8533
vn 0.5677 0.5197 0.6384
vn 0.5313 0.5091 0.6772
vn 0.4564 0.4779 0.7505
vn 0.2843 -0.0282 0.9583
vn 0.5031 0.3297 0.7989
vn 0.5426 0.6026 0.5851
vn 0.1551 0.1361 0.9785
vn 0.4282 0.1647 0.8886
vn 0.4446 0.1423 0.8844
vn 0.5724 0.4100 0.7101
vn 0.4704 0.4863 0.7364
vn 0.2639 -0.2341 0.9357
vn 0.8395 0.4527 0.3004
vn 0.6186 0.4967 0.6088
vn 0.8687 0.4928 0.0506
vn 0.6748 0.4980 0.5447
vn 0.5812 0.4776 0.6589
vn 0.7067 0.6013 0.3730
vn 0.6153 0.5508 0.5640
vn 0.6153 0.5800 0.5339
vn 0.6689 0.7157 0.2007
vn 0.3079 0.7873 0.5342
vn 0.6834 0.6580 0.3161
vn 0.5500 0.5961 0.5850
vn 0.6475 0.7216 0.2449
vn 0.4427 0.3386 0.8303
vn 0.5982 0.5678 0.5655
vn 0.7713 0.5998 0.2128
vn 0.8472 0.3517 0.3981
vn 0.5239 0.2686 0.8083
vn 0.6089 0.0936 0.7877
vn 0.5404 0.2975 0.7870
vn 0.4448 -0.3456 0.8263
vn 0.6984 -0.4209 0.5788
vn 0.6205 0.1887 0.7612
vn 0.5191 0.2858 0.8055
vn 0.5490 -0.5037 0.6669
vn 0.5189 0.2735 0.8099
vn 0.5355 0.3701 0.7591
vn 0.5235 0.2815 0.8042
vn 0.5221 0.2417 0.8179
vn 0.6193 -0.3229 0.7156
vn 0.4445 0.5254 0.7255
vn 0.5237 0.1861 0.8313
vn 0.5295 0.3065 0.7910
vn 0.6577 -0.2635 0.7057
vn 0.7327 -0.3978 0.5522
vn 0.6248 -0.3336 0.7059
vn 0.4836 0.1791 0.8568
vn 0.5564 0.4196 0.7172
vn 0.6167 0.1608 0.7706
vn 0.5923 -0.1347 0.7944
vn 0.6037 -0.1041 0.7904
vn 0.6156 -0.1335 0.7767
vn 0.6051 0.3134 0.7318
vn 0.4402 0.4805 0.7586
vn 0.8629 0.1673 0.4769
vn 0.6086 0.3596 0.7073
vn 0.7451 0.2010 0.6360
vn 0.5210 0.4009 0.7536
vn 0.4788 0.2707 0.8351
vn 0.2061 -0.2188 0.9538
vn 0.2678 -0.2656 0.9261
vn 0.1001 -0.5972 0.7958
vn 0.1774 -0.6720 0.7190
vn 0.1315 -0.7127 0.6891
vn 0.1079 -0.7102 0.6956
vn 0.9271 0.2836 0.2451
vn 0.9700 0.0103 0.2429
vn 0.9686 0.0219 0.2476
vn 0.9679 0.2382 -0.0806
vn 0.9841 0.0330 0.1746
vn 0.9089 -0.3486 0.2289
vn 0.9066 -0.4037 0.1229
vn 0.8876 -0.0401 0.4588
vn 0.8476 0.0084 0.5305
vn 0.9043 -0.1715 0.3908
vn 0.9988 -0.0283 0.0401
vn 0.9077 0.2902 0.3031
vn 0.8879 0.1286 0.4416
vn 0.9014 0.1639 0.4007
vn 0.9490 0.1059 0.2968
vn 0.9730 -0.0841 -0.2149
vn 0.7943 -0.2350 -0.5603
vn 0.9870 0.1558 -0.0389
vn 0.6291 0.0338 0.7766
vn 0.9785 0.0489 0.2004
vn 0.9791 0.1873 -0.0789
vn 0.9323 -0.3522 -0.0823
vn 0.9323 -0.3527 -0.0800
vn 0.6227 0.6445 0.4437
vn 0.9695 0.2429 -0.0314
vn 0.9417 -0.1886 0.2785
vn 0.9159 -0.3823 -0.1224
vn 0.5296 0.3090 0.7900
vn 0.9678 -0.1911 -0.1638
vn 0.9666 -0.2508 -0.0531
vn 0.3370 -0.5641 0.7538
vn 0.3934 -0.7194 0.5725
vn 0.3568 -0.7769 0.5187
vn 0.7016 -0.4498 0.5527
vn 0.7855 0.0069 0.6189
vn 0.8710 -0.2220 0.4384
vn 0.7938 -0.1492 0.5895
vn 0.8713 -0.2776 0.4046
vn 0.7628 -0.5129 0.3938
vn 0.8179 -0.1460 0.5566
vn 0.6132 0.1543 0.7747
vn 0.7632 -0.5267 0.3744
vn 0.7371 -0.2852 0.6126
vn 0.7359 -0.2839 0.6147
vn 0.6684 -0.5215 0.5304
vn 0.7733 -0.5450 0.3241
vn 0.5281 -0.6711 0.5203
vn 0.4187 -0.8666 0.2715
vn 0.5681 -0.7788 0.2658
vn 0.6465 -0.4649 0.6049
vn 0.9439 -0.2180 0.2479
vn 0.5566 -0.3619 0.7478
vn 0.5410 -0.5111 0.6679
vn 0.9484 -0.1627 0.2721
vn 0.2222 -0.8259 0.5182
vn 0.2488 -0.9006 0.3565
vn -0.5163 -0.1942 0.8341
vn -0.1506 -0.1959 0.9690
vn -0.8274 0.2063 0.5223
vn -0.5843 0.1523 0.7971
vn -0.6226 0.0184 0.7823
vn -0.3675 -0.0031 0.9300
vn -0.5910 -0.1231 0.7972
vn -0.4380 0.0552 0.8973
vn -0.7915 0.2737 0.5465
vn -0.7656 0.2722 0.5829
vn -0.7866 -0.2198 0.5770
vn -0.5022 -0.3865 0.7736
vn -0.8337 0.0936 0.5443
vn -0.7315 -0.2692 0.6264
vn -0.6974 -0.5499 0.4596
vn -0.5844 -0.1392 0.7994
vn -0.1988 0.0141 0.9799
vn -0.5859 -0.2401 0.7740
vn -0.4420 -0.2679 0.8561
vn -0.2907 -0.1583 0.9436
vn -0.0695 -0.9815 -0.1783
vn -0.0227 -0.9895 -0.1426
vn 0.2596 -0.9485 0.1815
vn 0.7176 -0.6004 -0.3530
vn 0.7126 -0.6878 -0.1383
vn 0.1531 -0.6357 -0.7566
vn 0.4782 -0.7099 -0.5170
vn 0.7755 -0.6213 -0.1123
vn 0.1201 -0.7662 -0.6313
vn 0.4762 -0.8785 -0.0374
vn 0.4750 -0.8792 -0.0374
vn 0.4523 -0.8902 -0.0549
vn 0.0889 -0.8813 -0.4641
vn 0.6895 -0.7242 -0.0086
vn 0.4919 -0.8405 -0.2271
vn 0.1072 -0.7312 -0.6736
vn 0.0910 -0.9627 -0.2548
vn 0.7323 -0.6777 -0.0669
vn 0.0852 -0.6855 -0.7231
vn 0.2766 -0.9455 0.1717
vn 0.0658 -0.9922 -0.1057
vn 0.1115 -0.5696 -0.8143
vn 0.9730 -0.1970 0.1204
vn 0.3201 -0.5359 -0.7812
vn 0.1228 -0.9599 -0.2521
vn -0.0861 -0.9011 -0.4250
vn 0.0560 -0.8761 -0.4788
vn -0.0506 -0.9798 -0.1933
vn 0.6708 -0.6596 -0.3390
vn 0.5952 -0.4637 -0.6563
vn 0.3209 -0.5456 -0.7742
vn 0.0183 -0.9636 0.2666
vn -0.0178 -0.9460 0.3237
vn 0.6821 -0.5119 -0.5223
vn 0.6027 -0.4369 -0.6677
vn 0.4445 -0.5317 -0.7210
vn 0.2534 -0.4270 -0.8680
vn 0.6462 -0.2605 -0.7173
vn 0.6185 -0.2616 -0.7410
vn 0.7454 -0.0594 -0.6640
vn 0.8166 -0.1972 -0.5425
vn 0.6332 -0.5997 -0.4893
vn 0.6396 -0.5881 -0.4950
vn 0.7859 -0.3650 -0.4991
vn 0.8514 -0.1830 -0.4916
vn 0.4367 -0.1235 -0.8911
vn 0.1212 -0.7184 -0.6850
vn 0.1174 -0.6629 -0.7395
vn 0.6113 -0.5407 -0.5779
vn 0.1556 -0.5742 -0.8038
vn 0.1115 -0.6583 -0.7445
vn 0.5345 -0.1344 -0.8344
vn 0.4610 -0.3737 -0.8049
vn 0.8950 -0.3773 -0.2380
vn 0.6361 -0.4904 -0.5957
vn 0.6798 -0.4355 -0.5901
vn 0.6836 -0.3750 -0.6262
vn 0.8522 -0.2829 -0.4401
vn 0.6342 -0.3342 -0.6972
vn 0.6068 -0.4294 -0.6689
vn 0.3736 -0.6560 -0.6558
vn 0.2569 -0.9573 -0.1323
vn 0.8505 0.4966 0.1734
vn 0.9341 0.3133 -0.1713
vn 0.6588 0.7176 0.2257
vn 0.8311 0.5205 -0.1958
vn 0.9553 0.2890 -0.0623
vn 0.9097 0.1780 -0.3753
vn 0.9042 0.1616 -0.3954
vn 0.8626 0.2424 -0.4440
vn 0.8091 0.4192 -0.4119
vn 0.6903 0.5980 -0.4073
vn 0.8473 0.4993 -0.1809
vn 0.6771 0.6960 0.2390
vn 0.9482 -0.2494 -0.1968
vn 0.7619 -0.0487 -0.6459
vn 0.6134 0.0991 -0.7835
vn 0.8142 0.5512 0.1824
vn 0.9716 0.0222 -0.2358
vn 0.9802 0.1637 -0.1117
vn 0.8738 0.3961 -0.2821
vn 0.9883 0.1357 0.0694
vn 0.7317 0.6815 -0.0141
vn 0.8990 0.4349 -0.0513
vn 0.9770 0.1759 -0.1204
vn 0.5127 -0.0519 -0.8570
vn 0.9810 0.1631 0.1049
vn 0.9366 -0.1850 -0.2976
vn 0.8191 0.5689 -0.0733
vn 0.8202 0.2020 -0.5352
vn 0.9037 0.0262 -0.4273
vn 0.9915 0.0375 -0.1249
vn 0.9356 0.1178 -0.3327
vn 0.9420 -0.1943 -0.2738
vn 0.8480 -0.2737 -0.4539
vn 0.8928 -0.0271 -0.4496
vn 0.8762 0.3880 -0.2858
vn 0.9420 0.2377 -0.2368
vn 0.9609 0.2081 -0.1825
vn 0.7683 0.4463 -0.4588
vn 0.6626 0.0945 -0.7430
vn -0.3133 0.5628 -0.7649
vn -0.3877 0.7343 -0.5573
vn -0.1608 0.9612 -0.2240
vn -0.2306 0.4128 -0.8811
vn 0.2618 0.9569 -0.1261
vn 0.0003 0.8884 -0.4590
vn 0.0188 0.7524 -0.6585
vn -0.2203 0.5277 -0.8204
vn 0.4354 0.3951 -0.8089
vn -0.1379 0.8428 -0.5203
vn 0.0050 0.2833 -0.9590
vn -0.0608 0.8583 -0.5096
vn -0.3681 0.8679 -0.3336
vn -0.4697 0.7237 -0.5056
vn 0.0033 0.8780 -0.4786
vn -0.2573 0.5916 -0.7641
vn -0.1553 0.6250 -0.7650
vn 0.5472 0.2985 -0.7820
vn -0.0517 0.5437 -0.8377
vn 0.3979 0.9142 0.0776
vn 0.5902 0.7596 -0.2733
vn 0.3901 0.8507 -0.3525
vn 0.5823 0.7909 -0.1882
vn -0.2089 0.9560 -0.2059
vn 0.3043 0.9331 -0.1918
vn -0.0003 0.9918 -0.1281
vn -0.0578 0.9966 -0.0587
vn -0.1343 0.9109 -0.3901
vn 0.0542 0.8954 -0.4420
vn -0.1250 0.9614 -0.2450
vn 0.4559 0.6721 -0.5835
vn 0.5795 0.7942 -0.1828
vn 0.4382 0.7081 -0.5537
vn 0.0713 0.8502 -0.5216
vn -0.4147 0.8437 -0.3409
vn -0.0225 0.8076 -0.5893
vn 0.2193 0.4829 -0.8478
vn 0.4871 0.1882 -0.8528
vn 0.5182 0.4800 -0.7079
vn -0.0479 0.8875 -0.4583
vn 0.3844 0.8896 0.2466
vn 0.3000 0.9238 -0.2380
vn 0.2836 0.9259 -0.2494
vn 0.4995 0.8659 0.0273
vn 0.5467 0.8284 -0.1216
vn 0.5184 0.7325 -0.4413
vn 0.5575 0.7979 0.2294
vn 0.3695 0.8630 -0.3444
vn 0.3546 0.8862 -0.2983
vn 0.5068 0.7714 -0.3849
vn 0.6534 0.6705 -0.3513
vn 0.5792 0.6583 -0.4808
vn 0.5442 0.3772 -0.7494
vn 0.7827 0.3186 -0.5347
vn 0.3281 0.6811 -0.6546
vn -0.1047 0.4188 -0.9020
vn -0.1179 0.7228 -0.6809
vn -0.4154 0.7650 -0.4922
vn -0.4170 0.7816 -0.4638
vn -0.2567 0.9520 -0.1667
vn -0.3455 0.7628 -0.5466
vn 0.1641 0.9846 -0.0603
vn 0.2206 0.9575 -0.1859
vn -0.1426 0.9620 -0.2327
vn -0.1433 0.9596 -0.2423
vn 0.1084 0.9600 -0.2580
vn 0.1146 0.9239 -0.3652
vn -0.3307 0.5308 -0.7803
vn -0.1478 0.6175 -0.7726
vn -0.1561 0.6869 -0.7098
vn -0.1067 0.7199 -0.6858
vn -0.1699 0.3099 -0.9355
vn -0.1385 0.7637 -0.6305
vn 0.1461 0.7741 -0.6160
vn 0.1423 0.7541 -0.6412
vn 0.2438 0.2076 -0.9474
vn 0.1591 0.2738 -0.9485
vn 0.2661 0.6635 -0.6992
vn 0.0414 0.4447 -0.8947
vn 0.0330 0.3790 -0.9248
vn -0.2547 0.5416 -0.8012
vn -0.8898 -0.1671 0.4247
vn -0.9708 -0.2398 0.0002
vn -0.8948 -0.3206 0.3107
vn -0.9592 -0.2541 0.1237
vn -0.9020 -0.0092 0.4316
vn -0.9567 -0.2320 0.1758
vn -0.9045 -0.0071 0.4263
vn -0.6439 -0.5428 0.5392
vn -0.9280 -0.3465 0.1370
vn -0.8985 0.3219 0.2984
vn -0.9626 0.0103 0.2706
vn -0.9388 -0.0372 0.3425
vn -0.8523 -0.3962 0.3414
vn -0.7360 -0.3355 0.5880
vn -0.7070 -0.5577 0.4349
vn -0.6818 -0.6427 0.3494
vn -0.6934 -0.5622 0.4506
vn -0.5313 -0.5620 0.6340
vn -0.6590 -0.5933 0.4623
vn -0.2849 -0.9462 -0.1537
vn -0.5992 -0.7877 0.1432
vn -0.6248 -0.7718 0.1178
vn -0.1521 -0.2573 0.9543
vn -0.3560 -0.8092 0.4674
vn -0.4337 -0.8991 0.0592
vn -0.4708 -0.8118 0.3454
vn -0.0626 -0.2895 0.9551
vn -0.2603 -0.3336 0.9061
vn -0.4162 -0.5973 0.6856
vn -0.4162 -0.5971 0.6857
vn -0.3703 -0.8180 0.4402
vn -0.2610 -0.5772 0.7738
vn -0.4192 -0.5959 0.6849
vn -0.8064 -0.3218 0.4962
vn -0.4829 -0.3979 0.7800
vn -0.3161 -0.3185 0.8937
vn -0.4796 -0.3999 0.7811
vn -0.1527 -0.7396 0.6555
vn -0.2288 -0.6345 0.7383
vn -0.0083 -0.5599 0.8285
vn -0.3708 -0.9285 -0.0208
vn -0.2110 -0.9228 0.3224
vt 0.220419 0.433937
vt 0.220573 0.432435
vt 0.223633 0.433703
vt 0.221881 0.436829
vt 0.117865 0.531645
vt 0.128447 0.525721
vt 0.134866 0.526298
vt 0.119164 0.538155
vt 0.123134 0.547177
vt 0.105167 0.547764
vt 0.130544 0.542608
vt 0.148788 0.517472
vt 0.151709 0.514060
vt 0.159696 0.509439
vt 0.164946 0.511149
vt 0.147178 0.525977
vt 0.137026 0.521807
vt 0.143333 0.519180
vt 0.205146 0.475156
vt 0.198040 0.486194
vt 0.203129 0.469385
vt 0.187630 0.471593
vt 0.192317 0.456801
vt 0.197858 0.463210
vt 0.188393 0.481354
vt 0.183759 0.478252
vt 0.169230 0.484499
vt 0.171688 0.485774
vt 0.169642 0.490173
vt 0.167885 0.502125
vt 0.180302 0.497967
vt 0.161573 0.499589
vt 0.160637 0.494413
vt 0.179957 0.485819
vt 0.175905 0.492890
vt 0.176659 0.509466
vt 0.191562 0.499759
vt 0.204927 0.456790
vt 0.153983 0.504359
vt 0.200020 0.488488
vt 0.172733 0.521464
vt 0.156695 0.532438
vt 0.148837 0.531756
vt 0.147864 0.538471
vt 0.169285 0.431938
vt 0.179310 0.438695
vt 0.174853 0.442432
vt 0.156881 0.446340
vt 0.163635 0.446002
vt 0.159291 0.456636
vt 0.173118 0.456291
vt 0.162610 0.469522
vt 0.185043 0.454554
vt 0.177999 0.457201
vt 0.179376 0.463894
vt 0.177738 0.407157
vt 0.172427 0.405640
vt 0.181714 0.404294
vt 0.148232 0.418994
vt 0.151258 0.418570
vt 0.149029 0.424129
vt 0.183306 0.411896
vt 0.156954 0.410959
vt 0.159165 0.416014
vt 0.171365 0.409137
vt 0.179246 0.419200
vt 0.184157 0.416545
vt 0.173798 0.424299
vt 0.181259 0.427467
vt 0.187068 0.424051
vt 0.171519 0.414688
vt 0.189386 0.436399
vt 0.189622 0.430232
vt 0.154982 0.441980
vt 0.156387 0.439073
vt 0.191607 0.444046
vt 0.156355 0.434062
vt 0.196618 0.436179
vt 0.155731 0.427133
vt 0.162230 0.429322
vt 0.166406 0.426250
vt 0.198539 0.447430
vt 0.148573 0.410598
vt 0.156808 0.406783
vt 0.147482 0.414519
vt 0.113745 0.513429
vt 0.128759 0.510130
vt 0.115191 0.516397
vt 0.127047 0.516985
vt 0.102762 0.519142
vt 0.108500 0.515116
vt 0.109920 0.520292
vt 0.093758 0.538338
vt 0.110547 0.531269
vt 0.095837 0.533714
vt 0.104266 0.531526
vt 0.012286 0.497356
vt 0.022298 0.509359
vt 0.012039 0.501153
vt 0.101528 0.530715
vt 0.112413 0.526989
vt 0.088411 0.520301
vt 0.092953 0.524541
vt 0.094284 0.528752
vt 0.083854 0.532509
vt 0.029394 0.522214
vt 0.025679 0.517320
vt 0.032378 0.523807
vt 0.138927 0.517440
vt 0.118582 0.526621
vt 0.116211 0.528687
vt 0.019129 0.512058
vt 0.076070 0.534879
vt 0.084841 0.533901
vt 0.076820 0.539806
vt 0.034746 0.522148
vt 0.036543 0.518627
vt 0.080110 0.522425
vt 0.046103 0.515156
vt 0.059941 0.518985
vt 0.063902 0.525130
vt 0.050679 0.516007
vt 0.044714 0.523226
vt 0.052584 0.528540
vt 0.058735 0.531139
vt 0.047855 0.527851
vt 0.040924 0.513738
vt 0.072348 0.517591
vt 0.064893 0.516258
vt 0.044739 0.533964
vt 0.040265 0.529382
vt 0.048129 0.533457
vt 0.024834 0.505206
vt 0.049214 0.536566
vt 0.058113 0.539054
vt 0.061312 0.536389
vt 0.081597 0.517440
vt 0.065937 0.533079
vt 0.069250 0.531810
vt 0.001858 0.483700
vt 0.004184 0.483319
vt 0.008039 0.489402
vt 0.061891 0.531211
vt 0.004274 0.491742
vt 0.001835 0.487758
vt 0.085772 0.545662
vt 0.089775 0.547381
vt 0.088749 0.547071
vt 0.099717 0.541245
vt 0.095669 0.547921
vt 0.073324 0.544352
vt 0.101469 0.516357
vt 0.157034 0.483319
vt 0.169142 0.475229
vt 0.157377 0.474312
vt 0.156499 0.479268
vt 0.141402 0.500767
vt 0.149097 0.502806
vt 0.150063 0.491515
vt 0.159005 0.467078
vt 0.131189 0.544542
vt 0.129321 0.545356
vt 0.404628 0.419526
vt 0.408699 0.419057
vt 0.412475 0.419685
vt 0.411073 0.425533
vt 0.400222 0.422473
vt 0.404359 0.425396
vt 0.409696 0.430188
vt 0.419800 0.428556
vt 0.407113 0.434539
vt 0.401695 0.432024
vt 0.419220 0.443753
vt 0.422018 0.445850
vt 0.423403 0.453674
vt 0.416767 0.437597
vt 0.422291 0.439279
vt 0.423924 0.429077
vt 0.405584 0.448139
vt 0.413459 0.450613
vt 0.427389 0.419496
vt 0.429090 0.419654
vt 0.426941 0.422249
vt 0.429506 0.422875
vt 0.427627 0.426947
vt 0.420900 0.458254
vt 0.425517 0.460226
vt 0.417694 0.468800
vt 0.421164 0.472696
vt 0.409477 0.480599
vt 0.415135 0.483783
vt 0.401831 0.498440
vt 0.392293 0.513939
vt 0.393908 0.507580
vt 0.399047 0.506718
vt 0.404389 0.509202
vt 0.405337 0.507036
vt 0.408567 0.500432
vt 0.393800 0.516783
vt 0.391016 0.520044
vt 0.383520 0.522130
vt 0.374985 0.530135
vt 0.386257 0.527755
vt 0.373447 0.534719
vt 0.409982 0.459054
vt 0.410588 0.470744
vt 0.408199 0.476371
vt 0.412746 0.492627
vt 0.379271 0.533326
vt 0.371912 0.536718
vt 0.357071 0.541455
vt 0.355099 0.541594
vt 0.375847 0.399335
vt 0.378067 0.393972
vt 0.379450 0.400359
vt 0.377976 0.410379
vt 0.378265 0.404522
vt 0.380365 0.408509
vt 0.380051 0.414033
vt 0.382900 0.416706
vt 0.387230 0.420538
vt 0.384980 0.422435
vt 0.392993 0.428546
vt 0.395925 0.426440
vt 0.404059 0.429559
vt 0.392642 0.424420
vt 0.399068 0.439904
vt 0.359979 0.540366
vt 0.372419 0.536548
vt 0.353243 0.516630
vt 0.360793 0.508670
vt 0.364975 0.505951
vt 0.360583 0.513854
vt 0.352194 0.519701
vt 0.382990 0.464201
vt 0.388068 0.469301
vt 0.379332 0.480645
vt 0.383390 0.488069
vt 0.375841 0.499087
vt 0.377727 0.488120
vt 0.385741 0.481545
vt 0.371352 0.497258
vt 0.368549 0.499163
vt 0.369363 0.507273
vt 0.384654 0.455461
vt 0.386935 0.460736
vt 0.380822 0.467424
vt 0.347502 0.522721
vt 0.355139 0.402881
vt 0.355578 0.400716
vt 0.361035 0.401578
vt 0.362179 0.405428
vt 0.359650 0.410914
vt 0.352739 0.405645
vt 0.354028 0.411687
vt 0.353477 0.408179
vt 0.362253 0.422582
vt 0.365617 0.421329
vt 0.365102 0.425561
vt 0.237842 0.497994
vt 0.242251 0.498872
vt 0.244906 0.501826
vt 0.240884 0.503554
vt 0.252202 0.511838
vt 0.253689 0.508491
vt 0.264887 0.517657
vt 0.263449 0.513681
vt 0.270748 0.519196
vt 0.272366 0.516380
vt 0.275550 0.518339
vt 0.282365 0.519253
vt 0.280486 0.521359
vt 0.554223 0.417632
vt 0.555528 0.420974
vt 0.552925 0.422906
vt 0.553800 0.428979
vt 0.557365 0.433747
vt 0.559665 0.439805
vt 0.551637 0.434430
vt 0.553156 0.445176
vt 0.559816 0.448159
vt 0.554298 0.449379
vt 0.549679 0.425348
vt 0.547871 0.432958
vt 0.547006 0.439953
vt 0.560949 0.454056
vt 0.563106 0.464597
vt 0.558838 0.465251
vt 0.556190 0.459092
vt 0.562547 0.476829
vt 0.558862 0.482979
vt 0.548213 0.516011
vt 0.553773 0.515216
vt 0.552083 0.518529
vt 0.546011 0.517869
vt 0.555043 0.480536
vt 0.554533 0.474422
vt 0.548607 0.522207
vt 0.543581 0.528324
vt 0.553254 0.507344
vt 0.547968 0.511244
vt 0.561257 0.490758
vt 0.554446 0.498439
vt 0.562254 0.484509
vt 0.554803 0.505770
vt 0.526286 0.412126
vt 0.531910 0.411581
vt 0.534747 0.415925
vt 0.528060 0.406052
vt 0.530072 0.420174
vt 0.520321 0.402087
vt 0.512153 0.404089
vt 0.514807 0.396701
vt 0.511141 0.398026
vt 0.524658 0.400021
vt 0.516776 0.408697
vt 0.523976 0.417577
vt 0.513339 0.413812
vt 0.509761 0.407848
vt 0.515945 0.421347
vt 0.511522 0.415886
vt 0.518874 0.394009
vt 0.525065 0.428028
vt 0.524633 0.428526
vt 0.523362 0.427851
vt 0.445416 0.504057
vt 0.443781 0.504020
vt 0.443562 0.502349
vt 0.448328 0.506388
vt 0.444369 0.505364
vt 0.441451 0.499867
vt 0.448061 0.507867
vt 0.453314 0.510463
vt 0.456352 0.513858
vt 0.606496 0.458502
vt 0.607322 0.451094
vt 0.607673 0.454777
vt 0.604859 0.451578
vt 0.603588 0.445852
vt 0.603827 0.458929
vt 0.592220 0.428057
vt 0.593873 0.425872
vt 0.598164 0.425035
vt 0.597955 0.428670
vt 0.599622 0.426722
vt 0.601832 0.431713
vt 0.602010 0.437099
vt 0.598317 0.432546
vt 0.593135 0.465854
vt 0.594842 0.469681
vt 0.589307 0.470110
vt 0.591976 0.472077
vt 0.591870 0.457974
vt 0.586007 0.449334
vt 0.589100 0.447099
vt 0.594794 0.455599
vt 0.596476 0.461758
vt 0.585460 0.459316
vt 0.584999 0.465827
vt 0.610637 0.467136
vt 0.613122 0.468813
vt 0.613619 0.469826
vt 0.607159 0.467845
vt 0.607144 0.471303
vt 0.614733 0.472235
vt 0.610069 0.483707
vt 0.612131 0.486100
vt 0.609077 0.485056
vt 0.588660 0.495161
vt 0.588245 0.493524
vt 0.589173 0.493882
vt 0.668723 0.510859
vt 0.667034 0.515192
vt 0.664001 0.513940
vt 0.662041 0.516777
vt 0.660857 0.507258
vt 0.670081 0.506686
vt 0.673224 0.497150
vt 0.662134 0.497668
vt 0.658493 0.510133
vt 0.662222 0.514057
vt 0.670784 0.474379
vt 0.675361 0.479099
vt 0.677021 0.485862
vt 0.668096 0.478571
vt 0.679424 0.492073
vt 0.673002 0.488697
vt 0.680352 0.497409
vt 0.658762 0.504460
vt 0.656950 0.509197
vt 0.647458 0.465032
vt 0.654199 0.462202
vt 0.655222 0.470013
vt 0.650007 0.459558
vt 0.639251 0.469112
vt 0.643233 0.473276
vt 0.666775 0.470117
vt 0.656447 0.479389
vt 0.666177 0.517895
vt 0.661622 0.472305
vt 0.648414 0.477966
vt 0.653418 0.484558
vt 0.659046 0.489448
vt 0.654182 0.458127
vt 0.652152 0.458130
vt 0.658479 0.498829
vt 0.678548 0.505121
vt 0.680545 0.501130
vt 0.673851 0.508988
vt 0.644144 0.461418
vt 0.637908 0.467523
vt 0.661421 0.449697
vt 0.658940 0.452305
vt 0.657062 0.450800
vt 0.657197 0.453748
vt 0.662236 0.441273
vt 0.661069 0.444416
vt 0.657922 0.441133
vt 0.651584 0.448308
vt 0.652388 0.444736
vt 0.725992 0.440206
vt 0.728712 0.439145
vt 0.726427 0.442042
vt 0.725504 0.435302
vt 0.731919 0.450635
vt 0.727525 0.448843
vt 0.732827 0.457572
vt 0.728674 0.457577
vt 0.726941 0.453591
vt 0.729379 0.463160
vt 0.734131 0.461590
vt 0.733821 0.465990
vt 0.731880 0.468990
vt 0.725546 0.432076
vt 0.732754 0.472161
vt 0.732286 0.474266
vt 0.723544 0.432555
vt 0.723803 0.434050
vt 0.018440 0.312578
vt 0.021954 0.309329
vt 0.026359 0.316808
vt 0.022895 0.322240
vt 0.019007 0.320062
vt 0.028135 0.326112
vt 0.020882 0.326912
vt 0.029281 0.332807
vt 0.051893 0.280940
vt 0.049809 0.285493
vt 0.049154 0.274464
vt 0.050785 0.272036
vt 0.044904 0.293297
vt 0.046918 0.288211
vt 0.046939 0.291145
vt 0.046717 0.256970
vt 0.049643 0.264028
vt 0.040847 0.263282
vt 0.041955 0.266747
vt 0.038532 0.269929
vt 0.040273 0.271584
vt 0.035454 0.301683
vt 0.036253 0.302487
vt 0.031559 0.306364
vt 0.040644 0.299849
vt 0.039945 0.298041
vt 0.030758 0.304269
vt 0.023353 0.305152
vt 0.015376 0.301897
vt 0.030554 0.313673
vt 0.040296 0.348646
vt 0.013604 0.129340
vt 0.040345 0.347552
vt 0.164382 0.284920
vt 0.163188 0.289679
vt 0.161560 0.288850
vt 0.161464 0.295213
vt 0.158981 0.298865
vt 0.159508 0.292137
vt 0.157524 0.298727
vt 0.199196 0.335393
vt 0.211525 0.340860
vt 0.196206 0.342980
vt 0.193311 0.334362
vt 0.203376 0.346696
vt 0.206905 0.333322
vt 0.213395 0.332889
vt 0.216796 0.342592
vt 0.205455 0.318043
vt 0.208482 0.323455
vt 0.204792 0.327645
vt 0.191555 0.324950
vt 0.208439 0.293168
vt 0.210216 0.299971
vt 0.206619 0.295273
vt 0.211648 0.290964
vt 0.208770 0.311184
vt 0.205674 0.303879
vt 0.204048 0.299773
vt 0.206503 0.281891
vt 0.216275 0.271049
vt 0.223572 0.268761
vt 0.217114 0.275434
vt 0.223022 0.275852
vt 0.231153 0.260112
vt 0.227959 0.266744
vt 0.229364 0.256665
vt 0.222967 0.259895
vt 0.220759 0.263483
vt 0.213566 0.266041
vt 0.229437 0.271831
vt 0.201232 0.267505
vt 0.203420 0.266077
vt 0.204346 0.274365
vt 0.211287 0.273295
vt 0.211433 0.279212
vt 0.207399 0.264425
vt 0.227145 0.279540
vt 0.195899 0.313596
vt 0.190589 0.318238
vt 0.197661 0.320543
vt 0.201629 0.304316
vt 0.220281 0.352379
vt 0.212794 0.349977
vt 0.222343 0.345692
vt 0.228012 0.346571
vt 0.227549 0.351710
vt 0.224307 0.338976
vt 0.225968 0.342717
vt 0.232057 0.361493
vt 0.243751 0.358280
vt 0.243434 0.365330
vt 0.255615 0.364565
vt 0.235649 0.354548
vt 0.214545 0.357141
vt 0.233450 0.367285
vt 0.221395 0.363312
vt 0.261853 0.360550
vt 0.261087 0.369764
vt 0.267710 0.362471
vt 0.269559 0.367042
vt 0.269554 0.373607
vt 0.250386 0.372572
vt 0.238746 0.371094
vt 0.218661 0.361721
vt 0.251164 0.374461
vt 0.258297 0.374275
vt 0.274483 0.373822
vt 0.198843 0.346489
vt 0.181066 0.316886
vt 0.178068 0.315296
vt 0.179613 0.313397
vt 0.181630 0.312579
vt 0.229761 0.313062
vt 0.236244 0.322560
vt 0.233018 0.326852
vt 0.227662 0.322257
vt 0.238357 0.326328
vt 0.225414 0.310286
vt 0.230319 0.331699
vt 0.242820 0.337666
vt 0.248291 0.335955
vt 0.236781 0.338920
vt 0.246293 0.342439
vt 0.254795 0.341554
vt 0.251597 0.345654
vt 0.278446 0.350985
vt 0.276508 0.354136
vt 0.266625 0.352262
vt 0.264922 0.344278
vt 0.260587 0.350670
vt 0.308965 0.341421
vt 0.320254 0.340224
vt 0.312746 0.345306
vt 0.313465 0.335952
vt 0.307516 0.337031
vt 0.334416 0.338134
vt 0.328971 0.333314
vt 0.301964 0.340226
vt 0.298590 0.344853
vt 0.292373 0.341174
vt 0.288258 0.346841
vt 0.293015 0.338599
vt 0.291809 0.350922
vt 0.292444 0.357142
vt 0.286197 0.354478
vt 0.359615 0.309206
vt 0.351471 0.319483
vt 0.351636 0.316432
vt 0.350354 0.328404
vt 0.363896 0.315293
vt 0.373994 0.294463
vt 0.367066 0.298710
vt 0.381693 0.263030
vt 0.379073 0.268564
vt 0.380703 0.263241
vt 0.343095 0.329551
vt 0.339591 0.327426
vt 0.344489 0.322583
vt 0.373424 0.285963
vt 0.378392 0.273833
vt 0.329856 0.328936
vt 0.338151 0.324567
vt 0.323045 0.332171
vt 0.412440 0.327102
vt 0.411576 0.323691
vt 0.414134 0.335085
vt 0.421169 0.340261
vt 0.417476 0.341411
vt 0.430317 0.344351
vt 0.434705 0.339484
vt 0.424462 0.350789
vt 0.426110 0.299100
vt 0.431826 0.320646
vt 0.421820 0.307254
vt 0.425561 0.320005
vt 0.423846 0.277898
vt 0.424284 0.271753
vt 0.428827 0.278595
vt 0.435158 0.285622
vt 0.424532 0.283221
vt 0.433669 0.282295
vt 0.436535 0.289888
vt 0.433093 0.292798
vt 0.414603 0.317321
vt 0.423201 0.326641
vt 0.410715 0.313395
vt 0.410840 0.304507
vt 0.413547 0.294217
vt 0.438882 0.328084
vt 0.442701 0.319431
vt 0.433534 0.309079
vt 0.453004 0.331528
vt 0.443950 0.333703
vt 0.450307 0.323298
vt 0.431280 0.334156
vt 0.433102 0.300866
vt 0.438836 0.307389
vt 0.439638 0.294600
vt 0.445425 0.303906
vt 0.448783 0.314733
vt 0.417617 0.290807
vt 0.424719 0.291444
vt 0.410684 0.294662
vt 0.524783 0.355088
vt 0.515226 0.362533
vt 0.495265 0.361743
vt 0.513088 0.351633
vt 0.513014 0.344167
vt 0.522667 0.343869
vt 0.525153 0.347007
vt 0.527135 0.359116
vt 0.540435 0.350256
vt 0.539246 0.356407
vt 0.548408 0.349744
vt 0.533819 0.343912
vt 0.535191 0.347315
vt 0.522703 0.365359
vt 0.525575 0.335470
vt 0.540433 0.330596
vt 0.535389 0.338676
vt 0.518926 0.350465
vt 0.540354 0.340946
vt 0.547349 0.332097
vt 0.554526 0.330921
vt 0.555573 0.335781
vt 0.551916 0.343406
vt 0.498064 0.348800
vt 0.498147 0.345011
vt 0.501451 0.343044
vt 0.507808 0.341339
vt 0.510001 0.336832
vt 0.511622 0.337845
vt 0.500335 0.354204
vt 0.500506 0.363597
vt 0.502180 0.368182
vt 0.509367 0.368921
vt 0.464203 0.353306
vt 0.475581 0.360253
vt 0.463210 0.358961
vt 0.443400 0.349955
vt 0.433180 0.348149
vt 0.428095 0.349673
vt 0.436706 0.352660
vt 0.442950 0.357730
vt 0.436504 0.356739
vt 0.450944 0.348363
vt 0.456488 0.350123
vt 0.483892 0.336141
vt 0.491239 0.335992
vt 0.481738 0.340217
vt 0.454794 0.360583
vt 0.461895 0.362300
vt 0.450707 0.337310
vt 0.446261 0.346066
vt 0.492007 0.370339
vt 0.485338 0.373183
vt 0.480403 0.366971
vt 0.486456 0.354144
vt 0.501339 0.353082
vt 0.490715 0.343972
vt 0.490169 0.349773
vt 0.483537 0.350395
vt 0.491393 0.351382
vt 0.480526 0.345940
vt 0.475054 0.355347
vt 0.460584 0.344086
vt 0.458275 0.336187
vt 0.465022 0.341703
vt 0.491646 0.373310
vt 0.462761 0.330866
vt 0.466196 0.332680
vt 0.467988 0.336778
vt 0.477817 0.336098
vt 0.492614 0.339043
vt 0.423159 0.268548
vt 0.423697 0.267578
vt 0.428306 0.272302
vt 0.563913 0.328308
vt 0.565903 0.320086
vt 0.575352 0.308517
vt 0.575056 0.318402
vt 0.580500 0.273920
vt 0.586312 0.270087
vt 0.577167 0.299879
vt 0.555589 0.326993
vt 0.583631 0.289956
vt 0.580056 0.301114
vt 0.570643 0.300540
vt 0.568371 0.312091
vt 0.555791 0.317945
vt 0.547459 0.323553
vt 0.579370 0.308305
vt 0.582349 0.303172
vt 0.565746 0.332436
vt 0.584150 0.247315
vt 0.585635 0.239052
vt 0.588069 0.250025
vt 0.583763 0.245321
vt 0.586870 0.240284
vt 0.588910 0.263763
vt 0.583412 0.256354
vt 0.487656 0.373196
vt 0.531554 0.362146
vt 0.517510 0.365743
vt 0.630791 0.324281
vt 0.629031 0.318715
vt 0.632495 0.321611
vt 0.626394 0.309179
vt 0.632841 0.308715
vt 0.635551 0.316685
vt 0.606445 0.285848
vt 0.607097 0.283058
vt 0.610591 0.290247
vt 0.613093 0.292899
vt 0.614534 0.289679
vt 0.617208 0.298475
vt 0.620497 0.291115
vt 0.624115 0.299062
vt 0.626905 0.300493
vt 0.610010 0.284737
vt 0.623571 0.293056
vt 0.618701 0.284550
vt 0.620106 0.286873
vt 0.623996 0.288217
vt 0.621670 0.282908
vt 0.626437 0.292299
vt 0.627175 0.295571
vt 0.629616 0.295625
vt 0.632864 0.300145
vt 0.635992 0.308811
vt 0.634403 0.305262
vt 0.687740 0.356545
vt 0.686853 0.355622
vt 0.693965 0.351311
vt 0.698215 0.342973
vt 0.703895 0.338637
vt 0.698187 0.350194
vt 0.712847 0.273488
vt 0.714564 0.278413
vt 0.712724 0.286987
vt 0.713052 0.260957
vt 0.713630 0.251155
vt 0.717640 0.255404
vt 0.718167 0.269468
vt 0.718022 0.281049
vt 0.715412 0.288384
vt 0.718112 0.293409
vt 0.714880 0.303760
vt 0.711329 0.307862
vt 0.712581 0.297903
vt 0.712780 0.314212
vt 0.707221 0.323248
vt 0.708545 0.329016
vt 0.711379 0.320890
vt 0.715967 0.241941
vt 0.700620 0.334073
vt 0.712100 0.234921
vt 0.693188 0.354236
vt 0.759652 0.242470
vt 0.760093 0.245096
vt 0.756937 0.244703
vt 0.756313 0.240138
vt 0.752904 0.254368
vt 0.750402 0.247377
vt 0.759029 0.258290
vt 0.753191 0.261403
vt 0.762539 0.263367
vt 0.766859 0.268334
vt 0.765067 0.278610
vt 0.757397 0.264755
vt 0.759434 0.272205
vt 0.755397 0.273903
vt 0.745108 0.241838
vt 0.747061 0.238881
vt 0.746568 0.247725
vt 0.744002 0.249708
vt 0.770925 0.285750
vt 0.775250 0.295701
vt 0.765912 0.284922
vt 0.762223 0.285318
vt 0.762935 0.289961
vt 0.765444 0.291340
vt 0.014266 0.194875
vt 0.012529 0.190529
vt 0.017330 0.188997
vt 0.019647 0.200182
vt 0.008335 0.179446
vt 0.012249 0.177729
vt 0.006426 0.093065
vt 0.009311 0.079061
vt 0.009801 0.091239
vt 0.007761 0.120566
vt 0.005169 0.106066
vt 0.007439 0.104042
vt 0.010232 0.108969
vt 0.010433 0.098284
vt 0.005494 0.101415
vt 0.004539 0.143440
vt 0.005305 0.133892
vt 0.009653 0.138590
vt 0.005155 0.153354
vt 0.009229 0.159328
vt 0.011895 0.147226
vt 0.005037 0.118396
vt 0.010788 0.128531
vt 0.007486 0.169922
vt 0.013242 0.164543
vt 0.010431 0.122185
vt 0.015030 0.182475
vt 0.012177 0.084476
vt 0.009610 0.072040
vt 0.012104 0.067711
vt 0.012771 0.069343
vt 0.014964 0.174193
vt 0.014334 0.195586
vt 0.019015 0.199075
vt 0.051445 0.151866
vt 0.055777 0.158875
vt 0.049877 0.157759
vt 0.056959 0.144069
vt 0.062704 0.144913
vt 0.059638 0.154703
vt 0.067875 0.119264
vt 0.071009 0.121094
vt 0.066713 0.123329
vt 0.064983 0.119964
vt 0.070292 0.126627
vt 0.065444 0.128274
vt 0.059113 0.132277
vt 0.069507 0.131676
vt 0.066598 0.139168
vt 0.058973 0.125219
vt 0.064756 0.141013
vt 0.065087 0.145726
vt 0.070628 0.138052
vt 0.072361 0.133566
vt 0.053627 0.133141
vt 0.056998 0.130369
vt 0.056670 0.138383
vt 0.050991 0.136701
vt 0.052160 0.142706
vt 0.018112 0.143509
vt 0.015389 0.141929
vt 0.017383 0.139062
vt 0.105075 0.135144
vt 0.103382 0.125949
vt 0.106545 0.125210
vt 0.112219 0.132745
vt 0.108889 0.148486
vt 0.105094 0.144628
vt 0.108637 0.142065
vt 0.110512 0.121212
vt 0.114744 0.120673
vt 0.120099 0.133128
vt 0.119714 0.137749
vt 0.115575 0.142306
vt 0.108922 0.153090
vt 0.111012 0.150803
vt 0.107003 0.150150
vt 0.113049 0.115890
vt 0.114445 0.115488
vt 0.118781 0.120063
vt 0.120753 0.124667
vt 0.090436 0.072019
vt 0.088915 0.069860
vt 0.090964 0.064158
vt 0.093639 0.076107
vt 0.096516 0.070361
vt 0.101140 0.078488
vt 0.101600 0.060704
vt 0.103458 0.073317
vt 0.106594 0.062002
vt 0.106959 0.067499
vt 0.095123 0.082650
vt 0.123438 0.069748
vt 0.119420 0.068236
vt 0.123451 0.067726
vt 0.107490 0.079545
vt 0.108517 0.090209
vt 0.112603 0.085358
vt 0.114744 0.063853
vt 0.112388 0.078388
vt 0.118452 0.073707
vt 0.113403 0.094132
vt 0.109832 0.095366
vt 0.147760 0.170614
vt 0.146653 0.166219
vt 0.148453 0.167953
vt 0.184012 0.210629
vt 0.186048 0.214047
vt 0.178690 0.205479
vt 0.174935 0.204611
vt 0.176537 0.208072
vt 0.188144 0.215889
vt 0.184351 0.217326
vt 0.182456 0.213885
vt 0.202021 0.210475
vt 0.210990 0.203474
vt 0.207220 0.210459
vt 0.193571 0.202900
vt 0.187940 0.206779
vt 0.194965 0.185181
vt 0.189323 0.189527
vt 0.188124 0.185416
vt 0.182708 0.186951
vt 0.188606 0.177720
vt 0.184213 0.177345
vt 0.193839 0.215690
vt 0.184664 0.209370
vt 0.201212 0.197818
vt 0.189534 0.197776
vt 0.184116 0.195225
vt 0.184022 0.197522
vt 0.183337 0.204556
vt 0.183493 0.199889
vt 0.188314 0.173441
vt 0.215956 0.184431
vt 0.217759 0.186283
vt 0.213603 0.188021
vt 0.207181 0.183881
vt 0.208216 0.189351
vt 0.202447 0.186816
vt 0.196766 0.189864
vt 0.199621 0.203360
vt 0.209981 0.199688
vt 0.202100 0.180141
vt 0.195327 0.178090
vt 0.191996 0.174334
vt 0.199174 0.082832
vt 0.200274 0.088614
vt 0.197537 0.093783
vt 0.192022 0.085306
vt 0.190876 0.096839
vt 0.199623 0.113294
vt 0.198632 0.117508
vt 0.196429 0.119589
vt 0.197869 0.107067
vt 0.188888 0.121973
vt 0.199971 0.099872
vt 0.187416 0.108146
vt 0.197941 0.125029
vt 0.197955 0.122687
vt 0.193697 0.127074
vt 0.187183 0.128613
vt 0.183175 0.123369
vt 0.183248 0.132944
vt 0.186191 0.097994
vt 0.183620 0.092145
vt 0.186266 0.082402
vt 0.190508 0.079034
vt 0.186110 0.077861
vt 0.198382 0.035476
vt 0.192290 0.048251
vt 0.194926 0.037686
vt 0.198415 0.039535
vt 0.197701 0.045790
vt 0.198625 0.053387
vt 0.195009 0.053440
vt 0.198104 0.066820
vt 0.199697 0.075906
vt 0.191739 0.064431
vt 0.188398 0.061963
vt 0.187561 0.070838
vt 0.185752 0.073878
vt 0.180416 0.131926
vt 0.181828 0.109173
vt 0.182439 0.100127
vt 0.212836 0.008946
vt 0.210939 0.007388
vt 0.211940 0.007014
vt 0.268471 0.109111
vt 0.269106 0.119810
vt 0.266123 0.109872
vt 0.264629 0.115796
vt 0.260092 0.113863
vt 0.251403 0.097747
vt 0.251182 0.092421
vt 0.254302 0.098678
vt 0.263130 0.102989
vt 0.262375 0.108962
vt 0.258369 0.107294
vt 0.255763 0.096570
vt 0.257274 0.097383
vt 0.263602 0.123372
vt 0.271889 0.134905
vt 0.272593 0.129861
vt 0.326968 0.098479
vt 0.328164 0.115471
vt 0.322273 0.109519
vt 0.327866 0.132218
vt 0.322592 0.098868
vt 0.334105 0.126309
vt 0.323145 0.122972
vt 0.325773 0.141280
vt 0.329920 0.145785
vt 0.326426 0.143680
vt 0.342891 0.128124
vt 0.338731 0.139898
vt 0.339250 0.120972
vt 0.334723 0.150332
vt 0.335439 0.175716
vt 0.330892 0.160400
vt 0.331166 0.172430
vt 0.344206 0.144003
vt 0.343093 0.149480
vt 0.339104 0.162760
vt 0.326263 0.087018
vt 0.335700 0.109825
vt 0.337986 0.181816
vt 0.343711 0.157271
vt 0.332818 0.179058
vt 0.336037 0.183328
s 0
usemtl m1
f 432/1/1 1/3/1 162/2/1
f 432/1/2 2/4/2 1/3/2
f 49/5/3 6/7/3 3/6/3
f 49/5/4 504/8/4 6/7/4
f 471/9/5 528/11/5 387/10/5
f 7/12/6 15/14/6 5/13/6
f 15/14/7 9/16/7 16/15/7
f 3/6/8 6/7/8 8/17/8
f 8/17/9 7/12/9 5/18/9
f 8/17/10 6/7/10 9/16/10
f 8/17/11 9/16/11 7/12/11
f 504/8/12 9/16/12 6/7/12
f 7/12/13 9/16/13 15/14/13
f 120/19/14 506/21/14 125/20/14
f 11/22/15 12/24/15 486/23/15
f 11/22/16 19/25/16 12/24/16
f 13/26/17 19/25/17 11/22/17
f 12/24/18 125/20/18 506/21/18
f 98/27/19 122/29/19 124/28/19
f 16/15/20 17/30/20 15/14/20
f 16/15/21 14/31/21 17/30/21
f 122/29/22 97/33/22 123/32/22
f 18/34/23 14/31/23 19/25/23
f 20/35/24 14/31/24 18/34/24
f 17/30/25 14/31/25 20/35/25
f 512/36/26 16/15/26 9/16/26
f 14/31/27 125/20/27 19/25/27
f 512/36/28 14/31/28 16/15/28
f 14/31/29 520/37/29 125/20/29
f 506/21/30 110/38/30 12/24/30
f 125/20/31 12/24/31 19/25/31
f 4/39/32 123/32/32 97/33/32
f 13/26/33 18/34/33 19/25/33
f 520/37/34 14/31/34 512/36/34
f 501/40/35 125/20/35 520/37/35
f 496/41/36 517/43/36 10/42/36
f 9/16/37 517/43/37 512/36/37
f 517/43/38 496/41/38 512/36/38
f 10/42/39 528/11/39 128/44/39
f 517/43/40 528/11/40 10/42/40
f 517/43/41 504/8/41 528/11/41
f 504/8/42 517/43/42 9/16/42
f 41/45/43 27/47/43 36/46/43
f 388/48/44 523/50/44 21/49/44
f 523/50/45 25/51/45 21/49/45
f 523/50/46 489/52/46 25/51/46
f 36/46/47 521/54/47 43/53/47
f 521/54/48 487/55/48 43/53/48
f 28/56/49 24/58/49 22/57/49
f 389/59/50 391/61/50 29/60/50
f 28/56/51 130/62/51 24/58/51
f 21/49/52 25/51/52 27/47/52
f 32/63/53 29/60/53 35/64/53
f 31/65/54 30/66/54 28/56/54
f 28/56/55 30/66/55 130/62/55
f 521/54/56 27/47/56 25/51/56
f 22/57/57 31/65/57 28/56/57
f 130/62/58 30/66/58 26/67/58
f 27/47/59 521/54/59 36/46/59
f 132/68/60 30/66/60 31/65/60
f 46/69/61 131/70/61 26/67/61
f 46/69/62 26/67/62 30/66/62
f 133/71/63 132/68/63 31/65/63
f 38/72/64 33/73/64 46/69/64
f 21/49/65 393/75/65 395/74/65
f 36/46/66 45/76/66 38/72/66
f 38/72/67 46/69/67 36/46/67
f 21/49/68 34/77/68 393/75/68
f 38/72/69 45/76/69 516/78/69
f 34/77/70 40/80/70 37/79/70
f 37/79/71 29/60/71 391/61/71
f 29/60/72 37/79/72 35/64/72
f 33/73/73 38/72/73 516/78/73
f 41/45/74 39/81/74 40/80/74
f 21/49/75 40/80/75 34/77/75
f 41/45/76 36/46/76 132/68/76
f 132/68/77 36/46/77 46/69/77
f 43/53/78 486/23/78 45/76/78
f 42/82/79 516/78/79 45/76/79
f 21/49/80 27/47/80 41/45/80
f 40/80/81 21/49/81 41/45/81
f 42/82/82 45/76/82 486/23/82
f 39/81/83 35/64/83 40/80/83
f 37/79/84 40/80/84 35/64/84
f 486/23/85 43/53/85 11/22/85
f 44/83/86 32/63/86 23/84/86
f 389/85/87 29/60/87 44/83/87
f 32/63/88 44/83/88 29/60/88
f 12/24/89 42/82/89 486/23/89
f 12/24/90 110/38/90 42/82/90
f 43/53/91 45/76/91 36/46/91
f 46/69/92 30/66/92 132/68/92
f 131/70/93 46/69/93 33/73/93
f 47/86/94 63/88/94 48/87/94
f 63/88/95 514/89/95 48/87/95
f 59/90/96 58/92/96 449/91/96
f 449/91/97 63/88/97 47/86/97
f 449/91/98 58/92/98 63/88/98
f 89/93/99 49/5/99 50/94/99
f 61/95/100 50/94/100 51/96/100
f 52/97/101 54/99/101 53/98/101
f 51/96/102 529/101/102 60/100/102
f 50/94/103 61/95/103 89/93/103
f 89/93/104 504/8/104 49/5/104
f 484/102/105 55/103/105 59/90/105
f 55/103/106 58/92/106 59/90/106
f 56/104/107 58/92/107 55/103/107
f 94/105/108 61/95/108 60/100/108
f 51/96/109 60/100/109 61/95/109
f 56/104/110 94/105/110 60/100/110
f 529/101/111 56/104/111 60/100/111
f 403/106/112 76/108/112 67/107/112
f 63/88/113 529/101/113 514/89/113
f 529/101/114 62/110/114 101/109/114
f 529/101/115 101/109/115 514/89/115
f 50/94/116 64/111/116 51/96/116
f 66/112/117 67/107/117 53/98/117
f 95/113/118 88/115/118 65/114/118
f 50/94/119 49/5/119 64/111/119
f 61/95/120 94/105/120 65/114/120
f 88/115/121 61/95/121 65/114/121
f 88/115/122 89/93/122 61/95/122
f 64/111/123 529/101/123 51/96/123
f 62/110/124 529/101/124 64/111/124
f 49/5/125 3/6/125 64/111/125
f 64/111/126 3/6/126 62/110/126
f 58/92/127 529/101/127 63/88/127
f 67/107/128 68/116/128 53/98/128
f 68/116/129 71/117/129 53/98/129
f 58/92/130 56/104/130 529/101/130
f 67/107/131 76/108/131 68/116/131
f 69/118/132 55/103/132 484/102/132
f 139/119/133 87/121/133 70/120/133
f 137/122/134 139/119/134 70/120/134
f 139/119/135 84/123/135 87/121/135
f 84/123/136 73/124/136 87/121/136
f 72/125/137 73/124/137 79/126/137
f 138/127/138 71/117/138 139/119/138
f 71/117/139 84/123/139 139/119/139
f 70/120/140 69/118/140 74/128/140
f 140/129/141 70/120/141 74/128/141
f 404/130/142 75/132/142 80/131/142
f 53/98/143 71/117/143 57/133/143
f 404/134/144 78/135/144 75/132/144
f 138/127/145 57/133/145 71/117/145
f 78/135/146 90/136/146 75/132/146
f 79/126/147 75/132/147 72/125/147
f 74/128/148 484/102/148 450/137/148
f 74/128/149 69/118/149 484/102/149
f 75/132/150 77/138/150 72/125/150
f 78/135/151 88/115/151 90/136/151
f 95/113/152 81/139/152 77/138/152
f 77/138/153 88/115/153 95/113/153
f 80/131/154 75/132/154 68/116/154
f 68/116/155 75/132/155 79/126/155
f 85/140/156 83/142/156 82/141/156
f 77/138/157 81/139/157 91/143/157
f 76/108/158 80/131/158 68/116/158
f 68/116/159 79/126/159 71/117/159
f 71/117/160 79/126/160 84/123/160
f 79/126/161 73/124/161 84/123/161
f 90/136/162 88/115/162 77/138/162
f 85/140/163 378/145/163 408/144/163
f 86/146/164 407/148/164 406/147/164
f 86/146/165 406/150/165 93/149/165
f 87/121/166 73/124/166 91/143/166
f 53/98/167 54/99/167 66/112/167
f 53/98/168 57/133/168 52/97/168
f 91/143/169 81/139/169 87/121/169
f 92/151/170 86/146/170 88/115/170
f 86/146/171 89/93/171 88/115/171
f 408/144/172 54/99/172 52/97/172
f 75/132/173 90/136/173 77/138/173
f 86/146/174 93/149/174 89/93/174
f 91/143/175 72/125/175 77/138/175
f 85/140/176 408/144/176 83/142/176
f 408/144/177 52/97/177 83/142/177
f 87/121/178 55/103/178 69/118/178
f 92/151/179 88/115/179 78/135/179
f 95/113/180 94/105/180 81/139/180
f 65/114/181 94/105/181 95/113/181
f 81/139/182 94/105/182 87/121/182
f 387/10/183 528/11/183 504/8/183
f 387/10/184 504/8/184 93/149/184
f 87/121/185 56/104/185 55/103/185
f 87/121/186 94/105/186 56/104/186
f 504/8/187 89/93/187 93/149/187
f 70/120/188 87/121/188 69/118/188
f 387/10/189 93/149/189 406/150/189
f 59/90/190 96/152/190 484/102/190
f 104/153/191 97/33/191 102/154/191
f 409/155/192 104/153/192 489/52/192
f 415/156/193 104/153/193 409/155/193
f 102/154/194 97/33/194 98/27/194
f 104/153/195 102/154/195 489/52/195
f 99/157/196 514/89/196 100/158/196
f 489/52/197 102/154/197 25/51/197
f 122/29/198 98/27/198 97/33/198
f 102/154/199 521/54/199 25/51/199
f 4/39/200 97/33/200 100/158/200
f 457/159/201 99/157/201 104/153/201
f 99/157/202 97/33/202 104/153/202
f 99/157/203 100/158/203 97/33/203
f 514/89/204 4/39/204 100/158/204
f 514/89/205 101/109/205 4/39/205
f 3/6/206 101/109/206 62/110/206
f 102/154/207 124/28/207 521/54/207
f 409/155/208 489/52/208 103/160/208
f 124/28/209 102/154/209 98/27/209
f 514/89/210 99/157/210 48/87/210
f 489/52/211 523/50/211 103/160/211
f 471/9/212 475/161/212 528/11/212
f 477/162/213 475/161/213 471/9/213
f 105/163/214 190/165/214 170/164/214
f 190/165/215 105/163/215 432/166/215
f 141/167/216 173/168/216 105/163/216
f 173/168/217 432/166/217 105/163/217
f 106/169/218 107/171/218 2/170/218
f 106/169/219 135/172/219 107/171/219
f 108/173/220 116/175/220 146/174/220
f 109/176/221 108/173/221 113/177/221
f 2/170/222 109/176/222 114/178/222
f 107/171/223 109/176/223 2/170/223
f 107/171/224 110/179/224 109/176/224
f 109/176/225 110/179/225 108/173/225
f 111/180/226 108/173/226 110/179/226
f 433/181/227 1/183/227 167/182/227
f 1/183/228 112/185/228 167/184/228
f 1/183/229 114/178/229 112/185/229
f 2/170/230 114/178/230 1/183/230
f 114/178/231 109/176/231 113/177/231
f 117/186/232 147/187/232 116/175/232
f 126/188/233 149/189/233 117/186/233
f 501/190/234 520/192/234 481/191/234
f 496/193/235 119/195/235 512/194/235
f 118/196/236 148/197/236 119/195/236
f 127/198/237 520/192/237 148/197/237
f 148/197/238 520/192/238 119/195/238
f 481/191/239 126/188/239 501/190/239
f 496/193/240 121/200/240 151/199/240
f 496/201/241 10/202/241 121/200/241
f 152/203/242 121/200/242 128/204/242
f 111/180/243 506/205/243 117/186/243
f 117/186/244 108/173/244 111/180/244
f 119/195/245 496/193/245 151/199/245
f 108/173/246 117/186/246 116/175/246
f 506/205/247 120/206/247 117/186/247
f 117/186/248 120/206/248 126/188/248
f 506/205/249 111/180/249 110/179/249
f 120/206/250 125/207/250 501/190/250
f 120/206/251 501/190/251 126/188/251
f 520/192/252 512/194/252 119/195/252
f 150/208/253 481/191/253 127/198/253
f 481/191/254 520/192/254 127/198/254
f 152/209/255 128/204/255 478/210/255
f 121/200/256 10/202/256 128/204/256
f 128/204/257 528/212/257 475/211/257
f 24/213/258 157/215/258 129/214/258
f 26/216/259 158/218/259 130/217/259
f 26/216/260 131/219/260 158/218/260
f 24/213/261 130/217/261 157/215/261
f 131/220/262 33/222/262 172/221/262
f 172/221/263 33/222/263 516/223/263
f 174/224/264 516/223/264 135/172/264
f 134/225/265 135/172/265 106/169/265
f 172/226/266 516/223/266 174/224/266
f 107/171/267 135/172/267 42/227/267
f 107/171/268 42/227/268 110/179/268
f 42/227/269 135/172/269 516/223/269
f 478/210/270 475/211/270 477/228/270
f 476/229/271 478/210/271 477/228/271
f 475/211/272 478/210/272 128/204/272
f 101/230/273 115/232/273 4/231/273
f 5/233/274 115/232/274 101/230/274
f 5/233/275 101/230/275 8/234/275
f 487/235/276 124/237/276 13/236/276
f 20/238/277 122/240/277 17/239/277
f 124/237/278 18/241/278 13/236/278
f 122/240/279 18/241/279 124/237/279
f 123/242/280 115/232/280 5/233/280
f 115/232/281 123/242/281 4/243/281
f 122/240/282 123/242/282 17/239/282
f 15/244/283 17/239/283 5/233/283
f 5/233/284 17/239/284 123/242/284
f 20/238/285 18/241/285 122/240/285
f 487/235/286 11/246/286 43/245/286
f 13/236/287 11/246/287 487/235/287
f 521/247/288 124/237/288 487/235/288
f 8/234/289 101/230/289 3/248/289
f 23/249/290 22/251/290 440/250/290
f 23/249/291 31/252/291 22/251/291
f 133/253/292 23/249/292 32/254/292
f 23/249/293 133/253/293 31/252/293
f 35/255/294 133/253/294 32/256/294
f 39/257/295 132/258/295 133/253/295
f 133/253/296 35/255/296 39/257/296
f 39/257/297 41/259/297 132/258/297
f 83/260/298 136/262/298 159/261/298
f 83/260/299 52/263/299 136/262/299
f 52/263/300 57/264/300 136/262/300
f 136/262/301 57/264/301 161/265/301
f 161/265/302 57/264/302 138/266/302
f 138/266/303 139/268/303 526/267/303
f 526/267/304 139/268/304 207/269/304
f 139/268/305 137/270/305 207/269/305
f 137/270/306 70/272/306 140/271/306
f 161/265/307 138/266/307 526/267/307
f 167/273/308 112/275/308 459/274/308
f 459/274/309 112/275/309 142/276/309
f 461/277/310 113/279/310 144/278/310
f 146/280/311 144/278/311 113/279/311
f 142/276/312 113/279/312 461/277/312
f 144/278/313 146/280/313 145/281/313
f 145/281/314 146/280/314 116/282/314
f 114/283/315 142/276/315 112/275/315
f 114/284/316 113/279/316 142/276/316
f 146/280/317 113/279/317 108/285/317
f 147/286/318 149/288/318 534/287/318
f 145/281/319 116/282/319 147/286/319
f 117/289/320 149/288/320 147/286/320
f 534/287/321 149/288/321 462/290/321
f 149/288/322 150/291/322 462/290/322
f 151/292/323 465/294/323 466/293/323
f 151/292/324 121/295/324 465/294/324
f 149/288/325 481/296/325 150/291/325
f 126/297/326 481/296/326 149/288/326
f 465/298/327 121/295/327 152/299/327
f 118/300/328 151/292/328 466/293/328
f 119/301/329 151/292/329 118/300/329
f 150/291/330 127/303/330 153/302/330
f 462/304/331 150/291/331 153/302/331
f 153/302/332 127/303/332 148/305/332
f 143/306/333 105/308/333 169/307/333
f 168/309/334 143/306/334 169/307/334
f 143/306/335 141/310/335 105/308/335
f 155/311/336 154/313/336 157/312/336
f 129/314/337 157/312/337 154/313/337
f 165/315/338 155/311/338 168/309/338
f 155/311/339 143/306/339 168/309/339
f 155/311/340 156/316/340 143/306/340
f 156/316/341 171/317/341 143/306/341
f 157/312/342 156/316/342 155/311/342
f 157/312/343 158/318/343 156/316/343
f 157/312/344 130/319/344 158/318/344
f 158/318/345 131/321/345 172/320/345
f 154/313/346 155/311/346 175/322/346
f 134/323/347 174/325/347 135/324/347
f 223/326/348 160/328/348 83/327/348
f 159/329/349 223/326/349 83/330/349
f 160/328/350 82/331/350 83/327/350
f 136/332/351 213/333/351 159/329/351
f 213/333/352 136/332/352 161/334/352
f 170/335/353 189/337/353 197/336/353
f 169/338/354 170/335/354 197/336/354
f 197/336/355 168/339/355 169/338/355
f 169/338/356 105/340/356 170/335/356
f 154/341/357 447/343/357 129/342/357
f 175/344/358 164/346/358 176/345/358
f 447/343/359 154/341/359 176/345/359
f 154/341/360 175/344/360 176/345/360
f 175/344/361 165/347/361 164/346/361
f 155/348/362 165/347/362 175/344/362
f 173/349/363 134/351/363 432/350/363
f 432/350/364 134/351/364 106/352/364
f 171/353/365 156/355/365 158/354/365
f 171/353/366 141/357/366 143/356/366
f 171/353/367 173/349/367 141/357/367
f 171/353/368 158/354/368 172/358/368
f 171/353/369 174/359/369 173/349/369
f 171/353/370 172/358/370 174/359/370
f 174/359/371 134/351/371 173/349/371
f 166/360/372 163/362/372 479/361/372
f 166/360/373 433/363/373 163/362/373
f 163/362/374 433/363/374 167/364/374
f 167/364/375 215/365/375 163/362/375
f 384/366/376 461/368/376 381/367/376
f 140/369/377 209/371/377 137/370/377
f 177/372/378 179/374/378 178/373/378
f 179/374/379 163/375/379 178/373/379
f 180/376/380 177/372/380 181/377/380
f 180/376/381 179/374/381 177/372/381
f 200/378/382 189/379/382 181/377/382
f 180/376/383 166/380/383 179/374/383
f 166/380/384 479/381/384 179/374/384
f 184/382/385 185/384/385 230/383/385
f 184/382/386 193/385/386 185/384/386
f 185/384/387 533/387/387 186/386/387
f 186/386/388 533/387/388 187/388/388
f 185/384/389 193/385/389 533/387/389
f 533/387/390 200/378/390 187/388/390
f 533/387/391 189/379/391 200/378/391
f 189/379/392 180/376/392 181/377/392
f 189/379/393 190/389/393 180/376/393
f 190/389/394 162/390/394 180/376/394
f 162/390/395 166/380/395 180/376/395
f 203/391/396 218/393/396 195/392/396
f 196/394/397 203/391/397 195/392/397
f 203/391/398 176/395/398 218/393/398
f 176/395/399 164/396/399 218/393/399
f 184/382/400 232/397/400 193/385/400
f 164/396/401 485/398/401 218/393/401
f 163/375/402 215/399/402 178/373/402
f 232/397/403 191/400/403 193/385/403
f 164/396/404 165/401/404 485/398/404
f 165/401/405 168/402/405 485/398/405
f 197/403/406 533/387/406 193/385/406
f 485/398/407 197/403/407 193/385/407
f 196/394/408 195/392/408 243/404/408
f 194/405/409 196/394/409 243/404/409
f 533/387/410 197/403/410 189/379/410
f 485/398/411 168/402/411 197/403/411
f 170/406/412 190/389/412 189/379/412
f 199/407/413 248/408/413 187/388/413
f 187/388/414 200/378/414 199/407/414
f 200/378/415 181/377/415 199/407/415
f 181/377/416 198/409/416 199/407/416
f 196/394/417 443/410/417 203/391/417
f 443/410/418 447/411/418 203/391/418
f 203/391/419 447/411/419 176/395/419
f 163/375/420 179/374/420 479/381/420
f 237/412/421 192/414/421 188/413/421
f 188/413/422 192/414/422 194/415/422
f 277/416/423 441/418/423 201/417/423
f 201/417/424 510/419/424 192/414/424
f 201/417/425 192/414/425 237/412/425
f 202/420/426 510/419/426 201/417/426
f 441/418/427 202/420/427 201/417/427
f 205/421/428 526/423/428 204/422/428
f 204/422/429 212/424/429 205/421/429
f 526/423/430 205/421/430 212/424/430
f 204/422/431 207/426/431 206/425/431
f 206/425/432 207/426/432 208/427/432
f 208/427/433 207/426/433 209/428/433
f 137/429/434 209/428/434 207/426/434
f 208/427/435 209/428/435 210/430/435
f 526/423/436 207/426/436 204/422/436
f 282/431/437 210/430/437 284/432/437
f 208/427/438 210/430/438 282/431/438
f 210/430/439 452/433/439 284/432/439
f 211/434/440 212/424/440 204/422/440
f 285/435/441 452/433/441 451/436/441
f 211/434/442 213/437/442 212/424/442
f 212/424/443 213/437/443 161/438/443
f 212/424/444 161/438/444 526/423/444
f 380/439/445 221/441/445 214/440/445
f 380/439/446 217/442/446 221/441/446
f 380/439/447 183/443/447 217/442/447
f 216/444/448 221/441/448 217/442/448
f 217/442/449 182/445/449 216/444/449
f 217/442/450 183/443/450 182/445/450
f 182/445/451 226/446/451 216/444/451
f 231/447/452 184/449/452 230/448/452
f 184/449/453 231/447/453 232/450/453
f 186/451/454 247/453/454 185/452/454
f 195/454/455 218/456/455 219/455/455
f 218/456/456 485/458/456 191/457/456
f 232/450/457 219/455/457 191/457/457
f 219/455/458 218/456/458 191/457/458
f 191/457/459 485/458/459 193/459/459
f 199/460/460 220/462/460 248/461/460
f 186/451/461 187/464/461 248/463/461
f 199/465/462 198/466/462 220/462/462
f 198/466/463 178/467/463 214/440/463
f 221/441/464 216/444/464 222/468/464
f 222/468/465 214/440/465 221/441/465
f 220/462/466 214/440/466 222/468/466
f 198/466/467 214/440/467 220/462/467
f 275/469/468 274/471/468 225/470/468
f 160/472/469 223/474/469 280/473/469
f 223/474/470 211/476/470 280/475/470
f 223/474/471 159/477/471 211/476/471
f 159/477/472 213/478/472 211/476/472
f 228/479/473 226/481/473 224/480/473
f 228/479/474 216/482/474 226/481/474
f 226/481/475 225/483/475 224/480/475
f 229/484/476 224/480/476 530/485/476
f 259/486/477 530/485/477 224/480/477
f 246/487/478 227/489/478 288/488/478
f 228/479/479 229/484/479 227/489/479
f 222/490/480 216/482/480 228/479/480
f 530/485/481 227/489/481 229/484/481
f 229/484/482 228/479/482 224/480/482
f 231/491/483 230/493/483 294/492/483
f 231/491/484 294/492/484 296/494/484
f 294/492/485 247/496/485 287/495/485
f 230/493/486 185/497/486 247/496/486
f 230/493/487 247/496/487 294/492/487
f 232/498/488 231/491/488 296/494/488
f 531/499/489 236/501/489 238/500/489
f 236/501/490 244/502/490 238/500/490
f 278/503/491 277/505/491 292/504/491
f 277/505/492 201/506/492 292/504/492
f 201/506/493 237/507/493 292/504/493
f 238/500/494 237/507/494 531/499/494
f 237/507/495 188/508/495 531/499/495
f 237/507/496 238/500/496 292/504/496
f 238/500/497 239/509/497 292/504/497
f 238/500/498 244/502/498 239/509/498
f 195/510/499 219/512/499 243/511/499
f 240/513/500 219/512/500 241/514/500
f 241/514/501 236/501/501 240/513/501
f 241/514/502 219/512/502 232/498/502
f 296/494/503 241/514/503 232/498/503
f 243/511/504 219/512/504 240/513/504
f 240/513/505 236/501/505 531/499/505
f 188/508/506 243/511/506 531/499/506
f 531/499/507 243/511/507 240/513/507
f 243/511/508 188/508/508 194/515/508
f 244/502/509 301/516/509 239/509/509
f 247/496/510 246/487/510 287/495/510
f 248/517/511 246/487/511 247/496/511
f 220/518/512 245/519/512 248/517/512
f 246/487/513 248/517/513 245/519/513
f 245/519/514 227/489/514 246/487/514
f 220/518/515 222/490/515 245/519/515
f 227/489/516 245/519/516 228/479/516
f 245/519/517 222/490/517 228/479/517
f 247/496/518 186/520/518 248/517/518
f 257/521/519 259/486/519 274/522/519
f 259/486/520 257/521/520 256/523/520
f 260/524/521 257/521/521 321/525/521
f 257/521/522 260/524/522 256/523/522
f 320/526/523 256/523/523 258/527/523
f 258/527/524 256/523/524 260/524/524
f 262/528/525 263/530/525 261/529/525
f 263/530/526 267/531/526 261/529/526
f 321/525/527 262/528/527 532/532/527
f 257/521/528 262/528/528 321/525/528
f 275/533/529 262/528/529 257/521/529
f 262/528/530 261/529/530 532/532/530
f 262/528/531 275/533/531 264/534/531
f 275/533/532 469/535/532 264/534/532
f 319/536/533 267/531/533 527/537/533
f 319/536/534 527/537/534 325/538/534
f 527/537/535 265/539/535 325/538/535
f 527/537/536 470/540/536 265/539/536
f 264/534/537 270/541/537 263/530/537
f 263/530/538 270/541/538 267/531/538
f 270/541/539 527/537/539 267/531/539
f 270/541/540 470/540/540 527/537/540
f 262/528/541 264/534/541 263/530/541
f 264/534/542 525/542/542 270/541/542
f 224/480/543 274/522/543 259/486/543
f 224/480/544 225/483/544 274/522/544
f 274/522/545 275/533/545 257/521/545
f 275/533/546 495/543/546 469/535/546
f 491/544/547 470/540/547 270/541/547
f 470/540/548 491/544/548 468/545/548
f 468/545/549 498/546/549 470/540/549
f 518/547/550 225/483/550 226/481/550
f 198/548/551 177/550/551 178/549/551
f 181/551/552 177/550/552 198/548/552
f 233/552/553 235/554/553 234/553/553
f 242/555/554 235/554/554 233/552/554
f 234/553/555 235/554/555 266/556/555
f 295/557/556 242/555/556 233/552/556
f 242/555/557 289/558/557 235/554/557
f 269/559/558 324/560/558 266/556/558
f 235/554/559 289/558/559 266/556/559
f 269/559/560 289/558/560 507/561/560
f 266/556/561 289/558/561 269/559/561
f 269/559/562 268/562/562 324/560/562
f 324/560/563 268/562/563 276/563/563
f 268/562/564 327/564/564 276/563/564
f 271/565/565 273/567/565 272/566/565
f 334/568/566 276/563/566 271/565/566
f 276/563/567 273/567/567 271/565/567
f 327/564/568 328/569/568 276/563/568
f 276/563/569 328/569/569 273/567/569
f 249/570/570 310/572/570 251/571/570
f 250/573/571 253/574/571 249/570/571
f 250/573/572 249/570/572 251/571/572
f 281/575/573 286/576/573 251/571/573
f 286/576/574 250/573/574 251/571/574
f 253/574/575 255/577/575 249/570/575
f 255/577/576 322/579/576 503/578/576
f 503/578/577 322/579/577 329/580/577
f 434/581/578 322/579/578 255/577/578
f 252/582/579 272/584/579 254/583/579
f 206/585/580 208/587/580 282/586/580
f 279/588/581 497/589/581 282/586/581
f 497/589/582 206/585/582 282/586/582
f 508/590/583 206/585/583 497/589/583
f 508/590/584 204/591/584 206/585/584
f 350/592/585 82/594/585 160/593/585
f 279/588/586 282/586/586 283/595/586
f 285/596/587 283/595/587 284/597/587
f 282/586/588 284/597/588 283/595/588
f 508/590/589 211/598/589 204/591/589
f 286/576/590 281/575/590 283/595/590
f 285/596/591 286/576/591 283/595/591
f 280/599/592 211/598/592 508/590/592
f 285/596/593 451/600/593 286/576/593
f 285/596/594 284/597/594 452/601/594
f 451/602/595 250/573/595 286/576/595
f 246/603/596 288/605/596 287/604/596
f 287/604/597 288/605/597 530/606/597
f 227/607/598 530/606/598 288/605/598
f 320/608/599 289/609/599 530/606/599
f 530/606/600 259/610/600 320/608/600
f 502/611/601 290/613/601 233/612/601
f 233/612/602 290/613/602 295/614/602
f 292/615/603 291/617/603 278/616/603
f 291/617/604 239/619/604 355/618/604
f 291/617/605 355/618/605 354/620/605
f 355/618/606 302/622/606 293/621/606
f 519/623/607 287/604/607 490/624/607
f 519/623/608 294/625/608 287/604/608
f 530/606/609 490/624/609 287/604/609
f 296/626/610 290/613/610 236/627/610
f 519/623/611 490/624/611 295/614/611
f 519/623/612 290/613/612 296/626/612
f 519/623/613 295/614/613 290/613/613
f 294/625/614 519/623/614 296/626/614
f 234/628/615 522/629/615 233/612/615
f 297/630/616 233/612/616 522/629/616
f 522/629/617 234/628/617 499/631/617
f 499/631/618 234/628/618 266/632/618
f 499/631/619 493/633/619 522/629/619
f 292/615/620 239/619/620 291/617/620
f 295/614/621 490/624/621 242/634/621
f 490/624/622 289/609/622 242/634/622
f 289/609/623 490/624/623 530/606/623
f 297/630/624 492/635/624 502/611/624
f 492/635/625 297/630/625 298/636/625
f 502/611/626 233/612/626 297/630/626
f 522/629/627 298/636/627 297/630/627
f 302/622/628 492/635/628 293/637/628
f 492/635/629 299/638/629 293/637/629
f 298/636/630 299/638/630 492/635/630
f 298/636/631 300/639/631 299/638/631
f 290/613/632 244/640/632 236/627/632
f 298/636/633 522/629/633 300/639/633
f 493/633/634 300/639/634 522/629/634
f 492/635/635 302/622/635 301/641/635
f 502/611/636 492/635/636 301/641/636
f 301/641/637 244/640/637 502/611/637
f 502/611/638 244/640/638 290/613/638
f 239/619/639 301/641/639 355/618/639
f 302/622/640 355/618/640 301/641/640
f 296/626/641 236/627/641 241/642/641
f 308/643/642 330/645/642 304/644/642
f 308/643/643 318/646/643 330/645/643
f 310/647/644 305/649/644 480/648/644
f 308/643/645 304/644/645 303/650/645
f 303/650/646 306/652/646 314/651/646
f 306/652/647 513/653/647 314/651/647
f 309/654/648 305/649/648 536/655/648
f 308/643/649 314/651/649 536/655/649
f 303/650/650 314/651/650 308/643/650
f 303/650/651 511/656/651 306/652/651
f 251/657/652 311/659/652 281/658/652
f 536/655/653 305/649/653 307/660/653
f 311/659/654 309/654/654 313/661/654
f 307/660/655 308/643/655 536/655/655
f 480/648/656 251/657/656 310/647/656
f 281/658/657 311/659/657 312/662/657
f 313/661/658 338/663/658 312/662/658
f 307/660/659 305/649/659 310/647/659
f 315/664/660 313/661/660 316/665/660
f 338/663/661 313/661/661 315/664/661
f 311/659/662 313/661/662 312/662/662
f 536/655/663 313/661/663 309/654/663
f 314/651/664 316/665/664 313/661/664
f 314/651/665 313/661/665 536/655/665
f 252/666/666 503/668/666 329/667/666
f 314/651/667 513/653/667 316/665/667
f 503/669/668 249/671/668 255/670/668
f 310/647/669 254/672/669 318/646/669
f 503/668/670 252/666/670 310/647/670
f 252/666/671 254/672/671 310/647/671
f 310/647/672 249/671/672 503/669/672
f 304/644/673 511/656/673 303/650/673
f 317/673/674 332/674/674 304/644/674
f 332/674/675 483/675/675 304/644/675
f 483/675/676 511/656/676 304/644/676
f 318/646/677 307/660/677 310/647/677
f 318/646/678 308/643/678 307/660/678
f 330/645/679 318/646/679 254/672/679
f 251/657/680 480/648/680 311/659/680
f 304/644/681 330/645/681 317/673/681
f 305/649/682 311/659/682 480/648/682
f 309/654/683 311/659/683 305/649/683
f 328/676/684 319/678/684 325/677/684
f 507/679/685 289/609/685 258/680/685
f 256/681/686 320/608/686 259/610/686
f 260/682/687 532/683/687 507/679/687
f 532/683/688 260/682/688 321/684/688
f 507/679/689 258/680/689 260/682/689
f 507/679/690 327/686/690 268/685/690
f 319/678/691 507/679/691 532/683/691
f 319/678/692 327/686/692 507/679/692
f 323/687/693 333/689/693 436/688/693
f 532/683/694 261/690/694 319/678/694
f 261/690/695 267/691/695 319/678/695
f 499/631/696 266/632/696 324/692/696
f 269/693/697 507/679/697 268/685/697
f 289/609/698 320/608/698 258/680/698
f 326/694/699 265/696/699 470/695/699
f 328/676/700 327/686/700 319/678/700
f 330/645/701 325/677/701 265/696/701
f 330/645/702 272/697/702 325/677/702
f 254/698/703 272/697/703 330/645/703
f 329/699/704 271/701/704 252/700/704
f 271/701/705 272/697/705 252/702/705
f 488/703/706 271/701/706 329/699/706
f 272/697/707 273/704/707 325/677/707
f 330/645/708 332/674/708 317/673/708
f 330/645/709 326/694/709 332/674/709
f 326/694/710 330/645/710 265/696/710
f 276/705/711 331/706/711 324/692/711
f 331/706/712 276/705/712 334/707/712
f 326/694/713 498/708/713 332/674/713
f 493/633/714 331/706/714 411/709/714
f 499/631/715 331/706/715 493/633/715
f 413/710/716 411/709/716 335/711/716
f 331/706/717 334/707/717 335/711/717
f 331/706/718 499/631/718 324/692/718
f 411/709/719 331/706/719 335/711/719
f 488/703/720 333/689/720 334/707/720
f 334/707/721 333/689/721 335/711/721
f 335/711/722 333/689/722 417/712/722
f 329/699/723 322/713/723 436/688/723
f 333/689/724 329/699/724 436/688/724
f 329/699/725 333/689/725 488/703/725
f 417/712/726 333/689/726 323/687/726
f 334/707/727 271/701/727 488/703/727
f 328/676/728 325/677/728 273/704/728
f 277/714/729 278/616/729 336/715/729
f 337/716/730 278/616/730 291/617/730
f 341/717/731 346/719/731 340/718/731
f 341/717/732 347/720/732 346/719/732
f 508/721/733 494/723/733 339/722/733
f 312/662/734 338/663/734 352/724/734
f 494/723/735 344/726/735 342/725/735
f 339/722/736 494/723/736 342/725/736
f 497/727/737 343/728/737 494/723/737
f 352/724/738 338/663/738 340/718/738
f 341/717/739 340/718/739 338/663/739
f 315/664/740 341/717/740 338/663/740
f 497/727/741 279/729/741 343/728/741
f 279/729/742 352/724/742 343/728/742
f 343/728/743 352/724/743 340/718/743
f 281/658/744 279/729/744 283/730/744
f 281/658/745 312/662/745 279/729/745
f 497/727/746 494/723/746 508/721/746
f 343/728/747 346/719/747 494/723/747
f 346/719/748 344/726/748 494/723/748
f 343/728/749 340/718/749 346/719/749
f 346/719/750 347/720/750 345/731/750
f 346/719/751 345/731/751 372/732/751
f 344/726/752 346/719/752 372/732/752
f 315/664/753 348/733/753 341/717/753
f 315/664/754 316/665/754 348/733/754
f 348/733/755 347/720/755 341/717/755
f 280/734/756 351/736/756 350/735/756
f 160/737/757 280/734/757 350/735/757
f 351/736/758 378/738/758 350/735/758
f 339/722/759 351/736/759 280/734/759
f 349/739/760 351/736/760 339/722/760
f 508/721/761 339/722/761 280/740/761
f 279/729/762 312/662/762 352/724/762
f 498/708/763 326/694/763 470/695/763
f 483/675/764 332/674/764 498/708/764
f 476/741/765 483/675/765 498/708/765
f 474/742/766 511/656/766 483/675/766
f 477/743/767 474/742/767 483/675/767
f 483/675/768 476/741/768 477/743/768
f 493/744/769 412/746/769 300/745/769
f 300/745/770 367/748/770 299/747/770
f 300/745/771 353/749/771 367/748/771
f 412/746/772 353/749/772 300/745/772
f 291/750/773 354/752/773 337/751/773
f 355/753/774 293/755/774 358/754/774
f 293/755/775 359/756/775 358/754/775
f 363/757/776 293/755/776 299/747/776
f 299/747/777 366/758/777 363/757/777
f 299/747/778 367/748/778 366/758/778
f 337/751/779 354/752/779 357/759/779
f 354/752/780 358/754/780 357/759/780
f 354/752/781 355/753/781 358/754/781
f 363/757/782 361/760/782 359/756/782
f 363/757/783 359/756/783 293/755/783
f 359/756/784 424/761/784 358/754/784
f 424/761/785 359/756/785 362/762/785
f 359/756/786 360/763/786 362/762/786
f 362/762/787 360/763/787 424/761/787
f 360/763/788 426/764/788 424/761/788
f 361/760/789 360/765/789 359/756/789
f 364/766/790 360/765/790 361/760/790
f 363/757/791 364/766/791 361/760/791
f 365/767/792 364/766/792 366/758/792
f 366/758/793 364/766/793 363/757/793
f 366/758/794 367/748/794 365/767/794
f 367/748/795 396/768/795 365/767/795
f 364/766/796 365/767/796 360/765/796
f 367/748/797 353/749/797 400/769/797
f 367/748/798 400/769/798 396/770/798
f 474/771/799 306/773/799 511/772/799
f 513/774/800 306/773/800 376/775/800
f 356/776/801 376/775/801 306/773/801
f 342/777/802 344/779/802 369/778/802
f 342/777/803 349/781/803 339/780/803
f 342/777/804 370/782/804 349/781/804
f 369/778/805 371/784/805 368/783/805
f 342/777/806 368/783/806 370/782/806
f 342/777/807 369/778/807 368/783/807
f 369/778/808 372/785/808 371/784/808
f 344/779/809 372/785/809 369/778/809
f 372/785/810 373/787/810 374/786/810
f 347/788/811 373/787/811 345/789/811
f 345/789/812 373/787/812 372/785/812
f 347/788/813 375/790/813 373/787/813
f 372/785/814 374/786/814 371/784/814
f 376/775/815 377/792/815 348/791/815
f 348/791/816 405/793/816 375/790/816
f 348/791/817 377/792/817 405/793/817
f 375/790/818 347/788/818 348/791/818
f 379/794/819 349/781/819 370/782/819
f 316/795/820 513/774/820 348/791/820
f 348/791/821 513/774/821 376/775/821
f 349/781/822 379/794/822 351/796/822
f 473/797/823 356/776/823 306/773/823
f 306/773/824 474/771/824 473/797/824
f 178/798/825 380/800/825 214/799/825
f 178/798/826 215/801/826 380/800/826
f 380/800/827 384/803/827 381/802/827
f 380/800/828 381/802/828 183/804/828
f 381/802/829 382/805/829 183/804/829
f 182/806/830 518/808/830 226/807/830
f 182/806/831 383/809/831 518/808/831
f 383/809/832 515/810/832 518/808/832
f 182/806/833 183/804/833 383/809/833
f 382/805/834 383/809/834 183/804/834
f 383/809/835 386/811/835 515/810/835
f 215/801/836 384/803/836 380/800/836
f 459/812/837 215/801/837 167/813/837
f 459/812/838 384/803/838 215/801/838
f 384/803/839 459/812/839 385/814/839
f 459/812/840 461/815/840 385/814/840
f 225/816/841 518/818/841 275/817/841
f 515/819/842 463/820/842 518/818/842
f 518/818/843 463/820/843 495/821/843
f 275/817/844 518/818/844 495/821/844
f 473/822/845 387/824/845 356/823/845
f 471/825/846 387/824/846 473/822/846
f 356/823/847 407/827/847 376/826/847
f 370/828/848 402/830/848 379/829/848
f 403/831/849 401/833/849 368/832/849
f 401/833/850 403/831/850 67/834/850
f 66/835/851 402/830/851 401/833/851
f 370/836/852 368/832/852 401/833/852
f 401/833/853 67/834/853 66/835/853
f 373/837/854 404/839/854 374/838/854
f 375/840/855 404/839/855 373/837/855
f 405/841/856 404/839/856 375/840/856
f 405/841/857 78/842/857 404/839/857
f 371/843/858 374/838/858 403/831/858
f 404/839/859 403/831/859 374/838/859
f 404/839/860 80/844/860 403/831/860
f 377/845/861 92/846/861 405/841/861
f 371/843/862 403/831/862 368/832/862
f 403/831/863 80/844/863 76/847/863
f 376/826/864 407/827/864 377/845/864
f 356/823/865 406/848/865 407/827/865
f 54/849/866 402/830/866 66/835/866
f 379/829/867 378/851/867 351/850/867
f 379/829/868 54/849/868 408/852/868
f 407/827/869 92/846/869 377/845/869
f 407/827/870 86/853/870 92/846/870
f 405/841/871 92/846/871 78/842/871
f 406/848/872 356/823/872 387/824/872
f 402/830/873 370/828/873 401/833/873
f 379/829/874 408/852/874 378/851/874
f 54/849/875 379/829/875 402/830/875
f 473/822/876 474/854/876 471/825/876
f 471/825/877 474/854/877 477/855/877
f 400/856/878 410/858/878 103/857/878
f 103/857/879 509/859/879 400/856/879
f 509/859/880 523/861/880 388/860/880
f 509/859/881 103/857/881 523/861/881
f 423/862/882 390/864/882 389/863/882
f 430/865/883 390/864/883 423/862/883
f 390/864/884 391/866/884 389/863/884
f 394/867/885 391/866/885 390/864/885
f 398/868/886 392/869/886 394/867/886
f 393/870/887 392/869/887 398/868/887
f 427/871/888 390/864/888 430/865/888
f 427/871/889 394/867/889 390/864/889
f 395/872/890 393/870/890 398/868/890
f 395/872/891 388/860/891 21/873/891
f 34/874/892 392/869/892 393/870/892
f 394/867/893 392/869/893 391/866/893
f 392/869/894 37/875/894 391/866/894
f 34/874/895 37/875/895 392/869/895
f 398/868/896 427/877/896 397/876/896
f 397/876/897 399/878/897 398/868/897
f 365/879/898 396/880/898 397/876/898
f 396/880/899 399/878/899 397/876/899
f 396/880/900 509/859/900 399/878/900
f 400/856/901 509/859/901 396/880/901
f 398/868/902 394/867/902 427/871/902
f 399/878/903 395/872/903 398/868/903
f 399/878/904 509/859/904 395/872/904
f 509/859/905 388/860/905 395/872/905
f 91/881/906 73/883/906 72/882/906
f 411/884/907 412/886/907 493/885/907
f 411/884/908 414/887/908 412/886/908
f 419/888/909 413/890/909 335/889/909
f 411/884/910 413/890/910 414/887/910
f 414/887/911 353/891/911 412/886/911
f 414/887/912 410/892/912 353/891/912
f 414/887/913 415/893/913 410/892/913
f 413/890/914 415/893/914 414/887/914
f 416/894/915 415/893/915 413/890/915
f 505/895/916 416/894/916 413/890/916
f 417/896/917 418/897/917 419/888/917
f 417/896/918 419/888/918 335/898/918
f 353/899/919 410/892/919 400/900/919
f 410/892/920 409/902/920 103/901/920
f 415/893/921 409/902/921 410/892/921
f 337/903/922 336/905/922 278/904/922
f 357/906/923 420/907/923 337/903/923
f 357/906/924 424/908/924 420/907/924
f 420/907/925 421/909/925 337/903/925
f 425/910/926 420/907/926 424/908/926
f 420/907/927 428/911/927 421/909/927
f 425/910/928 422/912/928 420/907/928
f 358/913/929 424/908/929 357/906/929
f 389/914/930 44/916/930 423/915/930
f 424/908/931 426/917/931 425/910/931
f 360/918/932 427/919/932 426/917/932
f 420/907/933 422/912/933 428/911/933
f 423/915/934 431/920/934 422/912/934
f 429/921/935 423/915/935 422/912/935
f 425/910/936 429/921/936 422/912/936
f 426/917/937 429/921/937 425/910/937
f 427/919/938 429/921/938 426/917/938
f 427/919/939 430/922/939 429/921/939
f 430/922/940 423/915/940 429/921/940
f 337/903/941 421/909/941 336/905/941
f 397/923/942 360/918/942 365/924/942
f 360/918/943 397/923/943 427/919/943
f 422/912/944 431/920/944 428/911/944
f 378/925/945 85/927/945 350/926/945
f 190/928/946 432/930/946 162/929/946
f 106/931/947 2/932/947 432/930/947
f 166/933/948 162/929/948 433/934/948
f 162/929/949 1/935/949 433/934/949
f 443/936/950 196/938/950 194/937/950
f 444/939/951 535/940/951 443/936/951
f 446/941/952 438/943/952 440/942/952
f 438/943/953 23/944/953 440/942/953
f 448/945/954 44/946/954 438/943/954
f 447/947/955 535/940/955 129/948/955
f 44/946/956 23/944/956 438/943/956
f 510/949/957 439/950/957 444/939/957
f 440/942/958 439/950/958 510/949/958
f 440/942/959 22/951/959 439/950/959
f 535/940/960 444/939/960 439/950/960
f 439/950/961 22/952/961 535/940/961
f 24/953/962 535/940/962 22/954/962
f 423/955/963 44/946/963 448/945/963
f 24/953/964 129/948/964 535/940/964
f 336/956/965 441/958/965 277/957/965
f 336/956/966 421/959/966 441/958/966
f 421/959/967 202/960/967 441/958/967
f 421/959/968 524/961/968 202/960/968
f 445/962/969 510/949/969 202/960/969
f 194/937/970 442/963/970 443/936/970
f 192/964/971 442/963/971 194/937/971
f 192/964/972 510/949/972 442/963/972
f 510/949/973 444/939/973 442/963/973
f 442/963/974 444/939/974 443/936/974
f 524/961/975 445/962/975 202/960/975
f 428/965/976 446/941/976 524/961/976
f 421/959/977 428/965/977 524/961/977
f 431/966/978 446/941/978 428/965/978
f 446/941/979 445/962/979 524/961/979
f 445/962/980 440/942/980 510/949/980
f 446/941/981 440/942/981 445/962/981
f 431/966/982 448/945/982 446/941/982
f 423/967/983 448/945/983 431/966/983
f 446/941/984 448/945/984 438/943/984
f 443/936/985 535/940/985 447/947/985
f 253/968/986 434/970/986 255/969/986
f 253/968/987 455/971/987 434/970/987
f 455/971/988 435/972/988 434/970/988
f 323/973/989 418/975/989 417/974/989
f 323/973/990 436/976/990 418/975/990
f 436/976/991 505/977/991 418/975/991
f 434/970/992 436/976/992 322/978/992
f 437/979/993 436/976/993 434/970/993
f 435/972/994 437/979/994 434/970/994
f 436/976/995 437/979/995 505/977/995
f 413/980/996 419/981/996 418/975/996
f 413/982/997 418/975/997 505/977/997
f 505/977/998 457/984/998 416/983/998
f 416/983/999 457/984/999 415/985/999
f 437/979/1000 457/984/1000 505/977/1000
f 456/986/1001 47/988/1001 48/987/1001
f 454/989/1002 449/990/1002 47/988/1002
f 209/991/1003 140/993/1003 74/992/1003
f 209/994/1004 74/992/1004 210/995/1004
f 210/995/1005 450/997/1005 452/996/1005
f 210/995/1006 74/992/1006 450/997/1006
f 451/998/1007 455/971/1007 250/999/1007
f 455/971/1008 253/968/1008 250/999/1008
f 452/996/1009 453/1000/1009 451/998/1009
f 452/996/1010 450/997/1010 453/1000/1010
f 453/1000/1011 454/989/1011 451/998/1011
f 454/989/1012 455/971/1012 451/998/1012
f 450/997/1013 484/1001/1013 453/1000/1013
f 96/1002/1014 453/1000/1014 484/1001/1014
f 453/1000/1015 96/1002/1015 454/989/1015
f 96/1002/1016 449/990/1016 454/989/1016
f 59/1003/1017 449/990/1017 96/1002/1017
f 454/989/1018 47/988/1018 455/971/1018
f 455/971/1019 456/986/1019 435/972/1019
f 455/971/1020 47/988/1020 456/986/1020
f 457/984/1021 104/1004/1021 415/985/1021
f 437/979/1022 99/1005/1022 457/984/1022
f 435/972/1023 456/986/1023 437/979/1023
f 456/986/1024 99/1005/1024 437/979/1024
f 48/1006/1025 99/1005/1025 456/986/1025
f 82/1007/1026 350/1009/1026 85/1008/1026
f 383/1010/1027 382/1012/1027 386/1011/1027
f 386/1011/1028 382/1012/1028 458/1013/1028
f 382/1012/1029 145/1014/1029 458/1013/1029
f 142/1015/1030 461/1017/1030 459/1016/1030
f 461/1017/1031 460/1019/1031 381/1018/1031
f 461/1017/1032 144/1020/1032 460/1019/1032
f 460/1019/1033 382/1012/1033 381/1018/1033
f 460/1019/1034 145/1014/1034 382/1012/1034
f 460/1019/1035 144/1020/1035 145/1014/1035
f 385/1021/1036 461/1017/1036 384/1022/1036
f 386/1011/1037 458/1013/1037 147/1023/1037
f 458/1013/1038 145/1014/1038 147/1023/1038
f 386/1011/1039 147/1023/1039 534/1024/1039
f 386/1011/1040 534/1024/1040 515/1025/1040
f 463/1026/1041 462/1028/1041 482/1027/1041
f 482/1027/1042 462/1028/1042 467/1029/1042
f 534/1030/1043 462/1028/1043 463/1026/1043
f 482/1027/1044 467/1029/1044 500/1031/1044
f 462/1028/1045 153/1032/1045 467/1029/1045
f 148/1033/1046 118/1035/1046 466/1034/1046
f 467/1029/1047 148/1033/1047 466/1034/1047
f 153/1032/1048 148/1033/1048 467/1029/1048
f 264/1036/1049 469/1038/1049 525/1037/1049
f 472/1039/1050 465/1041/1050 464/1040/1050
f 465/1041/1051 152/1042/1051 464/1040/1051
f 472/1039/1052 466/1034/1052 465/1041/1052
f 270/1043/1053 525/1037/1053 491/1044/1053
f 469/1038/1054 500/1031/1054 525/1037/1054
f 500/1031/1055 467/1029/1055 525/1037/1055
f 467/1029/1056 466/1034/1056 525/1037/1056
f 468/1045/1057 472/1039/1057 464/1040/1057
f 491/1044/1058 525/1037/1058 472/1039/1058
f 525/1037/1059 466/1034/1059 472/1039/1059
f 515/1046/1060 534/1030/1060 463/1026/1060
f 495/1047/1061 463/1026/1061 482/1027/1061
f 495/1047/1062 500/1031/1062 469/1038/1062
f 495/1047/1063 482/1027/1063 500/1031/1063
f 464/1040/1064 476/1048/1064 468/1045/1064
f 472/1039/1065 468/1045/1065 491/1044/1065
f 498/1049/1066 468/1045/1066 476/1048/1066
f 152/1042/1067 478/1050/1067 464/1040/1067
f 464/1040/1068 478/1051/1068 476/1048/1068
