# Blender 5.2.2 LTS
# www.blender.org
mtllib crest.mtl
o Parasaurolophus_Crest
v -1.200000 0.550000 -0.450000
v -1.200000 0.550000 0.450000
v 1.200000 0.550000 -0.450000
v 1.200000 0.550000 0.450000
v -1.905621 0.205687 -0.449780
v -1.848226 -0.892400 -0.449778
v -1.905647 0.205671 0.449778
v -1.848008 -0.892356 0.449766
v 0.522921 0.549600 -0.449644
v 0.523045 -0.549776 -0.449406
v 0.522709 -0.549624 -0.449796
v 0.523007 0.549381 0.449720
v 0.522732 0.549744 0.449445
v 0.522933 -0.549711 0.449651
v -2.515063 0.055557 0.449781
v -2.515165 0.055527 -0.449790
v -2.400266 -1.038006 -0.449784
v -2.400269 -1.038025 0.449786
v -2.987592 -0.237279 0.451021
v -2.987592 -0.237277 0.451020
v -2.987759 -0.238527 0.449966
v -2.987460 -0.237878 0.449449
v -2.987494 -0.237990 -0.449617
v -2.986904 -0.238336 -0.449991
v -2.986903 -0.238334 -0.449991
v -2.986905 -0.238334 -0.449990
v -2.986904 -0.238334 -0.449990
v -2.987664 -0.237577 -0.448945
v -2.987294 -0.238546 -0.449959
v -2.815873 -1.324684 -0.450000
v -2.815873 -1.324684 -0.450000
v -2.815873 -1.324688 -0.450000
v -2.815873 -1.324684 -0.450000
v -2.815873 -1.324684 -0.450000
v -2.815873 -1.324684 -0.450000
v -2.815873 -1.324684 -0.450000
v -2.815873 -1.324685 -0.450000
v -2.815873 -1.324684 -0.450000
v -2.815873 -1.324685 -0.450000
v -2.815873 -1.324686 -0.450000
v -2.815873 -1.324685 -0.450000
v -2.815873 -1.324684 -0.450000
v -2.815873 -1.324685 -0.450000
v -2.815873 -1.324685 -0.450000
v -2.815401 -1.323726 -0.449979
v -2.815872 -1.324684 -0.449998
v -2.815873 -1.324684 -0.450000
v -2.815873 -1.324684 -0.450000
v -2.815873 -1.324684 -0.450000
v -2.815872 -1.324684 -0.449999
v -2.815872 -1.324684 -0.449999
v -2.815872 -1.324684 -0.449999
v -2.815873 -1.324684 -0.450000
v -2.815872 -1.324684 -0.449999
v -2.815872 -1.324684 -0.449999
v -2.815873 -1.324684 -0.450000
v -2.815873 -1.324684 -0.450000
v -2.815873 -1.324684 -0.450000
v -2.815872 -1.324684 -0.449999
v -2.815873 -1.324684 -0.450000
v -2.815872 -1.324684 -0.449999
v -2.815873 -1.324684 -0.450000
v -2.815873 -1.324684 -0.450000
v -2.815873 -1.324684 -0.450000
v -2.815873 -1.324684 -0.450000
v -2.815873 -1.324684 -0.450000
v -2.815873 -1.324684 -0.450000
v -2.815873 -1.324684 -0.450000
v -2.815873 -1.324684 -0.450000
v -2.815873 -1.324684 -0.450000
v -2.815873 -1.324684 -0.450000
v -2.815873 -1.324684 -0.450000
v -2.815873 -1.324684 -0.450000
v -2.815873 -1.324684 -0.450000
v -2.815873 -1.324684 -0.450000
v -2.815873 -1.324684 -0.450000
v -2.815873 -1.324684 -0.450000
v -2.815650 -1.324231 -0.449983
v -2.815651 -1.324229 -0.449985
v -2.815650 -1.324231 -0.449984
v -2.815650 -1.324230 -0.449984
v -2.815315 -1.324299 -0.449324
v -2.815314 -1.324299 -0.449320
v -2.815091 -1.324093 -0.449358
v -2.815873 -1.324684 -0.450000
v -2.815873 -1.324684 -0.450000
v -2.815873 -1.324684 -0.450000
v -2.815873 -1.324684 -0.450000
v -2.815873 -1.324684 -0.450000
v -2.815873 -1.324684 -0.450000
v -2.815873 -1.324684 -0.450000
v -2.815873 -1.324684 -0.450000
v -2.815873 -1.324684 -0.450000
v -2.815873 -1.324684 -0.450000
v -2.815873 -1.324684 -0.450000
v -2.815873 -1.324684 -0.450000
v -2.815873 -1.324684 -0.450000
v -2.815873 -1.324684 -0.450000
v -2.815873 -1.324684 -0.450000
v -2.815873 -1.324684 -0.450000
v -2.815593 -1.324492 -0.449661
v -2.815593 -1.324492 -0.449661
v -2.815593 -1.324492 -0.449660
v -2.815593 -1.324492 -0.449660
v -2.815593 -1.324492 -0.449660
v -2.815593 -1.324492 -0.449661
v -2.815593 -1.324492 -0.449660
v -2.815593 -1.324492 -0.449660
v -2.815593 -1.324492 -0.449661
v -2.815593 -1.324492 -0.449660
v -2.815593 -1.324492 -0.449661
v -2.815594 -1.324491 -0.449662
v -2.815593 -1.324492 -0.449661
v -2.815594 -1.324492 -0.449661
v -2.815593 -1.324492 -0.449661
v -2.815594 -1.324492 -0.449661
v -2.815594 -1.324492 -0.449662
v -2.815594 -1.324491 -0.449662
v -2.815593 -1.324492 -0.449661
v -2.815594 -1.324492 -0.449661
v -2.815873 -1.324684 0.450000
v -2.815873 -1.324684 0.450000
v -2.815873 -1.324684 0.450000
v -2.815872 -1.324684 0.450000
v -2.815872 -1.324684 0.450000
v -2.815873 -1.324684 0.450000
v -2.815872 -1.324684 0.449999
v -2.815872 -1.324684 0.449998
v -2.815872 -1.324683 0.449999
v -2.816014 -1.323987 0.449986
v -2.815931 -1.324325 0.450000
v -2.815930 -1.324324 0.450000
v -2.815539 -1.324357 0.449646
v -2.989718 -0.242602 0.449821
v -2.989769 -0.243043 0.450993
v -2.989769 -0.243043 0.450993
v -2.989769 -0.243043 0.450990
v -2.989769 -0.243043 0.450993
v -2.989769 -0.243043 0.450992
v -2.989479 -0.243132 0.450025
v -2.986904 -0.238331 -0.449990
v -2.986903 -0.238335 -0.449991
v -2.986845 -0.234859 -0.449092
v -2.986866 -0.236009 -0.449956
v -2.816848 -1.324653 -0.449937
v -2.815874 -1.324684 -0.450000
v -2.815873 -1.324684 -0.450000
v -2.815873 -1.324684 -0.450000
v -2.815873 -1.324684 -0.450000
v -2.815873 -1.324684 -0.450000
v -2.815873 -1.324684 -0.450000
v -2.815873 -1.324684 -0.450000
v -2.815873 -1.324684 -0.450000
v -2.815873 -1.324684 -0.450000
v -2.815873 -1.324684 -0.450000
v -2.815873 -1.324684 -0.450000
v -2.815873 -1.324684 -0.450000
v -2.815873 -1.324684 -0.450000
v -2.815873 -1.324684 -0.450000
v -2.815873 -1.324684 -0.450000
v -2.815873 -1.324684 -0.450000
v -2.815873 -1.324684 -0.450000
v -2.815873 -1.324684 -0.450000
v -2.815873 -1.324685 -0.449998
v -2.815873 -1.324684 -0.450000
v -2.815873 -1.324684 -0.450000
v -2.815873 -1.324684 -0.450000
v -2.815873 -1.324684 -0.450000
v -2.815873 -1.324684 -0.450000
v -2.815873 -1.324684 -0.449999
v -2.815873 -1.324685 -0.449998
v -2.815873 -1.324685 -0.449999
v -2.815873 -1.324684 -0.450000
v -2.815873 -1.324684 -0.449999
v -2.815873 -1.324684 -0.449999
v -2.816290 -1.326730 -0.450000
v -2.816293 -1.326721 -0.450000
v -2.816290 -1.326730 -0.450000
v -2.816454 -1.325023 -0.449865
v -2.815873 -1.324684 -0.450000
v -2.815873 -1.324684 -0.450000
v -2.815873 -1.324684 -0.450000
v -2.815873 -1.324684 -0.450000
v -2.815873 -1.324684 -0.450000
v -2.815873 -1.324684 -0.450000
v -2.815873 -1.324684 -0.450000
v -2.815873 -1.324684 -0.450000
v -2.815873 -1.324684 -0.450000
v -2.815873 -1.324684 -0.450000
v -2.815873 -1.324684 -0.450000
v -2.815873 -1.324684 -0.450000
v -2.815873 -1.324684 -0.450000
v -2.815873 -1.324684 -0.450000
v -2.815873 -1.324684 -0.450000
v -2.815873 -1.324684 -0.450000
v -2.815976 -1.326641 -0.450000
v -2.815976 -1.326641 -0.450000
v -2.815977 -1.326639 -0.450000
v -2.815977 -1.326639 -0.450000
v -2.815977 -1.326634 -0.450000
v -2.815977 -1.326633 -0.450000
v -2.815977 -1.326637 -0.450000
v -2.815976 -1.326641 -0.450000
v -2.815977 -1.326638 -0.450000
v -2.815977 -1.326640 -0.450000
v -2.815976 -1.326640 -0.450000
v -2.815976 -1.326641 -0.450000
v -2.815976 -1.326640 -0.450000
v -2.815976 -1.326641 -0.450000
v -2.815991 -1.326415 -0.449968
v -2.815976 -1.326641 -0.450000
v -2.815977 -1.326637 -0.450000
v -2.815976 -1.326641 -0.450000
v -2.815977 -1.326637 -0.450000
v -2.815976 -1.326633 -0.450000
v -2.815977 -1.326635 -0.450000
v -2.815977 -1.326637 -0.450000
v -2.815976 -1.326641 -0.450000
v -2.815977 -1.326638 -0.450000
v -2.815873 -1.324684 -0.450000
v -2.815873 -1.324684 -0.450000
v -2.815873 -1.324684 -0.450000
v -2.815873 -1.324684 -0.450000
v -2.815873 -1.324684 -0.450000
v -2.815873 -1.324684 -0.450000
v -2.815873 -1.324684 -0.450000
v -2.815873 -1.324684 -0.450000
v -2.815873 -1.324684 -0.450000
v -2.815873 -1.324684 -0.450000
v -2.815873 -1.324684 -0.450000
v -2.815873 -1.324684 -0.450000
v -2.815873 -1.324684 -0.450000
v -2.815873 -1.324684 -0.450000
v -2.815873 -1.324684 -0.450000
v -2.815873 -1.324684 -0.450000
v -2.816096 -1.324859 -0.449730
v -2.816096 -1.324859 -0.449731
v -2.816096 -1.324858 -0.449730
v -2.816097 -1.324859 -0.449730
v -2.816096 -1.324858 -0.449731
v -2.816350 -1.325113 -0.449350
v -2.816381 -1.325032 -0.449523
v -2.816319 -1.325034 0.449423
v -2.815873 -1.324685 0.449997
v -2.815873 -1.324684 0.450000
v -2.815873 -1.324684 0.450000
v -2.815873 -1.324685 0.449998
v -2.815873 -1.324685 0.449998
v -2.815873 -1.324684 0.449999
v -2.815873 -1.324684 0.450000
v -2.815873 -1.324684 0.449999
v -2.815873 -1.324684 0.449999
v -2.815873 -1.324684 0.450000
v -2.815873 -1.324684 0.450000
v -3.469226 -0.618609 0.450000
v -3.469226 -0.618609 0.450000
v -3.469226 -0.618609 0.450000
v -3.469225 -0.618608 0.449998
v -3.469225 -0.618608 0.449998
v -3.469226 -0.618608 0.449999
v -3.469226 -0.618609 0.450000
v -3.469225 -0.618608 0.449999
v -3.469225 -0.618608 0.449999
v -3.469226 -0.618609 0.450000
v -3.469226 -0.618609 0.450000
v -3.469226 -0.618609 0.450000
v -3.469225 -0.618608 0.449999
v -3.469226 -0.618609 0.450000
v -3.469226 -0.618609 0.450000
v -3.469226 -0.618609 0.450000
v -3.469226 -0.618609 0.450000
v -3.469225 -0.618609 0.450000
v -3.469226 -0.618609 0.450000
v -3.469226 -0.618609 0.450000
v -3.469226 -0.618609 0.450000
v -3.469226 -0.618609 0.450000
v -3.469225 -0.618609 0.450000
v -3.469226 -0.618609 0.450000
v -3.469226 -0.618609 0.450000
v -3.469225 -0.618609 0.450000
v -3.469225 -0.618609 0.450000
v -3.469225 -0.618609 0.450000
v -3.469226 -0.618609 0.450000
v -3.469225 -0.618609 0.450000
v -3.469225 -0.618609 0.450000
v -3.468480 -0.618070 0.449149
v -3.469226 -0.618609 0.450000
v -3.469226 -0.618609 0.450000
v -3.469226 -0.618609 0.450000
v -3.469226 -0.618609 0.450000
v -3.469226 -0.618609 0.450000
v -3.469226 -0.618609 0.450000
v -3.469226 -0.618609 0.450000
v -3.469226 -0.618609 0.450000
v -3.469226 -0.618609 0.450000
v -3.469226 -0.618609 0.450000
v -3.469226 -0.618609 0.450000
v -3.469226 -0.618609 0.450000
v -3.469226 -0.618609 0.450000
v -3.469226 -0.618609 0.450000
v -3.469226 -0.618609 0.450000
v -3.469226 -0.618609 0.450000
v -3.468959 -0.618399 0.449661
v -3.468959 -0.618399 0.449661
v -3.468959 -0.618399 0.449661
v -3.468959 -0.618399 0.449660
v -3.468959 -0.618399 0.449660
v -3.468959 -0.618399 0.449661
v -3.468959 -0.618399 0.449660
v -3.468959 -0.618399 0.449660
v -3.468959 -0.618399 0.449660
v -3.468960 -0.618399 0.449660
v -3.468907 -0.618355 0.449649
v -3.468959 -0.618399 0.449661
v -3.468959 -0.618399 0.449661
v -3.468959 -0.618399 0.449660
v -3.468959 -0.618399 0.449660
v -3.468959 -0.618399 0.449661
v -3.468959 -0.618399 0.449660
v -3.468959 -0.618399 0.449660
v -3.468959 -0.618399 0.449661
v -3.468959 -0.618399 0.449660
v -3.470349 -0.611955 0.449999
v -3.469226 -0.618609 0.450000
v -3.469226 -0.618609 0.450000
v -3.469226 -0.618609 0.450000
v -3.469226 -0.618609 0.450000
v -3.469226 -0.618609 0.450000
v -3.469226 -0.618609 0.450000
v -3.469226 -0.618609 0.450000
v -3.469226 -0.618609 0.450000
v -3.469226 -0.618609 0.450000
v -3.469226 -0.618609 0.450000
v -3.469226 -0.618609 0.450000
v -3.469226 -0.618609 0.450000
v -3.469226 -0.618609 0.450000
v -3.469226 -0.618609 0.450000
v -3.469226 -0.618609 0.450000
v -3.469226 -0.618609 0.450000
v -3.468839 -0.618304 0.449508
v -3.468840 -0.618296 0.449508
v -3.468839 -0.618304 0.449508
v -3.468839 -0.618305 0.449507
v -3.468839 -0.618304 0.449507
v -3.468839 -0.618304 0.449508
v -3.468839 -0.618305 0.449508
v -3.468990 -0.616473 0.450015
v -3.468693 -0.618190 0.449322
v -3.468694 -0.618191 0.449325
v -3.468692 -0.618189 0.449322
v -3.468578 -0.618221 0.449729
v -3.469226 -0.618609 -0.450000
v -3.469226 -0.618609 -0.450000
v -3.469226 -0.618609 -0.450000
v -3.469226 -0.618609 -0.450000
v -3.469226 -0.618609 -0.450000
v -3.469226 -0.618609 -0.450000
v -3.469225 -0.618608 -0.449999
v -3.469226 -0.618609 -0.450000
v -3.469226 -0.618609 -0.450000
v -3.469225 -0.618608 -0.449998
v -3.469226 -0.618608 -0.449998
v -3.469226 -0.618608 -0.449999
v -3.469226 -0.618609 -0.450000
v -3.469226 -0.618608 -0.449999
v -3.469226 -0.618608 -0.449999
v -3.468706 -0.618282 -0.449570
v -3.468342 -0.618731 -0.449950
v -3.469224 -0.618610 -0.450000
v -3.469226 -0.618609 -0.450000
v -3.469226 -0.618609 -0.450000
v -3.469226 -0.618609 -0.450000
v -3.469225 -0.618609 -0.450000
v -3.469225 -0.618610 -0.450000
v -3.469225 -0.618609 -0.450000
v -3.469226 -0.618609 -0.450000
v -3.469226 -0.618609 -0.450000
v -3.469226 -0.618609 -0.450000
v -3.469226 -0.618609 -0.450000
v -3.469226 -0.618609 -0.450000
v -3.469226 -0.618609 -0.450000
v -3.469225 -0.618609 -0.450000
v -3.469226 -0.618609 -0.450000
v -3.469226 -0.618609 -0.450000
v -3.469226 -0.618609 -0.450000
v -3.469226 -0.618609 -0.450000
v -3.469226 -0.618609 -0.450000
v -3.469226 -0.618609 -0.450000
v -3.469226 -0.618609 -0.450000
v -3.469226 -0.618609 -0.450000
v -3.469226 -0.618609 -0.450000
v -3.469226 -0.618609 -0.450000
v -3.469226 -0.618609 -0.450000
v -3.469226 -0.618609 -0.450000
v -3.469226 -0.618609 -0.450000
v -3.469226 -0.618609 -0.450000
v -3.469226 -0.618609 -0.450000
v -3.469226 -0.618609 -0.450000
v -3.469226 -0.618609 -0.450000
v -3.469226 -0.618609 -0.450000
v -3.468852 -0.618742 -0.450000
v -3.468852 -0.618742 -0.449999
v -3.468851 -0.618743 -0.450000
v -3.468852 -0.618742 -0.450000
v -3.468852 -0.618742 -0.450000
v -3.468477 -0.618876 -0.449999
v -3.468475 -0.618879 -0.450000
v -3.469226 -0.618609 -0.450000
v -3.469226 -0.618609 -0.450000
v -3.469226 -0.618609 -0.450000
v -3.469226 -0.618609 -0.450000
v -3.469226 -0.618609 -0.450000
v -3.469226 -0.618609 -0.450000
v -3.469226 -0.618609 -0.450000
v -3.469226 -0.618609 -0.450000
v -3.469226 -0.618609 -0.450000
v -3.469226 -0.618609 -0.450000
v -3.469226 -0.618609 -0.450000
v -3.469226 -0.618609 -0.450000
v -3.469226 -0.618609 -0.450000
v -3.469226 -0.618609 -0.450000
v -3.469226 -0.618609 -0.450000
v -3.469226 -0.618609 -0.450000
v -3.468851 -0.618743 -0.450000
v -3.468851 -0.618743 -0.450000
v -3.468850 -0.618744 -0.450000
v -3.468850 -0.618744 -0.450000
v -3.468851 -0.618744 -0.450000
v -3.468851 -0.618743 -0.450000
v -3.468850 -0.618744 -0.450000
v -3.468850 -0.618744 -0.450000
v -3.468851 -0.618743 -0.450000
v -3.468850 -0.618744 -0.450000
v -3.468851 -0.618743 -0.450000
v -3.468852 -0.618744 -0.450000
v -3.468851 -0.618743 -0.450000
v -3.468851 -0.618743 -0.450000
v -3.468851 -0.618743 -0.450000
v -3.468851 -0.618743 -0.450000
v -3.468851 -0.618743 -0.450000
v -3.468851 -0.618744 -0.450000
v -3.468851 -0.618743 -0.450000
v -3.468851 -0.618743 -0.450000
v -3.468851 -0.618743 -0.450000
v -3.240523 -1.694571 -0.450000
v -3.240523 -1.694571 -0.450000
v -3.240523 -1.694571 -0.450000
v -3.240523 -1.694571 -0.450000
v -3.240523 -1.694571 -0.450000
v -3.240523 -1.694571 -0.450000
v -3.240523 -1.694571 -0.450000
v -3.240523 -1.694570 -0.450000
v -3.240523 -1.694568 -0.450000
v -3.240523 -1.694567 -0.450000
v -3.240523 -1.694569 -0.450000
v -3.240523 -1.694571 -0.450000
v -3.240523 -1.694570 -0.450000
v -3.240523 -1.694570 -0.450000
v -3.239881 -1.694023 -0.449079
v -3.240523 -1.694571 -0.450000
v -3.240523 -1.694571 -0.450000
v -3.240523 -1.694571 -0.450000
v -3.240523 -1.694571 -0.449998
v -3.240523 -1.694571 -0.449998
v -3.240523 -1.694571 -0.449999
v -3.240523 -1.694571 -0.450000
v -3.240523 -1.694571 -0.449999
v -3.240523 -1.694571 -0.449999
v -3.240523 -1.694571 -0.450000
v -3.240523 -1.694571 -0.450000
v -3.240523 -1.694571 -0.450000
v -3.240523 -1.694571 -0.450000
v -3.240523 -1.694571 -0.449999
v -3.240438 -1.694315 -0.450000
v -3.240523 -1.694571 -0.450000
v -3.240523 -1.694571 -0.450000
v -3.240523 -1.694571 -0.450000
v -3.240523 -1.694571 -0.450000
v -3.240523 -1.694571 -0.450000
v -3.240523 -1.694571 -0.450000
v -3.240523 -1.694571 -0.450000
v -3.240523 -1.694571 -0.450000
v -3.240523 -1.694571 -0.450000
v -3.240523 -1.694571 -0.450000
v -3.240523 -1.694571 -0.450000
v -3.240523 -1.694571 -0.450000
v -3.240523 -1.694571 -0.450000
v -3.240523 -1.694571 -0.450000
v -3.240523 -1.694571 -0.450000
v -3.240523 -1.694571 -0.450000
v -3.240430 -1.694325 -0.449986
v -3.240430 -1.694327 -0.449984
v -3.240431 -1.694326 -0.449986
v -3.240430 -1.694327 -0.449985
v -3.240430 -1.694326 -0.449986
v -3.240013 -1.694126 -0.449324
v -3.240036 -1.693698 -0.449884
v -3.240523 -1.694571 -0.450000
v -3.240523 -1.694571 -0.450000
v -3.240523 -1.694571 -0.450000
v -3.240523 -1.694571 -0.450000
v -3.240523 -1.694571 -0.450000
v -3.240523 -1.694571 -0.450000
v -3.240523 -1.694571 -0.450000
v -3.240523 -1.694571 -0.450000
v -3.240523 -1.694571 -0.450000
v -3.240523 -1.694571 -0.450000
v -3.240523 -1.694571 -0.450000
v -3.240523 -1.694571 -0.450000
v -3.240523 -1.694571 -0.450000
v -3.240523 -1.694571 -0.450000
v -3.240523 -1.694571 -0.450000
v -3.240523 -1.694571 -0.450000
v -3.240267 -1.694348 -0.449661
v -3.240267 -1.694348 -0.449661
v -3.240266 -1.694347 -0.449658
v -3.240267 -1.694348 -0.449660
v -3.240268 -1.694349 -0.449661
v -3.240267 -1.694348 -0.449661
v -3.240267 -1.694348 -0.449661
v -3.240267 -1.694348 -0.449660
v -3.240267 -1.694348 -0.449661
v -3.240267 -1.694348 -0.449660
v -3.240267 -1.694348 -0.449661
v -3.240268 -1.694348 -0.449662
v -3.240267 -1.694348 -0.449661
v -3.240268 -1.694349 -0.449662
v -3.240267 -1.694348 -0.449661
v -3.240268 -1.694349 -0.449662
v -3.240269 -1.694349 -0.449663
v -3.240268 -1.694348 -0.449662
v -3.240267 -1.694348 -0.449661
v -3.240268 -1.694349 -0.449662
v -3.240523 -1.694571 0.450000
v -3.240523 -1.694571 0.450000
v -3.240522 -1.694570 0.449997
v -3.240523 -1.694571 0.450000
v -3.240523 -1.694571 0.450000
v -3.240523 -1.694571 0.450000
v -3.240523 -1.694571 0.450000
v -3.240523 -1.694571 0.449999
v -3.240523 -1.694571 0.450000
v -3.240523 -1.694571 0.449999
v -3.240523 -1.694571 0.449998
v -3.240523 -1.694571 0.449999
v -3.240523 -1.694571 0.450000
v -3.240523 -1.694571 0.449999
v -3.240523 -1.694571 0.449999
v -3.240006 -1.693722 0.449857
v -3.240523 -1.694571 0.450000
v -3.240523 -1.694571 0.450000
v -3.240523 -1.694571 0.450000
v -3.240523 -1.694569 0.450000
v -3.240523 -1.694568 0.450000
v -3.240523 -1.694571 0.450000
v -3.240523 -1.694571 0.450000
v -3.240523 -1.694571 0.450000
v -3.240523 -1.694571 0.450000
v -3.240523 -1.694571 0.450000
v -3.240523 -1.694571 0.450000
v -3.240523 -1.694571 0.450000
v -3.240523 -1.694570 0.450000
v -3.240523 -1.694571 0.450000
v -3.240523 -1.694571 0.450000
v -3.240523 -1.694571 0.450000
v -3.240523 -1.694571 0.450000
v -3.240523 -1.694571 0.450000
v -3.240523 -1.694571 0.450000
v -3.240523 -1.694571 0.450000
v -3.240523 -1.694571 0.450000
v -3.240523 -1.694571 0.450000
v -3.240523 -1.694571 0.450000
v -3.240523 -1.694571 0.450000
v -3.240523 -1.694571 0.450000
v -3.240523 -1.694571 0.450000
v -3.240523 -1.694571 0.450000
v -3.240523 -1.694571 0.450000
v -3.240523 -1.694571 0.450000
v -3.240303 -1.694360 0.449729
v -3.240304 -1.694360 0.449731
v -3.240304 -1.694361 0.449729
v -3.240304 -1.694360 0.449730
v -3.240304 -1.694361 0.449730
v -3.239905 -1.694037 0.449257
v -3.240087 -1.693360 0.450000
v -3.240088 -1.693366 0.449999
v -3.240523 -1.694571 0.450000
v -3.240523 -1.694571 0.450000
v -3.240523 -1.694571 0.450000
v -3.240523 -1.694571 0.450000
v -3.240523 -1.694571 0.450000
v -3.240523 -1.694571 0.450000
v -3.240523 -1.694571 0.450000
v -3.240523 -1.694571 0.450000
v -3.240523 -1.694571 0.450000
v -3.240523 -1.694571 0.450000
v -3.240523 -1.694571 0.450000
v -3.240523 -1.694571 0.450000
v -3.240523 -1.694571 0.450000
v -3.240523 -1.694571 0.450000
v -3.240523 -1.694571 0.450000
v -3.240523 -1.694571 0.450000
v -3.240305 -1.693964 0.450000
v -3.240305 -1.693966 0.450000
v -3.240305 -1.693966 0.450000
v -3.240304 -1.693964 0.450000
v -3.240305 -1.693965 0.450000
v -3.240305 -1.693965 0.450000
v -3.240305 -1.693966 0.450000
v -3.240304 -1.693965 0.450000
v -3.240304 -1.693965 0.450000
v -3.240305 -1.693966 0.450000
v -3.240304 -1.693965 0.450000
v -3.240305 -1.693966 0.450000
v -3.240304 -1.693967 0.449999
v -3.240305 -1.693966 0.450000
v -3.240305 -1.693967 0.449999
v -3.240305 -1.693966 0.450000
v -3.240305 -1.693967 0.449999
v -3.240305 -1.693968 0.449999
v -3.240305 -1.693967 0.449999
v -3.240305 -1.693966 0.450000
v -3.240305 -1.693967 0.449999
v -3.469226 -0.618612 0.450000
v -3.469226 -0.618609 0.450000
v -3.469226 -0.618609 0.450000
v -3.469226 -0.618609 0.450000
v -3.469226 -0.618611 0.450000
v -3.469226 -0.618611 0.450000
v -3.469226 -0.618610 0.450000
v -3.469226 -0.618609 0.450000
v -3.469226 -0.618609 0.450000
v -3.469226 -0.618609 0.450000
v -3.469226 -0.618609 0.450000
v -3.469226 -0.618609 0.450000
v -3.469226 -0.618609 0.450000
v -3.469226 -0.618610 0.450000
v -3.469226 -0.618609 0.450000
v -3.469226 -0.618609 0.450000
v -3.469226 -0.618609 0.450000
v -3.469226 -0.618609 0.450000
v -3.469226 -0.618609 0.450000
v -3.469226 -0.618609 0.450000
v -3.469226 -0.618609 0.450000
v -3.469226 -0.618609 0.450000
v -3.469226 -0.618609 0.449999
v -3.469226 -0.618609 0.450000
v -3.469226 -0.618609 0.450000
v -3.469226 -0.618609 0.449998
v -3.469226 -0.618609 0.449998
v -3.469226 -0.618609 0.449999
v -3.469226 -0.618609 0.450000
v -3.469226 -0.618609 0.449999
v -3.469226 -0.618609 0.449999
v -3.469780 -0.619316 0.449780
v -3.469620 -0.618938 0.449497
v -3.469546 -0.619548 0.449999
v -3.469545 -0.619551 0.450000
v -3.469226 -0.618609 0.450000
v -3.469226 -0.618609 0.450000
v -3.469226 -0.618609 0.450000
v -3.469226 -0.618609 0.450000
v -3.469226 -0.618609 0.450000
v -3.469226 -0.618609 0.450000
v -3.469226 -0.618609 0.450000
v -3.469226 -0.618609 0.450000
v -3.469226 -0.618609 0.450000
v -3.469226 -0.618609 0.450000
v -3.469226 -0.618609 0.450000
v -3.469226 -0.618609 0.450000
v -3.469226 -0.618609 0.450000
v -3.469226 -0.618609 0.450000
v -3.469226 -0.618609 0.450000
v -3.469226 -0.618609 0.450000
v -3.469311 -0.618861 0.450000
v -3.469312 -0.618861 0.450000
v -3.469312 -0.618861 0.450000
v -3.469312 -0.618864 0.450000
v -3.469311 -0.618861 0.450000
v -3.469311 -0.618862 0.450000
v -3.469311 -0.618862 0.450000
v -3.469312 -0.618861 0.450000
v -3.469311 -0.618861 0.450000
v -3.469311 -0.618861 0.450000
v -3.469312 -0.618861 0.450000
v -3.469311 -0.618861 0.450000
v -3.469312 -0.618861 0.450000
v -3.469313 -0.618861 0.450000
v -3.469309 -0.618856 0.450000
v -3.469312 -0.618861 0.450000
v -3.469312 -0.618861 0.450000
v -3.469312 -0.618861 0.450000
v -3.469311 -0.618860 0.450000
v -3.469312 -0.618861 0.450000
v -3.469310 -0.618858 0.450000
v -3.469311 -0.618859 0.450000
v -3.469312 -0.618861 0.450000
v -3.469311 -0.618859 0.450000
v -3.469311 -0.618859 0.450000
v -3.469226 -0.618609 0.450000
v -3.469226 -0.618609 0.450000
v -3.469226 -0.618609 0.450000
v -3.469226 -0.618609 0.450000
v -3.469226 -0.618609 0.450000
v -3.469226 -0.618609 0.450000
v -3.469226 -0.618609 0.450000
v -3.469226 -0.618609 0.450000
v -3.469226 -0.618609 0.450000
v -3.469226 -0.618609 0.450000
v -3.469226 -0.618609 0.450000
v -3.469226 -0.618609 0.450000
v -3.469226 -0.618609 0.450000
v -3.469226 -0.618609 0.450000
v -3.469226 -0.618609 0.450000
v -3.469226 -0.618609 0.450000
v -3.469321 -0.618887 0.449999
v -3.469323 -0.618889 0.449997
v -3.469321 -0.618887 0.450000
v -3.469321 -0.618887 0.449999
v -3.469321 -0.618887 0.450000
v -3.469321 -0.618888 0.450000
v -3.469227 -0.618609 -0.449998
v -3.469226 -0.618609 -0.450000
v -3.469226 -0.618609 -0.450000
v -3.469226 -0.618609 -0.450000
v -3.469226 -0.618609 -0.449998
v -3.469226 -0.618609 -0.449998
v -3.469226 -0.618609 -0.449999
v -3.469226 -0.618609 -0.450000
v -3.469226 -0.618609 -0.449999
v -3.469226 -0.618609 -0.449999
v -3.469226 -0.618609 -0.450000
v -3.469226 -0.618609 -0.450000
v -3.469226 -0.618609 -0.450000
v -3.469226 -0.618609 -0.449999
v -3.469226 -0.618609 -0.450000
v -3.469226 -0.618609 -0.450000
v -3.469226 -0.618609 -0.450000
v -3.469226 -0.618609 -0.450000
v -3.469226 -0.618612 -0.450000
v -3.469226 -0.618609 -0.450000
v -3.469226 -0.618609 -0.450000
v -3.469226 -0.618609 -0.450000
v -3.469226 -0.618609 -0.450000
v -3.469226 -0.618610 -0.450000
v -3.469226 -0.618609 -0.450000
v -3.469226 -0.618609 -0.450000
v -3.469226 -0.618611 -0.450000
v -3.469226 -0.618611 -0.450000
v -3.469226 -0.618610 -0.450000
v -3.469226 -0.618609 -0.450000
v -3.469226 -0.618610 -0.450000
v -3.469226 -0.618610 -0.450000
v -3.469706 -0.619318 -0.449848
v -3.469743 -0.619046 -0.449324
v -3.469744 -0.619046 -0.449321
v -3.469226 -0.618609 -0.450000
v -3.469226 -0.618609 -0.450000
v -3.469226 -0.618609 -0.450000
v -3.469226 -0.618609 -0.450000
v -3.469226 -0.618609 -0.450000
v -3.469226 -0.618609 -0.450000
v -3.469226 -0.618609 -0.450000
v -3.469226 -0.618609 -0.450000
v -3.469226 -0.618609 -0.450000
v -3.469226 -0.618609 -0.450000
v -3.469226 -0.618609 -0.450000
v -3.469226 -0.618609 -0.450000
v -3.469226 -0.618609 -0.450000
v -3.469226 -0.618609 -0.450000
v -3.469226 -0.618609 -0.450000
v -3.469226 -0.618609 -0.450000
v -3.469485 -0.618827 -0.449661
v -3.469485 -0.618827 -0.449661
v -3.469485 -0.618828 -0.449659
v -3.469485 -0.618827 -0.449660
v -3.469485 -0.618827 -0.449660
v -3.469485 -0.618827 -0.449661
v -3.469485 -0.618827 -0.449660
v -3.469485 -0.618827 -0.449660
v -3.469485 -0.618827 -0.449661
v -3.469485 -0.618827 -0.449660
v -3.469485 -0.618827 -0.449661
v -3.469484 -0.618825 -0.449663
v -3.469485 -0.618827 -0.449661
v -3.469485 -0.618827 -0.449662
v -3.469485 -0.618827 -0.449661
v -3.469485 -0.618827 -0.449662
v -3.469484 -0.618826 -0.449662
v -3.469484 -0.618826 -0.449662
v -3.469485 -0.618827 -0.449661
v -3.469485 -0.618827 -0.449661
v -3.469438 -0.619239 -0.450000
v -3.469226 -0.618609 -0.450000
v -3.469226 -0.618609 -0.450000
v -3.469226 -0.618609 -0.450000
v -3.469226 -0.618609 -0.450000
v -3.469226 -0.618609 -0.450000
v -3.469226 -0.618609 -0.450000
v -3.469226 -0.618609 -0.450000
v -3.469226 -0.618609 -0.450000
v -3.469226 -0.618609 -0.450000
v -3.469226 -0.618609 -0.450000
v -3.469226 -0.618609 -0.450000
v -3.469226 -0.618609 -0.450000
v -3.469226 -0.618609 -0.450000
v -3.469226 -0.618609 -0.450000
v -3.469226 -0.618609 -0.450000
v -3.469226 -0.618609 -0.450000
v -3.469484 -0.618828 -0.449662
v -3.469485 -0.618831 -0.449663
v -3.469484 -0.618828 -0.449661
v -3.469484 -0.618827 -0.449661
v -3.469484 -0.618827 -0.449661
v -3.469485 -0.618827 -0.449661
v -3.240525 -1.694569 -0.450000
v -3.240523 -1.694571 -0.450000
v -3.240523 -1.694571 -0.450000
v -3.240523 -1.694571 -0.450000
v -3.240524 -1.694570 -0.450000
v -3.240524 -1.694570 -0.450000
v -3.240523 -1.694571 -0.450000
v -3.240523 -1.694571 -0.450000
v -3.240523 -1.694571 -0.450000
v -3.240523 -1.694571 -0.450000
v -3.240523 -1.694571 -0.450000
v -3.240523 -1.694571 -0.450000
v -3.240524 -1.694570 -0.450000
v -3.240523 -1.694571 -0.450000
v -3.240524 -1.694571 -0.450000
v -3.240523 -1.694571 -0.450000
v -3.240523 -1.694571 -0.450000
v -3.240524 -1.694572 -0.449998
v -3.240523 -1.694571 -0.450000
v -3.240523 -1.694571 -0.450000
v -3.240523 -1.694571 -0.450000
v -3.240523 -1.694571 -0.450000
v -3.240523 -1.694571 -0.449999
v -3.240523 -1.694571 -0.450000
v -3.240524 -1.694571 -0.449999
v -3.240524 -1.694571 -0.449998
v -3.240524 -1.694571 -0.449999
v -3.240523 -1.694571 -0.450000
v -3.240523 -1.694571 -0.449999
v -3.240523 -1.694571 -0.449999
v -3.241053 -1.695018 -0.449381
v -3.241080 -1.694390 -0.449999
v -3.241082 -1.694388 -0.450000
v -3.241298 -1.694528 -0.449924
v -3.240523 -1.694571 -0.450000
v -3.240523 -1.694571 -0.450000
v -3.240523 -1.694571 -0.450000
v -3.240523 -1.694571 -0.450000
v -3.240523 -1.694571 -0.450000
v -3.240523 -1.694571 -0.450000
v -3.240523 -1.694571 -0.450000
v -3.240523 -1.694571 -0.450000
v -3.240523 -1.694571 -0.450000
v -3.240523 -1.694571 -0.450000
v -3.240523 -1.694571 -0.450000
v -3.240523 -1.694571 -0.450000
v -3.240523 -1.694571 -0.450000
v -3.240523 -1.694571 -0.450000
v -3.240523 -1.694571 -0.450000
v -3.240523 -1.694571 -0.450000
v -3.240674 -1.694521 -0.450000
v -3.240673 -1.694522 -0.450000
v -3.240673 -1.694522 -0.450000
v -3.240674 -1.694521 -0.450000
v -3.240673 -1.694521 -0.450000
v -3.240673 -1.694521 -0.450000
v -3.240673 -1.694522 -0.450000
v -3.240673 -1.694522 -0.450000
v -3.240673 -1.694522 -0.450000
v -3.240673 -1.694522 -0.450000
v -3.240673 -1.694522 -0.450000
v -3.240673 -1.694522 -0.450000
v -3.240673 -1.694522 -0.450000
v -3.240673 -1.694523 -0.450000
v -3.240673 -1.694522 -0.450000
v -3.240673 -1.694523 -0.450000
v -3.240672 -1.694523 -0.449999
v -3.240673 -1.694523 -0.449999
v -3.240673 -1.694522 -0.450000
v -3.240673 -1.694522 -0.450000
v -3.240523 -1.694571 -0.450000
v -3.240523 -1.694571 -0.450000
v -3.240523 -1.694571 -0.450000
v -3.240523 -1.694571 -0.450000
v -3.240523 -1.694571 -0.450000
v -3.240523 -1.694571 -0.450000
v -3.240523 -1.694571 -0.450000
v -3.240523 -1.694571 -0.450000
v -3.240523 -1.694571 -0.450000
v -3.240523 -1.694571 -0.450000
v -3.240523 -1.694571 -0.450000
v -3.240523 -1.694571 -0.450000
v -3.240523 -1.694571 -0.450000
v -3.240523 -1.694571 -0.450000
v -3.240523 -1.694571 -0.450000
v -3.240523 -1.694571 -0.450000
v -3.240741 -1.694752 -0.449730
v -3.240740 -1.694749 -0.449734
v -3.240741 -1.694752 -0.449731
v -3.240740 -1.694751 -0.449732
v -3.240524 -1.694572 0.449997
v -3.240523 -1.694571 0.450000
v -3.240523 -1.694571 0.450000
v -3.240523 -1.694571 0.450000
v -3.240524 -1.694571 0.449998
v -3.240523 -1.694571 0.449998
v -3.240524 -1.694571 0.449999
v -3.240523 -1.694571 0.450000
v -3.240523 -1.694571 0.449999
v -3.240523 -1.694571 0.449999
v -3.240523 -1.694571 0.450000
v -3.240523 -1.694571 0.450000
v -3.240523 -1.694571 0.450000
v -3.240524 -1.694571 0.449999
v -3.240523 -1.694571 0.450000
v -3.240524 -1.694571 0.449999
v -3.240523 -1.694571 0.450000
v -3.240523 -1.694571 0.450000
v -3.240523 -1.694571 0.450000
v -3.240523 -1.694571 0.450000
v -3.240523 -1.694571 0.450000
v -3.240523 -1.694571 0.450000
v -3.240524 -1.694570 0.450000
v -3.240523 -1.694571 0.450000
v -3.240524 -1.694571 0.450000
v -3.240524 -1.694570 0.450000
v -3.240524 -1.694570 0.450000
v -3.240524 -1.694570 0.450000
v -3.240523 -1.694571 0.450000
v -3.240524 -1.694570 0.450000
v -3.240524 -1.694570 0.450000
v -3.241548 -1.694247 0.449998
v -3.241019 -1.695029 0.449326
v -3.241021 -1.695032 0.449321
v -3.241102 -1.694887 0.449655
v -3.240523 -1.694571 0.450000
v -3.240523 -1.694571 0.450000
v -3.240523 -1.694571 0.450000
v -3.240523 -1.694571 0.450000
v -3.240523 -1.694571 0.450000
v -3.240523 -1.694571 0.450000
v -3.240523 -1.694571 0.450000
v -3.240523 -1.694571 0.450000
v -3.240523 -1.694571 0.450000
v -3.240523 -1.694571 0.450000
v -3.240523 -1.694571 0.450000
v -3.240523 -1.694571 0.450000
v -3.240523 -1.694571 0.450000
v -3.240523 -1.694571 0.450000
v -3.240523 -1.694571 0.450000
v -3.240523 -1.694571 0.450000
v -3.240772 -1.694802 0.449658
v -3.240772 -1.694801 0.449661
v -3.240772 -1.694801 0.449661
v -3.240772 -1.694801 0.449660
v -3.240772 -1.694802 0.449659
v -3.240772 -1.694801 0.449660
v -3.240772 -1.694801 0.449661
v -3.240772 -1.694802 0.449660
v -3.240772 -1.694802 0.449660
v -3.240772 -1.694801 0.449661
v -3.240772 -1.694802 0.449660
v -3.240772 -1.694801 0.449661
v -3.240771 -1.694800 0.449663
v -3.240773 -1.694801 0.449661
v -3.240772 -1.694801 0.449661
v -3.240771 -1.694801 0.449661
v -3.240772 -1.694801 0.449661
v -3.240771 -1.694801 0.449661
v -3.240772 -1.694800 0.449662
v -3.240771 -1.694800 0.449662
v -3.240772 -1.694800 0.449662
v -3.240772 -1.694801 0.449661
v -3.240772 -1.694801 0.449661
v -3.240772 -1.694801 0.449661
v -3.240523 -1.694571 0.450000
v -3.240523 -1.694571 0.450000
v -3.240523 -1.694571 0.450000
v -3.240523 -1.694571 0.450000
v -3.240523 -1.694571 0.450000
v -3.240523 -1.694571 0.450000
v -3.240523 -1.694571 0.450000
v -3.240523 -1.694571 0.450000
v -3.240523 -1.694571 0.450000
v -3.240523 -1.694571 0.450000
v -3.240523 -1.694571 0.450000
v -3.240523 -1.694571 0.450000
v -3.240523 -1.694571 0.450000
v -3.240523 -1.694571 0.450000
v -3.240523 -1.694571 0.450000
v -3.240523 -1.694571 0.450000
v -3.240834 -1.694487 0.449985
v -3.240835 -1.694488 0.449984
v -3.240834 -1.694489 0.449983
v -3.240834 -1.694488 0.449984
v -3.240834 -1.694488 0.449984
v -3.933300 -1.010495 0.449777
v -3.933226 -1.010427 -0.449789
v -3.648658 -2.072561 -0.449718
v -3.648655 -2.072567 0.449743
v -4.434094 -1.471397 0.449364
v -4.434616 -1.472369 0.448998
v -4.434345 -1.472162 0.449742
v -4.434494 -1.472930 -0.449308
v -4.434388 -1.471784 -0.449374
v -4.433985 -1.472155 -0.449926
v -4.094202 -2.517435 -0.448982
v -4.094201 -2.517434 -0.448982
v -4.094202 -2.517434 -0.448982
v -4.094255 -2.516764 -0.449850
v -4.094257 -2.516765 -0.449849
v -4.095012 -2.517016 -0.449700
v -4.094676 -2.517145 -0.449737
v -4.094676 -2.517146 -0.449736
v -4.094676 -2.517145 -0.449737
v -4.094676 -2.517146 -0.449737
v -4.094581 -2.517534 -0.449438
v -4.094969 -2.517557 -0.448982
v -4.094970 -2.517556 -0.448982
v -4.094202 -2.517435 0.448981
v -4.094202 -2.517435 0.448981
v -4.094202 -2.517435 0.448982
v -4.094202 -2.517435 0.448982
v -4.094201 -2.517433 0.448982
v -4.094202 -2.517435 0.448983
v -4.094201 -2.517434 0.448983
v -4.094652 -2.516684 0.449963
v -4.094226 -2.517244 0.449490
v -4.094612 -2.517699 0.448982
v -4.094620 -2.517496 0.449470
v -4.094621 -2.517497 0.449469
v -4.094687 -2.517197 0.449731
v -4.094687 -2.517196 0.449732
v -4.094689 -2.517198 0.449730
v -4.094687 -2.517197 0.449731
v -4.094687 -2.517197 0.449732
v -4.094990 -2.517608 0.448981
v -4.094992 -2.517607 0.448982
v -4.094991 -2.517608 0.448982
v -4.094990 -2.517608 0.448981
v -4.094991 -2.517608 0.448982
v -4.094991 -2.517607 0.448983
v -4.094990 -2.517608 0.448983
v -4.094991 -2.517607 0.448983
v -4.094991 -2.517607 0.448983
v -4.094991 -2.517607 0.448983
v -4.095090 -2.517319 0.449314
vn -0.0000 -1.0000 -0.0000
vn -0.0006 -1.0000 0.0072
vn 0.8912 -0.3494 0.2894
vn 0.0615 -0.8636 0.5004
vn 0.6435 -0.0056 0.7655
vn -0.7414 -0.0223 0.6707
vn -0.0455 0.0265 0.9986
vn -0.4010 0.0994 0.9107
vn -0.6915 -0.7204 0.0533
vn -0.5216 -0.8532 -0.0000
vn -0.0505 -0.7486 0.6611
vn 0.0573 -0.9980 -0.0248
vn 0.4455 -0.8953 -0.0000
vn 0.7623 -0.6473 -0.0000
vn -0.0000 -0.3814 -0.9244
vn 0.1279 -0.3925 -0.9108
vn 0.0312 -0.9995 -0.0000
vn 0.2784 -0.9605 -0.0000
vn 0.0119 -0.9999 -0.0096
vn -0.4261 -0.9047 -0.0000
vn 0.0156 -0.9987 0.0477
vn 0.1476 -0.9507 0.2728
vn 0.0002 -1.0000 -0.0001
vn 0.0001 -1.0000 -0.0001
vn 0.0001 -1.0000 0.0001
vn 0.8886 -0.4275 -0.1663
vn 0.3017 -0.2633 -0.9163
vn 0.6737 -0.3019 -0.6746
vn -0.0000 -1.0000 -0.0001
vn 0.3166 -0.9483 0.0228
vn 0.5194 -0.2170 -0.8265
vn 0.2973 -0.8350 -0.4630
vn 0.1544 -0.9864 0.0561
vn 0.0374 -0.9785 0.2031
vn 0.0333 -0.9994 -0.0000
vn 0.2184 -0.9759 -0.0001
vn 0.0879 -0.9907 -0.1041
vn -0.8366 -0.5479 -0.0000
vn 0.4323 -0.7492 -0.5019
vn 0.0157 0.4606 -0.8875
vn 0.1915 -0.9600 -0.2042
vn 0.4833 0.8755 -0.0000
vn 0.5361 -0.4535 -0.7120
vn -0.0247 -0.9997 -0.0000
vn 0.0460 -0.9879 0.1483
vn 0.5006 -0.8088 0.3086
vn 0.3263 -0.7057 0.6289
vn 0.0493 -0.9960 0.0739
vn 0.6467 -0.7391 -0.1885
vn 0.0359 -0.9992 -0.0171
vn 1.0000 0.0089 0.0019
vn 0.8308 -0.5549 0.0426
vn 0.5040 -0.8522 -0.1405
vn 0.4075 -0.9132 -0.0014
vn 0.5132 0.8579 -0.0258
vn -0.9540 -0.2793 0.1092
vn -0.6016 -0.7987 -0.0118
vn -0.0071 -0.9781 -0.2081
vn -0.0000 -0.9939 -0.1101
vn -0.1250 -0.2527 0.9594
vn 0.0194 -0.9579 -0.2864
vn 0.0233 -0.9392 -0.3425
vn -0.0000 -0.9529 -0.3033
vn -0.5160 0.8566 -0.0000
vn 0.0462 -0.9989 -0.0000
vn 0.8788 -0.1883 0.4384
vn 0.9766 0.2149 -0.0000
vn 0.7102 -0.7040 -0.0000
vn -0.9849 -0.1733 -0.0000
vn 0.0467 -0.9978 -0.0467
vn 0.3340 -0.9059 -0.2602
vn 0.0029 -1.0000 0.0024
vn -0.0001 -0.0054 -1.0000
vn -0.0000 -0.0000 -1.0000
vn 0.7403 -0.0000 0.6723
vn -0.0000 -0.7963 -0.6049
vn 0.0254 -0.9997 -0.0000
vn 0.6982 -0.0176 0.7157
vn -0.0000 -0.9983 0.0589
vn -0.0000 -0.8715 0.4905
vn -0.0000 -0.8618 -0.5073
vn -0.0001 -0.7758 -0.6310
vn 0.0372 -0.9991 -0.0222
vn 0.6982 -0.7157 -0.0154
vn 0.5983 -0.7359 -0.3170
vn 0.7953 -0.3050 0.5238
vn 0.0112 -0.9753 0.2206
vn 0.4885 -0.1210 -0.8641
vn 0.0636 -0.9947 -0.0805
vn 0.0001 -1.0000 -0.0017
vn 0.2962 -0.1242 0.9470
vn -0.0001 -1.0000 -0.0000
vn 0.0001 -1.0000 -0.0000
vn 0.0002 -1.0000 0.0002
vn -0.0203 -0.9903 -0.1376
vn 0.5106 -0.8112 0.2850
vn 0.2646 -0.8976 -0.3527
vn 0.3523 -0.9359 -0.0000
vn 0.7788 -0.5490 0.3033
vn 0.6895 -0.6256 0.3650
vn -0.3895 -0.9208 0.0189
vn -0.6770 -0.4537 0.5796
vn 0.0383 -0.9993 -0.0000
vn 0.3153 -0.9490 -0.0000
vn -0.0000 -0.9997 0.0256
vn -0.3621 -0.5527 0.7506
vn -0.2532 -0.9100 0.3284
vn 0.3737 -0.9276 -0.0000
vn 0.0529 -0.9922 -0.1127
vn 0.9513 0.2905 0.1033
vn -0.0400 -0.9992 -0.0000
vn -0.7861 -0.6181 -0.0000
vn -0.0000 -0.9999 -0.0112
vn -0.0000 -0.9999 0.0143
vn -0.0343 -0.9994 -0.0000
vn -0.5920 0.8013 0.0867
vn -0.0000 -1.0000 0.0031
vn -0.0000 -1.0000 -0.0052
vn -0.0000 -0.9732 0.2301
vn -0.0000 -0.9837 -0.1796
vn -0.0000 0.9239 -0.3827
vn -0.0000 0.0017 1.0000
vn -0.0000 -0.7029 0.7113
vn -0.0000 0.0141 0.9999
vn -0.0000 -0.3621 0.9322
vn -0.3239 -0.9461 -0.0000
vn -0.4109 -0.8448 0.3427
vn -0.5656 -0.8218 -0.0695
vn -0.9979 -0.0650 -0.0000
vn -0.5689 0.7482 0.3413
vn -0.0015 -1.0000 -0.0000
vn -0.0560 -0.9984 -0.0000
vn -0.0326 -0.9973 -0.0652
vn -0.5274 -0.7399 -0.4176
vn 0.9030 0.1531 0.4015
vn 0.6231 -0.7813 -0.0357
vn 0.5302 -0.4711 -0.7049
vn 0.0996 -0.9503 -0.2951
vn 0.5729 -0.6198 0.5364
vn 0.6255 -0.6099 -0.4867
vn 0.0395 -0.9992 -0.0000
vn 0.3779 -0.9235 0.0658
vn 0.0836 -0.9965 -0.0000
vn 0.2428 -0.8971 -0.3690
vn -0.0001 -1.0000 -0.0001
vn -0.3017 -0.0886 -0.9493
vn 0.5797 -0.5777 -0.5746
vn -0.5885 -0.2515 -0.7684
vn -0.9581 -0.0975 -0.2695
vn -0.5312 0.2419 0.8120
vn 0.0130 -0.9998 0.0130
vn -0.0375 -0.9993 -0.0000
vn -0.8357 0.0366 0.5479
vn -0.3954 -0.0302 0.9180
vn 0.0626 0.9949 -0.0786
vn -0.9798 -0.2002 -0.0000
vn -0.0870 -0.9962 -0.0000
vn -0.9436 -0.3310 -0.0000
vn -0.0000 -0.0110 -0.9999
vn -0.0000 -0.7222 0.6917
vn -0.0001 -0.7071 -0.7071
vn -0.0000 0.0708 -0.9975
vn -0.0000 -0.8372 -0.5469
vn -0.0000 -0.9994 0.0333
vn -0.0000 -0.8169 0.5768
vn -0.0000 -0.9970 -0.0769
vn -0.0000 -0.9982 -0.0595
vn -0.0000 -0.6783 -0.7347
vn -0.0000 -1.0000 0.0001
vn 0.0862 0.3882 0.9175
vn -0.5754 0.7851 0.2291
vn -0.3830 0.0394 -0.9229
vn 0.3479 0.7966 -0.4943
vn 0.4298 0.8862 0.1729
vn -0.0000 -1.0000 0.0002
vn 0.0323 0.0223 -0.9992
vn 0.0470 0.1238 -0.9912
vn 0.0144 0.0110 -0.9998
vn 0.0070 -0.8736 -0.4865
vn 0.1272 -0.2074 -0.9700
vn -0.0000 -0.9990 -0.0449
vn 0.0083 -0.9813 -0.1921
vn 0.0590 -0.9983 -0.0000
vn 0.6347 -0.6801 -0.3668
vn -0.0000 -0.9393 0.3431
vn 0.0592 -0.7922 -0.6074
vn 0.1661 -0.7737 0.6115
vn -0.2458 -0.8235 -0.5113
vn -0.2286 -0.2588 0.9385
vn 0.5243 -0.6266 0.5766
vn 0.1834 -0.7966 -0.5760
vn 0.4252 0.5390 -0.7271
vn 0.0053 -0.9991 -0.0423
vn 0.0013 -1.0000 0.0050
vn -0.0000 -0.0000 -0.0000
vn -0.0015 -0.9959 -0.0905
vn 0.6892 -0.0000 -0.7246
vn 0.0616 -0.7481 -0.6607
vn 0.0102 0.0003 -0.9999
vn 0.0001 -0.9995 -0.0302
vn 0.1169 -0.7184 -0.6857
vn 0.7692 -0.6386 -0.0207
vn -0.7224 -0.4962 -0.4816
vn 0.8784 0.2894 -0.3804
vn 0.0378 -0.9993 -0.0000
vn 0.4264 -0.9045 -0.0000
vn 0.0411 -0.9992 -0.0000
vn 0.0280 -0.9996 -0.0000
vn 0.0002 -1.0000 -0.0002
vn 0.0004 -1.0000 -0.0000
vn 0.0002 -1.0000 -0.0003
vn 0.8475 -0.1866 -0.4970
vn 0.8327 -0.2205 -0.5079
vn 0.8880 -0.2125 -0.4079
vn 0.2762 -0.9589 0.0653
vn 0.1801 -0.9344 -0.3075
vn 0.6932 -0.7115 0.1154
vn -0.0335 -0.9994 -0.0000
vn 0.3645 -0.9086 -0.2038
vn 0.0633 -0.9980 -0.0093
vn 0.3058 -0.9510 -0.0452
vn 0.3667 -0.9232 -0.1146
vn 0.0570 -0.9961 -0.0673
vn 0.4873 -0.8641 0.1261
vn 0.4547 -0.7259 -0.5160
vn 0.7773 -0.2866 -0.5601
vn 0.8305 -0.4677 -0.3025
vn 0.8840 -0.4600 -0.0834
vn 0.3017 -0.9389 -0.1654
vn 0.0052 0.2764 -0.9610
vn -0.0210 -0.9998 -0.0000
vn 0.0079 -0.9999 -0.0097
vn 0.5607 -0.7514 -0.3479
vn 0.0691 -0.9976 -0.0000
vn 0.2450 -0.9296 -0.2755
vn 0.5754 -0.8143 -0.0764
vn 0.9632 0.2484 -0.1025
vn 0.6686 -0.6574 -0.3475
vn 0.3283 -0.9446 -0.0000
vn 0.0449 -0.9990 -0.0000
vn 0.2859 -0.9583 -0.0000
vn -0.0000 -0.7071 0.7071
vn -0.0000 -0.7928 -0.6095
vn 0.0001 -0.0191 0.9998
vn -0.0000 -0.9920 0.1259
vn -0.0000 -0.7544 0.6564
vn -0.0000 -0.9986 -0.0536
vn -0.0000 -0.9993 0.0382
vn 0.0002 -1.0000 -0.0000
vn 0.0002 -1.0000 0.0001
vn 0.6678 0.0530 0.7425
vn 0.7846 -0.3208 0.5305
vn 0.8510 -0.2973 0.4329
vn 0.0731 -0.0011 0.9973
vn -0.0244 0.0018 0.9997
vn 0.8734 -0.4272 0.2337
vn -0.0000 -0.8319 0.5549
vn -0.0000 -0.9594 -0.2820
vn -0.0000 -0.9999 -0.0158
vn -0.0000 -0.8415 0.5403
vn 0.0001 -0.9989 0.0474
vn 0.0691 -0.8035 0.5913
vn 0.0739 -0.9957 -0.0552
vn 0.3735 -0.8224 0.4290
vn 0.5917 -0.7731 -0.2284
vn 0.5747 -0.1013 0.8120
vn 0.6561 -0.3391 0.6742
vn 0.6401 -0.2094 0.7392
vn 0.2357 -0.9408 0.2437
vn 0.8752 -0.1323 0.4654
vn 0.0139 -0.9999 -0.0000
vn -0.0013 -0.4055 0.9141
vn -0.0000 -0.9955 0.0951
vn -0.0000 -0.9987 0.0516
vn -0.0000 -0.1414 0.9900
vn -0.0000 -0.9988 -0.0492
vn -0.0000 -0.7900 -0.6131
vn -0.0000 -0.9986 0.0521
vn -0.0000 -0.7376 0.6752
vn 0.0062 -1.0000 -0.0041
vn -0.0148 -0.9999 -0.0000
vn -0.0505 -0.9987 -0.0000
vn -0.9776 0.2092 0.0235
vn -0.1705 0.0172 0.9852
vn 0.5188 0.8549 -0.0000
vn 0.6895 -0.5598 -0.4597
vn -0.0507 -0.9987 -0.0000
vn -0.8612 -0.5083 -0.0000
vn -0.0017 -0.7914 0.6112
vn -0.1316 0.0097 0.9913
vn -0.8019 0.0009 -0.5974
vn -0.0028 -0.6683 0.7439
vn 0.0069 -0.9209 0.3898
vn -0.0000 -0.9595 0.2815
vn -0.0000 -0.6966 0.7175
vn -0.0000 -0.9999 0.0154
vn -0.0000 -0.3710 0.9287
vn -0.0522 -0.9042 0.4239
vn -0.6742 -0.0126 0.7384
vn 0.0085 -0.9982 -0.0588
vn 0.7792 -0.5461 0.3075
vn 0.1132 0.9891 0.0939
vn 0.1227 0.8979 0.4227
vn -0.0709 -0.0156 0.9974
vn 0.2290 0.9555 0.1860
vn 0.0961 -0.4853 0.8691
vn 0.9282 0.0973 -0.3591
vn 0.6481 -0.7568 -0.0850
vn -0.3873 -0.8611 0.3293
vn -0.3423 -0.6825 0.6458
vn -0.0001 -1.0000 0.0029
vn -0.0001 -1.0000 0.0001
vn -0.0002 -1.0000 -0.0000
vn -0.7868 0.4594 0.4122
vn -0.2125 0.4440 -0.8705
vn -0.8695 0.4680 -0.1577
vn -0.7850 -0.6158 -0.0671
vn -0.7073 -0.0952 0.7005
vn -0.6069 0.7948 -0.0000
vn -0.2590 -0.9652 0.0368
vn -0.3093 0.6899 -0.6545
vn -0.0299 -0.9996 -0.0000
vn -0.9471 -0.3209 -0.0000
vn -0.0193 -0.9998 0.0096
vn 0.0165 -0.9999 -0.0000
vn -0.0452 -0.9990 -0.0000
vn -0.6109 0.7828 0.1188
vn -0.0000 -0.9999 -0.0156
vn -0.0000 -0.9994 -0.0333
vn -0.0000 -0.6545 -0.7560
vn -0.0000 -0.7071 -0.7071
vn -0.6302 0.0120 -0.7763
vn -0.0000 0.0271 0.9996
vn -0.0513 -0.0000 -0.9987
vn -0.0000 -0.7297 -0.6838
vn -0.0688 -0.9976 -0.0000
vn -0.6671 -0.7443 -0.0304
vn -0.6019 0.7976 -0.0398
vn -0.5614 0.6701 0.4856
vn -0.4066 0.6037 -0.6857
vn -0.5336 -0.8221 -0.1985
vn -0.4818 -0.7783 -0.4026
vn -0.0000 -1.0000 -0.0093
vn -0.1617 -0.9828 -0.0891
vn -0.0854 -0.9963 -0.0000
vn -0.9290 -0.3701 -0.0001
vn 0.0328 -0.9960 0.0832
vn -0.1568 -0.7834 -0.6015
vn 0.3540 -0.5949 0.7216
vn -0.6602 0.2321 -0.7144
vn -0.7662 0.1125 -0.6326
vn 0.0500 0.2254 0.9730
vn 0.3907 0.9005 0.1908
vn -0.4323 -0.8941 -0.1169
vn -0.3944 0.1014 -0.9133
vn -0.0112 -0.9997 -0.0199
vn -0.7930 0.4722 -0.3850
vn -0.3516 0.9324 -0.0832
vn -0.0000 0.0077 -1.0000
vn -0.0000 -0.9942 0.1071
vn -0.0000 -0.6993 -0.7148
vn -0.0000 -0.7370 -0.6759
vn -0.0000 -0.8242 -0.5663
vn -0.0000 -0.8240 0.5666
vn -0.0000 -0.9939 -0.1102
vn -0.0000 -0.7681 0.6403
vn -0.0000 -0.9976 -0.0698
vn 0.1976 -0.3812 0.9031
vn 0.0687 -0.9976 -0.0000
vn 0.4862 -0.8494 -0.2053
vn -0.9138 -0.1431 -0.3801
vn -0.3318 -0.7619 -0.5563
vn 0.2398 -0.9269 -0.2886
vn -0.2695 -0.7120 0.6484
vn 0.0706 -0.9975 -0.0000
vn 0.3405 -0.9396 -0.0350
vn -0.0001 -1.0000 -0.0003
vn -0.0001 -1.0000 -0.0002
vn -0.0001 -1.0000 -0.0004
vn -0.0377 -0.0330 -0.9987
vn -0.0321 0.0164 -0.9993
vn -0.0794 -0.7595 -0.6456
vn -0.0000 -0.0120 -0.9999
vn -0.0000 -0.8910 -0.4540
vn -0.7334 -0.0000 -0.6798
vn -0.0173 -0.9998 -0.0000
vn -0.7209 -0.6931 -0.0000
vn 0.0077 -0.9694 -0.2453
vn -0.0022 -0.7277 -0.6859
vn -0.0518 -0.9796 -0.1941
vn -0.9607 -0.2168 -0.1732
vn -0.1794 -0.6106 -0.7714
vn -0.7528 -0.4453 -0.4848
vn -0.0237 -0.9688 -0.2467
vn -0.2667 0.5904 -0.7618
vn -0.1613 -0.6898 -0.7058
vn -0.9062 -0.3881 -0.1680
vn 0.5656 -0.7629 -0.3131
vn 0.2331 -0.8804 -0.4129
vn -0.2295 -0.6600 -0.7153
vn -0.2019 -0.6499 -0.7327
vn 0.7857 0.5386 -0.3043
vn 0.8548 0.0900 -0.5111
vn 0.2906 -0.6409 -0.7104
vn -0.1209 -0.9791 0.1637
vn -0.2095 -0.7012 -0.6815
vn 0.0354 -0.9994 -0.0000
vn 0.4578 -0.8891 -0.0000
vn -0.0290 -0.9996 -0.0000
vn -0.6328 0.0543 0.7724
vn 0.0386 -0.9985 -0.0386
vn 0.4511 -0.7697 -0.4518
vn -0.0000 -0.9990 0.0451
vn -0.0000 -0.5275 0.8496
vn -0.0000 -0.7987 0.6017
vn -0.0028 -0.8461 -0.5329
vn -0.0000 -0.9022 -0.4314
vn -0.0002 -0.9922 0.1243
vn -0.0010 -0.7955 0.6059
vn 0.7279 -0.6226 -0.2874
vn 0.9244 -0.3189 -0.2093
vn -0.0735 -0.9193 -0.3866
vn 0.2540 -0.9630 0.0903
vn 0.6646 0.6691 0.3326
vn 0.6848 -0.7236 0.0857
vn -0.0153 -0.9999 -0.0000
vn -0.6471 -0.6356 0.4211
vn 0.0784 -0.9938 0.0784
vn 0.3309 -0.9323 0.1464
vn -0.0251 -0.9985 0.0497
vn 0.0645 -0.9709 0.2308
vn -0.1419 -0.8169 0.5590
vn 0.1428 -0.9446 0.2956
vn -0.3993 -0.6601 0.6363
vn 0.0378 -0.9615 -0.2722
vn -0.0634 -0.8032 0.5924
vn 0.0785 -0.9959 0.0447
vn 0.0612 -0.9961 0.0635
vn 0.0972 -0.9568 0.2741
vn 0.0092 -0.9995 0.0308
vn -0.0001 -1.0000 0.0002
vn -0.1783 -0.6325 0.7538
vn -0.1683 -0.6256 0.7618
vn -0.1430 -0.5580 0.8174
vn 0.2797 -0.9573 0.0736
vn 0.5480 -0.8157 -0.1850
vn 0.7059 -0.6479 0.2862
vn -0.0902 -0.7381 -0.6686
vn -0.0366 -0.5417 -0.8398
vn 0.0123 -0.8924 -0.4511
vn 0.2472 -0.9689 -0.0143
vn 0.3455 -0.9381 0.0223
vn 0.3098 -0.9508 -0.0032
vn 0.4668 -0.8844 -0.0000
vn 0.6928 -0.7005 -0.1713
vn 0.6066 -0.7569 0.2431
vn 0.6277 -0.7766 0.0546
vn 0.1950 -0.9097 0.3666
vn -0.5904 -0.6207 0.5158
vn 0.0485 -0.9098 0.4122
vn 0.1381 -0.7253 0.6744
vn -0.3462 -0.5027 0.7921
vn -0.0873 -0.9876 0.1306
vn -0.2957 -0.9550 -0.0225
vn -0.2181 -0.9752 -0.0375
vn -0.2291 -0.9712 0.0651
vn -0.8621 -0.4506 0.2319
vn -0.0286 -0.9463 -0.3221
vn 0.7071 -0.7071 -0.0000
vn -0.7239 -0.6509 0.2288
vn -0.5343 0.1126 0.8378
vn 0.2125 -0.0275 0.9768
vn 0.6034 0.7055 0.3717
vn 0.2048 -0.0672 0.9765
vn 0.0747 -0.3286 0.9415
vn 0.7847 -0.3908 -0.4812
vn 0.8171 -0.4051 -0.4102
vn 0.6704 -0.7264 -0.1516
vn 0.6304 -0.7185 -0.2937
vn 0.6339 -0.7707 -0.0649
vn 0.4574 -0.3816 -0.8032
vn 0.0858 0.9963 -0.0036
vn -0.0255 0.0153 0.9996
vn -0.4306 -0.4108 0.8036
vn -0.6077 -0.4672 -0.6422
vn -0.3480 -0.3470 -0.8709
vn -0.2267 -0.0371 0.9733
vn -0.0001 0.0020 -1.0000
vn 0.6168 -0.0585 0.7849
vn 0.9297 -0.3218 0.1790
vn 0.7190 0.1531 0.6780
vn -0.2343 -0.9683 -0.0868
vn 0.9455 -0.0410 0.3232
vn -0.5321 0.8460 0.0340
vn 0.5673 0.7637 0.3080
vn -0.5597 0.8258 0.0689
vn -0.5522 0.8259 0.1136
vn -0.6786 -0.0309 -0.7339
vn -0.4564 0.8024 -0.3845
vn 0.2251 0.6275 0.7454
vn 0.2908 0.5184 -0.8042
vn 0.1688 0.2107 -0.9629
vn 0.0310 0.0036 -0.9995
vn 0.3869 -0.1473 -0.9103
vn 0.8293 -0.1621 -0.5348
vn 0.9121 -0.1530 -0.3804
vn 0.8186 -0.5259 -0.2310
vn 0.4621 -0.3089 -0.8313
vn 0.6869 -0.7140 -0.1359
vn 0.6847 -0.6985 0.2080
vn 0.8531 -0.3592 0.3784
vn 0.8414 -0.4920 0.2235
vn 0.4695 -0.1346 0.8726
vn 0.5858 -0.3448 0.7335
vn 0.6498 0.1045 0.7529
vn -0.5135 0.0769 0.8546
vn -0.7383 0.3829 0.5553
vn -0.4343 -0.0585 0.8989
vn -0.8200 0.3209 0.4739
vn -0.8400 0.3957 -0.3713
vn -0.7468 0.6651 0.0056
vn -0.8424 0.5263 0.1154
vn -0.8411 0.5016 -0.2024
vn -0.5901 0.4112 -0.6948
vn -0.8747 0.4834 -0.0343
vn -0.0351 0.7378 0.6741
vn 0.3052 0.3695 0.8777
vn -0.3059 0.1485 -0.9404
vn -0.1052 -0.3286 -0.9386
vn 0.0238 -0.3353 -0.9418
vn -0.2088 -0.1640 -0.9641
vn 0.2798 -0.9040 0.3233
vn 0.2431 -0.7428 0.6239
vn -0.1468 -0.9866 0.0716
vn 0.0410 -0.5726 0.8188
vn -0.1646 -0.5136 0.8421
vn -0.2428 -0.7364 0.6314
vn -0.0006 -0.0830 0.9966
vn 0.0422 -0.1381 0.9895
vn 0.1576 -0.2063 -0.9657
vn -0.6577 -0.3251 -0.6795
vn 0.0898 -0.8639 -0.4956
vn 0.0294 -0.7889 0.6139
vn 0.3087 -0.4672 0.8285
vn -0.7716 -0.4879 0.4082
vn -0.4793 -0.8691 0.1221
vn 0.1299 -0.9703 0.2040
vn 0.5048 0.7781 -0.3737
vn 0.6680 0.2349 -0.7061
vn 0.1416 0.3635 -0.9208
vn 0.1453 0.6450 0.7503
vn -0.6649 -0.7354 -0.1306
vn -0.0785 -0.9959 -0.0449
vn 0.4873 -0.5066 0.7113
vn 0.7292 -0.6045 -0.3207
vn 0.1383 -0.6798 -0.7202
vn 0.3599 -0.4119 -0.8372
vn 0.2909 0.8835 0.3672
vn -0.1364 0.7050 0.6959
vn 0.6504 0.3574 0.6702
vn 0.5386 0.6202 -0.5703
vn -0.2869 0.6813 0.6735
vn 0.5075 0.7638 0.3988
vn 0.6160 -0.1259 0.7776
vn 0.2774 -0.6031 -0.7479
vn 0.9915 0.0030 0.1300
vn -0.9355 0.3533 0.0002
vn 0.9998 0.0099 0.0195
vn -0.0472 -0.0388 0.9981
vn -0.9819 0.1334 0.1343
vn 0.0053 -1.0000 0.0022
vn 0.6432 -0.6333 0.4303
vn 0.3420 -0.9202 -0.1902
vn -0.0000 -1.0000 -0.0007
vn 0.1312 -0.1531 0.9795
vn 0.4609 0.5523 0.6946
vn -0.0599 -0.1528 0.9864
vn -0.0038 -0.9998 -0.0215
vn -0.1073 -0.7897 -0.6041
vn 0.5694 -0.7601 0.3130
vn 0.1654 -0.9683 -0.1869
vn 0.0222 -0.0766 0.9968
vn -0.1042 -0.2091 -0.9723
vn 0.4263 -0.8386 0.3392
vn 0.7818 -0.0420 0.6221
vn -0.4304 -0.8174 -0.3828
vn -0.7413 -0.1251 -0.6594
vn -0.5498 0.8338 0.0497
vn -0.2434 0.8883 0.3894
vn -0.4981 -0.8397 0.2161
vn 0.8535 0.2514 0.4565
vn 0.6985 0.1534 -0.6989
vn 0.7241 0.2173 0.6545
vn 0.1905 -0.7511 -0.6321
vn -0.1339 0.2966 -0.9456
vn -0.0000 -1.0000 -0.0031
vn 0.0312 -0.9992 -0.0248
vn 0.3577 -0.9147 -0.1881
vn 0.3567 -0.9342 -0.0000
vn 0.0162 -0.9997 0.0179
vn 0.3520 -0.9171 0.1870
vn -0.4834 -0.8325 0.2709
vn -0.8214 0.4419 0.3605
vn -0.0000 -1.0000 -0.0020
vn -0.0000 0.0147 -0.9999
vn -0.4900 -0.8297 -0.2676
vn -0.0009 -1.0000 -0.0015
vn -0.3657 -0.7124 -0.5990
vn -0.3658 -0.7121 -0.5992
vn -0.4779 0.3996 -0.7823
vn -0.0153 -0.9999 -0.0023
vn 0.4873 -0.5066 -0.7113
vn -0.1066 -0.9467 -0.3041
vn -0.0084 -0.9996 0.0266
vn -0.1020 -0.9494 0.2970
vn -0.4708 0.5340 0.7022
vn -0.7223 0.5961 0.3505
vn -0.6478 0.1177 0.7526
vn -0.8364 0.4211 -0.3509
vn -0.9864 0.0489 0.1567
vn -0.1671 -0.3085 0.9364
vn -0.9172 -0.1352 -0.3747
vn -0.4548 0.1304 -0.8810
vn -0.3229 0.9352 -0.1454
vn 0.5678 -0.7418 -0.3568
vn 0.7123 -0.1239 0.6909
vn 0.5235 -0.6202 0.5842
vn -0.2869 0.6813 -0.6735
vn -0.1364 0.7050 -0.6959
vn 0.6130 -0.5308 0.5853
vn 0.1383 -0.6798 0.7202
vn 0.2774 -0.6031 0.7479
vn 0.0007 0.0002 1.0000
vn 0.6034 0.1774 -0.7774
vn -0.4708 0.5340 -0.7023
vn 0.6561 -0.7547 -0.0000
vt 0.000000 0.000000
vt 0.625000 1.000000
vt 0.625000 1.000000
vt 0.625000 1.000000
vt 0.625000 1.000000
vt 0.875000 0.750000
vt 0.870885 0.746473
vt 0.625007 1.000006
vt 0.624912 1.000005
vt 0.625006 1.000005
vt 0.583333 0.500000
vt 0.000232 0.000199
vt -0.000086 -0.000074
vt 0.000637 0.000546
vt 0.625045 0.999998
vt 0.625045 0.999999
vt -0.000319 -0.000273
vt 0.000594 0.000509
vt 0.625045 0.999999
vt 0.875000 0.500000
vt 0.874985 0.500000
vt 0.875000 0.500000
vt 0.873413 0.499093
vt 0.872503 0.498573
vt 0.125000 0.499718
vt 0.125000 0.499717
vt 0.125000 0.499718
vt 0.871963 0.747397
vt 0.874755 0.749790
vt 0.870387 0.746046
vt 0.868864 0.744740
vt 0.625270 0.999998
vt 0.625269 0.999998
vt 0.625270 0.999998
vt 0.625269 0.999998
vt 0.625270 0.999998
vt 0.625270 0.999998
vt 0.625269 0.999998
vt 0.625269 0.999998
vt 0.625269 0.999998
vt 0.625270 1.000003
vt 0.416667 0.666667
vt 0.841366 0.721171
vt 0.868214 0.744183
vt 0.864741 0.741207
vt 0.875000 0.500000
vt 0.875000 0.500001
vt 0.873409 0.499091
vt 0.875000 0.500015
vt 0.125000 0.500000
vt 0.375000 0.250000
vt 0.374997 0.249998
vt 0.374999 0.249999
vt 0.375005 0.250003
vt 0.000005 0.000019
vt 0.000135 0.000542
vt 0.678587 2.714347
vt 0.402609 1.610435
vt 0.351957 1.407826
vt -0.000024 -0.000097
vt -0.386412 -1.545643
vt 0.083333 0.333333
vt 0.374935 0.249956
vt 0.374961 0.249974
vt 0.374967 0.249978
vt 0.124811 0.499243
vt 0.125000 0.750000
vt 0.125000 0.750000
vt 0.124764 0.748583
vt 0.124583 0.747496
vt 0.124829 0.748976
vt 0.373260 0.995361
vt 0.375000 1.000000
vt 0.570867 3.424275
vt 0.050337 0.302179
vt -0.142319 -0.853361
vt 0.031512 0.189265
vt 0.031600 0.189794
vt 0.250000 0.666667
vt 0.001015 0.002706
vt 0.000630 0.001680
vt -0.491700 -2.948916
vt 0.031364 0.188378
vt -0.137167 -0.822457
vt -0.000557 -0.001486
vt 0.625000 1.000000
vt 0.619222 0.990757
vt 0.619596 0.991355
vt 0.618704 0.989929
vt 0.286885 0.245902
vt 0.151354 0.242415
vt 0.154389 0.247272
vt 0.155710 0.249384
vt 0.000728 0.000624
vt 0.000652 0.000558
vt 0.313369 0.501651
vt 0.312683 0.500553
vt 0.313209 0.501393
vt 0.312915 0.500923
vt -0.001520 -0.001302
vt 0.312437 0.500160
vt 0.875000 0.500000
vt 0.874911 0.499950
vt 0.873079 0.498903
vt 0.872273 0.498442
vt 0.870390 0.497366
vt 0.872362 0.498493
vt 0.625000 0.250000
vt 0.622527 0.249011
vt 0.291667 0.166667
vt 0.286442 0.163703
vt 0.290569 0.166060
vt 0.291887 0.166813
vt 0.001458 0.000583
vt 0.001067 0.000427
vt 0.000310 0.000124
vt 0.000060 0.000024
vt 0.001174 0.000470
vt -0.000198 -0.000079
vt 0.375001 0.250000
vt 0.375000 0.250000
vt 0.375001 0.250000
vt 0.375000 0.250000
vt 0.375000 0.250000
vt 0.124720 0.498879
vt 0.124577 0.498308
vt 0.124801 0.499203
vt 0.281250 0.187500
vt 0.187500 0.125000
vt 0.000507 -0.000017
vt 0.000234 -0.000199
vt 0.000039 -0.000329
vt 0.000093 -0.000293
vt -0.210224 -0.840896
vt 0.063602 0.254407
vt 0.062500 0.250000
vt 0.078175 0.312697
vt 0.086746 0.346981
vt 0.068841 0.275365
vt 0.000232 -0.000201
vt 0.031497 0.125987
vt 0.031483 0.125932
vt 0.031493 0.125972
vt 0.125000 0.750000
vt 0.125000 0.749999
vt 0.125000 0.750000
vt 0.125000 0.750000
vt 0.374095 0.997587
vt 0.372978 0.994608
vt 0.373648 0.996395
vt 0.374255 0.998014
vt 0.000001 0.000015
vt -0.000006 -0.000022
vt -0.000006 -0.000022
vt -0.000006 -0.000022
vt 0.000127 0.000774
vt -0.129301 -0.775782
vt 0.306053 1.836305
vt -0.489026 -2.934102
vt -0.798588 -4.791445
vt -0.000223 -0.001327
vt 0.093750 0.562500
vt 0.062500 0.375000
vt 0.374327 0.998206
vt 0.374444 0.998518
vt 0.375056 1.000150
vt 0.625000 1.000000
vt 0.625000 1.000000
vt 0.350000 0.560000
vt 0.625000 1.000000
vt 0.873542 0.748750
vt 0.872385 0.747759
vt 0.871693 0.747165
vt 0.870039 0.745748
vt 0.862317 0.739129
vt -0.000347 -0.000275
vt -0.000347 -0.000275
vt -0.000347 -0.000275
vt 0.000222 0.000586
vt -0.000347 -0.000275
vt 0.000046 0.000355
vt 0.003425 0.005759
vt -0.000726 -0.000880
vt 0.002295 0.003952
vt 0.468750 0.750000
vt 0.312500 0.500000
vt 0.841006 0.720862
vt 0.836461 0.716877
vt 0.871265 0.746799
vt 0.624597 0.999355
vt 0.553730 0.885971
vt 0.620718 0.993151
vt 0.624605 0.999368
vt 0.875000 0.500000
vt 0.622780 0.249112
vt 0.623142 0.249257
vt 0.625606 0.250242
vt 0.583333 0.333333
vt 0.000102 0.000088
vt 0.000102 0.000088
vt 0.000102 0.000088
vt 0.000102 0.000088
vt 0.000269 0.000184
vt 0.000720 0.000441
vt 0.001264 0.000506
vt 0.000212 0.000085
vt 0.001906 0.000762
vt 0.001573 0.000629
vt 0.000593 0.000237
vt 0.001715 0.001014
vt -0.000119 -0.000039
vt 0.000285 0.000114
vt 0.004550 0.001820
vt 0.001532 0.000627
vt 0.001462 0.000585
vt 0.875000 0.749717
vt 0.875000 0.749717
vt 0.624862 1.000000
vt 0.624862 1.000000
vt 0.624862 1.000000
vt 0.875000 0.500283
vt 0.875000 0.500283
vt 0.875000 0.500283
vt 0.875000 0.500282
vt 0.875000 0.500282
vt 0.624869 0.250000
vt 0.624869 0.250000
vt 0.624869 0.250000
vt 0.624869 0.250000
vt 0.624878 0.249717
vt 0.624877 0.249717
vt 0.624877 0.249718
vt 0.624877 0.249718
vt 0.624877 0.249718
vt 0.624877 0.249717
vt 0.624877 0.249718
vt 0.375465 1.000000
vt 0.375000 1.000000
vt 0.375466 1.000000
vt 0.375466 1.000000
vt 0.625006 1.000005
vt 0.625006 1.000005
vt 0.872653 0.747801
vt 0.874526 0.749509
vt 0.874638 0.749502
vt 0.625045 0.999998
vt 0.874949 0.499971
vt 0.624927 1.000000
vt 0.625332 1.000000
vt 0.625332 1.000000
vt 0.625330 1.000000
vt 0.625269 0.999998
vt 0.625269 0.999998
vt 0.879708 0.754035
vt 0.625000 1.000000
vt 0.625000 1.000000
vt 0.790818 0.677674
vt 0.374997 0.249998
vt 0.124416 0.497664
vt 0.001025 0.000684
vt 0.124382 0.497715
vt 0.108240 0.433028
vt 0.124876 0.499692
vt 0.124929 0.499906
vt 0.124637 0.747824
vt 0.103395 0.620288
vt 0.369814 2.218372
vt 0.373667 0.995986
vt 0.373817 0.996846
vt 0.374745 0.998857
vt 0.062534 0.375337
vt 0.616682 0.986695
vt 0.005410 0.008926
vt 0.159011 0.254665
vt 0.158341 0.253593
vt 0.872322 0.747517
vt 0.874681 0.749726
vt 0.874792 0.749577
vt 0.845466 0.483322
vt 0.001380 0.000552
vt 0.001112 0.000445
vt 0.001002 0.000401
vt 0.622738 0.249160
vt 0.624730 0.249926
vt 0.624512 0.249870
vt -0.000377 -0.000151
vt 0.374156 0.249349
vt 0.374862 0.249901
vt 0.374911 0.249852
vt 0.124996 0.500065
vt -0.057607 -0.230427
vt 0.031561 0.126245
vt 0.124513 0.498054
vt 0.062534 0.250231
vt 0.124498 0.746801
vt 0.101937 0.611570
vt 0.124932 0.749403
vt 0.579956 3.479695
vt 0.739834 4.438948
vt 0.001358 0.003620
vt 0.622205 0.995742
vt 0.584949 0.936149
vt 0.624263 0.999035
vt 0.868451 0.496444
vt 0.439707 0.251297
vt 0.874335 0.499809
vt 0.002726 0.001587
vt 0.000647 0.000259
vt 0.001748 0.000699
vt 0.622603 0.249041
vt 0.595548 0.238316
vt 0.624869 1.000000
vt 0.624869 1.000000
vt 0.624730 1.000000
vt 0.875000 0.749921
vt 0.624977 0.250000
vt 0.624976 0.250000
vt 0.624803 0.249840
vt 0.624877 0.249718
vt 0.625000 0.249718
vt 0.125000 0.749778
vt 0.375467 1.000000
vt 0.375228 1.000000
vt 0.125000 0.499717
vt 0.125000 0.499718
vt 0.624867 0.000282
vt 0.624868 0.000283
vt 0.875000 0.500096
vt 0.624921 0.749752
vt 0.874999 0.749908
vt 0.624898 0.750024
vt 0.374939 0.500145
vt 0.125000 0.500096
vt 0.375138 0.500071
vt 0.375044 0.749888
vt 0.125000 0.500100
vt 0.125000 0.500146
vt 0.125000 0.499988
vt 0.624922 1.000000
vt 0.625000 1.000000
vt 0.125000 0.749717
vt 0.125000 0.749870
vt 0.375143 1.000000
vt 0.375466 1.000000
vt 0.595155 0.340156
vt 0.625000 0.250000
vt 0.625009 0.250001
vt 0.624821 0.250000
vt 0.374881 0.250000
vt 0.375095 0.250000
vt 0.375156 0.250000
vt 0.125000 0.500025
vt 0.125000 0.499975
vt 0.589940 0.337246
vt 0.874894 0.749833
vt 0.624952 0.999994
vt 0.624622 0.999533
vt 0.624825 1.000000
vt 0.624990 0.250000
vt 0.124816 0.499509
vt 0.374847 0.250186
vt 0.374741 0.249828
vt 0.375088 1.000000
vt 0.009124 0.007819
vt 0.874667 0.499870
vt 0.874090 0.499480
vt 0.031434 0.125736
vt 0.374720 0.998977
vt 0.373512 0.996030
vt 0.624929 1.000000
vt 0.624934 0.249996
vt 0.125000 0.500092
vt 0.125000 0.500181
vt 0.125000 0.500071
vt 0.875000 0.749870
vt 0.624937 1.000000
vt 0.125000 0.749812
vt 0.125000 0.500282
vt 0.624776 0.250000
vt 0.375063 0.249957
vt 0.375222 1.000000
vt 0.375100 1.000000
vt 0.624733 0.000063
vt 0.624924 0.000096
vt 0.124487 0.497950
vt 0.874731 0.749769
vt 0.002259 0.000904
vt 0.000227 0.001376
vt 0.062944 0.251796
vt 0.625000 0.250000
vt 0.375069 1.000000
vt 0.375070 1.000000
vt 0.624928 1.000000
vt 0.125000 0.749909
vt 0.125000 0.749908
vt 0.624908 0.500141
vt 0.875000 0.500102
vt 0.875000 0.500099
vt 0.875000 0.749899
vt 0.375068 0.250000
vt 0.624924 0.250000
vt 0.624925 0.250000
vt 0.375069 0.250000
vt 0.375106 0.250000
vt 0.125000 0.749994
vt 0.125000 0.749981
vt 0.125000 0.750000
vt 0.125000 0.749905
vt 0.375082 0.250000
vt 0.624933 0.250000
vt 0.375069 1.000000
vt 0.375063 0.249718
vt 0.375225 0.000112
vt 0.375000 0.000181
vt 0.375000 1.000000
vt 0.875000 0.500000
s 1
usemtl MAT_Parasaurolophus_Crest
f 30/1/1 36/1/2 35/1/1
f 34/1/1 39/2/3 36/1/2
f 31/2/4 39/2/3 38/2/1
f 37/2/5 41/2/6 39/2/3
f 40/3/7 41/2/6 32/4/8
f 40/3/7 44/5/9 41/2/6
f 33/2/10 44/5/9 43/5/11
f 42/2/1 36/1/2 44/5/9
f 39/2/3 44/5/9 36/1/2
f 50/6/12 51/6/13 46/7/14
f 50/6/12 55/6/15 52/6/16
f 47/6/17 55/6/15 54/6/18
f 53/6/1 58/1/19 55/6/15
f 48/1/1 58/1/19 57/1/1
f 56/1/1 61/1/20 58/1/19
f 49/6/21 61/1/20 60/6/1
f 59/1/22 52/6/16 61/1/20
f 52/6/16 58/1/19 61/1/20
f 62/1/1 68/1/1 67/1/1
f 66/1/1 71/2/1 68/1/1
f 63/2/23 71/2/1 70/2/1
f 69/2/24 74/2/1 71/2/1
f 64/2/1 74/2/1 73/2/25
f 72/2/1 77/1/1 74/2/1
f 65/1/1 77/1/1 76/1/1
f 75/1/1 68/1/1 77/1/1
f 68/1/1 74/2/1 77/1/1
f 79/8/26 45/9/27 81/10/28
f 85/1/1 91/1/1 90/1/1
f 89/1/1 94/1/1 91/1/1
f 86/1/1 94/1/1 93/1/1
f 92/1/1 97/2/1 94/1/1
f 87/2/29 97/2/1 96/2/1
f 95/2/24 100/2/1 97/2/1
f 88/6/1 100/11/1 99/6/29
f 98/6/1 91/1/1 100/11/1
f 91/1/1 97/1/1 100/11/1
f 105/12/30 104/1/31 103/13/32
f 101/1/33 107/1/34 105/12/30
f 106/1/1 110/14/1 107/1/34
f 102/1/35 110/14/1 109/1/1
f 108/14/36 104/1/31 110/14/1
f 104/1/31 107/1/34 110/14/1
f 111/1/37 116/1/38 115/1/1
f 114/15/39 118/16/40 116/15/38
f 113/1/41 120/17/42 112/18/43
f 119/1/44 116/1/38 120/17/42
f 116/15/38 112/19/43 120/15/42
f 121/20/45 125/21/46 124/21/47
f 123/20/48 127/22/49 125/21/46
f 122/20/50 127/22/49 126/20/1
f 129/23/51 125/21/46 128/24/52
f 136/25/53 139/26/54 137/27/55
f 135/26/56 139/26/54 138/26/57
f 150/2/58 151/2/59 146/2/60
f 150/2/58 155/2/1 152/2/1
f 147/2/61 155/2/1 154/2/62
f 153/2/1 158/1/1 155/2/1
f 148/1/1 158/1/1 157/1/1
f 156/1/1 161/2/1 158/1/1
f 149/2/1 161/2/1 160/2/1
f 159/1/63 152/2/1 161/2/1
f 152/2/1 158/1/1 161/2/1
f 162/1/1 168/1/1 167/1/1
f 166/1/1 170/6/64 168/1/1
f 163/6/65 170/6/64 169/6/1
f 171/28/66 172/29/67 164/30/68
f 171/28/66 175/31/69 172/29/67
f 165/6/70 175/31/69 174/31/71
f 173/6/1 168/1/1 175/31/69
f 170/6/64 175/31/69 168/1/1
f 180/1/1 186/1/1 185/1/1
f 184/1/1 189/1/1 186/1/1
f 181/1/1 189/1/1 188/1/1
f 187/1/1 192/2/1 189/1/1
f 182/2/72 192/2/1 191/2/1
f 190/2/1 195/2/1 192/2/1
f 183/2/1 195/2/1 194/2/1
f 193/2/1 186/1/1 195/2/1
f 186/1/1 192/2/1 195/2/1
f 198/32/73 202/33/74 199/34/74
f 200/35/75 205/36/76 202/33/74
f 196/37/77 205/36/76 204/1/78
f 203/37/79 208/37/80 205/36/76
f 197/37/81 208/37/80 207/37/1
f 206/37/82 199/34/74 208/37/80
f 199/34/74 205/36/76 208/37/80
f 209/37/83 214/1/84 213/37/1
f 212/1/85 216/38/86 214/1/84
f 211/37/87 219/39/88 217/40/89
f 218/37/90 214/1/84 219/39/88
f 214/1/84 210/41/91 219/39/88
f 220/1/1 226/1/1 225/1/1
f 224/1/1 229/1/1 226/1/1
f 221/1/1 229/1/1 228/1/1
f 227/1/1 232/6/1 229/1/1
f 222/6/92 232/6/1 231/6/1
f 230/6/93 235/6/1 232/6/1
f 223/2/1 235/42/1 234/2/94
f 233/2/1 226/1/1 235/42/1
f 226/1/1 232/1/1 235/42/1
f 236/43/95 239/44/96 238/45/97
f 247/46/98 248/46/99 244/47/100
f 247/46/98 252/22/101 249/48/102
f 245/20/103 252/22/101 251/22/104
f 250/20/105 254/49/106 252/22/101
f 246/20/107 254/49/106 253/20/1
f 258/50/108 263/50/109 260/50/110
f 255/50/111 263/50/109 262/50/112
f 261/50/1 266/1/113 263/50/109
f 256/1/1 266/1/113 265/1/1
f 264/1/1 269/50/114 266/1/113
f 257/50/115 269/50/114 268/50/1
f 267/1/116 260/50/110 269/50/114
f 260/50/110 266/1/113 269/50/114
f 270/1/1 276/1/117 275/1/1
f 274/1/1 279/51/118 276/1/117
f 271/51/119 279/51/118 278/51/1
f 277/51/120 282/51/121 279/51/118
f 280/52/122 281/51/123 272/53/124
f 280/52/122 285/54/125 282/51/121
f 273/51/126 285/54/125 284/54/127
f 283/51/1 276/1/117 285/54/125
f 276/1/117 282/51/121 285/54/125
f 287/1/1 293/1/1 292/1/1
f 291/1/1 296/1/1 293/1/1
f 288/1/1 296/1/1 295/1/1
f 294/1/1 299/50/1 296/1/1
f 289/50/1 299/50/1 298/50/1
f 297/50/1 302/50/1 299/50/1
f 290/50/1 302/50/1 301/50/1
f 300/50/1 293/1/1 302/50/1
f 293/1/1 299/50/1 302/50/1
f 303/1/128 306/1/129 310/55/130
f 305/1/131 309/56/132 306/1/129
f 304/1/133 309/56/132 308/1/1
f 307/56/134 311/1/1 309/56/132
f 310/55/130 309/56/132 311/1/1
f 312/57/135 317/58/136 316/59/137
f 314/1/138 319/60/139 313/61/140
f 318/1/141 322/1/142 319/60/139
f 315/1/143 322/1/142 321/1/1
f 320/1/144 317/58/136 322/1/142
f 317/58/136 319/60/139 322/1/142
f 324/1/1 330/1/1 329/1/1
f 328/1/1 333/1/1 330/1/1
f 325/1/1 333/1/1 332/1/1
f 331/1/1 336/51/1 333/1/1
f 326/51/145 336/51/1 335/51/1
f 334/51/1 339/51/1 336/51/1
f 327/50/1 339/62/1 338/50/1
f 337/50/1 330/1/1 339/62/1
f 330/1/1 336/1/1 339/62/1
f 340/63/146 344/64/147 345/65/148
f 346/50/149 344/66/147 343/50/150
f 352/1/1 357/1/1 356/1/1
f 355/1/1 360/67/151 357/1/1
f 353/67/152 360/67/151 359/67/1
f 358/68/153 363/69/154 360/67/151
f 361/70/155 366/71/156 363/69/154
f 354/67/157 366/71/156 365/71/158
f 364/67/1 357/1/1 366/71/156
f 357/1/1 363/69/154 366/71/156
f 369/72/159 375/73/160 374/73/161
f 373/73/162 378/73/163 375/73/160
f 370/73/164 378/73/163 377/73/165
f 376/73/1 381/1/166 378/73/163
f 371/1/1 381/1/166 380/1/1
f 379/1/1 384/73/1 381/1/166
f 372/73/167 384/73/1 383/73/1
f 382/1/168 375/73/160 384/73/1
f 375/73/160 381/1/166 384/73/1
f 385/1/1 391/1/1 390/1/1
f 389/1/1 394/67/1 391/1/1
f 386/67/1 394/67/1 393/67/1
f 392/67/169 397/67/1 394/67/1
f 387/67/1 397/67/1 396/67/169
f 395/67/1 400/1/1 397/67/1
f 388/1/1 400/1/1 399/1/1
f 398/1/1 391/1/1 400/1/1
f 391/1/1 397/67/1 400/1/1
f 401/74/170 403/75/171 436/76/172
f 402/77/173 403/75/171 405/78/174
f 408/1/1 414/1/1 413/1/1
f 412/1/1 417/1/1 414/1/1
f 409/1/1 417/1/1 416/1/1
f 415/1/1 420/67/1 417/1/1
f 410/67/175 420/67/1 419/67/1
f 418/67/169 423/67/1 420/67/1
f 411/73/1 423/79/1 422/73/169
f 421/73/1 414/1/1 423/79/1
f 414/1/1 420/1/1 423/79/1
f 428/80/176 427/1/177 426/1/178
f 424/1/179 430/1/180 428/80/176
f 429/1/181 433/81/182 430/1/180
f 425/1/183 433/81/182 432/1/1
f 431/81/184 427/1/177 433/81/182
f 427/1/177 430/1/180 433/81/182
f 434/1/185 440/1/186 439/1/1
f 438/1/187 442/1/188 440/1/186
f 435/82/189 442/83/188 441/84/190
f 437/1/191 444/85/192 436/1/172
f 443/1/193 440/1/186 444/85/192
f 440/1/186 436/1/172 444/85/192
f 445/1/1 450/1/194 449/1/1
f 448/1/1 452/86/195 450/1/194
f 446/2/196 452/86/195 451/2/1
f 453/87/197 458/88/198 455/89/199
f 447/2/200 458/88/198 457/88/201
f 456/2/1 450/1/194 458/88/198
f 450/1/194 455/89/199 458/88/198
f 463/6/202 468/6/203 465/90/204
f 460/6/205 468/6/203 467/6/206
f 466/6/1 471/1/207 468/6/203
f 461/1/1 471/1/207 470/1/1
f 469/1/1 473/1/195 471/1/207
f 462/6/208 473/1/195 472/6/1
f 465/90/204 471/1/207 473/1/195
f 475/1/1 481/1/1 480/1/1
f 479/1/1 484/2/1 481/1/1
f 476/2/209 484/2/1 483/2/1
f 482/2/210 487/2/1 484/2/1
f 477/2/1 487/2/1 486/2/211
f 485/2/1 490/1/1 487/2/1
f 478/1/1 490/1/1 489/1/1
f 488/1/1 481/1/1 490/1/1
f 481/1/1 487/2/1 490/1/1
f 493/91/212 491/92/213 495/93/214
f 498/1/1 504/1/1 503/1/1
f 502/1/1 507/1/1 504/1/1
f 499/1/1 507/1/1 506/1/1
f 505/1/1 510/2/1 507/1/1
f 500/2/169 510/2/1 509/2/1
f 508/2/24 513/2/1 510/2/1
f 501/6/1 513/11/1 512/6/24
f 511/6/1 504/1/1 513/11/1
f 504/1/1 510/1/1 513/11/1
f 514/1/215 520/1/216 518/94/217
f 519/1/218 523/95/219 520/1/216
f 515/1/220 523/95/219 522/1/1
f 521/95/221 517/1/222 523/95/219
f 517/1/222 520/1/216 523/95/219
f 524/1/223 529/1/224 528/1/1
f 527/96/225 531/97/226 529/96/224
f 525/98/227 531/97/226 530/99/228
f 526/1/229 533/100/230 525/1/227
f 532/1/231 529/1/224 533/100/230
f 529/96/224 525/98/227 533/101/230
f 534/1/1 540/1/232 539/1/1
f 538/1/1 543/102/233 540/1/232
f 535/20/234 543/102/233 542/20/1
f 541/103/235 545/104/236 543/102/233
f 544/105/237 541/103/235 536/106/238
f 544/105/237 548/107/239 545/104/236
f 537/20/240 548/107/239 547/107/241
f 546/20/1 540/1/232 548/107/239
f 540/1/232 545/104/236 548/107/239
f 553/108/242 557/108/243 554/109/244
f 550/108/245 557/108/243 556/108/246
f 555/108/1 560/1/247 557/108/243
f 551/1/1 560/1/247 559/1/1
f 558/1/1 562/1/195 560/1/247
f 552/108/248 562/1/195 561/108/1
f 554/109/244 560/1/247 562/1/195
f 563/1/1 569/110/1 568/1/1
f 567/1/1 572/20/1 569/110/1
f 564/20/25 572/20/1 571/20/1
f 570/108/249 575/108/1 572/108/1
f 565/108/1 575/108/1 574/108/250
f 573/108/1 578/1/1 575/108/1
f 566/1/1 578/1/1 577/1/1
f 576/1/1 569/1/1 578/1/1
f 569/110/1 575/20/1 578/20/1
f 581/111/251 579/112/252 583/113/253
f 587/1/1 593/1/1 592/1/1
f 591/1/1 596/1/1 593/1/1
f 588/1/1 596/1/1 595/1/1
f 594/1/1 599/108/1 596/1/1
f 589/108/25 599/108/1 598/108/1
f 597/108/169 602/108/1 599/108/1
f 590/108/1 602/108/1 601/108/93
f 600/108/1 593/1/1 602/108/1
f 593/1/1 599/108/1 602/108/1
f 603/114/254 608/1/255 607/1/256
f 604/1/257 610/1/258 608/1/255
f 609/1/259 613/115/260 610/1/258
f 605/1/261 613/115/260 612/1/1
f 611/115/262 607/1/256 613/115/260
f 607/1/256 610/1/258 613/115/260
f 614/1/263 619/1/264 618/1/1
f 617/1/265 621/116/266 619/1/264
f 615/117/267 621/116/266 620/118/268
f 616/1/269 623/119/270 615/117/267
f 622/1/271 619/1/264 623/119/270
f 619/1/264 615/117/267 623/119/270
f 624/120/272 630/121/273 629/122/274
f 628/123/275 633/124/1 630/121/273
f 625/51/276 633/124/1 632/124/277
f 631/51/1 636/1/1 633/124/1
f 626/1/1 636/1/1 635/1/1
f 634/1/1 639/51/1 636/1/1
f 627/51/278 639/51/1 638/51/1
f 637/1/279 630/121/273 639/51/1
f 630/121/273 636/1/1 639/51/1
f 640/1/1 645/1/280 644/1/1
f 643/1/1 648/50/281 645/1/280
f 641/50/282 648/50/281 647/50/1
f 646/50/283 651/125/284 648/50/281
f 649/126/285 654/127/286 651/125/284
f 642/50/287 654/127/286 653/127/288
f 652/50/1 645/1/280 654/127/286
f 645/1/280 651/125/284 654/127/286
f 659/1/1 665/1/1 664/1/1
f 663/1/1 668/1/1 665/1/1
f 660/1/1 668/1/1 667/1/1
f 666/1/1 671/50/1 668/1/1
f 661/50/169 671/50/1 670/50/1
f 669/51/175 674/128/1 671/129/1
f 662/51/1 674/128/1 673/51/175
f 672/51/1 665/1/1 674/128/1
f 665/1/1 671/129/1 674/128/1
f 675/130/289 681/131/290 680/131/291
f 679/130/292 684/1/293 681/131/290
f 676/131/294 684/1/293 683/1/295
f 682/131/296 686/132/297 684/1/293
f 677/131/298 686/132/297 685/131/1
f 678/133/299 684/1/293 686/132/297
f 687/131/300 693/1/301 692/131/1
f 691/131/302 696/1/303 693/1/301
f 688/134/304 696/135/303 694/136/305
f 695/137/306 696/135/303 689/138/307
f 695/137/306 699/139/308 696/135/303
f 690/131/309 699/140/308 698/131/310
f 697/131/311 693/1/301 699/140/308
f 693/1/301 696/1/303 699/140/308
f 700/1/1 706/1/1 705/1/1
f 704/1/1 709/1/1 706/1/1
f 701/1/1 709/1/1 708/1/1
f 707/1/1 712/50/1 709/1/1
f 702/50/312 712/50/1 711/50/1
f 710/50/313 715/50/1 712/50/1
f 703/50/1 715/50/1 714/50/312
f 713/50/1 706/1/1 715/50/1
f 706/1/1 712/50/1 715/50/1
f 716/141/314 721/142/315 719/143/316
f 726/144/317 727/144/318 722/145/319
f 726/144/317 731/146/320 728/147/321
f 723/67/322 731/146/320 730/146/323
f 729/67/1 734/1/324 731/146/320
f 724/1/1 734/1/324 733/1/1
f 732/1/1 737/67/325 734/1/324
f 725/67/326 737/67/325 736/67/1
f 735/1/327 728/147/321 737/67/325
f 728/147/321 734/1/324 737/67/325
f 738/1/1 744/1/328 743/1/1
f 742/1/1 747/73/1 744/1/328
f 739/73/329 747/73/1 746/73/1
f 745/73/330 750/148/331 747/73/1
f 740/149/332 750/148/331 749/150/333
f 748/150/334 753/151/335 750/148/331
f 741/73/336 753/151/335 752/151/337
f 751/73/1 744/1/328 753/151/335
f 744/1/328 750/148/331 753/151/335
f 757/1/1 763/1/1 762/1/1
f 761/1/1 766/1/1 763/1/1
f 758/1/1 766/1/1 765/1/1
f 764/1/1 769/67/1 766/1/1
f 759/67/1 769/67/1 768/67/1
f 767/67/169 772/67/1 769/67/1
f 760/67/1 772/67/1 771/67/169
f 770/67/1 763/1/1 772/67/1
f 763/1/1 769/67/1 772/67/1
f 777/152/338 776/153/339 775/154/340
f 773/155/341 779/1/342 777/152/338
f 778/155/343 782/156/344 779/1/342
f 774/155/345 782/156/344 781/155/1
f 780/156/346 776/153/339 782/156/344
f 777/152/338 782/156/344 776/153/339
f 783/155/347 788/1/348 787/155/1
f 786/1/349 790/157/350 788/1/348
f 815/158/351 789/159/352 784/160/353
f 785/155/354 792/161/355 815/158/351
f 791/155/356 788/1/348 792/161/355
f 788/1/348 815/158/351 792/161/355
f 794/1/1 800/1/1 799/1/1
f 798/1/1 803/1/1 800/1/1
f 795/1/1 803/1/1 802/1/1
f 801/1/1 806/73/1 803/1/1
f 796/73/92 806/73/1 805/73/1
f 804/67/1 809/162/1 806/163/1
f 797/67/1 809/162/1 808/67/169
f 807/67/1 800/1/1 809/162/1
f 800/1/1 806/163/1 809/162/1
f 810/164/357 815/165/351 813/166/358
f 816/167/359 821/168/360 828/169/361
f 820/168/362 824/170/363 821/168/360
f 817/2/164 824/170/363 823/170/364
f 822/2/1 827/1/365 824/170/363
f 818/1/1 827/1/365 826/1/1
f 825/1/1 830/1/366 827/1/365
f 819/2/367 830/1/366 829/2/1
f 828/169/361 821/168/360 830/1/366
f 821/168/360 827/1/365 830/1/366
f 831/1/1 837/1/1 836/1/1
f 835/1/1 840/6/368 837/1/1
f 832/6/369 840/6/368 839/6/1
f 838/171/370 842/172/371 840/6/368
f 841/173/372 838/171/370 833/174/373
f 841/173/372 845/175/374 842/172/371
f 834/6/375 845/175/374 844/175/376
f 843/6/1 837/1/1 845/175/374
f 840/6/368 845/175/374 837/1/1
f 850/1/1 856/1/1 855/1/1
f 854/1/1 859/1/1 856/1/1
f 851/1/1 859/1/1 858/1/1
f 857/1/1 862/2/1 859/1/1
f 852/2/377 862/2/1 861/2/1
f 860/2/378 865/2/1 862/2/1
f 853/2/1 865/2/1 864/2/379
f 863/2/1 856/1/1 865/2/1
f 856/1/1 862/2/1 865/2/1
f 866/176/380 870/177/381 869/178/382
f 866/176/380 871/179/383 870/177/381
f 867/180/384 873/1/385 871/179/383
f 872/180/386 876/181/387 873/1/385
f 868/180/388 876/181/387 875/180/1
f 874/181/389 870/177/381 876/181/387
f 870/177/381 873/1/385 876/181/387
f 877/180/390 881/1/391 880/180/1
f 882/182/392 881/1/391 879/1/393
f 878/180/394 885/183/395 883/184/396
f 884/180/1 881/1/391 885/183/395
f 881/1/391 883/184/396 885/183/395
f 886/1/1 892/1/1 891/1/1
f 890/1/1 895/1/1 892/1/1
f 887/1/1 895/1/1 894/1/1
f 893/1/1 898/6/1 895/1/1
f 888/6/93 898/6/1 897/6/1
f 896/2/29 901/185/1 898/186/1
f 889/2/1 901/185/1 900/2/377
f 899/2/1 892/1/1 901/185/1
f 892/1/1 898/186/1 901/185/1
f 902/187/397 846/188/398 904/189/399
f 905/190/400 846/191/398 903/192/401
f 904/193/399 846/191/398 905/190/400
f 910/46/402 911/46/403 906/47/404
f 910/46/402 915/22/405 912/194/406
f 907/20/407 915/22/405 914/22/408
f 913/20/1 918/1/409 915/22/405
f 908/1/1 918/1/409 917/1/1
f 916/1/1 921/1/410 918/1/409
f 909/20/411 921/1/410 920/20/1
f 919/1/412 912/194/406 921/1/410
f 915/22/405 921/1/410 912/194/406
f 922/1/1 927/1/1 926/1/1
f 925/1/1 930/108/331 927/1/1
f 923/108/413 930/108/331 929/108/1
f 928/108/414 933/195/415 930/108/331
f 931/196/416 936/197/417 933/195/415
f 924/108/418 936/197/417 935/197/419
f 934/108/1 927/1/1 936/197/417
f 930/108/331 936/197/417 927/1/1
f 941/1/1 947/1/1 946/1/1
f 945/1/1 950/1/1 947/1/1
f 942/1/1 950/1/1 949/1/1
f 948/1/1 953/108/1 950/1/1
f 943/108/1 953/108/1 952/108/1
f 951/108/1 956/108/1 953/108/1
f 944/20/1 956/198/1 955/20/169
f 954/20/1 947/1/1 956/198/1
f 947/1/1 953/1/1 956/198/1
f 957/199/420 962/200/421 961/201/422
f 958/202/423 964/1/424 960/203/425
f 963/202/426 967/204/427 964/1/424
f 959/202/428 967/204/427 966/202/1
f 965/204/429 962/200/421 967/204/427
f 962/200/421 964/1/424 967/204/427
f 968/202/430 974/1/431 973/202/1
f 972/205/432 977/206/433 974/205/431
f 969/207/434 977/206/433 976/208/435
f 975/209/436 978/210/437 977/206/433
f 971/202/438 980/211/439 978/210/437
f 979/202/440 974/1/431 980/211/439
f 977/206/433 980/212/439 974/205/431
f 981/1/1 987/1/1 986/1/1
f 985/1/1 990/1/1 987/1/1
f 982/1/1 990/1/1 989/1/1
f 988/1/1 993/108/1 990/1/1
f 983/108/175 993/108/1 992/108/1
f 991/108/441 996/108/1 993/108/1
f 984/108/1 996/108/1 995/108/441
f 994/108/1 987/1/1 996/108/1
f 987/1/1 993/108/1 996/108/1
f 997/213/442 998/214/443 1000/215/444
f 1012/216/445 1013/217/446 1014/216/447
f 1018/218/448 1021/219/195 1019/220/449
f 1020/218/450 1019/220/449 1021/219/195
f 1025/221/451 1028/222/452 1027/222/453
f 1026/221/454 1029/223/455 1028/222/452
f 1030/224/456 1028/222/452 1031/225/457
f 1028/222/452 1029/223/455 1031/225/457
f 1037/226/458 1041/227/459 1040/226/460
f 1038/228/461 1039/229/462 1041/227/459
f 1042/230/463 1046/231/464 1045/230/465
f 1044/231/466 1049/232/467 1046/231/464
f 1047/233/468 1051/234/469 1049/232/467
f 1043/235/470 1051/234/469 1050/236/471
f 1043/235/470 1049/232/467 1051/234/469
f 141/237/472 23/238/473 27/239/474
f 27/239/474 23/238/473 26/240/475
f 62/1/1 35/1/1 66/1/1
f 66/1/1 42/2/1 70/2/1
f 70/2/1 33/2/10 63/2/23
f 32/4/8 45/9/27 40/3/7
f 45/9/27 43/5/11 40/3/7
f 43/5/11 45/9/27 33/2/10
f 78/241/476 73/2/25 80/242/477
f 80/242/477 69/2/24 81/10/28
f 81/10/28 63/2/23 79/8/26
f 82/243/478 84/244/479 83/245/480
f 108/14/36 82/243/478 83/245/480
f 101/1/33 115/1/1 106/1/1
f 106/1/1 119/1/44 109/1/1
f 109/1/1 113/1/41 102/1/35
f 112/18/43 84/244/479 113/1/41
f 59/1/22 101/1/33 105/12/30
f 48/1/1 90/1/1 56/1/1
f 56/1/1 98/6/1 60/6/1
f 60/6/1 88/6/1 49/6/21
f 87/2/29 117/246/481 95/2/24
f 95/2/24 114/15/39 99/2/29
f 99/6/29 111/1/37 88/6/1
f 86/1/1 76/1/1 92/1/1
f 92/1/1 72/2/1 96/2/1
f 96/2/1 64/2/1 87/2/29
f 112/19/43 78/241/476 45/9/27
f 131/20/482 124/21/47 132/247/483
f 179/248/484 178/249/485 176/250/486
f 179/248/484 177/251/487 178/249/485
f 178/249/485 197/37/81 176/250/486
f 196/37/77 213/37/1 203/37/79
f 203/37/79 218/37/90 207/37/1
f 207/37/1 211/37/87 197/37/81
f 210/41/91 179/248/484 217/40/89
f 217/40/89 179/248/484 211/37/87
f 201/252/488 151/2/59 200/35/75
f 200/35/75 159/1/63 204/1/78
f 204/1/78 149/2/1 196/37/77
f 148/1/1 185/1/1 156/1/1
f 156/1/1 193/2/1 160/2/1
f 160/2/1 183/2/1 149/2/1
f 182/2/72 215/253/489 190/2/1
f 190/2/1 212/1/85 194/2/1
f 194/2/1 209/37/83 183/2/1
f 181/1/1 225/1/1 187/1/1
f 187/1/1 233/2/1 191/2/1
f 191/2/1 223/2/1 182/2/72
f 222/6/92 238/45/97 230/6/93
f 230/6/93 240/254/490 234/6/94
f 234/2/94 237/255/491 223/2/1
f 239/256/96 210/41/91 237/255/491
f 221/1/1 167/1/1 227/1/1
f 227/1/1 173/6/1 231/6/1
f 231/6/1 165/6/70 222/6/92
f 164/30/68 241/257/492 171/28/66
f 171/28/66 241/257/492 174/31/71
f 174/31/71 241/257/492 165/6/70
f 132/247/483 249/48/102 246/20/107
f 267/1/116 303/1/128 310/55/130
f 256/1/1 292/1/1 264/1/1
f 264/1/1 300/50/1 268/50/1
f 268/50/1 290/50/1 257/50/115
f 289/50/1 316/59/137 297/50/1
f 297/50/1 320/1/144 301/50/1
f 301/50/1 315/1/143 290/50/1
f 314/1/138 308/1/1 318/1/141
f 318/1/141 305/1/131 321/1/1
f 321/1/1 303/1/128 315/1/143
f 288/1/1 329/1/1 294/1/1
f 294/1/1 337/50/1 298/50/1
f 298/50/1 327/50/1 289/50/1
f 326/51/145 345/65/148 334/51/1
f 334/51/1 346/258/149 338/51/1
f 338/50/1 343/50/150 327/50/1
f 313/61/140 344/66/147 342/259/493
f 344/66/147 312/57/135 343/50/150
f 325/1/1 275/1/1 331/1/1
f 331/1/1 283/51/1 335/51/1
f 335/51/1 273/51/126 326/51/145
f 323/260/195 280/52/122 272/53/124
f 280/52/122 323/260/195 284/54/127
f 284/54/127 323/260/195 273/51/126
f 349/261/494 351/262/495 348/263/496
f 348/263/496 351/262/495 350/264/497
f 307/56/134 349/261/494 348/263/496
f 313/61/140 351/262/495 314/1/138
f 385/1/1 356/1/1 389/1/1
f 389/1/1 364/67/1 393/67/1
f 393/67/1 354/67/157 386/67/1
f 362/265/498 367/266/499 361/70/155
f 361/70/155 367/266/499 365/71/158
f 365/71/158 367/266/499 354/67/157
f 401/74/170 396/67/169 404/267/500
f 404/267/500 392/67/169 405/78/174
f 405/78/174 386/67/1 402/77/173
f 406/268/501 367/269/499 407/270/502
f 431/81/184 406/268/501 407/270/502
f 424/1/179 439/1/1 429/1/181
f 429/1/181 443/1/193 432/1/1
f 432/1/1 437/1/191 425/1/183
f 367/269/499 437/1/191 436/1/172
f 382/1/168 424/1/179 428/80/176
f 371/1/1 413/1/1 379/1/1
f 379/1/1 421/73/1 383/73/1
f 383/73/1 411/73/1 372/73/167
f 410/67/175 441/84/190 418/67/169
f 418/67/169 438/271/187 422/67/169
f 422/73/169 434/1/185 411/73/1
f 409/1/1 399/1/1 415/1/1
f 415/1/1 395/67/1 419/67/1
f 419/67/1 387/67/1 410/67/175
f 475/1/1 449/1/1 479/1/1
f 479/1/1 456/2/1 483/2/1
f 483/2/1 447/2/200 476/2/209
f 454/272/503 474/273/504 453/87/197
f 453/87/197 474/273/504 457/88/201
f 457/88/201 474/273/504 447/2/200
f 492/274/505 486/2/211 494/275/506
f 494/275/506 482/2/210 495/93/214
f 495/93/214 476/2/209 493/91/212
f 496/276/507 497/277/508 459/278/509
f 514/1/215 528/1/1 519/1/218
f 519/1/218 532/1/231 522/1/1
f 522/1/1 526/1/229 515/1/220
f 525/1/227 497/277/508 526/1/229
f 465/90/204 514/1/215 518/94/217
f 461/1/1 503/1/1 469/1/1
f 469/1/1 511/6/1 472/6/1
f 472/6/1 501/6/1 462/6/208
f 500/2/169 530/99/228 508/2/24
f 508/2/24 527/96/225 512/2/24
f 512/6/24 524/1/223 501/6/1
f 499/1/1 489/1/1 505/1/1
f 505/1/1 485/2/1 509/2/1
f 509/2/1 477/2/1 500/2/169
f 491/92/213 525/98/227 492/274/505
f 563/1/1 539/1/1 567/1/1
f 567/1/1 546/20/1 571/20/1
f 571/20/1 537/20/240 564/20/25
f 536/106/238 584/279/510 544/105/237
f 544/105/237 584/279/510 547/107/241
f 547/107/241 584/279/510 537/20/240
f 580/280/511 574/108/250 582/281/512
f 582/281/512 570/108/249 583/282/253
f 583/113/253 564/20/25 581/111/251
f 586/283/513 549/284/514 585/285/515
f 611/115/262 586/283/513 585/285/515
f 604/1/257 618/1/1 609/1/259
f 609/1/259 622/1/271 612/1/1
f 612/1/1 616/1/269 605/1/261
f 615/117/267 549/284/514 616/1/269
f 554/109/244 604/1/257 608/1/255
f 551/1/1 592/1/1 558/1/1
f 558/1/1 600/108/1 561/108/1
f 561/108/1 590/108/1 552/108/248
f 589/108/25 620/118/268 597/108/169
f 597/108/169 617/1/265 601/108/93
f 601/108/93 614/1/263 590/108/1
f 588/1/1 577/1/1 594/1/1
f 594/1/1 573/108/1 598/108/1
f 598/108/1 565/108/1 589/108/25
f 579/286/252 615/117/267 580/280/511
f 657/287/516 655/288/517 658/289/518
f 678/133/299 657/287/516 658/289/518
f 676/131/294 692/131/1 682/131/296
f 682/131/296 697/131/311 685/131/1
f 685/131/1 690/131/309 677/131/298
f 655/290/517 695/137/306 689/138/307
f 655/290/517 698/136/310 695/137/306
f 655/288/517 690/131/309 698/131/310
f 675/130/289 629/122/274 679/130/292
f 629/122/274 683/1/295 679/130/292
f 637/1/279 676/131/294 683/1/295
f 626/1/1 664/1/1 634/1/1
f 634/1/1 672/51/1 638/51/1
f 638/51/1 662/51/1 627/51/278
f 661/50/169 694/136/305 669/50/175
f 669/51/175 691/131/302 673/51/175
f 673/51/175 687/131/300 662/51/1
f 660/1/1 705/1/1 666/1/1
f 666/1/1 713/50/1 670/50/1
f 670/50/1 703/50/1 661/50/169
f 702/50/312 719/143/316 710/50/313
f 710/50/313 720/291/519 714/50/312
f 714/50/312 718/292/520 703/50/1
f 696/135/303 718/292/520 721/142/315
f 701/1/1 644/1/1 707/1/1
f 707/1/1 652/50/1 711/50/1
f 711/50/1 642/50/287 702/50/312
f 650/293/521 656/294/522 649/126/285
f 649/126/285 656/294/522 653/127/288
f 653/127/288 656/294/522 642/50/287
f 755/295/523 754/296/524 756/297/525
f 780/156/346 755/295/523 756/297/525
f 773/155/341 787/155/1 778/155/343
f 778/155/343 791/155/356 781/155/1
f 781/155/1 785/155/354 774/155/345
f 754/296/524 785/155/354 815/158/351
f 735/1/327 773/155/341 777/152/338
f 724/1/1 762/1/1 732/1/1
f 732/1/1 770/67/1 736/67/1
f 736/67/1 760/67/1 725/67/326
f 759/67/1 789/159/352 767/67/169
f 767/67/169 786/1/349 771/67/169
f 771/67/169 783/155/347 760/67/1
f 758/1/1 799/1/1 764/1/1
f 764/1/1 807/67/1 768/67/1
f 768/67/1 797/67/1 759/67/1
f 796/73/92 813/166/358 804/73/1
f 804/67/1 814/298/526 808/67/169
f 808/67/169 812/299/527 797/67/1
f 815/158/351 784/160/353 812/299/527
f 795/1/1 743/1/1 801/1/1
f 801/1/1 751/73/1 805/73/1
f 805/73/1 741/73/336 796/73/92
f 740/149/332 793/300/528 748/150/334
f 748/150/334 793/300/528 752/151/337
f 752/151/337 793/300/528 741/73/336
f 847/301/529 849/302/530 848/303/531
f 874/181/389 847/301/529 848/303/531
f 867/180/384 880/180/1 872/180/386
f 872/180/386 884/180/1 875/180/1
f 875/180/1 878/180/394 868/180/388
f 883/184/396 849/302/530 878/180/394
f 828/169/361 867/180/384 871/179/383
f 818/1/1 855/1/1 825/1/1
f 825/1/1 863/2/1 829/2/1
f 829/2/1 853/2/1 819/2/367
f 852/2/377 882/182/392 860/2/378
f 860/2/378 879/1/393 864/2/379
f 864/2/379 877/180/390 853/2/1
f 851/1/1 891/1/1 857/1/1
f 857/1/1 899/2/1 861/2/1
f 861/2/1 889/2/1 852/2/377
f 888/6/93 904/189/399 896/6/29
f 896/2/29 905/190/400 900/2/377
f 900/2/377 903/192/401 889/2/1
f 883/184/396 903/192/401 846/191/398
f 887/1/1 836/1/1 893/1/1
f 893/1/1 843/6/1 897/6/1
f 897/6/1 834/6/375 888/6/93
f 833/174/373 846/188/398 841/173/372
f 841/173/372 846/188/398 844/175/376
f 844/175/376 846/188/398 834/6/375
f 938/304/532 940/305/533 939/306/534
f 965/204/429 938/304/532 939/306/534
f 958/202/423 973/202/1 963/202/426
f 963/202/426 979/202/440 966/202/1
f 966/202/1 971/202/438 959/202/428
f 970/307/535 940/305/533 978/210/437
f 978/210/437 940/305/533 971/202/438
f 919/1/412 958/202/423 960/203/425
f 908/1/1 946/1/1 916/1/1
f 916/1/1 954/20/1 920/20/1
f 920/20/1 944/20/1 909/20/411
f 943/108/1 976/208/435 951/108/1
f 951/108/1 972/205/432 955/108/169
f 955/20/169 968/202/430 944/20/1
f 942/1/1 986/1/1 948/1/1
f 948/1/1 994/108/1 952/108/1
f 952/108/1 984/108/1 943/108/1
f 983/108/175 1000/215/444 991/108/441
f 991/108/441 1001/308/536 995/108/441
f 995/108/441 999/309/537 984/108/1
f 998/214/443 969/207/434 999/309/537
f 982/1/1 926/1/1 988/1/1
f 988/1/1 934/108/1 992/108/1
f 992/108/1 924/108/418 983/108/175
f 932/310/538 937/311/539 931/196/416
f 931/196/416 937/311/539 935/197/419
f 935/197/419 937/311/539 924/108/418
f 1015/312/540 1020/218/450 1016/313/195
f 1016/313/195 1018/218/448 1015/312/540
f 1017/314/541 1018/218/448 1019/220/449
f 1022/315/542 1013/217/446 1012/216/445
f 1039/229/462 1036/316/543 1040/226/460
f 1040/226/460 1035/317/544 1037/226/458
f 1052/318/545 1047/233/468 1048/319/546
f 1047/233/468 1052/318/545 1050/236/471
f 1052/318/545 1043/235/470 1050/236/471
f 1042/230/463 1034/320/547 1044/231/466
f 1034/320/547 1048/319/546 1044/231/466
f 141/237/472 41/2/6 37/2/5
f 143/321/548 137/27/55 135/26/56
f 141/237/195 154/2/62 142/322/195
f 142/322/195 150/2/58 141/237/195
f 144/323/549 201/252/488 198/32/73
f 245/20/103 126/20/1 250/20/105
f 250/20/105 123/20/48 253/20/1
f 253/20/1 121/20/45 246/20/107
f 147/2/61 38/2/1 153/2/1
f 153/2/1 34/1/1 157/1/1
f 157/1/1 30/1/1 148/1/1
f 65/1/1 188/1/1 75/1/1
f 75/1/1 184/1/1 67/1/1
f 67/1/1 180/1/1 62/1/1
f 85/1/1 228/1/1 89/1/1
f 89/1/1 224/1/1 93/1/1
f 93/1/1 220/1/1 86/1/1
f 47/6/17 169/6/1 53/6/1
f 53/6/1 166/1/1 57/1/1
f 57/1/1 162/1/1 48/1/1
f 19/324/550 136/25/53 20/325/551
f 446/2/196 377/73/165 455/89/199
f 739/73/329 823/170/364 745/73/330
f 866/176/380 793/300/528 871/179/383
f 957/199/420 846/188/398 960/203/425
f 923/108/413 632/124/277 928/108/414
f 937/311/539 680/131/291 678/133/299
f 937/311/539 675/130/289 680/131/291
f 460/6/205 839/6/1 466/6/1
f 466/6/1 835/1/1 470/1/1
f 470/1/1 831/1/1 461/1/1
f 886/1/1 506/1/1 890/1/1
f 890/1/1 502/1/1 894/1/1
f 894/1/1 498/1/1 887/1/1
f 850/1/1 480/1/1 854/1/1
f 854/1/1 488/1/1 858/1/1
f 858/1/1 478/1/1 851/1/1
f 817/2/164 451/2/1 822/2/1
f 822/2/1 448/1/1 826/1/1
f 826/1/1 445/1/1 818/1/1
f 723/67/322 359/67/1 729/67/1
f 729/67/1 355/1/1 733/1/1
f 733/1/1 352/1/1 724/1/1
f 388/1/1 765/1/1 398/1/1
f 398/1/1 761/1/1 390/1/1
f 390/1/1 757/1/1 385/1/1
f 408/1/1 802/1/1 412/1/1
f 412/1/1 798/1/1 416/1/1
f 416/1/1 794/1/1 409/1/1
f 370/73/164 746/73/1 376/73/1
f 376/73/1 742/1/1 380/1/1
f 380/1/1 738/1/1 371/1/1
f 550/108/245 929/108/1 555/108/1
f 555/108/1 925/1/1 559/1/1
f 559/1/1 922/1/1 551/1/1
f 981/1/1 595/1/1 985/1/1
f 985/1/1 591/1/1 989/1/1
f 989/1/1 587/1/1 982/1/1
f 941/1/1 568/1/1 945/1/1
f 945/1/1 576/1/1 949/1/1
f 949/1/1 566/1/1 942/1/1
f 907/20/407 542/20/1 913/20/1
f 913/20/1 538/1/1 917/1/1
f 917/1/1 534/1/1 908/1/1
f 625/51/276 278/51/1 631/51/1
f 631/51/1 274/1/1 635/1/1
f 635/1/1 270/1/1 626/1/1
f 324/1/1 667/1/1 328/1/1
f 328/1/1 663/1/1 332/1/1
f 332/1/1 659/1/1 325/1/1
f 287/1/1 708/1/1 291/1/1
f 291/1/1 704/1/1 295/1/1
f 295/1/1 700/1/1 288/1/1
f 255/50/111 647/50/1 261/50/1
f 261/50/1 643/1/1 265/1/1
f 265/1/1 640/1/1 256/1/1
f 1014/216/447 1025/221/451 1012/216/445
f 1024/326/552 1045/230/465 1043/235/470
f 1045/230/465 1023/327/553 1042/230/463
f 1005/328/554 1031/225/457 1029/223/455
f 10/329/555 6/330/556 11/331/557
f 13/332/558 7/333/559 12/334/560
f 9/335/561 10/329/555 11/331/557
f 15/336/562 22/337/563 21/338/564
f 45/9/27 17/339/565 84/340/479
f 22/337/563 28/341/566 20/325/551
f 21/338/564 22/337/563 20/325/551
f 20/325/551 143/321/548 135/26/567
f 143/321/548 28/341/566 23/342/473
f 29/343/568 32/4/8 24/344/569
f 25/322/570 147/2/1 141/237/472
f 148/1/1 62/1/1 180/1/1
f 33/2/571 79/8/26 63/2/23
f 133/345/572 83/245/480 84/244/479
f 49/6/21 111/1/1 101/1/1
f 47/6/17 245/20/1 163/6/65
f 221/1/1 48/1/1 162/1/1
f 87/2/573 78/241/476 112/19/43
f 181/1/1 86/1/1 220/1/1
f 45/9/27 84/340/479 112/19/43
f 82/243/478 113/1/41 84/244/479
f 133/345/572 103/13/32 83/245/480
f 131/20/482 246/20/574 121/20/1
f 128/24/52 133/345/572 132/247/483
f 132/346/483 133/347/572 130/348/575
f 134/349/576 351/350/495 140/351/577
f 134/352/576 140/353/577 137/27/55
f 143/321/548 134/352/576 137/27/55
f 144/323/549 23/238/473 141/237/472
f 141/237/472 201/252/488 144/323/549
f 149/2/1 209/37/1 196/37/1
f 165/6/578 236/43/579 222/6/1
f 243/354/580 242/355/581 241/257/492
f 176/250/582 211/37/87 179/248/484
f 242/356/581 497/357/508 145/358/583
f 182/2/584 237/255/585 210/41/585
f 241/257/492 242/355/581 239/44/96
f 132/346/483 130/348/575 243/359/580
f 257/50/115 315/1/143 303/1/1
f 255/50/111 723/67/322 641/50/282
f 701/1/1 256/1/1 640/1/1
f 626/1/1 325/1/1 659/1/1
f 273/51/586 340/63/587 326/51/1
f 550/108/245 625/51/276 923/108/413
f 350/264/497 351/262/495 286/360/588
f 367/266/499 348/263/496 286/360/588
f 289/50/1 343/50/589 312/57/135
f 660/1/1 288/1/1 700/1/1
f 349/261/494 314/1/590 351/262/495
f 367/266/499 310/55/130 348/263/496
f 347/361/591 341/362/592 323/260/593
f 724/1/1 385/1/1 757/1/1
f 354/67/594 402/77/173 386/67/1
f 497/357/508 407/270/502 368/363/595
f 372/73/167 434/1/1 424/1/1
f 370/73/164 817/2/164 739/73/329
f 795/1/1 371/1/1 738/1/1
f 410/67/596 401/74/74 435/82/74
f 758/1/1 409/1/1 794/1/1
f 403/75/171 367/266/499 436/76/172
f 406/268/501 437/1/191 367/269/499
f 475/1/1 818/1/1 445/1/1
f 447/2/597 493/91/212 476/2/209
f 462/6/208 524/1/1 514/1/1
f 460/6/205 907/20/407 832/6/369
f 461/1/1 887/1/1 498/1/1
f 474/273/504 497/357/508 491/92/213
f 500/2/598 492/274/505 525/98/227
f 499/1/1 851/1/1 478/1/1
f 491/92/213 497/357/508 525/98/227
f 496/276/507 526/1/229 497/277/508
f 584/279/510 516/364/599 459/278/509
f 563/1/1 908/1/1 534/1/1
f 537/20/600 581/111/251 564/20/25
f 552/108/248 614/1/1 604/1/1
f 551/1/1 982/1/1 587/1/1
f 584/279/510 549/365/514 579/112/252
f 589/108/601 580/280/511 615/117/267
f 588/1/1 942/1/1 566/1/1
f 549/365/514 615/366/267 579/112/252
f 586/283/513 616/1/269 549/284/514
f 627/51/278 687/131/1 676/131/1
f 642/50/602 716/141/314 702/50/1
f 656/294/522 655/290/517 717/367/603
f 655/290/517 689/138/307 721/142/315
f 657/287/516 690/131/309 655/288/517
f 661/50/604 718/292/605 688/134/605
f 725/67/326 783/155/1 773/155/1
f 741/73/606 810/164/357 796/73/1
f 755/295/523 785/155/354 754/296/524
f 759/67/607 812/299/608 784/160/609
f 793/300/528 754/368/524 811/369/610
f 819/2/367 877/180/1 867/180/1
f 834/6/611 902/187/397 888/6/93
f 847/301/529 878/180/394 849/302/530
f 846/191/398 1004/370/612 849/302/530
f 852/2/613 903/192/401 883/184/396
f 909/20/411 968/202/1 958/202/1
f 924/108/614 997/213/442 983/108/175
f 938/304/532 971/202/438 940/305/533
f 943/108/615 999/309/537 969/207/434
f 937/311/539 940/371/533 998/214/443
f 1002/372/616 1006/373/617 1008/374/618
f 1022/315/542 1004/375/612 1013/217/446
f 1017/314/541 1004/370/612 1015/312/540
f 1015/312/540 1004/370/612 1022/376/542
f 1010/377/619 1007/378/620 1006/373/617
f 1032/379/621 1008/380/618 1052/318/545
f 1017/314/541 1009/381/622 1011/382/623
f 1017/383/541 1022/384/542 1024/326/552
f 1022/376/542 1019/220/449 1015/312/540
f 1017/314/541 1019/220/449 1022/376/542
f 1036/316/543 1039/229/462 1052/318/545
f 1052/318/545 1039/229/462 1032/379/621
f 24/344/569 141/237/472 27/239/474
f 30/1/1 34/1/1 36/1/2
f 34/1/1 38/2/1 39/2/3
f 31/2/4 37/2/5 39/2/3
f 40/3/7 43/5/11 44/5/9
f 33/2/10 42/2/1 44/5/9
f 42/2/1 35/1/1 36/1/2
f 39/2/3 41/2/6 44/5/9
f 50/6/12 52/6/16 51/6/13
f 50/6/12 54/6/18 55/6/15
f 47/6/17 53/6/1 55/6/15
f 53/6/1 57/1/1 58/1/19
f 48/1/1 56/1/1 58/1/19
f 56/1/1 60/6/1 61/1/20
f 49/6/21 59/1/22 61/1/20
f 59/1/22 51/6/13 52/6/16
f 52/6/16 55/6/15 58/1/19
f 62/1/1 66/1/1 68/1/1
f 66/1/1 70/2/1 71/2/1
f 63/2/23 69/2/24 71/2/1
f 69/2/24 73/2/25 74/2/1
f 64/2/1 72/2/1 74/2/1
f 72/2/1 76/1/1 77/1/1
f 65/1/1 75/1/1 77/1/1
f 75/1/1 67/1/1 68/1/1
f 68/1/1 71/2/1 74/2/1
f 78/241/476 80/242/477 45/9/27
f 80/242/477 81/10/28 45/9/27
f 85/1/1 89/1/1 91/1/1
f 89/1/1 93/1/1 94/1/1
f 86/1/1 92/1/1 94/1/1
f 92/1/1 96/2/1 97/2/1
f 87/2/29 95/2/24 97/2/1
f 95/2/24 99/2/29 100/2/1
f 88/6/1 98/6/1 100/11/1
f 98/6/1 90/1/1 91/1/1
f 91/1/1 94/1/1 97/1/1
f 101/1/33 106/1/1 107/1/34
f 106/1/1 109/1/1 110/14/1
f 102/1/35 108/14/36 110/14/1
f 108/14/36 103/13/32 104/1/31
f 104/1/31 105/12/30 107/1/34
f 111/1/37 114/1/39 116/1/38
f 114/15/39 117/246/481 118/16/40
f 112/19/43 118/16/40 117/246/481
f 113/1/41 119/1/44 120/17/42
f 119/1/44 115/1/1 116/1/38
f 116/15/38 118/16/40 112/19/43
f 121/20/45 123/20/48 125/21/46
f 123/20/48 126/20/1 127/22/49
f 122/20/50 128/24/52 127/22/49
f 129/23/51 124/21/47 125/21/46
f 125/21/46 127/22/49 128/24/52
f 136/25/53 138/26/57 139/26/54
f 135/26/56 137/27/55 139/26/54
f 150/2/58 152/2/1 151/2/59
f 150/2/58 154/2/62 155/2/1
f 147/2/61 153/2/1 155/2/1
f 153/2/1 157/1/1 158/1/1
f 148/1/1 156/1/1 158/1/1
f 156/1/1 160/2/1 161/2/1
f 149/2/1 159/1/63 161/2/1
f 159/1/63 151/2/59 152/2/1
f 152/2/1 155/2/1 158/1/1
f 162/1/1 166/1/1 168/1/1
f 166/1/1 169/6/1 170/6/64
f 163/6/65 172/29/67 170/6/64
f 171/28/66 174/31/71 175/31/69
f 165/6/70 173/6/1 175/31/69
f 173/6/1 167/1/1 168/1/1
f 170/6/64 172/29/67 175/31/69
f 180/1/1 184/1/1 186/1/1
f 184/1/1 188/1/1 189/1/1
f 181/1/1 187/1/1 189/1/1
f 187/1/1 191/2/1 192/2/1
f 182/2/72 190/2/1 192/2/1
f 190/2/1 194/2/1 195/2/1
f 183/2/1 193/2/1 195/2/1
f 193/2/1 185/1/1 186/1/1
f 186/1/1 189/1/1 192/2/1
f 198/32/73 201/252/488 202/33/74
f 201/252/488 200/35/75 202/33/74
f 200/35/75 204/1/78 205/36/76
f 196/37/77 203/37/79 205/36/76
f 203/37/79 207/37/1 208/37/80
f 197/37/81 206/37/82 208/37/80
f 206/37/82 198/32/73 199/34/74
f 199/34/74 202/33/74 205/36/76
f 209/37/83 212/1/85 214/1/84
f 212/1/85 215/253/489 216/38/86
f 210/41/91 216/38/86 215/253/489
f 217/40/89 219/39/88 210/41/91
f 211/37/87 218/37/90 219/39/88
f 218/37/90 213/37/1 214/1/84
f 214/1/84 216/38/86 210/41/91
f 220/1/1 224/1/1 226/1/1
f 224/1/1 228/1/1 229/1/1
f 221/1/1 227/1/1 229/1/1
f 227/1/1 231/6/1 232/6/1
f 222/6/92 230/6/93 232/6/1
f 230/6/93 234/6/94 235/6/1
f 223/2/1 233/2/1 235/42/1
f 233/2/1 225/1/1 226/1/1
f 226/1/1 229/1/1 232/1/1
f 237/255/491 240/2/490 239/256/96
f 240/254/490 238/45/97 239/44/96
f 247/46/98 249/48/102 248/46/99
f 247/46/98 251/22/104 252/22/101
f 245/20/103 250/20/105 252/22/101
f 250/20/105 253/20/1 254/49/106
f 246/20/107 249/48/102 254/49/106
f 252/22/101 254/49/106 249/48/102
f 258/50/108 260/50/110 259/385/624
f 258/50/108 262/50/112 263/50/109
f 255/50/111 261/50/1 263/50/109
f 261/50/1 265/1/1 266/1/113
f 256/1/1 264/1/1 266/1/113
f 264/1/1 268/50/1 269/50/114
f 257/50/115 267/1/116 269/50/114
f 267/1/116 259/385/624 260/50/110
f 260/50/110 263/50/109 266/1/113
f 270/1/1 274/1/1 276/1/117
f 274/1/1 278/51/1 279/51/118
f 271/51/119 277/51/120 279/51/118
f 277/51/120 281/51/123 282/51/121
f 280/52/122 282/51/121 281/51/123
f 280/52/122 284/54/127 285/54/125
f 273/51/126 283/51/1 285/54/125
f 283/51/1 275/1/1 276/1/117
f 276/1/117 279/51/118 282/51/121
f 287/1/1 291/1/1 293/1/1
f 291/1/1 295/1/1 296/1/1
f 288/1/1 294/1/1 296/1/1
f 294/1/1 298/50/1 299/50/1
f 289/50/1 297/50/1 299/50/1
f 297/50/1 301/50/1 302/50/1
f 290/50/1 300/50/1 302/50/1
f 300/50/1 292/1/1 293/1/1
f 293/1/1 296/1/1 299/50/1
f 303/1/128 305/1/131 306/1/129
f 305/1/131 308/1/1 309/56/132
f 304/1/133 307/56/134 309/56/132
f 307/56/134 310/55/130 311/1/1
f 310/55/130 306/1/129 309/56/132
f 312/57/135 313/61/140 317/58/136
f 314/1/138 318/1/141 319/60/139
f 318/1/141 321/1/1 322/1/142
f 315/1/143 320/1/144 322/1/142
f 320/1/144 316/59/137 317/58/136
f 317/58/136 313/61/140 319/60/139
f 324/1/1 328/1/1 330/1/1
f 328/1/1 332/1/1 333/1/1
f 325/1/1 331/1/1 333/1/1
f 331/1/1 335/51/1 336/51/1
f 326/51/145 334/51/1 336/51/1
f 334/51/1 338/51/1 339/51/1
f 327/50/1 337/50/1 339/62/1
f 337/50/1 329/1/1 330/1/1
f 330/1/1 333/1/1 336/1/1
f 346/258/149 345/65/148 344/64/147
f 352/1/1 355/1/1 357/1/1
f 355/1/1 359/67/1 360/67/151
f 353/67/152 358/68/153 360/67/151
f 358/68/153 362/265/498 363/69/154
f 361/70/155 363/69/154 362/265/498
f 361/70/155 365/71/158 366/71/156
f 354/67/157 364/67/1 366/71/156
f 364/67/1 356/1/1 357/1/1
f 357/1/1 360/67/151 363/69/154
f 369/72/159 373/73/162 375/73/160
f 373/73/162 377/73/165 378/73/163
f 370/73/164 376/73/1 378/73/163
f 376/73/1 380/1/1 381/1/166
f 371/1/1 379/1/1 381/1/166
f 379/1/1 383/73/1 384/73/1
f 372/73/167 382/1/168 384/73/1
f 382/1/168 374/73/161 375/73/160
f 375/73/160 378/73/163 381/1/166
f 385/1/1 389/1/1 391/1/1
f 389/1/1 393/67/1 394/67/1
f 386/67/1 392/67/169 394/67/1
f 392/67/169 396/67/169 397/67/1
f 387/67/1 395/67/1 397/67/1
f 395/67/1 399/1/1 400/1/1
f 388/1/1 398/1/1 400/1/1
f 398/1/1 390/1/1 391/1/1
f 391/1/1 394/67/1 397/67/1
f 401/74/170 404/267/500 403/75/171
f 404/267/500 405/78/174 403/75/171
f 408/1/1 412/1/1 414/1/1
f 412/1/1 416/1/1 417/1/1
f 409/1/1 415/1/1 417/1/1
f 415/1/1 419/67/1 420/67/1
f 410/67/175 418/67/169 420/67/1
f 418/67/169 422/67/169 423/67/1
f 411/73/1 421/73/1 423/79/1
f 421/73/1 413/1/1 414/1/1
f 414/1/1 417/1/1 420/1/1
f 424/1/179 429/1/181 430/1/180
f 429/1/181 432/1/1 433/81/182
f 425/1/183 431/81/184 433/81/182
f 431/81/184 426/1/178 427/1/177
f 427/1/177 428/80/176 430/1/180
f 434/1/185 438/1/187 440/1/186
f 438/1/187 441/1/190 442/1/188
f 435/82/189 436/76/172 442/83/188
f 437/1/191 443/1/193 444/85/192
f 443/1/193 439/1/1 440/1/186
f 440/1/186 442/1/188 436/1/172
f 445/1/1 448/1/1 450/1/194
f 448/1/1 451/2/1 452/86/195
f 446/2/196 455/89/199 452/86/195
f 454/272/503 453/87/197 455/89/199
f 453/87/197 457/88/201 458/88/198
f 447/2/200 456/2/1 458/88/198
f 456/2/1 449/1/1 450/1/194
f 450/1/194 452/86/195 455/89/199
f 463/6/202 465/90/204 464/386/625
f 463/6/202 467/6/206 468/6/203
f 460/6/205 466/6/1 468/6/203
f 466/6/1 470/1/1 471/1/207
f 461/1/1 469/1/1 471/1/207
f 469/1/1 472/6/1 473/1/195
f 462/6/208 465/90/204 473/1/195
f 465/90/204 468/6/203 471/1/207
f 475/1/1 479/1/1 481/1/1
f 479/1/1 483/2/1 484/2/1
f 476/2/209 482/2/210 484/2/1
f 482/2/210 486/2/211 487/2/1
f 477/2/1 485/2/1 487/2/1
f 485/2/1 489/1/1 490/1/1
f 478/1/1 488/1/1 490/1/1
f 488/1/1 480/1/1 481/1/1
f 481/1/1 484/2/1 487/2/1
f 492/274/505 494/275/506 491/92/213
f 494/275/506 495/93/214 491/92/213
f 498/1/1 502/1/1 504/1/1
f 502/1/1 506/1/1 507/1/1
f 499/1/1 505/1/1 507/1/1
f 505/1/1 509/2/1 510/2/1
f 500/2/169 508/2/24 510/2/1
f 508/2/24 512/2/24 513/2/1
f 501/6/1 511/6/1 513/11/1
f 511/6/1 503/1/1 504/1/1
f 504/1/1 507/1/1 510/1/1
f 516/364/599 518/94/217 517/1/222
f 514/1/215 519/1/218 520/1/216
f 519/1/218 522/1/1 523/95/219
f 515/1/220 521/95/221 523/95/219
f 521/95/221 516/364/599 517/1/222
f 517/1/222 518/94/217 520/1/216
f 524/1/223 527/1/225 529/1/224
f 527/96/225 530/99/228 531/97/226
f 526/1/229 532/1/231 533/100/230
f 532/1/231 528/1/1 529/1/224
f 529/96/224 531/97/226 525/98/227
f 534/1/1 538/1/1 540/1/232
f 538/1/1 542/20/1 543/102/233
f 535/20/234 541/103/235 543/102/233
f 544/105/237 545/104/236 541/103/235
f 544/105/237 547/107/241 548/107/239
f 537/20/240 546/20/1 548/107/239
f 546/20/1 539/1/1 540/1/232
f 540/1/232 543/102/233 545/104/236
f 553/108/242 556/108/246 557/108/243
f 550/108/245 555/108/1 557/108/243
f 555/108/1 559/1/1 560/1/247
f 551/1/1 558/1/1 560/1/247
f 558/1/1 561/108/1 562/1/195
f 552/108/248 554/109/244 562/1/195
f 554/109/244 557/108/243 560/1/247
f 563/1/1 567/1/1 569/110/1
f 567/1/1 571/20/1 572/20/1
f 564/20/25 570/20/249 572/20/1
f 570/108/249 574/108/250 575/108/1
f 565/108/1 573/108/1 575/108/1
f 573/108/1 577/1/1 578/1/1
f 566/1/1 576/1/1 578/1/1
f 576/1/1 568/1/1 569/1/1
f 569/110/1 572/20/1 575/20/1
f 580/280/511 582/281/512 579/286/252
f 582/281/512 583/282/253 579/286/252
f 587/1/1 591/1/1 593/1/1
f 591/1/1 595/1/1 596/1/1
f 588/1/1 594/1/1 596/1/1
f 594/1/1 598/108/1 599/108/1
f 589/108/25 597/108/169 599/108/1
f 597/108/169 601/108/93 602/108/1
f 590/108/1 600/108/1 602/108/1
f 600/108/1 592/1/1 593/1/1
f 593/1/1 596/1/1 599/108/1
f 603/114/254 607/1/256 606/387/626
f 604/1/257 609/1/259 610/1/258
f 609/1/259 612/1/1 613/115/260
f 605/1/261 611/115/262 613/115/260
f 611/115/262 606/387/626 607/1/256
f 607/1/256 608/1/255 610/1/258
f 614/1/263 617/1/265 619/1/264
f 617/1/265 620/118/268 621/116/266
f 616/1/269 622/1/271 623/119/270
f 622/1/271 618/1/1 619/1/264
f 619/1/264 621/116/266 615/117/267
f 624/120/272 628/123/275 630/121/273
f 628/123/275 632/124/277 633/124/1
f 625/51/276 631/51/1 633/124/1
f 631/51/1 635/1/1 636/1/1
f 626/1/1 634/1/1 636/1/1
f 634/1/1 638/51/1 639/51/1
f 627/51/278 637/1/279 639/51/1
f 637/1/279 629/122/274 630/121/273
f 630/121/273 633/124/1 636/1/1
f 640/1/1 643/1/1 645/1/280
f 643/1/1 647/50/1 648/50/281
f 641/50/282 646/50/283 648/50/281
f 646/50/283 650/293/521 651/125/284
f 649/126/285 651/125/284 650/293/521
f 649/126/285 653/127/288 654/127/286
f 642/50/287 652/50/1 654/127/286
f 652/50/1 644/1/1 645/1/280
f 645/1/280 648/50/281 651/125/284
f 659/1/1 663/1/1 665/1/1
f 663/1/1 667/1/1 668/1/1
f 660/1/1 666/1/1 668/1/1
f 666/1/1 670/50/1 671/50/1
f 661/50/169 669/50/175 671/50/1
f 669/51/175 673/51/175 674/128/1
f 662/51/1 672/51/1 674/128/1
f 672/51/1 664/1/1 665/1/1
f 665/1/1 668/1/1 671/129/1
f 678/133/299 680/131/291 681/131/290
f 675/130/289 679/130/292 681/131/290
f 679/130/292 683/1/295 684/1/293
f 676/131/294 682/131/296 684/1/293
f 682/131/296 685/131/1 686/132/297
f 677/131/298 678/133/299 686/132/297
f 678/133/299 681/131/290 684/1/293
f 687/131/300 691/131/302 693/1/301
f 691/131/302 694/131/305 696/1/303
f 695/137/306 698/136/310 699/139/308
f 690/131/309 697/131/311 699/140/308
f 697/131/311 692/131/1 693/1/301
f 700/1/1 704/1/1 706/1/1
f 704/1/1 708/1/1 709/1/1
f 701/1/1 707/1/1 709/1/1
f 707/1/1 711/50/1 712/50/1
f 702/50/312 710/50/313 712/50/1
f 710/50/313 714/50/312 715/50/1
f 703/50/1 713/50/1 715/50/1
f 713/50/1 705/1/1 706/1/1
f 706/1/1 709/1/1 712/50/1
f 718/292/520 720/291/519 721/142/315
f 720/291/519 719/143/316 721/142/315
f 726/144/317 728/147/321 727/144/318
f 726/144/317 730/146/323 731/146/320
f 723/67/322 729/67/1 731/146/320
f 729/67/1 733/1/1 734/1/324
f 724/1/1 732/1/1 734/1/324
f 732/1/1 736/67/1 737/67/325
f 725/67/326 735/1/327 737/67/325
f 735/1/327 727/144/318 728/147/321
f 728/147/321 731/146/320 734/1/324
f 738/1/1 742/1/1 744/1/328
f 742/1/1 746/73/1 747/73/1
f 739/73/329 745/73/330 747/73/1
f 745/73/330 749/150/333 750/148/331
f 740/149/332 748/150/334 750/148/331
f 748/150/334 752/151/337 753/151/335
f 741/73/336 751/73/1 753/151/335
f 751/73/1 743/1/1 744/1/328
f 744/1/328 747/73/1 750/148/331
f 757/1/1 761/1/1 763/1/1
f 761/1/1 765/1/1 766/1/1
f 758/1/1 764/1/1 766/1/1
f 764/1/1 768/67/1 769/67/1
f 759/67/1 767/67/169 769/67/1
f 767/67/169 771/67/169 772/67/1
f 760/67/1 770/67/1 772/67/1
f 770/67/1 762/1/1 763/1/1
f 763/1/1 766/1/1 769/67/1
f 773/155/341 778/155/343 779/1/342
f 778/155/343 781/155/1 782/156/344
f 774/155/345 780/156/346 782/156/344
f 780/156/346 775/154/340 776/153/339
f 777/152/338 779/1/342 782/156/344
f 783/155/347 786/1/349 788/1/348
f 786/1/349 789/159/352 790/157/350
f 815/158/351 790/157/350 789/159/352
f 785/155/354 791/155/356 792/161/355
f 791/155/356 787/155/1 788/1/348
f 788/1/348 790/157/350 815/158/351
f 794/1/1 798/1/1 800/1/1
f 798/1/1 802/1/1 803/1/1
f 795/1/1 801/1/1 803/1/1
f 801/1/1 805/73/1 806/73/1
f 796/73/92 804/73/1 806/73/1
f 804/67/1 808/67/169 809/162/1
f 797/67/1 807/67/1 809/162/1
f 807/67/1 799/1/1 800/1/1
f 800/1/1 803/1/1 806/163/1
f 812/299/527 814/298/526 815/158/351
f 814/298/526 813/388/358 815/158/351
f 816/167/359 820/168/362 821/168/360
f 820/168/362 823/170/364 824/170/363
f 817/2/164 822/2/1 824/170/363
f 822/2/1 826/1/1 827/1/365
f 818/1/1 825/1/1 827/1/365
f 825/1/1 829/2/1 830/1/366
f 819/2/367 828/169/361 830/1/366
f 821/168/360 824/170/363 827/1/365
f 831/1/1 835/1/1 837/1/1
f 835/1/1 839/6/1 840/6/368
f 832/6/369 838/171/370 840/6/368
f 841/173/372 842/172/371 838/171/370
f 841/173/372 844/175/376 845/175/374
f 834/6/375 843/6/1 845/175/374
f 843/6/1 836/1/1 837/1/1
f 840/6/368 842/172/371 845/175/374
f 850/1/1 854/1/1 856/1/1
f 854/1/1 858/1/1 859/1/1
f 851/1/1 857/1/1 859/1/1
f 857/1/1 861/2/1 862/2/1
f 852/2/377 860/2/378 862/2/1
f 860/2/378 864/2/379 865/2/1
f 853/2/1 863/2/1 865/2/1
f 863/2/1 855/1/1 856/1/1
f 856/1/1 859/1/1 862/2/1
f 867/180/384 872/180/386 873/1/385
f 872/180/386 875/180/1 876/181/387
f 868/180/388 874/181/389 876/181/387
f 874/181/389 869/178/382 870/177/381
f 870/177/381 871/179/383 873/1/385
f 877/180/390 879/1/393 881/1/391
f 882/182/392 883/184/396 881/1/391
f 878/180/394 884/180/1 885/183/395
f 884/180/1 880/180/1 881/1/391
f 886/1/1 890/1/1 892/1/1
f 890/1/1 894/1/1 895/1/1
f 887/1/1 893/1/1 895/1/1
f 893/1/1 897/6/1 898/6/1
f 888/6/93 896/6/29 898/6/1
f 896/2/29 900/2/377 901/185/1
f 889/2/1 899/2/1 901/185/1
f 899/2/1 891/1/1 892/1/1
f 892/1/1 895/1/1 898/186/1
f 910/46/402 912/194/406 911/46/403
f 910/46/402 914/22/408 915/22/405
f 907/20/407 913/20/1 915/22/405
f 913/20/1 917/1/1 918/1/409
f 908/1/1 916/1/1 918/1/409
f 916/1/1 920/20/1 921/1/410
f 909/20/411 919/1/412 921/1/410
f 919/1/412 911/46/403 912/194/406
f 915/22/405 918/1/409 921/1/410
f 922/1/1 925/1/1 927/1/1
f 925/1/1 929/108/1 930/108/331
f 923/108/413 928/108/414 930/108/331
f 928/108/414 932/310/538 933/195/415
f 932/310/538 931/196/416 933/195/415
f 931/196/416 935/197/419 936/197/417
f 924/108/418 934/108/1 936/197/417
f 934/108/1 926/1/1 927/1/1
f 930/108/331 933/195/415 936/197/417
f 941/1/1 945/1/1 947/1/1
f 945/1/1 949/1/1 950/1/1
f 942/1/1 948/1/1 950/1/1
f 948/1/1 952/108/1 953/108/1
f 943/108/1 951/108/1 953/108/1
f 951/108/1 955/108/169 956/108/1
f 944/20/1 954/20/1 956/198/1
f 954/20/1 946/1/1 947/1/1
f 947/1/1 950/1/1 953/1/1
f 957/199/420 960/203/425 962/200/421
f 958/202/423 963/202/426 964/1/424
f 963/202/426 966/202/1 967/204/427
f 959/202/428 965/204/429 967/204/427
f 965/204/429 961/201/422 962/200/421
f 962/200/421 960/203/425 964/1/424
f 968/202/430 972/1/432 974/1/431
f 972/205/432 976/208/435 977/206/433
f 969/207/434 975/209/436 977/206/433
f 971/202/438 979/202/440 980/211/439
f 979/202/440 973/202/1 974/1/431
f 977/206/433 978/210/437 980/212/439
f 981/1/1 985/1/1 987/1/1
f 985/1/1 989/1/1 990/1/1
f 982/1/1 988/1/1 990/1/1
f 988/1/1 992/108/1 993/108/1
f 983/108/175 991/108/441 993/108/1
f 991/108/441 995/108/441 996/108/1
f 984/108/1 994/108/1 996/108/1
f 994/108/1 986/1/1 987/1/1
f 987/1/1 990/1/1 993/108/1
f 999/309/537 1001/308/536 998/214/443
f 1001/308/536 1000/215/444 998/214/443
f 1018/218/448 1020/218/450 1021/219/195
f 1025/221/451 1026/221/454 1028/222/452
f 1030/224/456 1027/222/453 1028/222/452
f 1039/229/462 1040/226/460 1041/227/459
f 1037/226/458 1038/228/461 1041/227/459
f 1043/235/470 1045/230/465 1046/231/464
f 1042/230/463 1044/231/466 1046/231/464
f 1044/231/466 1048/319/546 1049/232/467
f 1048/319/546 1047/233/468 1049/232/467
f 1047/233/468 1050/236/471 1051/234/469
f 1043/235/470 1046/231/464 1049/232/467
f 24/344/569 27/239/474 29/343/568
f 27/239/474 26/240/475 29/343/568
f 62/1/1 30/1/1 35/1/1
f 66/1/1 35/1/1 42/2/1
f 70/2/1 42/2/1 33/2/10
f 78/241/476 64/2/1 73/2/25
f 80/242/477 73/2/25 69/2/24
f 81/10/28 69/2/24 63/2/23
f 103/13/32 108/14/36 83/245/480
f 108/14/36 102/1/35 82/243/478
f 101/1/33 111/1/37 115/1/1
f 106/1/1 115/1/1 119/1/44
f 109/1/1 119/1/44 113/1/41
f 46/7/14 51/6/13 105/12/30
f 105/12/30 51/6/13 59/1/22
f 59/1/22 49/6/21 101/1/33
f 48/1/1 85/1/1 90/1/1
f 56/1/1 90/1/1 98/6/1
f 60/6/1 98/6/1 88/6/1
f 87/2/29 112/19/43 117/246/481
f 95/2/24 117/246/481 114/15/39
f 99/6/29 114/1/39 111/1/37
f 86/1/1 65/1/1 76/1/1
f 92/1/1 76/1/1 72/2/1
f 96/2/1 72/2/1 64/2/1
f 131/20/482 121/20/45 124/21/47
f 132/247/483 124/21/47 129/23/51
f 132/247/483 129/23/51 128/24/52
f 178/249/485 177/251/487 145/358/583
f 178/249/485 198/32/73 206/37/82
f 178/249/485 206/37/82 197/37/81
f 196/37/77 209/37/83 213/37/1
f 203/37/79 213/37/1 218/37/90
f 207/37/1 218/37/90 211/37/87
f 201/252/488 146/2/60 151/2/59
f 200/35/75 151/2/59 159/1/63
f 204/1/78 159/1/63 149/2/1
f 148/1/1 180/1/1 185/1/1
f 156/1/1 185/1/1 193/2/1
f 160/2/1 193/2/1 183/2/1
f 182/2/72 210/41/91 215/253/489
f 190/2/1 215/253/489 212/1/85
f 194/2/1 212/1/85 209/37/83
f 181/1/1 220/1/1 225/1/1
f 187/1/1 225/1/1 233/2/1
f 191/2/1 233/2/1 223/2/1
f 222/6/92 236/43/95 238/45/97
f 230/6/93 238/45/97 240/254/490
f 234/2/94 240/2/490 237/255/491
f 221/1/1 162/1/1 167/1/1
f 227/1/1 167/1/1 173/6/1
f 231/6/1 173/6/1 165/6/70
f 239/44/96 236/43/95 241/257/492
f 244/47/100 248/46/99 243/354/580
f 248/46/99 249/48/102 243/354/580
f 259/385/624 267/1/116 310/55/130
f 267/1/116 257/50/115 303/1/128
f 256/1/1 287/1/1 292/1/1
f 264/1/1 292/1/1 300/50/1
f 268/50/1 300/50/1 290/50/1
f 289/50/1 312/57/135 316/59/137
f 297/50/1 316/59/137 320/1/144
f 301/50/1 320/1/144 315/1/143
f 314/1/138 304/1/133 308/1/1
f 318/1/141 308/1/1 305/1/131
f 321/1/1 305/1/131 303/1/128
f 288/1/1 324/1/1 329/1/1
f 294/1/1 329/1/1 337/50/1
f 298/50/1 337/50/1 327/50/1
f 326/51/145 340/63/146 345/65/148
f 334/51/1 345/65/148 346/258/149
f 338/50/1 346/50/149 343/50/150
f 344/66/147 313/61/140 312/57/135
f 325/1/1 270/1/1 275/1/1
f 331/1/1 275/1/1 283/51/1
f 335/51/1 283/51/1 273/51/126
f 341/362/592 344/64/147 323/260/593
f 344/64/147 340/63/146 323/260/593
f 347/389/591 342/259/493 344/66/147
f 347/361/591 344/64/147 341/362/592
f 348/263/496 350/264/497 286/360/588
f 310/55/130 307/56/134 348/263/496
f 307/56/134 304/1/133 349/261/494
f 385/1/1 352/1/1 356/1/1
f 389/1/1 356/1/1 364/67/1
f 393/67/1 364/67/1 354/67/157
f 403/75/171 402/77/173 367/266/499
f 401/74/170 387/67/1 396/67/169
f 404/267/500 396/67/169 392/67/169
f 405/78/174 392/67/169 386/67/1
f 428/80/176 426/1/178 407/270/502
f 426/1/178 431/81/184 407/270/502
f 431/81/184 425/1/183 406/268/501
f 424/1/179 434/1/185 439/1/1
f 429/1/181 439/1/1 443/1/193
f 432/1/1 443/1/193 437/1/191
f 369/72/159 374/73/161 428/80/176
f 374/73/161 382/1/168 428/80/176
f 382/1/168 372/73/167 424/1/179
f 371/1/1 408/1/1 413/1/1
f 379/1/1 413/1/1 421/73/1
f 383/73/1 421/73/1 411/73/1
f 410/67/175 435/82/189 441/84/190
f 418/67/169 441/84/190 438/271/187
f 422/73/169 438/1/187 434/1/185
f 409/1/1 388/1/1 399/1/1
f 415/1/1 399/1/1 395/67/1
f 419/67/1 395/67/1 387/67/1
f 436/76/172 435/82/189 401/74/170
f 475/1/1 445/1/1 449/1/1
f 479/1/1 449/1/1 456/2/1
f 483/2/1 456/2/1 447/2/200
f 491/92/213 493/91/212 474/273/504
f 492/274/505 477/2/1 486/2/211
f 494/275/506 486/2/211 482/2/210
f 495/93/214 482/2/210 476/2/209
f 516/364/599 521/95/221 459/278/509
f 141/237/472 37/2/5 31/2/4 25/322/570
f 514/1/215 524/1/223 528/1/1
f 519/1/218 528/1/1 532/1/231
f 522/1/1 532/1/231 526/1/229
f 464/386/625 465/90/204 518/94/217
f 465/90/204 462/6/208 514/1/215
f 461/1/1 498/1/1 503/1/1
f 469/1/1 503/1/1 511/6/1
f 472/6/1 511/6/1 501/6/1
f 500/2/169 525/98/227 530/99/228
f 508/2/24 530/99/228 527/96/225
f 512/6/24 527/1/225 524/1/223
f 499/1/1 478/1/1 489/1/1
f 505/1/1 489/1/1 485/2/1
f 509/2/1 485/2/1 477/2/1
f 563/1/1 534/1/1 539/1/1
f 567/1/1 539/1/1 546/20/1
f 571/20/1 546/20/1 537/20/240
f 579/112/252 581/111/251 584/279/510
f 580/280/511 565/108/1 574/108/250
f 582/281/512 574/108/250 570/108/249
f 583/113/253 570/20/249 564/20/25
f 603/114/254 606/387/626 585/285/515
f 606/387/626 611/115/262 585/285/515
f 611/115/262 605/1/261 586/283/513
f 604/1/257 614/1/263 618/1/1
f 609/1/259 618/1/1 622/1/271
f 612/1/1 622/1/271 616/1/269
f 554/109/244 552/108/248 604/1/257
f 551/1/1 587/1/1 592/1/1
f 558/1/1 592/1/1 600/108/1
f 561/108/1 600/108/1 590/108/1
f 589/108/25 615/117/267 620/118/268
f 597/108/169 620/118/268 617/1/265
f 601/108/93 617/1/265 614/1/263
f 588/1/1 566/1/1 577/1/1
f 594/1/1 577/1/1 573/108/1
f 598/108/1 573/108/1 565/108/1
f 678/133/299 677/131/298 657/287/516
f 676/131/294 687/131/300 692/131/1
f 682/131/296 692/131/1 697/131/311
f 685/131/1 697/131/311 690/131/309
f 675/130/289 624/120/272 629/122/274
f 629/122/274 637/1/279 683/1/295
f 637/1/279 627/51/278 676/131/294
f 626/1/1 659/1/1 664/1/1
f 634/1/1 664/1/1 672/51/1
f 638/51/1 672/51/1 662/51/1
f 661/50/169 688/134/304 694/136/305
f 669/51/175 694/131/305 691/131/302
f 673/51/175 691/131/302 687/131/300
f 660/1/1 700/1/1 705/1/1
f 666/1/1 705/1/1 713/50/1
f 670/50/1 713/50/1 703/50/1
f 702/50/312 716/141/314 719/143/316
f 710/50/313 719/143/316 720/291/519
f 714/50/312 720/291/519 718/292/520
f 721/142/315 689/138/307 696/135/303
f 696/135/303 688/134/304 718/292/520
f 701/1/1 640/1/1 644/1/1
f 707/1/1 644/1/1 652/50/1
f 711/50/1 652/50/1 642/50/287
f 717/367/603 721/142/315 656/294/522
f 721/142/315 716/141/314 656/294/522
f 655/290/517 721/142/315 717/367/603
f 777/152/338 775/154/340 756/297/525
f 775/154/340 780/156/346 756/297/525
f 780/156/346 774/155/345 755/295/523
f 773/155/341 783/155/347 787/155/1
f 778/155/343 787/155/1 791/155/356
f 781/155/1 791/155/356 785/155/354
f 722/145/319 727/144/318 777/152/338
f 727/144/318 735/1/327 777/152/338
f 735/1/327 725/67/326 773/155/341
f 724/1/1 757/1/1 762/1/1
f 732/1/1 762/1/1 770/67/1
f 736/67/1 770/67/1 760/67/1
f 759/67/1 784/160/353 789/159/352
f 767/67/169 789/159/352 786/1/349
f 771/67/169 786/1/349 783/155/347
f 758/1/1 794/1/1 799/1/1
f 764/1/1 799/1/1 807/67/1
f 768/67/1 807/67/1 797/67/1
f 796/73/92 810/164/357 813/166/358
f 804/67/1 813/388/358 814/298/526
f 808/67/169 814/298/526 812/299/527
f 795/1/1 738/1/1 743/1/1
f 801/1/1 743/1/1 751/73/1
f 805/73/1 751/73/1 741/73/336
f 811/369/610 815/165/351 793/300/528
f 815/165/351 810/164/357 793/300/528
f 754/368/524 815/165/351 811/369/610
f 866/176/380 869/178/382 848/303/531
f 869/178/382 874/181/389 848/303/531
f 874/181/389 868/180/388 847/301/529
f 867/180/384 877/180/390 880/180/1
f 872/180/386 880/180/1 884/180/1
f 875/180/1 884/180/1 878/180/394
f 816/167/359 828/169/361 871/179/383
f 828/169/361 819/2/367 867/180/384
f 818/1/1 850/1/1 855/1/1
f 825/1/1 855/1/1 863/2/1
f 829/2/1 863/2/1 853/2/1
f 852/2/377 883/184/396 882/182/392
f 860/2/378 882/182/392 879/1/393
f 864/2/379 879/1/393 877/180/390
f 851/1/1 886/1/1 891/1/1
f 857/1/1 891/1/1 899/2/1
f 861/2/1 899/2/1 889/2/1
f 888/6/93 902/187/397 904/189/399
f 896/2/29 904/193/399 905/190/400
f 900/2/377 905/190/400 903/192/401
f 887/1/1 831/1/1 836/1/1
f 893/1/1 836/1/1 843/6/1
f 897/6/1 843/6/1 834/6/375
f 957/199/420 961/201/422 939/306/534
f 939/306/534 961/201/422 965/204/429
f 965/204/429 959/202/428 938/304/532
f 958/202/423 968/202/430 973/202/1
f 963/202/426 973/202/1 979/202/440
f 966/202/1 979/202/440 971/202/438
f 960/203/425 906/47/404 911/46/403
f 911/46/403 919/1/412 960/203/425
f 919/1/412 909/20/411 958/202/423
f 908/1/1 941/1/1 946/1/1
f 916/1/1 946/1/1 954/20/1
f 920/20/1 954/20/1 944/20/1
f 943/108/1 969/207/434 976/208/435
f 951/108/1 976/208/435 972/205/432
f 955/20/169 972/1/432 968/202/430
f 942/1/1 981/1/1 986/1/1
f 948/1/1 986/1/1 994/108/1
f 952/108/1 994/108/1 984/108/1
f 983/108/175 997/213/442 1000/215/444
f 991/108/441 1000/215/444 1001/308/536
f 995/108/441 1001/308/536 999/309/537
f 998/214/443 970/307/535 978/210/437
f 998/214/443 978/210/437 975/209/436
f 998/214/443 975/209/436 969/207/434
f 982/1/1 922/1/1 926/1/1
f 988/1/1 926/1/1 934/108/1
f 992/108/1 934/108/1 924/108/418
f 998/214/443 997/213/442 937/311/539
f 1015/312/540 1019/220/449 1020/218/450
f 1016/313/195 1020/218/450 1018/218/448
f 1023/327/553 1024/326/552 1022/384/542
f 1034/223/547 1025/221/451 1027/222/453
f 1034/223/547 1027/222/453 1030/224/456
f 1030/224/456 1031/225/457 1034/223/547
f 1035/317/544 1036/316/543 1033/390/627
f 1038/228/461 1037/226/458 1032/379/621
f 1040/226/460 1036/316/543 1035/317/544
f 1032/379/621 1039/229/462 1038/228/461
f 32/4/8 41/2/6 141/237/472 24/344/569
f 54/6/18 128/24/52 122/20/50 47/6/17
f 105/12/30 103/13/32 133/345/572
f 251/22/104 172/29/67 163/6/65 245/20/103
f 54/6/18 50/6/12 128/24/52
f 128/24/52 50/6/12 46/7/14
f 141/237/195 147/2/61 154/2/62
f 142/322/195 154/2/62 150/2/58
f 150/2/58 146/2/60 141/237/195
f 164/30/68 172/29/67 247/46/98 244/47/100
f 172/29/67 251/22/104 247/46/98
f 19/324/550 20/325/551 135/26/56 138/26/57
f 245/20/103 122/20/50 126/20/1
f 250/20/105 126/20/1 123/20/48
f 253/20/1 123/20/48 121/20/45
f 147/2/61 31/2/4 38/2/1
f 153/2/1 38/2/1 34/1/1
f 157/1/1 34/1/1 30/1/1
f 65/1/1 181/1/1 188/1/1
f 75/1/1 188/1/1 184/1/1
f 67/1/1 184/1/1 180/1/1
f 85/1/1 221/1/1 228/1/1
f 89/1/1 228/1/1 224/1/1
f 93/1/1 224/1/1 220/1/1
f 47/6/17 163/6/65 169/6/1
f 53/6/1 169/6/1 166/1/1
f 57/1/1 166/1/1 162/1/1
f 358/68/153 353/67/152 255/50/111 262/50/112
f 19/324/550 138/26/57 136/25/53
f 20/325/551 136/25/53 137/27/55
f 362/265/498 358/68/153 262/50/112 258/50/108
f 373/73/162 454/272/503 455/89/199 377/73/165
f 258/50/108 259/385/624 362/265/498
f 446/2/196 370/73/164 377/73/165
f 467/6/206 541/103/235 535/20/234 460/6/205
f 454/272/503 373/73/162 369/72/159
f 584/279/510 518/94/217 516/364/599
f 464/386/625 536/106/238 541/103/235 463/6/202
f 467/6/206 463/6/202 541/103/235
f 556/108/246 277/51/120 271/51/119 550/108/245
f 323/260/593 608/1/255 603/114/254
f 553/108/242 281/51/123 277/51/120 556/108/246
f 272/53/124 281/51/123 553/108/242 554/109/244
f 730/146/323 646/50/283 641/50/282 723/67/322
f 650/293/521 646/50/283 730/146/323 726/144/317
f 749/150/333 745/73/330 823/170/364 820/168/362
f 726/144/317 722/145/319 650/293/521
f 739/73/329 817/2/164 823/170/364
f 740/149/332 749/150/333 820/168/362 816/167/359
f 914/22/408 838/171/370 832/6/369 907/20/407
f 906/47/404 833/174/373 838/171/370 910/46/402
f 914/22/408 910/46/402 838/171/370
f 932/310/538 928/108/414 632/124/277 628/123/275
f 923/108/413 625/51/276 632/124/277
f 1014/216/447 1013/217/446 1029/223/455 1026/221/454
f 932/310/538 628/123/275 624/120/272
f 460/6/205 832/6/369 839/6/1
f 466/6/1 839/6/1 835/1/1
f 470/1/1 835/1/1 831/1/1
f 886/1/1 499/1/1 506/1/1
f 890/1/1 506/1/1 502/1/1
f 894/1/1 502/1/1 498/1/1
f 850/1/1 475/1/1 480/1/1
f 854/1/1 480/1/1 488/1/1
f 858/1/1 488/1/1 478/1/1
f 817/2/164 446/2/196 451/2/1
f 822/2/1 451/2/1 448/1/1
f 826/1/1 448/1/1 445/1/1
f 723/67/322 353/67/152 359/67/1
f 729/67/1 359/67/1 355/1/1
f 733/1/1 355/1/1 352/1/1
f 388/1/1 758/1/1 765/1/1
f 398/1/1 765/1/1 761/1/1
f 390/1/1 761/1/1 757/1/1
f 408/1/1 795/1/1 802/1/1
f 412/1/1 802/1/1 798/1/1
f 416/1/1 798/1/1 794/1/1
f 370/73/164 739/73/329 746/73/1
f 376/73/1 746/73/1 742/1/1
f 380/1/1 742/1/1 738/1/1
f 550/108/245 923/108/413 929/108/1
f 555/108/1 929/108/1 925/1/1
f 559/1/1 925/1/1 922/1/1
f 981/1/1 588/1/1 595/1/1
f 985/1/1 595/1/1 591/1/1
f 989/1/1 591/1/1 587/1/1
f 941/1/1 563/1/1 568/1/1
f 945/1/1 568/1/1 576/1/1
f 949/1/1 576/1/1 566/1/1
f 907/20/407 535/20/234 542/20/1
f 913/20/1 542/20/1 538/1/1
f 917/1/1 538/1/1 534/1/1
f 625/51/276 271/51/119 278/51/1
f 631/51/1 278/51/1 274/1/1
f 635/1/1 274/1/1 270/1/1
f 324/1/1 660/1/1 667/1/1
f 328/1/1 667/1/1 663/1/1
f 332/1/1 663/1/1 659/1/1
f 287/1/1 701/1/1 708/1/1
f 291/1/1 708/1/1 704/1/1
f 295/1/1 704/1/1 700/1/1
f 255/50/111 641/50/282 647/50/1
f 261/50/1 647/50/1 643/1/1
f 265/1/1 643/1/1 640/1/1
f 16/391/628 5/392/629 6/393/556 17/339/565
f 1014/216/447 1026/221/454 1025/221/451
f 1045/230/465 1024/326/552 1023/327/553
f 5/392/629 9/335/561 11/331/557 6/393/556
f 15/336/562 7/333/559 5/394/629 16/395/628
f 5/394/629 7/333/559 13/332/558 9/335/561
f 10/329/555 14/396/630 8/397/631 6/330/556
f 18/398/632 17/399/565 6/330/556 8/397/631
f 15/400/562 18/401/632 8/402/631 7/403/559
f 14/396/630 12/334/560 7/403/559 8/402/631
f 9/335/561 12/334/560 14/396/630 10/329/555
f 22/337/563 15/336/562 16/395/628 23/342/473
f 9/335/561 13/332/558 12/334/560
f 21/404/564 130/348/575 18/401/632 15/400/562
f 29/343/568 16/391/628 17/339/565 45/9/27
f 84/244/479 17/399/565 18/398/632 133/345/572
f 16/395/628 29/405/568 23/342/473
f 137/27/55 140/353/577 21/338/564 20/325/551
f 130/348/575 133/347/572 18/401/632
f 20/325/551 28/341/566 143/321/548
f 46/7/14 105/12/30 133/345/572 128/24/52
f 130/348/575 21/404/564 140/351/577
f 22/337/563 23/342/473 28/341/566
f 29/343/568 45/9/27 32/4/8
f 26/240/475 23/238/473 29/343/568
f 25/322/570 31/2/4 147/2/1
f 148/1/1 30/1/1 62/1/1
f 33/2/571 45/9/27 79/8/26
f 367/266/499 286/360/588 134/352/576 143/321/548
f 49/6/21 88/6/1 111/1/1
f 47/6/17 122/20/1 245/20/1
f 221/1/1 85/1/1 48/1/1
f 87/2/573 64/2/1 78/241/476
f 181/1/1 65/1/1 86/1/1
f 82/243/478 102/1/35 113/1/41
f 131/20/482 132/247/483 246/20/574
f 351/350/495 549/284/514 130/348/575 140/351/577
f 134/352/576 286/360/588 351/262/495
f 368/363/595 144/323/549 145/358/583 497/357/508
f 141/237/472 146/2/74 201/252/488
f 144/323/549 178/249/485 145/358/583
f 144/406/549 368/407/595 367/266/499 143/321/548
f 243/354/580 241/257/492 164/30/68 244/47/100
f 143/321/548 23/342/473 144/406/549
f 144/323/549 198/32/73 178/249/485
f 177/251/487 179/248/484 145/358/583
f 149/2/1 183/2/1 209/37/1
f 165/6/578 241/257/579 236/43/579
f 459/278/509 242/355/581 243/354/580 584/279/510
f 242/356/581 179/248/484 210/41/91 239/256/96
f 242/355/581 459/278/509 497/277/508
f 176/250/582 197/37/1 211/37/87
f 242/356/581 145/358/583 179/248/484
f 549/284/514 584/390/510 243/359/580 130/348/575
f 182/2/584 223/2/1 237/255/585
f 249/48/102 132/247/483 243/354/580
f 259/385/624 310/55/130 367/266/499 362/265/498
f 272/53/633 554/109/244 608/1/255 323/260/593
f 257/50/115 290/50/1 315/1/143
f 255/50/111 353/67/152 723/67/322
f 701/1/1 287/1/1 256/1/1
f 626/1/1 270/1/1 325/1/1
f 273/51/586 323/260/587 340/63/587
f 585/285/515 549/284/514 351/350/495 347/361/591
f 550/108/245 271/51/119 625/51/276
f 351/262/495 313/61/140 342/259/634 347/389/591
f 289/50/1 327/50/1 343/50/589
f 660/1/1 324/1/1 288/1/1
f 349/261/494 304/1/133 314/1/590
f 603/114/254 585/285/515 347/361/591 323/260/593
f 369/72/159 428/80/176 474/273/504 454/272/503
f 724/1/1 352/1/1 385/1/1
f 354/67/594 367/266/499 402/77/173
f 407/270/502 367/269/499 368/363/595
f 428/80/176 407/270/502 497/357/508 474/273/504
f 372/73/167 411/73/1 434/1/1
f 370/73/164 446/2/196 817/2/164
f 795/1/1 408/1/1 371/1/1
f 410/67/596 387/67/1 401/74/74
f 758/1/1 388/1/1 409/1/1
f 406/268/501 425/1/1 437/1/191
f 464/386/625 518/94/217 584/279/510 536/106/238
f 475/1/1 850/1/1 818/1/1
f 447/2/597 474/273/504 493/91/212
f 655/290/517 656/294/522 756/297/525 754/296/524
f 462/6/208 501/6/1 524/1/1
f 460/6/205 535/20/234 907/20/407
f 461/1/1 831/1/1 887/1/1
f 500/2/598 477/2/1 492/274/505
f 499/1/1 886/1/1 851/1/1
f 496/276/507 515/1/220 526/1/229
f 563/1/1 941/1/1 908/1/1
f 537/20/600 584/279/510 581/111/251
f 552/108/248 590/108/1 614/1/1
f 551/1/1 922/1/1 982/1/1
f 589/108/601 565/108/1 580/280/511
f 588/1/1 981/1/1 942/1/1
f 586/283/513 605/1/1 616/1/269
f 1002/372/616 655/290/517 754/296/524 1003/408/635
f 1002/409/616 1005/410/554 937/311/539 655/288/517
f 937/311/539 658/289/518 655/288/517
f 675/130/289 937/311/539 932/310/538 624/120/272
f 777/152/338 656/294/522 650/293/521 722/145/319
f 627/51/278 662/51/1 687/131/1
f 642/50/602 656/294/522 716/141/314
f 793/300/528 740/149/332 816/167/359 871/179/383
f 777/152/338 756/297/525 656/294/522
f 657/287/516 677/131/1 690/131/309
f 937/311/539 678/133/299 658/289/518
f 661/50/604 703/50/1 718/292/605
f 725/67/326 760/67/1 783/155/1
f 741/73/606 793/300/528 810/164/357
f 1003/411/635 754/368/524 849/302/530 1004/370/612
f 848/303/531 849/302/530 754/368/524
f 754/368/524 793/300/528 866/176/380 848/303/531
f 755/295/523 774/155/345 785/155/354
f 759/67/607 797/67/1 812/299/608
f 846/188/398 833/174/373 906/47/636 960/203/425
f 819/2/367 853/2/1 877/180/1
f 834/6/611 846/188/398 902/187/397
f 1004/375/612 846/188/398 940/305/533 1005/328/554
f 939/306/534 940/305/533 846/188/398
f 1006/373/617 1002/372/616 1003/408/635 1010/377/619
f 847/301/529 868/180/1 878/180/394
f 849/302/530 883/184/396 846/191/398
f 852/2/613 889/2/1 903/192/401
f 957/199/420 939/306/534 846/188/398
f 909/20/411 944/20/1 968/202/1
f 924/108/614 937/311/539 997/213/442
f 940/371/533 937/311/539 1005/410/554
f 938/304/532 959/202/1 971/202/438
f 970/307/535 998/214/443 940/305/533
f 943/108/615 984/108/1 999/309/537
f 1008/380/618 1032/379/621 1005/410/554 1002/409/616
f 1011/382/623 1003/411/635 1004/370/612 1017/314/541
f 1013/217/446 1004/375/612 1005/328/554 1029/223/455
f 1003/408/635 1011/146/623 1010/377/619
f 1007/412/620 1009/413/622 1017/383/541 1052/318/545
f 1033/46/627 1031/225/457 1005/328/554
f 1032/379/621 1033/390/627 1005/410/554
f 1007/378/620 1008/374/618 1006/373/617
f 1010/414/619 1009/413/622 1007/412/620
f 1022/315/542 1012/216/445 1025/221/451 1034/223/547
f 1052/318/545 1008/380/618 1007/412/620
f 496/276/507 459/278/509 521/95/221 515/1/220
f 1011/382/623 1009/381/622 1010/415/619
f 1015/312/540 1018/218/448 1017/314/541
f 1052/318/545 1017/383/541 1024/326/552 1043/235/470
f 1023/327/553 1022/384/542 1034/320/547 1042/230/463
f 1036/416/543 1034/223/547 1031/225/457 1033/46/627
f 1037/226/458 1035/317/544 1033/390/627 1032/379/621
f 1052/318/545 1048/319/546 1034/320/547 1036/316/543
