# Blender 5.2.2 LTS
# www.blender.org
mtllib Flawless_horn.mtl
o Flawless_horn
v 0.258487 0.354313 0.444851
v 0.247656 0.330808 0.435765
v 0.233120 0.361696 0.308497
v 0.240736 0.371467 0.270119
v 0.251774 0.384244 0.254005
v 0.262662 0.402747 0.262263
v 0.270956 0.422405 0.294046
v 0.266479 0.459470 0.410297
v 0.247986 0.470087 0.429533
v 0.232635 0.494301 0.410217
v 0.224832 0.472290 0.379086
v 0.253466 0.542713 0.391284
v 0.237556 0.577354 0.383198
v 0.218416 0.513547 0.244249
v 0.227772 0.505615 0.212128
v 0.238547 0.517243 0.195573
v 0.249524 0.538464 0.203514
v 0.256258 0.573435 0.226883
v 0.251439 0.669307 0.245198
v 0.243623 0.639774 0.330158
v 0.227906 0.668794 0.309137
v 0.213345 0.679361 0.267333
v 0.205793 0.616645 0.240712
v 0.232817 0.735896 0.219021
v 0.219652 0.738648 0.212062
v 0.206824 0.612112 0.108152
v 0.219630 0.575077 0.124451
v 0.228820 0.599714 0.076611
v 0.239104 0.626509 0.078753
v 0.244691 0.670163 0.086882
v 0.235486 0.772085 0.065766
v 0.213334 0.782264 0.097860
v 0.200698 0.767995 0.042581
v 0.195559 0.723044 0.042055
v 0.191650 0.693815 -0.126934
v 0.214191 0.611484 0.016656
v 0.236302 0.746406 -0.144358
v 0.225177 0.788368 0.082541
v 0.209417 0.796209 -0.025878
v 0.201097 0.632226 -0.068857
v 0.224072 0.613752 -0.068923
v 0.234185 0.640975 -0.074333
v 0.238823 0.670825 -0.171735
v 0.221539 0.799970 -0.037896
v 0.231618 0.758352 -0.176833
v 0.208874 0.771226 -0.185107
v 0.198554 0.744341 -0.177370
v 0.212116 0.595355 -0.124633
v 0.220731 0.782343 -0.154783
v 0.203758 0.562286 -0.233811
v 0.226306 0.558809 -0.206124
v 0.236390 0.583813 -0.218226
v 0.222039 0.738100 -0.264272
v 0.211853 0.694059 -0.325660
v 0.204046 0.628594 -0.365285
v 0.196221 0.591054 -0.308166
v 0.215497 0.534895 -0.229626
v 0.239046 0.621668 -0.376728
v 0.226156 0.666985 -0.361739
v 0.217475 0.608165 -0.413749
v 0.212329 0.375609 -0.432116
v 0.213157 0.428862 -0.339035
v 0.223173 0.428874 -0.309294
v 0.234073 0.445611 -0.299257
v 0.244788 0.463676 -0.315961
v 0.250954 0.490339 -0.349924
v 0.257354 0.429969 -0.452163
v 0.232558 0.575457 -0.436904
v 0.227372 0.476945 -0.488553
v 0.219520 0.422053 -0.485353
v 0.240794 0.469732 -0.485103
v 0.239517 0.332802 -0.512469
v 0.227048 0.264711 -0.361664
v 0.235342 0.284369 -0.329881
v 0.246231 0.302872 -0.321623
v 0.257268 0.315649 -0.337737
v 0.264884 0.325420 -0.376115
v 0.250348 0.356307 -0.503383
v 0.231525 0.227646 -0.477915
v 0.250018 0.217028 -0.497150
v 0.273172 0.214826 -0.446704
v 0.265370 0.192815 -0.477835
v 0.244538 0.144404 -0.458903
v 0.260449 0.109762 -0.450815
v 0.246565 0.017808 -0.312815
v 0.241746 0.113682 -0.294502
v 0.248480 0.148651 -0.271132
v 0.259457 0.169872 -0.263191
v 0.270232 0.181501 -0.279746
v 0.279588 0.173569 -0.311867
v 0.292211 0.070470 -0.308330
v 0.254381 0.047342 -0.397777
v 0.270098 0.018321 -0.376754
v 0.284660 0.007755 -0.334951
v 0.265188 -0.048780 -0.286638
v 0.278352 -0.051533 -0.279680
v 0.253313 0.016953 -0.154501
v 0.258901 0.060607 -0.146371
v 0.269184 0.087402 -0.144228
v 0.278374 0.112038 -0.192069
v 0.291180 0.075004 -0.175771
v 0.262518 -0.084970 -0.133383
v 0.284670 -0.095149 -0.165478
v 0.272827 -0.101252 -0.150160
v 0.261702 -0.059291 0.076739
v 0.283813 0.075632 -0.084274
v 0.302446 -0.035929 -0.109671
v 0.297306 -0.080879 -0.110200
v 0.288587 -0.109093 -0.041741
v 0.276465 -0.112855 -0.029722
v 0.259181 0.016290 0.104117
v 0.263819 0.046141 0.006714
v 0.273932 0.073364 0.001305
v 0.296908 0.054889 0.001240
v 0.266386 -0.071236 0.109214
v 0.289130 -0.084110 0.117489
v 0.277273 -0.095227 0.087166
v 0.285888 0.091761 0.057015
v 0.301784 0.096062 0.240549
v 0.306354 -0.006699 0.059316
v 0.299450 -0.057226 0.109751
v 0.275965 -0.050984 0.196654
v 0.261614 0.103302 0.150608
v 0.271698 0.128306 0.138506
v 0.294246 0.124830 0.166194
v 0.286151 -0.006944 0.258042
v 0.282507 0.152220 0.162008
v 0.293958 0.058522 0.297668
v 0.271848 0.020131 0.294122
v 0.258958 0.065449 0.309111
v 0.280529 0.078951 0.346132
v 0.265446 0.111658 0.369286
v 0.239371 0.265559 0.368004
v 0.247050 0.196776 0.282306
v 0.253216 0.223439 0.248343
v 0.263932 0.241504 0.231639
v 0.274831 0.258241 0.241676
v 0.284847 0.258253 0.271417
v 0.270633 0.210171 0.420935
v 0.285675 0.311506 0.364498
v 0.278484 0.265063 0.417735
v 0.257210 0.217384 0.417485
v 0.243826 0.261051 0.401361
v -1.358124 0.678162 0.230841
v -1.403596 0.632218 0.154953
v -1.395725 0.631400 0.138233
v -1.380624 0.640238 0.138635
v -1.339052 0.708055 0.139587
v -1.345019 0.688879 0.201492
v -1.356542 0.711349 0.194726
v -1.324289 0.749788 0.145389
v -1.326445 0.764674 0.133869
v -1.383200 0.687278 0.092051
v -1.376358 0.684994 0.077506
v -1.359434 0.696717 0.076088
v -1.359209 0.749068 0.075375
v -1.316548 0.786819 0.042904
v -1.326605 0.790789 0.059416
v -1.383455 0.708483 0.013099
v -1.375873 0.703714 -0.004132
v -1.342432 0.745886 -0.026084
v -1.340618 0.791707 -0.066976
v -1.357383 0.777549 -0.053654
v -1.390958 0.702901 -0.036459
v -1.328323 0.788955 -0.046962
v -1.411295 0.707698 -0.139352
v -1.413696 0.679160 -0.096953
v -1.396455 0.685584 -0.083029
v -1.392410 0.688652 -0.149191
v -1.356043 0.765171 -0.138240
v -1.374538 0.724154 -0.169265
v -1.384845 0.740656 -0.177458
v -1.430921 0.635706 -0.141367
v -1.411810 0.684985 -0.232637
v -1.440166 0.651769 -0.251451
v -1.453821 0.641843 -0.233100
v -1.447663 0.628150 -0.145710
v -1.451689 0.611217 -0.261529
v -1.516451 0.528281 -0.217082
v -1.486649 0.559214 -0.164983
v -1.473048 0.565590 -0.163079
v -1.463174 0.568468 -0.182941
v -1.489292 0.524222 -0.239902
v -1.497116 0.547935 -0.268544
v -1.514756 0.526076 -0.253834
v -1.505385 0.514627 -0.262336
v -1.545456 0.446723 -0.234683
v -1.522957 0.484646 -0.142477
v -1.507856 0.493484 -0.142075
v -1.499985 0.492668 -0.158795
v -1.558561 0.436007 -0.205335
v -1.580403 0.371574 -0.088804
v -1.547040 0.413534 -0.198566
v -1.579292 0.375096 -0.149230
v -1.577136 0.360210 -0.137711
v -1.544148 0.428166 -0.079928
v -1.527223 0.439890 -0.081347
v -1.520381 0.437607 -0.095893
v -1.545447 0.373484 -0.076926
v -1.585127 0.335238 -0.043038
v -1.576976 0.334095 -0.063258
v -1.543759 0.406282 0.006588
v -1.525817 0.420979 -0.000719
v -1.520126 0.416401 -0.016942
v -1.571075 0.353269 0.044476
v -1.572567 0.331078 0.035892
v -1.512623 0.421983 0.032618
v -1.529794 0.372492 0.036118
v -1.554642 0.338516 0.077606
v -1.547538 0.359713 0.134399
v -1.511172 0.436231 0.145348
v -1.507127 0.439300 0.079187
v -1.529753 0.395453 0.168024
v -1.520838 0.384291 0.174415
v -1.489885 0.445724 0.093112
v -1.504988 0.396618 0.157911
v -1.439353 0.499945 0.202811
v -1.491771 0.439899 0.228795
v -1.472660 0.489178 0.137526
v -1.455918 0.496734 0.141869
v -1.467817 0.460662 0.238307
v -1.470924 0.493247 0.233414
v -1.445915 0.511278 0.259812
v -1.440405 0.556419 0.179099
v -1.430533 0.559295 0.159237
v -1.416932 0.565670 0.161142
v -1.406465 0.576949 0.264702
v -1.386259 0.600203 0.244048
v -1.398195 0.610257 0.258495
v -1.414289 0.600661 0.236061
v -2.138383 1.295255 -0.054265
v -2.121459 1.304010 -0.041532
v -2.110150 1.309861 -0.022477
v -2.106179 1.311915 -0.000000
v -2.110150 1.309861 0.022478
v -2.121459 1.304010 0.041532
v -2.138383 1.295255 0.054265
v -2.158347 1.284927 0.058736
v -2.178311 1.274598 0.054265
v -2.195235 1.265843 0.041532
v -2.206544 1.259992 0.022478
v -2.210515 1.257937 -0.000000
v -2.206544 1.259992 -0.022477
v -2.195235 1.265843 -0.041532
v -2.178311 1.274598 -0.054265
v -2.158347 1.284927 -0.058736
v -1.998029 1.083886 -0.078115
v -1.976118 1.100251 -0.059787
v -1.961477 1.111186 -0.032356
v -1.956336 1.115026 -0.000000
v -1.961477 1.111186 0.032356
v -1.976118 1.100251 0.059787
v -1.998029 1.083886 0.078115
v -2.023873 1.064582 0.084551
v -2.049719 1.045277 0.078115
v -2.071630 1.028912 0.059787
v -2.086270 1.017977 0.032356
v -2.091411 1.014137 -0.000000
v -2.086270 1.017977 -0.032356
v -2.071630 1.028912 -0.059787
v -2.049719 1.045277 -0.078115
v -2.023873 1.064582 -0.084552
v -1.874237 0.949241 -0.100404
v -1.848423 0.973182 -0.076845
v -1.831175 0.989178 -0.041588
v -1.825119 0.994796 -0.000000
v -1.831175 0.989178 0.041588
v -1.848423 0.973182 0.076845
v -1.874237 0.949241 0.100404
v -1.904686 0.921002 0.108676
v -1.935136 0.892761 0.100404
v -1.960950 0.868821 0.076845
v -1.978198 0.852824 0.041588
v -1.984255 0.847207 -0.000000
v -1.978198 0.852824 -0.041588
v -1.960950 0.868821 -0.076845
v -1.935136 0.892761 -0.100404
v -1.904686 0.921002 -0.108675
v -1.775855 0.862393 -0.120110
v -1.747022 0.893174 -0.091928
v -1.727755 0.913742 -0.049751
v -1.720990 0.920964 -0.000000
v -1.727755 0.913742 0.049751
v -1.747022 0.893174 0.091928
v -1.775855 0.862392 0.120110
v -1.809867 0.826083 0.130006
v -1.843878 0.789774 0.120110
v -1.872712 0.758991 0.091928
v -1.891978 0.738424 0.049751
v -1.898744 0.731201 -0.000000
v -1.891978 0.738424 -0.049751
v -1.872712 0.758991 -0.091928
v -1.843878 0.789774 -0.120110
v -1.809867 0.826083 -0.130006
v -1.631982 0.742092 -0.120933
v -1.606421 0.776003 -0.092558
v -1.589340 0.798661 -0.050092
v -1.583343 0.806618 -0.000000
v -1.589340 0.798661 0.050092
v -1.606421 0.776003 0.092558
v -1.631982 0.742092 0.120933
v -1.662135 0.702092 0.130897
v -1.692288 0.662091 0.120933
v -1.717849 0.628181 0.092558
v -1.734929 0.605522 0.050092
v -1.740927 0.597566 -0.000000
v -1.734929 0.605522 -0.050092
v -1.717849 0.628181 -0.092558
v -1.692288 0.662091 -0.120933
v -1.662135 0.702092 -0.130897
v -1.471190 0.641913 -0.137600
v -1.446198 0.683267 -0.105314
v -1.429499 0.710899 -0.056996
v -1.423636 0.720602 -0.000000
v -1.429499 0.710899 0.056996
v -1.446198 0.683267 0.105314
v -1.471190 0.641913 0.137600
v -1.500668 0.593134 0.148937
v -1.530148 0.544353 0.137600
v -1.555140 0.503000 0.105314
v -1.571838 0.475368 0.056996
v -1.577701 0.465666 -0.000000
v -1.571838 0.475369 -0.056996
v -1.555140 0.503000 -0.105314
v -1.530148 0.544353 -0.137600
v -1.500668 0.593134 -0.148937
v -1.363998 0.607570 -0.188067
v -1.334235 0.666454 -0.143924
v -1.314359 0.705782 -0.077880
v -1.307383 0.719587 -0.000000
v -1.314359 0.705782 0.077880
v -1.334235 0.666454 0.143924
v -1.363998 0.607570 0.188067
v -1.399117 0.538095 0.203558
v -1.434232 0.468638 0.188026
v -1.463988 0.409795 0.143867
v -1.483858 0.370507 0.077840
v -1.490832 0.356719 -0.000000
v -1.483858 0.370507 -0.077840
v -1.463988 0.409795 -0.143867
v -1.434232 0.468638 -0.188026
v -1.399117 0.538095 -0.203558
v -1.143151 0.498811 -0.168505
v -1.122088 0.554055 -0.128968
v -1.108014 0.590969 -0.069797
v -1.103072 0.603931 -0.000000
v -1.108014 0.590968 0.069796
v -1.122088 0.554055 0.128968
v -1.143151 0.498810 0.168505
v -1.167996 0.433645 0.182387
v -1.192840 0.368479 0.168505
v -1.213904 0.313235 0.128968
v -1.227978 0.276321 0.069797
v -1.232919 0.263360 -0.000000
v -1.227978 0.276321 -0.069797
v -1.213904 0.313236 -0.128968
v -1.192842 0.368479 -0.168505
v -1.171631 0.435186 -0.226101
v -0.943339 0.439925 -0.186074
v -0.925891 0.502867 -0.142415
v -0.914233 0.544922 -0.077074
v -0.910140 0.559690 -0.000000
v -0.914233 0.544922 0.077074
v -0.925891 0.502866 0.142415
v -0.943339 0.439925 0.186074
v -0.963919 0.365681 0.201404
v -0.984499 0.291438 0.186074
v -1.001945 0.228497 0.142415
v -1.013603 0.186442 0.077074
v -1.017697 0.171674 -0.000000
v -1.013603 0.186442 -0.077074
v -1.001945 0.228497 -0.142415
v -0.984499 0.291438 -0.186074
v -0.963919 0.365681 -0.201404
v -0.727163 0.397551 -0.204268
v -0.714509 0.468156 -0.156340
v -0.706055 0.515332 -0.084611
v -0.703086 0.531898 -0.000000
v -0.706055 0.515332 0.084611
v -0.714509 0.468156 0.156340
v -0.727163 0.397551 0.204268
v -0.742089 0.314267 0.221098
v -0.757015 0.230984 0.204268
v -0.769669 0.160380 0.156340
v -0.778124 0.113203 0.084611
v -0.781094 0.096637 -0.000000
v -0.778124 0.113203 -0.084611
v -0.769669 0.160380 -0.156340
v -0.757016 0.230984 -0.204268
v -0.742089 0.314267 -0.221098
v -0.521773 0.376559 -0.220936
v -0.514441 0.453795 -0.169096
v -0.509541 0.505400 -0.091515
v -0.507821 0.523522 -0.000000
v -0.509541 0.505400 0.091515
v -0.514441 0.453794 0.169096
v -0.521773 0.376559 0.220934
v -0.530422 0.285454 0.239138
v -0.539071 0.194350 0.220934
v -0.546403 0.117115 0.169096
v -0.551302 0.065509 0.091514
v -0.553023 0.047387 -0.000000
v -0.551302 0.065509 -0.091515
v -0.546403 0.117115 -0.169096
v -0.539071 0.194351 -0.220936
v -0.530422 0.285454 -0.239138
v -0.310979 0.372076 -0.237602
v -0.309766 0.455502 -0.181853
v -0.308956 0.511245 -0.098418
v -0.308672 0.530819 -0.000000
v -0.308956 0.511245 0.098418
v -0.309766 0.455501 0.181853
v -0.310978 0.372076 0.237602
v -0.312407 0.273668 0.257178
v -0.313837 0.175260 0.237602
v -0.315048 0.091834 0.181853
v -0.315858 0.036091 0.098418
v -0.316142 0.016516 -0.000000
v -0.315858 0.036091 -0.098418
v -0.315049 0.091834 -0.181853
v -0.313837 0.175260 -0.237602
v -0.312407 0.273667 -0.257179
v -0.095965 0.384348 -0.254269
v -0.101634 0.473456 -0.194609
v -0.105423 0.532995 -0.105322
v -0.106753 0.553902 -0.000000
v -0.105423 0.532995 0.105322
v -0.101634 0.473455 0.194609
v -0.095965 0.384348 0.254269
v -0.089277 0.279239 0.275219
v -0.082590 0.174130 0.254269
v -0.076921 0.085023 0.194609
v -0.073132 0.025483 0.105322
v -0.071803 0.004576 -0.000000
v -0.073133 0.025483 -0.105322
v -0.076921 0.085023 -0.194609
v -0.082590 0.174130 -0.254269
v -0.089278 0.279239 -0.275219
v 0.122078 0.413628 -0.270936
v 0.108803 0.507838 -0.207365
v 0.099932 0.570786 -0.112225
v 0.096818 0.592892 -0.000000
v 0.099932 0.570786 0.112225
v 0.108803 0.507838 0.207365
v 0.122078 0.413628 0.270936
v 0.137736 0.302501 0.293259
v 0.153395 0.191373 0.270936
v 0.166670 0.097164 0.207365
v 0.175540 0.034215 0.112225
v 0.178654 0.012111 -0.000000
v 0.175540 0.034215 -0.112225
v 0.166670 0.097165 -0.207366
v 0.153395 0.191373 -0.270936
v 0.137736 0.302501 -0.293259
v 0.341962 0.460166 -0.287603
v 0.320395 0.558829 -0.220122
v 0.305984 0.624754 -0.119129
v 0.300923 0.647903 -0.000000
v 0.305984 0.624754 0.119129
v 0.320395 0.558829 0.220122
v 0.341962 0.460166 0.287603
v 0.367404 0.343786 0.311299
v 0.392844 0.227405 0.287603
v 0.414412 0.128742 0.220122
v 0.428823 0.062817 0.119129
v 0.433884 0.039668 -0.000000
v 0.428823 0.062817 -0.119129
v 0.414412 0.128742 -0.220122
v 0.392844 0.227405 -0.287603
v 0.367403 0.343786 -0.311299
v 0.498035 0.522469 -0.340454
v 0.465230 0.637360 -0.260554
v 0.443314 0.714111 -0.141001
v 0.435618 0.741059 -0.000000
v 0.443314 0.714111 0.141001
v 0.465230 0.637360 0.260554
v 0.498035 0.522469 0.340454
v 0.536732 0.386925 0.368517
v 0.575426 0.251377 0.340462
v 0.608222 0.136476 0.260565
v 0.630129 0.059712 0.141009
v 0.637820 0.032761 -0.000000
v 0.630129 0.059712 -0.141010
v 0.608221 0.136476 -0.260565
v 0.575426 0.251377 -0.340462
v 0.536732 0.386926 -0.368518
v 0.820628 0.623427 -0.323845
v 0.778823 0.729134 -0.247860
v 0.750890 0.799765 -0.134141
v 0.741081 0.824569 -0.000000
v 0.750890 0.799765 0.134141
v 0.778823 0.729134 0.247860
v 0.820628 0.623427 0.323845
v 0.869940 0.498736 0.350527
v 0.919253 0.374046 0.323845
v 0.961058 0.268338 0.247860
v 0.988991 0.197707 0.134141
v 0.998800 0.172905 -0.000000
v 0.988991 0.197707 -0.134141
v 0.961058 0.268338 -0.247860
v 0.919253 0.374046 -0.323845
v 0.872481 0.499582 -0.394724
v 1.000881 0.705824 -0.337605
v 0.950754 0.813255 -0.258391
v 0.917259 0.885038 -0.139841
v 0.905498 0.910245 -0.000000
v 0.917260 0.885038 0.139840
v 0.950754 0.813255 0.258391
v 1.000881 0.705824 0.337604
v 1.060011 0.579100 0.365420
v 1.119140 0.452376 0.337604
v 1.169268 0.344944 0.258391
v 1.202762 0.273161 0.139840
v 1.214523 0.247954 -0.000000
v 1.202762 0.273161 -0.139840
v 1.169268 0.344944 -0.258391
v 1.119140 0.452376 -0.337604
v 1.060011 0.579100 -0.365420
v 1.216397 0.823901 -0.354271
v 1.155714 0.932499 -0.271147
v 1.115167 1.005064 -0.146744
v 1.100929 1.030544 -0.000000
v 1.115167 1.005064 0.146745
v 1.155714 0.932499 0.271147
v 1.216397 0.823901 0.354271
v 1.287978 0.695799 0.383460
v 1.359558 0.567697 0.354271
v 1.420241 0.459098 0.271147
v 1.460788 0.386534 0.146743
v 1.475027 0.361052 -0.000000
v 1.460788 0.386534 -0.146744
v 1.420241 0.459098 -0.271147
v 1.359558 0.567697 -0.354271
v 1.287977 0.695799 -0.383460
v 1.427946 0.960510 -0.370939
v 1.356313 1.069300 -0.283903
v 1.308450 1.141992 -0.153648
v 1.291642 1.167517 -0.000000
v 1.308450 1.141992 0.153648
v 1.356314 1.069300 0.283904
v 1.427946 0.960510 0.370939
v 1.512442 0.832182 0.401500
v 1.596939 0.703854 0.370939
v 1.668571 0.595064 0.283903
v 1.716434 0.522371 0.153648
v 1.733241 0.496846 -0.000000
v 1.716434 0.522371 -0.153648
v 1.668571 0.595064 -0.283904
v 1.596938 0.703854 -0.370939
v 1.512441 0.832182 -0.401501
v 1.635357 1.114719 -0.383881
v 1.553281 1.221653 -0.293810
v 1.498441 1.293104 -0.159009
v 1.479182 1.318194 -0.000000
v 1.498441 1.293104 0.159009
v 1.553282 1.221653 0.293810
v 1.635357 1.114719 0.383881
v 1.732172 0.988581 0.415510
v 1.828987 0.862444 0.383881
v 1.911063 0.755509 0.293810
v 1.965904 0.684058 0.159009
v 1.985162 0.658968 -0.000000
v 1.965904 0.684058 -0.159009
v 1.911062 0.755509 -0.293810
v 1.828987 0.862444 -0.383881
v 1.732172 0.988581 -0.415510
v -1.702080 0.795424 -0.113058
v -1.731936 0.759430 -0.122373
v -1.676770 0.825937 -0.086531
v -1.659857 0.846327 -0.046830
v -1.653919 0.853486 -0.000000
v -1.659857 0.846326 0.046830
v -1.676770 0.825937 0.086531
v -1.702080 0.795424 0.113058
v -1.731936 0.759430 0.122372
v -1.761793 0.723437 0.113058
v -1.787103 0.692923 0.086531
v -1.804016 0.672535 0.046830
v -1.809954 0.665374 -0.000000
v -1.804016 0.672535 -0.046830
v -1.787103 0.692923 -0.086531
v -1.761793 0.723437 -0.113058
v -1.701473 0.806162 -0.133260
v -1.737029 0.764043 -0.144239
v -1.671331 0.841868 -0.101993
v -1.651191 0.865727 -0.055198
v -1.644118 0.874104 -0.000000
v -1.651191 0.865726 0.055199
v -1.671331 0.841868 0.101992
v -1.701473 0.806162 0.133260
v -1.737029 0.764043 0.144239
v -1.772585 0.721924 0.133260
v -1.802728 0.686218 0.101992
v -1.822868 0.662360 0.055198
v -1.829940 0.653982 -0.000000
v -1.822868 0.662360 -0.055199
v -1.802728 0.686218 -0.101993
v -1.772585 0.721924 -0.133260
v -2.089250 1.210800 -0.062599
v -2.111412 1.197423 -0.067756
v -2.070462 1.222139 -0.047911
v -2.057908 1.229717 -0.025929
v -2.053499 1.232377 -0.000000
v -2.057908 1.229717 0.025929
v -2.070462 1.222139 0.047910
v -2.089250 1.210800 0.062599
v -2.111412 1.197423 0.067756
v -2.133576 1.184047 0.062599
v -2.152364 1.172708 0.047910
v -2.164917 1.165130 0.025929
v -2.169326 1.162470 -0.000000
v -2.164917 1.165130 -0.025929
v -2.152364 1.172708 -0.047911
v -2.133576 1.184047 -0.062599
v -2.157120 1.383880 -0.120550
v -2.120369 1.404889 -0.092265
v -2.095813 1.418928 -0.049934
v -2.087191 1.423857 -0.000000
v -2.095813 1.418928 0.049934
v -2.120369 1.404889 0.092266
v -2.157120 1.383880 0.120550
v -2.200469 1.359098 0.130482
v -2.243818 1.334315 0.120550
v -2.280568 1.313306 0.092266
v -2.305124 1.299268 0.049934
v -2.313747 1.294338 -0.000000
v -2.305124 1.299268 -0.049934
v -2.280568 1.313306 -0.092265
v -2.243818 1.334315 -0.120550
v -2.200469 1.359098 -0.130483
v -2.230020 1.293946 -0.057884
v -2.206799 1.306822 -0.075629
v -2.128796 1.350079 -0.057884
v -2.113280 1.358683 -0.031327
v -2.152017 1.337201 0.075629
v -2.179408 1.322012 0.081861
v -2.179408 1.322012 -0.081861
v -2.152017 1.337201 -0.075629
v -2.250984 1.282320 -0.000000
v -2.245536 1.285341 -0.031327
v -2.113280 1.358683 0.031327
v -2.128796 1.350079 0.057885
v -2.230020 1.293946 0.057885
v -2.245536 1.285341 0.031327
v -2.107832 1.361705 -0.000000
v -2.206799 1.306822 0.075629
v -2.181400 1.425667 -0.120550
v -2.144274 1.446006 -0.092265
v -2.119467 1.459595 -0.049934
v -2.110757 1.464367 -0.000000
v -2.119467 1.459595 0.049934
v -2.144274 1.446006 0.092266
v -2.181400 1.425667 0.120550
v -2.225193 1.401677 0.130482
v -2.268985 1.377687 0.120550
v -2.306111 1.357349 0.092266
v -2.330918 1.343759 0.049934
v -2.339629 1.338988 -0.000000
v -2.330918 1.343759 -0.049934
v -2.306111 1.357349 -0.092265
v -2.268985 1.377687 -0.120550
v -2.225193 1.401677 -0.130483
v -2.210018 1.442903 -0.078321
v -2.185898 1.456116 -0.059944
v -2.169781 1.464946 -0.032441
v -2.164121 1.468046 -0.000000
v -2.169781 1.464946 0.032441
v -2.185898 1.456116 0.059945
v -2.210018 1.442903 0.078321
v -2.238469 1.427316 0.084774
v -2.266922 1.411730 0.078321
v -2.291042 1.398517 0.059944
v -2.307159 1.389688 0.032441
v -2.312819 1.386588 -0.000000
v -2.307159 1.389688 -0.032441
v -2.291042 1.398517 -0.059944
v -2.266922 1.411730 -0.078321
v -2.238469 1.427316 -0.084774
v -1.650903 0.704873 -0.048672
v -1.631509 0.729692 -0.027976
v -1.626880 0.735608 0.009074
v -1.641397 0.717032 0.042004
v -1.663913 0.688197 0.050534
v -1.681638 0.665412 0.025860
v 1.872726 0.805458 0.345484
v -1.686429 0.659232 -0.008558
v 1.531812 1.254546 -0.066237
v -1.673786 0.675503 -0.040862
v 1.909749 0.768676 -0.188733
v -1.382663 0.545286 -0.074505
v -1.359051 0.587545 -0.042763
v -1.353490 0.597509 0.013866
v -1.371086 0.566000 0.064188
v -1.398548 0.516851 0.077187
v -1.419979 0.478401 0.039430
v 1.781528 0.924277 0.407526
v -1.425725 0.468064 -0.013062
v 1.562945 1.214522 -0.188685
v -1.410466 0.495463 -0.062372
v 1.940895 0.728635 -0.066294
v -1.155502 0.447303 -0.094630
v -1.133686 0.504699 -0.054276
v -1.128540 0.518207 0.017607
v -1.144807 0.475434 0.081504
v -1.170176 0.408655 0.098089
v -1.190025 0.356326 0.050120
v 1.682817 1.052886 0.407526
v -1.195357 0.342259 -0.016599
v 1.620478 1.140558 -0.282407
v -1.181220 0.379534 -0.079263
v 1.940902 0.728626 0.066238
v -0.731455 0.336319 -0.129170
v -0.716465 0.419059 -0.073990
v -0.712949 0.438403 0.024007
v -0.724105 0.376872 0.111132
v -0.741549 0.280508 0.133799
v -0.755139 0.205235 0.068314
v 1.591618 1.171704 0.345484
v -0.758770 0.185087 -0.022634
v 1.695654 1.043914 -0.333136
v -0.749106 0.238640 -0.108080
v 1.909769 0.768650 0.188685
v -0.305632 0.303054 -0.161363
v -0.303756 0.408195 -0.092371
v -0.303311 0.432693 0.029973
v -0.304710 0.354591 0.138753
v -0.306881 0.232079 0.167082
v -0.308537 0.136552 0.085281
v 1.521819 1.262645 0.230845
v -0.308970 0.111032 -0.028260
v 1.781527 0.924276 -0.407526
v -0.307800 0.178960 -0.134948
v 1.852235 0.842614 0.282407
v 0.138822 0.338368 -0.193559
v 0.121560 0.463376 -0.110764
v 0.117554 0.492453 0.035944
v 0.130363 0.399644 0.166392
v 0.150496 0.253951 0.200390
v 0.166221 0.140431 0.102269
v 1.484044 1.311861 0.081062
v 0.170427 0.110133 -0.033891
v 1.872726 0.805458 -0.345484
v 0.159240 0.190835 -0.161841
v 1.777061 0.939259 0.333136
v 0.538729 0.430048 -0.221952
v 0.500763 0.569648 -0.126997
v 0.491942 0.602095 0.041212
v 0.520122 0.498478 0.190778
v 0.564386 0.335763 0.229757
v 0.598902 0.209051 0.117249
v 1.484044 1.311861 -0.081062
v 0.608122 0.175245 -0.038858
v 1.942525 0.714518 -0.230845
v 0.583576 0.265321 -0.185556
v 1.695689 1.043869 0.333146
v 0.875142 0.500795 -0.273958
v 0.836590 0.597686 -0.253289
v 0.803701 0.680403 -0.193970
v 0.781714 0.735723 -0.105011
v 0.773992 0.755156 -0.000000
v 0.781714 0.735723 0.105011
v 0.803701 0.680403 0.193970
v 0.836591 0.597686 0.253289
v 0.875142 0.500795 0.273958
v 0.913749 0.403805 0.253279
v 0.946670 0.321112 0.193952
v 0.968686 0.265820 0.104998
v 0.976421 0.246397 -0.000000
v 0.968686 0.265820 -0.104998
v 0.946670 0.321112 -0.193952
v 0.913748 0.403805 -0.253280
v 1.292596 0.698450 -0.306873
v 1.235740 0.800659 -0.283695
v 1.187261 0.887827 -0.217234
v 1.154854 0.946112 -0.117598
v 1.143472 0.966585 -0.000000
v 1.154854 0.946112 0.117598
v 1.187262 0.887827 0.217234
v 1.235740 0.800659 0.283694
v 1.292598 0.698450 0.306872
v 1.349523 0.596157 0.283670
v 1.398025 0.509033 0.217195
v 1.430453 0.450793 0.117569
v 1.441843 0.430340 -0.000000
v 1.430453 0.450793 -0.117570
v 1.398024 0.509033 -0.217195
v 1.349522 0.596157 -0.283670
v 1.736339 0.991609 -0.339668
v 1.656532 1.094208 -0.313800
v 1.588878 1.181184 -0.240161
v 1.543677 1.239294 -0.129959
v 1.527808 1.259694 0.000029
v 1.543691 1.239277 0.130012
v 1.588904 1.181150 0.240202
v 1.656565 1.094166 0.313823
v 1.736375 0.991563 0.339668
v 1.816181 0.888965 0.313801
v 1.883836 0.801990 0.240161
v 1.929038 0.743878 0.129959
v 1.944906 0.723479 -0.000029
v 1.929024 0.743896 -0.130013
v 1.883810 0.802022 -0.240202
v 1.816149 0.889007 -0.313823
v -1.367170 0.590691 -0.147677
v -1.395485 0.536545 -0.159844
v -1.343166 0.636593 -0.113028
v -1.327127 0.667264 -0.061170
v -1.321494 0.678034 -0.000000
v -1.327127 0.667264 0.061170
v -1.343166 0.636593 0.113027
v -1.367170 0.590691 0.147677
v -1.395485 0.536545 0.159844
v -1.423800 0.482400 0.147677
v -1.447804 0.436499 0.113027
v -1.463843 0.405827 0.061170
v -1.469476 0.395058 -0.000000
v -1.463843 0.405827 -0.061170
v -1.447804 0.436499 -0.113028
v -1.423800 0.482401 -0.147677
v -1.139982 0.515682 -0.208898
v -1.167996 0.433645 -0.182388
v -1.113159 0.583913 -0.159870
v -1.095247 0.629487 -0.086512
v -1.088960 0.645485 -0.000000
v -1.095247 0.629487 0.086511
v -1.113159 0.583913 0.159870
v -1.139982 0.515682 0.208898
v -1.171631 0.435186 0.226101
v -1.203276 0.354710 0.208851
v -1.230089 0.286527 0.159803
v -1.247992 0.241000 0.086464
v -1.254275 0.225021 -0.000000
v -1.247992 0.241000 -0.086464
v -1.230089 0.286527 -0.159803
v -1.203276 0.354710 -0.208851
v 0.510381 0.509075 -0.300331
v 0.543874 0.389330 -0.325076
v 0.481987 0.610590 -0.229863
v 0.463014 0.678420 -0.124401
v 0.456352 0.702238 -0.000000
v 0.463014 0.678420 0.124401
v 0.481987 0.610590 0.229863
v 0.510381 0.509075 0.300331
v 0.543874 0.389330 0.325075
v 0.577369 0.269585 0.300331
v 0.605763 0.168070 0.229863
v 0.624735 0.100240 0.124401
v 0.631398 0.076421 -0.000000
v 0.624735 0.100240 -0.124401
v 0.605763 0.168070 -0.229863
v 0.577368 0.269585 -0.300331
v 0.817496 0.640218 -0.364666
v 0.869940 0.498736 -0.350527
v 0.770881 0.759425 -0.279085
v 0.739739 0.839061 -0.151030
v 0.728803 0.867022 -0.000000
v 0.739739 0.839061 0.151030
v 0.770881 0.759425 0.279085
v 0.817496 0.640218 0.364666
v 0.872481 0.499582 0.394724
v 0.927464 0.358940 0.364673
v 0.974068 0.239721 0.279096
v 1.005202 0.160074 0.151038
v 1.016133 0.132109 -0.000000
v 1.005202 0.160074 -0.151038
v 0.974068 0.239721 -0.279096
v 0.927464 0.358941 -0.364673
v -2.207526 1.412116 -0.046322
v -2.193260 1.419932 -0.035453
v -2.183728 1.425153 -0.019187
v -2.180380 1.426987 -0.000000
v -2.183728 1.425153 0.019187
v -2.193260 1.419932 0.035453
v -2.207526 1.412116 0.046321
v -2.224352 1.402898 0.050138
v -2.241180 1.393680 0.046322
v -2.255446 1.385865 0.035453
v -2.264978 1.380643 0.019187
v -2.268325 1.378810 -0.000000
v -2.264978 1.380643 -0.019187
v -2.255446 1.385865 -0.035453
v -2.241180 1.393680 -0.046322
v -2.224352 1.402898 -0.050138
v -2.138834 1.296355 -0.015698
v -2.135200 1.298345 0.005096
v -2.146856 1.291961 0.023590
v -2.165214 1.281904 0.028424
v -2.179478 1.274089 0.014499
v 1.521819 1.262645 -0.230845
v -2.183272 1.272011 -0.004807
v 1.980300 0.665301 -0.081062
v -2.173142 1.277561 -0.022951
v 1.620509 1.140519 0.282439
v -2.154570 1.287734 -0.027472
v 1.777025 0.939303 -0.333147
v -2.054430 1.149841 -0.015698
v -2.050933 1.152062 0.005096
v -2.062150 1.144936 0.023590
v -2.079820 1.133714 0.028424
v -2.093549 1.124994 0.014499
v 1.591618 1.171704 -0.345484
v -2.097202 1.122675 -0.004807
v 1.980300 0.665301 0.081062
v -2.087450 1.128868 -0.022951
v 1.562966 1.214497 0.188733
v -2.069575 1.140221 -0.027472
v 1.852206 0.842653 -0.282439
v -1.854048 0.919513 -0.022331
v -1.849720 0.923515 0.007247
v -1.863551 0.910739 0.033550
v -1.885282 0.890681 0.040416
v -1.902203 0.875036 0.020627
v 1.682816 1.052886 -0.407526
v -1.906715 0.870857 -0.006835
v 1.942525 0.714518 0.230845
v -1.894689 0.881981 -0.032642
v 1.531820 1.254538 0.066294
v -1.872689 0.902303 -0.039036
vn 0.7532 0.1530 0.6397
vn -0.9955 -0.0733 0.0605
vn 0.4424 0.3915 0.8068
vn 0.1493 0.6318 0.7606
vn 0.9199 0.3365 0.2016
vn 0.9974 0.0582 -0.0422
vn -0.1430 0.7975 0.5861
vn -0.9825 -0.1861 -0.0013
vn 0.5647 -0.7728 -0.2895
vn 0.9989 -0.0195 -0.0427
vn 0.8899 0.4403 0.1195
vn -0.7288 -0.6826 -0.0540
vn 0.8556 0.5170 0.0240
vn 0.9568 0.2892 -0.0316
vn -0.9926 -0.1146 0.0399
vn 0.7324 -0.6776 0.0666
vn 0.8794 0.4698 -0.0769
vn -0.9887 -0.1433 0.0448
vn -0.2721 -0.8948 0.3539
vn 0.0859 0.9241 -0.3724
vn -0.9138 -0.3641 0.1802
vn 0.0474 0.8079 -0.5874
vn -0.8633 0.3326 -0.3795
vn 0.9922 0.1143 -0.0496
vn 0.2164 0.6286 -0.7470
vn 0.4248 0.4027 -0.8108
vn -0.7010 0.0588 -0.7107
vn -0.9938 -0.0926 0.0618
vn -0.9792 -0.0678 -0.1914
vn -0.7532 -0.1530 -0.6397
vn -0.4424 -0.3915 -0.8068
vn 0.9955 0.0716 -0.0623
vn -0.1493 -0.6318 -0.7606
vn -0.9199 -0.3365 -0.2016
vn 0.1430 -0.7975 -0.5861
vn -0.9974 -0.0582 0.0422
vn -0.8899 -0.4403 -0.1195
vn -0.9989 0.0195 0.0427
vn -0.5647 0.7728 0.2895
vn 0.9825 0.1861 0.0013
vn -0.8556 -0.5170 -0.0240
vn 0.7288 0.6826 0.0540
vn -0.9568 -0.2892 0.0316
vn -0.8794 -0.4698 0.0769
vn -0.7324 0.6776 -0.0666
vn 0.9926 0.1146 -0.0399
vn -0.0859 -0.9241 0.3724
vn 0.2721 0.8948 -0.3539
vn 0.9887 0.1433 -0.0448
vn 0.9138 0.3641 -0.1802
vn -0.0474 -0.8079 0.5874
vn 0.8633 -0.3326 0.3795
vn -0.2164 -0.6286 0.7470
vn -0.9926 -0.1113 0.0480
vn -0.4248 -0.4027 0.8108
vn 0.9938 0.0926 -0.0618
vn 0.7010 -0.0588 0.7107
vn 0.9792 0.0678 0.1914
vn -0.6362 0.5818 0.5067
vn -0.7796 0.5308 0.3322
vn -0.8433 0.5068 0.1790
vn 0.8400 -0.5124 -0.1781
vn 0.4556 0.5851 0.6709
vn 0.9653 -0.2607 0.0123
vn -0.7062 0.6676 0.2357
vn 0.5493 -0.8152 -0.1837
vn 0.7952 -0.5874 -0.1504
vn 0.6744 0.6972 0.2431
vn 0.9220 -0.3648 -0.1295
vn -0.7563 0.6410 0.1308
vn -0.2645 -0.9531 0.1474
vn 0.7791 -0.6251 -0.0475
vn 0.8590 -0.4985 -0.1169
vn 0.9161 -0.3723 -0.1489
vn -0.6752 0.7344 -0.0691
vn 0.0749 -0.9375 0.3398
vn -0.4264 0.8740 -0.2331
vn -0.8949 0.3921 0.2132
vn -0.3606 -0.5930 0.7200
vn 0.6089 0.3898 -0.6909
vn -0.8058 0.5901 -0.0490
vn 0.8839 -0.3618 -0.2962
vn -0.8713 0.4879 0.0525
vn -0.8715 0.4238 0.2468
vn 0.7990 -0.5430 0.2583
vn 0.8783 -0.4311 -0.2068
vn 0.4859 0.0783 -0.8705
vn 0.5136 -0.2787 -0.8115
vn -0.7124 0.1083 -0.6934
vn -0.8542 0.4778 0.2050
vn -0.9109 0.4072 -0.0664
vn 0.7796 -0.5308 -0.3322
vn 0.6362 -0.5818 -0.5067
vn -0.4556 -0.5851 -0.6708
vn -0.8411 0.5112 0.1766
vn 0.8437 -0.5066 -0.1778
vn 0.7063 -0.6676 -0.2357
vn -0.9933 0.1146 -0.0116
vn -0.6883 -0.6850 -0.2388
vn -0.8438 0.5194 0.1352
vn -0.1906 -0.9814 -0.0214
vn -0.9875 0.0055 0.1574
vn -0.8400 0.5265 0.1311
vn 0.3160 0.9363 -0.1533
vn -0.9663 -0.0338 0.2553
vn -0.6399 0.7680 -0.0264
vn -0.7792 0.6250 0.0476
vn 0.3900 -0.8776 0.2788
vn -0.0749 0.9375 -0.3398
vn 0.7845 -0.6191 -0.0372
vn -0.8881 0.4350 0.1485
vn 0.8559 -0.5120 -0.0729
vn -0.7338 -0.2385 0.6361
vn 0.3606 0.5930 -0.7200
vn 0.8962 -0.3832 -0.2234
vn 0.7210 -0.6646 0.1961
vn -0.8908 0.3202 0.3226
vn -0.7990 0.5430 -0.2583
vn 0.8746 -0.4346 -0.2148
vn 0.8541 -0.5044 0.1267
vn -0.5702 0.2851 0.7705
vn 0.8012 -0.1932 0.5663
vn 0.8962 -0.4409 -0.0502
vn -0.9667 -0.0559 0.2498
vn -0.9867 -0.1313 -0.0960
vn -0.9896 -0.0761 0.1219
vn 0.7635 0.2549 0.5934
vn -0.5390 0.2893 0.7910
vn -0.9529 -0.1924 -0.2344
vn -0.6275 -0.3619 -0.6894
vn 0.7792 -0.1847 -0.5989
vn 0.9684 -0.0152 -0.2488
vn 0.9932 0.0586 -0.1009
vn 0.9700 0.1903 0.1514
vn 0.9923 0.1125 0.0526
vn -0.9208 0.1765 0.3478
vn 0.6645 0.4453 0.6001
vn -0.9806 0.0482 0.1900
vn -0.9048 -0.3750 -0.2017
vn 0.5286 0.6668 0.5253
vn -0.8009 0.4517 0.3931
vn -0.9926 -0.1217 -0.0036
vn -0.3353 -0.7726 -0.5391
vn 0.8928 -0.3311 -0.3055
vn 0.9844 -0.0950 -0.1480
vn -0.9575 0.2466 0.1498
vn 0.9499 0.3000 0.0874
vn -0.9910 0.0926 0.0962
vn -0.0054 0.9336 0.3582
vn -0.9987 -0.0400 0.0300
vn -0.9323 -0.3543 -0.0726
vn 0.9911 0.1323 -0.0123
vn 0.9323 -0.3559 -0.0642
vn -0.8803 0.4675 0.0806
vn -0.9905 -0.1363 0.0166
vn -0.4260 -0.9018 -0.0731
vn 0.9839 -0.1760 -0.0322
vn -0.2701 0.9567 0.1085
vn 0.9989 0.0415 -0.0226
vn -0.9569 0.2888 -0.0303
vn 0.9391 0.3420 -0.0343
vn -0.9922 0.1244 -0.0015
vn -0.4464 0.8847 -0.1343
vn -0.9308 -0.3613 0.0549
vn 0.9384 -0.3157 0.1407
vn -0.7713 -0.5903 0.2378
vn -0.9545 0.2457 -0.1689
vn 0.9984 -0.0458 0.0335
vn 0.7979 0.5621 -0.2176
vn -0.9943 0.0773 -0.0729
vn 0.9327 0.3115 -0.1815
vn 0.6091 -0.6786 0.4104
vn -0.6162 0.6848 -0.3890
vn 0.9823 0.1694 -0.0794
vn -0.9910 -0.1161 0.0665
vn -0.4278 0.6334 -0.6449
vn -0.8940 -0.3120 0.3215
vn -0.0476 -0.6204 0.7828
vn 0.9156 -0.2147 0.3400
vn 0.9802 -0.0934 0.1747
vn 0.9984 0.0134 0.0545
vn -0.9428 0.1107 -0.3145
vn 0.8527 0.3659 -0.3729
vn -0.9911 0.0026 -0.1329
vn 0.9503 0.1880 -0.2482
vn -0.2996 0.4553 -0.8384
vn -0.7345 0.0321 0.6779
vn -0.9395 -0.1240 0.3192
vn -0.4586 -0.1693 0.8723
vn 0.8385 -0.0117 0.5448
vn 0.9762 0.0500 0.2112
vn 0.3534 0.1802 -0.9180
vn 0.9965 0.0819 0.0140
vn 0.9399 0.1300 -0.3156
vn 0.9683 0.0590 -0.2427
vn -0.9011 -0.0720 -0.4276
vn 0.7345 -0.0321 -0.6779
vn -0.9932 -0.0586 0.1009
vn -0.7635 -0.2549 -0.5934
vn -0.9923 -0.1125 -0.0526
vn -0.9684 0.0152 0.2488
vn -0.7792 0.1847 0.5989
vn 0.6275 0.3619 0.6894
vn 0.9529 0.1924 0.2344
vn 0.9895 0.1252 0.0720
vn -0.9700 -0.1903 -0.1514
vn 0.5391 -0.2893 -0.7910
vn -0.6645 -0.4453 -0.6001
vn 0.9806 -0.0482 -0.1900
vn 0.9208 -0.1765 -0.3478
vn -0.9844 0.0950 0.1480
vn -0.5286 -0.6668 -0.5253
vn -0.8928 0.3311 0.3055
vn 0.3353 0.7726 0.5391
vn 0.9048 0.3749 0.2017
vn 0.0054 -0.9336 -0.3582
vn 0.9926 0.1217 0.0036
vn 0.8009 -0.4517 -0.3931
vn -0.9499 -0.3000 -0.0874
vn 0.9910 -0.0926 -0.0962
vn -0.9911 -0.1323 0.0123
vn 0.9323 0.3543 0.0726
vn 0.9987 0.0400 -0.0300
vn 0.9575 -0.2466 -0.1498
vn 0.2701 -0.9567 -0.1085
vn -0.9839 0.1760 0.0322
vn -0.9989 -0.0415 0.0226
vn -0.9323 0.3559 0.0642
vn 0.4464 -0.8847 0.1343
vn 0.4260 0.9018 0.0731
vn 0.9905 0.1363 -0.0166
vn 0.8803 -0.4675 -0.0806
vn -0.9391 -0.3420 0.0343
vn 0.9922 -0.1244 0.0015
vn 0.9308 0.3613 -0.0549
vn 0.9569 -0.2888 0.0303
vn -0.9384 0.3157 -0.1407
vn -0.7979 -0.5621 0.2176
vn -0.9984 0.0458 -0.0335
vn 0.9943 -0.0773 0.0729
vn 0.7713 0.5903 -0.2378
vn 0.6162 -0.6848 0.3890
vn -0.6091 0.6786 -0.4104
vn 0.9545 -0.2457 0.1689
vn -0.9327 -0.3115 0.1815
vn -0.9962 0.0125 -0.0866
vn -0.9823 -0.1694 0.0794
vn 0.4278 -0.6334 0.6449
vn -0.8527 -0.3659 0.3729
vn -0.9802 0.0934 -0.1747
vn -0.9156 0.2147 -0.3400
vn 0.0476 0.6204 -0.7828
vn 0.8940 0.3120 -0.3215
vn 0.9910 0.1161 -0.0665
vn 0.9911 -0.0026 0.1329
vn 0.2996 -0.4553 0.8384
vn 0.9428 -0.1107 0.3145
vn -0.9482 -0.1916 0.2534
vn -0.3534 -0.1802 0.9180
vn -0.9849 -0.1300 0.1140
vn -0.9762 -0.0500 -0.2112
vn -0.9134 -0.1386 0.3828
vn -0.9965 -0.0802 -0.0249
vn -0.8385 0.0117 -0.5448
vn 0.4586 0.1693 -0.8723
vn 0.9395 0.1240 -0.3192
vn -0.9301 0.3668 0.0198
vn 0.9011 0.0720 0.4276
vn 0.8954 0.0957 0.4348
vn 0.0694 0.7330 0.6766
vn -0.9014 -0.1373 -0.4106
vn 0.4548 -0.7334 -0.5052
vn -0.7102 -0.6830 -0.1708
vn 0.9246 -0.3753 -0.0658
vn -0.7252 0.6517 0.2222
vn 0.9487 0.2677 0.1684
vn -0.9169 0.3847 0.1063
vn 0.2910 0.9565 -0.0212
vn 0.7124 -0.6713 -0.2045
vn 0.9126 -0.3941 -0.1086
vn -0.6089 0.7899 0.0732
vn -0.9350 0.3118 0.1691
vn -0.8449 0.5247 0.1039
vn 0.7529 -0.6579 -0.0175
vn -0.6662 -0.6699 0.3277
vn -0.0933 -0.2310 0.9685
vn 0.7321 0.5713 -0.3712
vn 0.9409 -0.2592 -0.2182
vn -0.7855 0.6187 -0.0101
vn 0.8101 -0.5859 0.0223
vn 0.8646 -0.0098 -0.5024
vn -0.7429 0.6361 -0.2087
vn 0.1616 -0.7360 0.6574
vn -0.5293 0.7127 -0.4603
vn -0.8716 0.3731 0.3180
vn 0.8698 -0.4919 -0.0373
vn 0.7725 -0.5580 0.3031
vn -0.8173 0.4908 -0.3018
vn -0.2798 0.3952 0.8750
vn -0.8777 0.4743 -0.0689
vn -0.2879 0.3072 -0.9071
vn 0.8068 -0.4453 -0.3883
vn 0.8658 -0.2961 0.4033
vn -0.4548 0.7334 0.5052
vn 0.8906 -0.4510 -0.0580
vn -0.5426 -0.0218 -0.8397
vn -0.9107 0.2788 -0.3049
vn -0.9049 0.4210 0.0632
vn -0.8160 0.5271 0.2371
vn -0.8954 -0.0957 -0.4348
vn 0.9014 0.1373 0.4106
vn 0.9291 -0.3691 -0.0214
vn -0.5588 0.8042 0.2023
vn -0.0694 -0.7330 -0.6766
vn -0.9463 0.3234 0.0015
vn 0.7210 -0.6553 -0.2252
vn -0.9563 -0.2525 -0.1473
vn 0.7412 0.6528 0.1564
vn 0.9192 -0.3752 -0.1195
vn 0.7496 -0.6537 -0.1033
vn -0.9619 0.2537 0.1022
vn -0.8752 0.4794 0.0658
vn 0.4758 -0.8782 -0.0479
vn -0.5035 -0.7869 0.3567
vn -0.8569 0.5072 0.0918
vn -0.6631 0.7485 -0.0058
vn 0.7377 0.5997 -0.3101
vn 0.9124 -0.3811 -0.1492
vn -0.9401 0.2534 0.2279
vn 0.6776 -0.7275 0.1074
vn -0.7872 0.6154 -0.0387
vn 0.9173 -0.2780 -0.2852
vn -0.7486 -0.2169 0.6265
vn -0.8101 0.5859 -0.0224
vn 0.4305 -0.7360 0.5225
vn -0.1616 0.7360 -0.6574
vn 0.8317 -0.5524 0.0556
vn -0.0427 -0.3750 0.9261
vn -0.7831 0.2570 0.5663
vn 0.0933 0.2310 -0.9685
vn -0.7725 0.5580 -0.3032
vn 0.8178 -0.4972 0.2898
vn -0.7999 0.4015 0.4461
vn -0.8658 0.2961 -0.4033
vn 0.5426 0.0218 0.8397
vn -0.8906 0.4510 0.0580
vn 0.2798 -0.3952 -0.8750
vn 0.8036 -0.4906 -0.3370
vn 0.8921 -0.4480 -0.0594
vn 0.9110 -0.2770 0.3056
vn 0.2711 0.2772 -0.9218
vn 0.2288 0.3178 -0.9202
vn -0.0765 0.0885 -0.9931
vn -0.0565 0.0800 -0.9952
vn 0.5501 0.4448 -0.7068
vn 0.4887 0.5130 -0.7057
vn 0.7371 0.5569 -0.3830
vn 0.6629 0.6437 -0.3824
vn 0.8028 0.5962 -0.0000
vn 0.7241 0.6897 -0.0000
vn 0.7371 0.5568 0.3830
vn 0.6629 0.6437 0.3824
vn 0.5501 0.4448 0.7068
vn 0.4887 0.5130 0.7057
vn 0.2710 0.2772 0.9218
vn 0.2288 0.3178 0.9202
vn -0.0565 0.0800 0.9952
vn -0.0765 0.0885 0.9931
vn -0.3821 -0.1164 0.9168
vn -0.3798 -0.1395 0.9145
vn -0.6563 -0.2822 0.6997
vn -0.6352 -0.3314 0.6977
vn -0.8385 -0.3925 0.3779
vn -0.8047 -0.4588 0.3767
vn -0.9023 -0.4311 -0.0000
vn -0.8640 -0.5034 -0.0000
vn -0.8385 -0.3925 -0.3779
vn -0.8047 -0.4588 -0.3767
vn -0.6563 -0.2822 -0.6997
vn -0.6352 -0.3314 -0.6977
vn -0.3821 -0.1164 -0.9168
vn -0.3798 -0.1395 -0.9145
vn 0.1771 0.3593 -0.9163
vn -0.1014 0.1008 -0.9897
vn 0.4138 0.5793 -0.7023
vn 0.5721 0.7267 -0.3804
vn 0.6277 0.7785 -0.0000
vn 0.5721 0.7267 0.3804
vn 0.4138 0.5793 0.7023
vn 0.1771 0.3593 0.9163
vn -0.1014 0.1008 0.9897
vn -0.3788 -0.1562 0.9122
vn -0.6130 -0.3729 0.6965
vn -0.7689 -0.5169 0.3763
vn -0.8235 -0.5673 -0.0000
vn -0.7689 -0.5169 -0.3763
vn -0.6130 -0.3729 -0.6965
vn -0.3788 -0.1562 -0.9122
vn 0.1400 0.3814 -0.9137
vn -0.1139 0.1005 -0.9884
vn 0.3553 0.6200 -0.6996
vn 0.4991 0.7794 -0.3787
vn 0.5496 0.8355 -0.0000
vn 0.4991 0.7794 0.3787
vn 0.3553 0.6200 0.6996
vn 0.1400 0.3814 0.9137
vn -0.1139 0.1005 0.9884
vn -0.3677 -0.1798 0.9124
vn -0.5826 -0.4169 0.6977
vn -0.7260 -0.5749 0.3773
vn -0.7763 -0.6303 -0.0000
vn -0.7260 -0.5749 -0.3773
vn -0.5826 -0.4169 -0.6977
vn -0.3677 -0.1798 -0.9124
vn -0.1106 0.0971 -0.9891
vn -0.3538 -0.1942 -0.9150
vn 0.1662 0.3542 -0.9203
vn 0.1475 0.3579 -0.9220
vn -0.0786 0.0501 -0.9956
vn -0.0741 0.0578 -0.9956
vn 0.3698 0.6057 -0.7045
vn 0.3398 0.6201 -0.7071
vn 0.5057 0.7738 -0.3813
vn 0.4687 0.7959 -0.3832
vn 0.5535 0.8329 -0.0000
vn 0.5140 0.8578 -0.0000
vn 0.5057 0.7738 0.3813
vn 0.4687 0.7959 0.3832
vn 0.3698 0.6057 0.7045
vn 0.3398 0.6201 0.7071
vn 0.1662 0.3542 0.9203
vn 0.1475 0.3579 0.9220
vn -0.0741 0.0578 0.9956
vn -0.0786 0.0501 0.9956
vn -0.3143 -0.2379 0.9190
vn -0.3038 -0.2561 0.9177
vn -0.5176 -0.4881 0.7027
vn -0.4940 -0.5144 0.7009
vn -0.6533 -0.6548 0.3800
vn -0.6208 -0.6864 0.3788
vn -0.7009 -0.7132 -0.0000
vn -0.6652 -0.7467 -0.0000
vn -0.6533 -0.6548 -0.3800
vn -0.6208 -0.6864 -0.3788
vn -0.5176 -0.4881 -0.7027
vn -0.4940 -0.5144 -0.7009
vn -0.3143 -0.2379 -0.9190
vn -0.3038 -0.2561 -0.9177
vn 0.1139 0.3708 -0.9217
vn -0.0811 0.0426 -0.9958
vn 0.2797 0.6501 -0.7065
vn 0.3907 0.8372 -0.3828
vn 0.4297 0.9030 -0.0000
vn 0.3907 0.8372 0.3828
vn 0.2797 0.6501 0.7065
vn 0.1139 0.3708 0.9217
vn -0.0811 0.0426 0.9958
vn -0.2756 -0.2843 0.9183
vn -0.4400 -0.5604 0.7017
vn -0.5495 -0.7444 0.3793
vn -0.5880 -0.8089 -0.0000
vn -0.5495 -0.7444 -0.3793
vn -0.4400 -0.5604 -0.7017
vn -0.2756 -0.2843 -0.9183
vn 0.0983 0.3803 -0.9196
vn -0.0801 0.0432 -0.9959
vn 0.2492 0.6657 -0.7034
vn 0.3497 0.8561 -0.3804
vn 0.3850 0.9229 -0.0000
vn 0.3497 0.8561 0.3804
vn 0.2492 0.6657 0.7034
vn 0.0983 0.3803 0.9196
vn -0.0801 0.0432 0.9959
vn -0.2586 -0.2941 0.9201
vn -0.4100 -0.5798 0.7041
vn -0.5111 -0.7705 0.3809
vn -0.5466 -0.8374 -0.0000
vn -0.5111 -0.7705 -0.3809
vn -0.4100 -0.5798 -0.7041
vn -0.2586 -0.2941 -0.9201
vn 0.0709 0.3814 -0.9217
vn 0.0705 0.3806 -0.9221
vn -0.0848 0.0306 -0.9959
vn -0.0844 0.0315 -0.9959
vn 0.2027 0.6785 -0.7061
vn 0.2024 0.6780 -0.7066
vn 0.2907 0.8772 -0.3822
vn 0.2906 0.8770 -0.3826
vn 0.3216 0.9469 -0.0000
vn 0.2907 0.8772 0.3822
vn 0.2906 0.8770 0.3826
vn 0.2027 0.6785 0.7061
vn 0.2024 0.6780 0.7066
vn 0.0709 0.3814 0.9217
vn 0.0705 0.3806 0.9221
vn -0.0844 0.0315 0.9959
vn -0.0848 0.0306 0.9959
vn -0.2391 -0.3168 0.9178
vn -0.2395 -0.3176 0.9175
vn -0.3696 -0.6104 0.7006
vn -0.3698 -0.6108 0.7002
vn -0.4563 -0.8054 0.3784
vn -0.4563 -0.8055 0.3781
vn -0.4866 -0.8736 -0.0000
vn -0.4563 -0.8054 -0.3784
vn -0.4563 -0.8055 -0.3781
vn -0.3696 -0.6104 -0.7006
vn -0.3698 -0.6108 -0.7002
vn -0.2391 -0.3168 -0.9178
vn -0.2395 -0.3176 -0.9175
vn 0.0329 0.3861 -0.9219
vn 0.0153 0.3861 -0.9223
vn -0.0855 0.0175 -0.9962
vn -0.0854 0.0223 -0.9961
vn 0.1332 0.6952 -0.7063
vn 0.1009 0.6999 -0.7071
vn 0.2003 0.9020 -0.3825
vn 0.1582 0.9101 -0.3831
vn 0.2238 0.9746 -0.0000
vn 0.1783 0.9840 -0.0000
vn 0.2003 0.9020 0.3825
vn 0.1582 0.9101 0.3831
vn 0.1332 0.6952 0.7063
vn 0.1009 0.6999 0.7071
vn 0.0328 0.3861 0.9219
vn 0.0153 0.3861 0.9223
vn -0.0854 0.0223 0.9961
vn -0.0855 0.0175 0.9962
vn -0.2032 -0.3399 0.9182
vn -0.1859 -0.3495 0.9183
vn -0.3027 -0.6455 0.7012
vn -0.2708 -0.6592 0.7015
vn -0.3689 -0.8487 0.3788
vn -0.3274 -0.8655 0.3791
vn -0.3921 -0.9199 -0.0000
vn -0.3473 -0.9378 -0.0000
vn -0.3689 -0.8487 -0.3788
vn -0.3274 -0.8655 -0.3791
vn -0.3027 -0.6455 -0.7012
vn -0.2708 -0.6592 -0.7015
vn -0.2032 -0.3399 -0.9182
vn -0.1859 -0.3495 -0.9183
vn -0.0188 0.3858 -0.9224
vn -0.0848 0.0095 -0.9964
vn 0.0373 0.7060 -0.7072
vn 0.0747 0.9206 -0.3832
vn 0.0879 0.9961 -0.0000
vn 0.0747 0.9206 0.3832
vn 0.0373 0.7060 0.7072
vn -0.0188 0.3858 0.9224
vn -0.0848 0.0095 0.9964
vn -0.1507 -0.3653 0.9186
vn -0.2065 -0.6817 0.7019
vn -0.2437 -0.8926 0.3794
vn -0.2567 -0.9665 -0.0000
vn -0.2437 -0.8926 -0.3794
vn -0.2065 -0.6817 -0.7019
vn -0.1507 -0.3653 -0.9186
vn -0.0502 0.3833 -0.9222
vn -0.0833 0.0028 -0.9965
vn -0.0222 0.7070 -0.7069
vn -0.0035 0.9238 -0.3829
vn 0.0030 1.0000 -0.0000
vn -0.0035 0.9238 0.3829
vn -0.0222 0.7070 0.7069
vn -0.0502 0.3833 0.9222
vn -0.0833 0.0028 0.9965
vn -0.1165 -0.3765 0.9191
vn -0.1447 -0.6969 0.7024
vn -0.1635 -0.9105 0.3798
vn -0.1701 -0.9854 -0.0000
vn -0.1635 -0.9105 -0.3798
vn -0.1447 -0.6969 -0.7024
vn -0.1165 -0.3765 -0.9191
vn -0.0789 0.3783 -0.9223
vn -0.0814 -0.0038 -0.9967
vn -0.0769 0.7031 -0.7069
vn -0.0757 0.9207 -0.3829
vn -0.0752 0.9972 -0.0000
vn -0.0757 0.9207 0.3829
vn -0.0769 0.7031 0.7069
vn -0.0789 0.3783 0.9223
vn -0.0814 -0.0038 0.9967
vn -0.0842 -0.3845 0.9193
vn -0.0866 -0.7063 0.7026
vn -0.0883 -0.9208 0.3799
vn -0.0890 -0.9960 -0.0000
vn -0.0883 -0.9208 -0.3799
vn -0.0866 -0.7063 -0.7026
vn -0.0842 -0.3845 -0.9193
vn -0.1064 0.3712 -0.9224
vn -0.0791 -0.0099 -0.9968
vn -0.1297 0.6953 -0.7070
vn -0.1455 0.9122 -0.3829
vn -0.1510 0.9885 -0.0000
vn -0.1455 0.9122 0.3830
vn -0.1297 0.6953 0.7070
vn -0.1064 0.3712 0.9224
vn -0.0791 -0.0099 0.9968
vn -0.0522 -0.3898 0.9194
vn -0.0295 -0.7108 0.7027
vn -0.0145 -0.9249 0.3800
vn -0.0093 -1.0000 -0.0000
vn -0.0145 -0.9249 -0.3800
vn -0.0295 -0.7108 -0.7027
vn -0.0522 -0.3898 -0.9194
vn -0.1327 0.3624 -0.9225
vn -0.0764 -0.0156 -0.9970
vn -0.1808 0.6837 -0.7070
vn -0.2130 0.8989 -0.3830
vn -0.2244 0.9745 -0.0000
vn -0.2130 0.8989 0.3830
vn -0.1808 0.6837 0.7070
vn -0.1327 0.3624 0.9225
vn -0.0764 -0.0156 0.9970
vn -0.0205 -0.3923 0.9196
vn 0.0266 -0.7108 0.7029
vn 0.0579 -0.9232 0.3800
vn 0.0689 -0.9976 -0.0000
vn 0.0579 -0.9232 -0.3800
vn 0.0266 -0.7108 -0.7029
vn -0.0205 -0.3923 -0.9196
vn -0.1580 0.3521 -0.9225
vn -0.0735 -0.0205 -0.9971
vn -0.2300 0.6688 -0.7069
vn -0.2783 0.8809 -0.3829
vn -0.2953 0.9554 -0.0000
vn -0.2783 0.8809 0.3829
vn -0.2300 0.6688 0.7069
vn -0.1580 0.3521 0.9225
vn -0.0735 -0.0205 0.9971
vn 0.0106 -0.3922 0.9198
vn 0.0815 -0.7064 0.7031
vn 0.1288 -0.9159 0.3802
vn 0.1453 -0.9894 -0.0000
vn 0.1288 -0.9159 -0.3802
vn 0.0815 -0.7064 -0.7031
vn 0.0106 -0.3922 -0.9198
vn -0.1707 0.3485 -0.9216
vn -0.0725 -0.0207 -0.9972
vn -0.2542 0.6615 -0.7055
vn -0.3100 0.8707 -0.3818
vn -0.3297 0.9441 -0.0000
vn -0.3100 0.8707 0.3818
vn -0.2542 0.6615 0.7055
vn -0.1707 0.3485 0.9216
vn -0.0725 -0.0207 0.9972
vn 0.0254 -0.3896 0.9206
vn 0.1082 -0.7018 0.7041
vn 0.1634 -0.9101 0.3809
vn 0.1827 -0.9832 -0.0000
vn 0.1634 -0.9101 -0.3809
vn 0.1082 -0.7018 -0.7041
vn 0.0254 -0.3896 -0.9206
vn -0.1926 0.3332 -0.9230
vn -0.1925 0.3327 -0.9232
vn -0.0679 -0.0295 -0.9973
vn -0.0681 -0.0290 -0.9973
vn -0.2986 0.6409 -0.7072
vn -0.2985 0.6406 -0.7075
vn -0.3695 0.8467 -0.3829
vn -0.3695 0.8466 -0.3831
vn -0.3944 0.9189 -0.0000
vn -0.3695 0.8467 0.3829
vn -0.3695 0.8466 0.3831
vn -0.2986 0.6409 0.7072
vn -0.2985 0.6406 0.7075
vn -0.1926 0.3332 0.9230
vn -0.1925 0.3327 0.9232
vn -0.0681 -0.0290 0.9973
vn -0.0679 -0.0295 0.9973
vn 0.0558 -0.3897 0.9192
vn 0.0559 -0.3901 0.9191
vn 0.1601 -0.6940 0.7019
vn 0.1602 -0.6943 0.7017
vn 0.2295 -0.8964 0.3792
vn 0.2295 -0.8965 0.3790
vn 0.2538 -0.9673 -0.0000
vn 0.2295 -0.8964 -0.3792
vn 0.2295 -0.8965 -0.3790
vn 0.1601 -0.6940 -0.7019
vn 0.1602 -0.6942 -0.7017
vn 0.0558 -0.3897 -0.9192
vn 0.0559 -0.3901 -0.9191
vn -0.2165 0.3199 -0.9224
vn -0.2267 0.3108 -0.9230
vn -0.0624 -0.0344 -0.9975
vn -0.0650 -0.0312 -0.9974
vn -0.3453 0.6178 -0.7065
vn -0.3667 0.6042 -0.7074
vn -0.4315 0.8170 -0.3825
vn -0.4605 0.8007 -0.3832
vn -0.4618 0.8870 -0.0000
vn -0.4935 0.8698 -0.0000
vn -0.4315 0.8170 0.3825
vn -0.4605 0.8007 0.3832
vn -0.3453 0.6178 0.7065
vn -0.3667 0.6042 0.7074
vn -0.2165 0.3199 0.9224
vn -0.2267 0.3108 0.9230
vn -0.0650 -0.0312 0.9974
vn -0.0624 -0.0344 0.9975
vn 0.0860 -0.3815 0.9204
vn 0.1013 -0.3786 0.9200
vn 0.2136 -0.6777 0.7036
vn 0.2394 -0.6695 0.7032
vn 0.2986 -0.8753 0.3805
vn 0.3315 -0.8635 0.3802
vn 0.3284 -0.9446 -0.0000
vn 0.3637 -0.9315 -0.0000
vn 0.2986 -0.8753 -0.3805
vn 0.3315 -0.8635 -0.3802
vn 0.2136 -0.6777 -0.7036
vn 0.2394 -0.6695 -0.7032
vn 0.0860 -0.3815 -0.9204
vn 0.1013 -0.3786 -0.9200
vn -0.2474 0.2945 -0.9231
vn -0.0583 -0.0378 -0.9976
vn -0.4083 0.5769 -0.7074
vn -0.5162 0.7660 -0.3832
vn -0.5541 0.8324 -0.0000
vn -0.5162 0.7660 0.3832
vn -0.4083 0.5769 0.7074
vn -0.2474 0.2945 0.9231
vn -0.0583 -0.0378 0.9976
vn 0.1300 -0.3692 0.9202
vn 0.2891 -0.6494 0.7034
vn 0.3950 -0.8362 0.3803
vn 0.4322 -0.9018 -0.0000
vn 0.3950 -0.8362 -0.3803
vn 0.2891 -0.6494 -0.7034
vn 0.1300 -0.3692 -0.9202
vn -0.2711 0.2745 -0.9226
vn -0.0584 -0.0430 -0.9974
vn -0.4520 0.5442 -0.7068
vn -0.5731 0.7246 -0.3828
vn -0.6157 0.7880 -0.0000
vn -0.5731 0.7246 0.3828
vn -0.4520 0.5442 0.7068
vn -0.2711 0.2745 0.9226
vn -0.0584 -0.0430 0.9974
vn 0.1536 -0.3598 0.9203
vn 0.3328 -0.6278 0.7036
vn 0.4522 -0.8067 0.3805
vn 0.4941 -0.8694 -0.0000
vn 0.4522 -0.8067 -0.3805
vn 0.3328 -0.6278 -0.7036
vn 0.1536 -0.3598 -0.9203
vn 0.5264 -0.8278 -0.1941
vn 0.5412 -0.8409 -0.0000
vn -0.5321 0.6387 0.5558
vn -0.5815 0.7175 0.3834
vn -0.3700 0.4147 -0.8314
vn -0.2637 0.2772 -0.9239
vn -0.1586 0.1222 -0.9797
vn -0.0399 -0.0334 -0.9986
vn -0.1586 0.1222 0.9797
vn -0.2637 0.2772 0.9239
vn 0.0695 -0.1938 0.9786
vn -0.6199 0.7600 -0.1952
vn -0.5815 0.7175 -0.3834
vn 0.4399 -0.7076 0.5530
vn 0.3716 -0.6051 0.7041
vn -0.6199 0.7600 0.1952
vn -0.6263 0.7796 -0.0000
vn 0.1557 -0.1207 -0.9804
vn 0.0460 0.0420 -0.9981
vn 0.0594 0.0411 -0.9974
vn 0.2796 -0.4851 -0.8285
vn 0.3716 -0.6051 -0.7041
vn -0.3700 0.4147 0.8314
vn -0.4541 0.5410 0.7079
vn 0.2796 -0.4851 0.8285
vn 0.1832 -0.3432 0.9212
vn -0.5321 0.6387 -0.5558
vn -0.4541 0.5410 -0.7079
vn 0.0695 -0.1938 -0.9786
vn 0.5264 -0.8278 0.1941
vn 0.4972 -0.7797 0.3807
vn 0.7306 -0.6136 -0.2995
vn 0.7300 -0.6143 -0.2996
vn 0.6476 -0.7036 -0.2925
vn 0.6482 -0.7029 -0.2928
vn 0.5710 -0.7869 -0.2340
vn 0.5715 -0.7864 -0.2345
vn 0.5165 -0.8463 -0.1302
vn 0.5167 -0.8462 -0.1306
vn 0.4968 -0.8679 -0.0000
vn 0.5165 -0.8463 0.1302
vn 0.5167 -0.8462 0.1306
vn 0.5710 -0.7869 0.2340
vn 0.5714 -0.7864 0.2345
vn 0.6476 -0.7036 0.2925
vn 0.6482 -0.7029 0.2928
vn 0.7300 -0.6143 0.2996
vn 0.7306 -0.6136 0.2995
vn 0.8037 -0.5348 0.2609
vn 0.8041 -0.5343 0.2606
vn 0.8593 -0.4752 0.1893
vn 0.8595 -0.4750 0.1889
vn 0.8928 -0.4394 0.0987
vn 0.8929 -0.4394 0.0984
vn 0.9039 -0.4276 -0.0000
vn 0.8928 -0.4394 -0.0987
vn 0.8929 -0.4394 -0.0984
vn 0.8593 -0.4752 -0.1893
vn 0.8595 -0.4750 -0.1889
vn 0.8037 -0.5348 -0.2609
vn 0.8041 -0.5343 -0.2606
vn 0.1319 0.3876 -0.9123
vn 0.3367 0.6330 -0.6971
vn 0.4731 0.7964 -0.3768
vn 0.5209 0.8536 -0.0000
vn 0.4731 0.7964 0.3768
vn 0.3367 0.6330 0.6971
vn 0.1319 0.3876 0.9123
vn -0.1106 0.0971 0.9891
vn -0.3538 -0.1942 0.9150
vn -0.5603 -0.4415 0.7008
vn -0.6984 -0.6069 0.3794
vn -0.7469 -0.6650 -0.0000
vn -0.6984 -0.6069 -0.3794
vn -0.5603 -0.4415 -0.7008
vn 0.0997 -0.1840 -0.9779
vn -0.2257 -0.3683 -0.9019
vn -0.5004 -0.5242 -0.6891
vn -0.6832 -0.6281 -0.3724
vn -0.7472 -0.6646 -0.0000
vn -0.6832 -0.6281 0.3724
vn -0.5004 -0.5242 0.6891
vn -0.2257 -0.3683 0.9019
vn 0.0997 -0.1840 0.9779
vn 0.4263 0.0006 0.9046
vn 0.7038 0.1570 0.6928
vn 0.8894 0.2614 0.3751
vn 0.9545 0.2981 -0.0000
vn 0.8894 0.2614 -0.3751
vn 0.7038 0.1570 -0.6928
vn 0.4263 0.0006 -0.9046
vn 0.0554 -0.7034 -0.7086
vn -0.1562 -0.8278 -0.5389
vn -0.3648 -0.6691 -0.6475
vn -0.1086 -0.5198 -0.8474
vn 0.9351 -0.1880 -0.3005
vn 0.7863 -0.2750 -0.5532
vn 0.7582 -0.0148 -0.6519
vn 0.9316 0.0863 -0.3532
vn 0.3087 -0.5548 0.7726
vn 0.5657 -0.4042 0.7188
vn 0.4992 -0.1657 0.8505
vn 0.1948 -0.3431 0.9189
vn 0.5657 -0.4042 -0.7188
vn 0.3087 -0.5548 -0.7726
vn 0.1948 -0.3431 -0.9189
vn 0.4992 -0.1657 -0.8505
vn -0.2960 -0.9100 -0.2904
vn -0.3448 -0.9387 -0.0000
vn -0.5955 -0.8034 -0.0000
vn -0.5356 -0.7685 -0.3500
vn 0.7863 -0.2750 0.5532
vn 0.9351 -0.1880 0.3005
vn 0.9316 0.0863 0.3531
vn 0.7582 -0.0148 0.6519
vn -0.2960 -0.9100 0.2904
vn -0.1562 -0.8278 0.5389
vn -0.3648 -0.6691 0.6475
vn -0.5356 -0.7685 0.3500
vn 0.9875 -0.1573 -0.0000
vn 0.9925 0.1219 -0.0000
vn 0.0555 -0.7034 0.7086
vn -0.1086 -0.5198 0.8474
vn -0.5194 0.2352 0.8215
vn -0.7715 0.0942 0.6292
vn 0.3245 0.7081 -0.6272
vn 0.4918 0.8019 -0.3392
vn -0.9402 -0.0002 0.3407
vn 0.5505 0.8348 -0.0000
vn -0.9994 -0.0333 -0.0000
vn 0.4918 0.8019 0.3392
vn -0.9402 -0.0002 -0.3407
vn 0.3245 0.7080 0.6272
vn -0.7715 0.0942 -0.6292
vn 0.0738 0.5675 0.8201
vn -0.5194 0.2352 -0.8215
vn -0.2225 0.4015 0.8884
vn -0.2225 0.4015 -0.8884
vn 0.0738 0.5675 -0.8201
vn -0.4694 0.8830 -0.0000
vn -0.4701 0.8826 0.0044
vn -0.4922 0.8705 -0.0000
vn -0.4911 0.8711 -0.0056
vn -0.4720 0.8816 0.0083
vn -0.4881 0.8727 -0.0100
vn -0.4752 0.8798 0.0114
vn -0.4839 0.8750 -0.0126
vn -0.4793 0.8775 0.0130
vn -0.4793 0.8775 -0.0130
vn -0.4752 0.8798 -0.0114
vn -0.4839 0.8750 0.0126
vn -0.4720 0.8815 -0.0083
vn -0.4881 0.8727 0.0100
vn -0.4701 0.8826 -0.0044
vn -0.4911 0.8711 0.0056
vn -0.5708 -0.5937 0.5672
vn -0.0967 -0.1409 0.9853
vn -0.0502 -0.1647 0.9851
vn -0.4421 -0.6922 0.5704
vn 0.1832 -0.3432 -0.9212
vn -0.6818 -0.6995 -0.2142
vn -0.5351 -0.8170 -0.2149
vn -0.3691 -0.4002 -0.8388
vn -0.2760 -0.4665 -0.8404
vn 0.2121 0.1515 -0.9654
vn 0.2056 0.1742 -0.9630
vn 0.6464 0.5688 -0.5086
vn 0.5600 0.6552 -0.5071
vn -0.0612 0.2036 0.9771
vn 0.0461 0.0418 0.9981
vn 0.0594 0.0411 0.9974
vn 0.7372 0.6543 0.1686
vn 0.6352 0.7539 0.1675
vn 0.4457 0.3764 0.8122
vn 0.3957 0.4334 0.8097
vn -0.4924 0.8488 -0.1925
vn -0.5035 0.8640 0.0001
vn -0.4323 0.9017 -0.0000
vn -0.0063 -0.1888 0.9820
vn -0.3083 -0.7654 0.5648
vn 0.5584 -0.8296 -0.0000
vn 0.6064 -0.7952 -0.0001
vn 0.5963 -0.7785 -0.1959
vn -0.3795 -0.9005 -0.2123
vn -0.1814 -0.5192 -0.8352
vn 0.1941 0.1848 -0.9634
vn 0.4705 0.7209 -0.5088
vn 0.5303 0.8309 0.1684
vn 0.3419 0.4734 0.8118
vn -0.2888 0.6503 0.7027
vn -0.2601 0.5012 0.8253
vn -0.1293 0.3710 0.9196
vn 0.2490 -0.2901 -0.9240
vn 0.0196 -0.1835 0.9828
vn -0.1991 -0.7996 0.5666
vn 0.7983 0.5979 0.0724
vn 0.8078 0.5849 0.0736
vn 0.8078 0.5848 0.0736
vn 0.7983 0.5978 0.0724
vn -0.2510 -0.9441 -0.2135
vn -0.1076 -0.5364 -0.8371
vn 0.1652 0.2145 -0.9626
vn 0.3625 0.7817 -0.5075
vn 0.7736 0.6323 -0.0419
vn 0.7711 0.6359 -0.0323
vn 0.4057 0.8984 0.1680
vn 0.8467 0.5317 0.0192
vn 0.8482 0.5297 -0.0000
vn 0.2705 0.5201 0.8102
vn 0.8467 0.5317 -0.0192
vn 0.8425 0.5375 -0.0369
vn 0.0475 -0.1738 0.9836
vn -0.0675 -0.8199 0.5685
vn 0.5124 -0.6533 0.5574
vn 0.5636 -0.7312 0.3843
vn 0.5200 -0.7628 0.3843
vn -0.0952 -0.9720 -0.2149
vn -0.0202 -0.5437 -0.8391
vn 0.1254 0.2429 -0.9619
vn 0.2259 0.8320 -0.5066
vn 0.2489 0.9539 0.1678
vn 0.5123 -0.6532 -0.5575
vn 0.4416 -0.5492 -0.7095
vn 0.4111 -0.5729 -0.7091
vn 0.1786 0.5602 0.8089
vn -0.4924 0.8488 0.1927
vn -0.4622 0.8022 0.3780
vn -0.3951 0.8364 0.3798
vn 0.7689 0.6393 -0.0072
vn 0.7688 0.6395 -0.0000
vn 0.0725 -0.1660 0.9835
vn 0.0675 -0.8209 0.5671
vn 0.3574 -0.4220 -0.8332
vn 0.2597 -0.2773 -0.9250
vn 0.0658 -0.9745 -0.2146
vn 0.0678 -0.5413 -0.8381
vn 0.0793 0.2576 -0.9630
vn 0.0801 0.8578 -0.5077
vn 0.0825 0.9822 0.1685
vn 0.0789 0.5806 0.8104
vn -0.4112 0.7272 0.5496
vn -0.3441 0.6255 0.7003
vn 0.0940 -0.1551 0.9834
vn 0.1883 -0.8024 0.5664
vn 0.7899 0.6095 0.0677
vn 0.2098 -0.9539 -0.2144
vn 0.8358 0.5466 -0.0520
vn 0.8273 0.5582 -0.0635
vn 0.1463 -0.5262 -0.8376
vn 0.0364 0.2646 -0.9637
vn -0.0539 0.8595 -0.5083
vn 0.8078 0.5849 -0.0736
vn 0.7983 0.5979 -0.0724
vn 0.8078 0.5848 -0.0736
vn -0.0705 0.9831 0.1688
vn 0.7774 0.6269 0.0515
vn 0.7828 0.6193 0.0605
vn 0.7774 0.6269 0.0516
vn -0.0130 0.5845 0.8113
vn 0.1690 -0.1280 0.9773
vn 0.3492 -0.7500 0.5618
vn -0.2602 0.5014 -0.8252
vn -0.3441 0.6256 -0.7002
vn -0.2888 0.6503 -0.7027
vn 0.3962 -0.8943 -0.2078
vn 0.2705 -0.4800 -0.8345
vn 0.0509 0.2714 -0.9611
vn -0.1167 0.8506 -0.5128
vn -0.1483 0.9740 0.1714
vn -0.4112 0.7273 -0.5495
vn -0.4622 0.8023 -0.3778
vn -0.3951 0.8364 -0.3798
vn -0.0368 0.5866 0.8091
vn 0.7689 0.6394 0.0072
vn 0.7691 0.6389 0.0149
vn 0.0982 0.0558 0.9936
vn 0.2493 -0.3097 0.9175
vn 0.3706 -0.5973 0.7112
vn 0.4579 -0.8060 0.3751
vn 0.4875 -0.8731 0.0070
vn 0.4600 -0.7958 -0.3938
vn 0.3800 -0.6024 -0.7019
vn 0.2475 -0.3036 -0.9201
vn 0.0974 0.0300 -0.9948
vn -0.0610 0.4162 -0.9072
vn -0.1702 0.7006 -0.6930
vn -0.2474 0.8927 -0.3766
vn -0.2786 0.9603 -0.0103
vn -0.2492 0.8894 0.3832
vn -0.1702 0.7001 0.6934
vn -0.0428 0.3916 0.9191
vn 0.2490 -0.2901 0.9240
vn 0.4111 -0.5729 0.7091
vn 0.5200 -0.7628 -0.3843
vn -0.1293 0.3710 -0.9196
vn 0.5963 -0.7785 0.1958
vn -0.0399 -0.0334 0.9986
vn -0.0613 0.2038 -0.9771
vn -0.1660 0.3591 -0.9184
vn 0.1558 -0.1208 0.9804
vn 0.2597 -0.2775 0.9250
vn 0.4972 -0.7797 -0.3807
vn 0.3575 -0.4221 0.8331
vn 0.8358 0.5466 0.0520
vn 0.8425 0.5375 0.0369
vn 0.7698 0.6379 0.0232
vn 0.7698 0.6379 -0.0232
vn 0.7691 0.6389 -0.0149
vn 0.7711 0.6359 0.0323
vn 0.7736 0.6323 0.0419
vn 0.7899 0.6095 -0.0677
vn 0.7828 0.6193 -0.0605
vn 0.8177 0.5713 -0.0707
vn 0.7774 0.6269 -0.0515
vn 0.7774 0.6269 -0.0516
vn 0.8177 0.5713 0.0707
vn 0.8273 0.5582 0.0635
vn -0.9044 0.4145 0.1013
vn -0.8870 0.4529 0.0897
vn -0.8871 0.4528 0.0898
vn -0.9045 0.4144 0.1013
vn -0.9242 0.3712 0.0895
vn -0.9243 0.3711 0.0894
vn -0.9401 0.3368 0.0527
vn -0.9401 0.3367 0.0527
vn -0.9462 0.3236 -0.0000
vn -0.9401 0.3368 -0.0528
vn -0.9401 0.3367 -0.0527
vn -0.9242 0.3712 -0.0895
vn -0.9243 0.3711 -0.0894
vn -0.9044 0.4145 -0.1013
vn -0.9045 0.4144 -0.1013
vn -0.8870 0.4529 -0.0897
vn -0.8871 0.4528 -0.0898
vn -0.8763 0.4775 -0.0646
vn -0.8763 0.4774 -0.0647
vn -0.8722 0.4877 -0.0376
vn -0.8722 0.4876 -0.0376
vn -0.8721 0.4890 -0.0161
vn -0.8726 0.4885 -0.0000
vn -0.8721 0.4890 0.0161
vn -0.8722 0.4876 0.0376
vn -0.8763 0.4775 0.0646
vn -0.8763 0.4774 0.0647
vn 0.9279 -0.3618 -0.0899
vn 0.9394 -0.3362 -0.0675
vn 0.9393 -0.3363 -0.0675
vn 0.9279 -0.3619 -0.0900
vn 0.9452 -0.3238 -0.0416
vn 0.9471 -0.3202 -0.0189
vn 0.9475 -0.3199 -0.0000
vn 0.9471 -0.3202 0.0189
vn 0.9452 -0.3238 0.0416
vn 0.9394 -0.3362 0.0675
vn 0.9393 -0.3363 0.0675
vn 0.9279 -0.3618 0.0899
vn 0.9279 -0.3619 0.0900
vn 0.9115 -0.3994 0.0987
vn 0.9114 -0.3994 0.0987
vn 0.8936 -0.4405 0.0857
vn 0.8936 -0.4406 0.0856
vn 0.8797 -0.4728 0.0500
vn 0.8745 -0.4850 -0.0000
vn 0.8797 -0.4728 -0.0500
vn 0.8936 -0.4405 -0.0857
vn 0.8936 -0.4406 -0.0856
vn 0.9115 -0.3994 -0.0987
vn 0.9114 -0.3994 -0.0987
vn -0.9257 -0.3371 0.1716
vn -0.9478 -0.2695 0.1707
vn -0.9476 -0.2698 0.1708
vn -0.9256 -0.3375 0.1715
vn -0.9043 -0.4032 0.1404
vn -0.9042 -0.4034 0.1402
vn -0.8886 -0.4518 0.0793
vn -0.8886 -0.4519 0.0791
vn -0.8828 -0.4697 -0.0000
vn -0.8886 -0.4518 -0.0793
vn -0.8886 -0.4519 -0.0791
vn -0.9043 -0.4032 -0.1404
vn -0.9042 -0.4034 -0.1402
vn -0.9257 -0.3371 -0.1716
vn -0.9256 -0.3375 -0.1715
vn -0.9478 -0.2695 -0.1707
vn -0.9476 -0.2698 -0.1708
vn -0.9664 -0.2127 -0.1439
vn -0.9664 -0.2130 -0.1441
vn -0.9797 -0.1731 -0.1013
vn -0.9796 -0.1733 -0.1015
vn -0.9872 -0.1510 -0.0516
vn -0.9872 -0.1510 -0.0517
vn -0.9896 -0.1440 -0.0000
vn -0.9872 -0.1510 0.0516
vn -0.9872 -0.1510 0.0517
vn -0.9797 -0.1731 0.1013
vn -0.9796 -0.1733 0.1015
vn -0.9664 -0.2127 0.1439
vn -0.9664 -0.2130 0.1441
vn 0.9294 0.3640 0.0604
vn 0.9388 0.3381 0.0665
vn 0.9491 0.3097 0.0578
vn 0.9572 0.2874 0.0338
vn 0.9572 0.2874 0.0337
vn 0.9603 0.2790 -0.0000
vn 0.9572 0.2874 -0.0338
vn 0.9572 0.2874 -0.0337
vn 0.9491 0.3097 -0.0578
vn 0.9388 0.3381 -0.0665
vn 0.9294 0.3640 -0.0604
vn 0.9232 0.3816 -0.0450
vn 0.9204 0.3899 -0.0274
vn 0.9198 0.3921 -0.0123
vn 0.9199 0.3922 -0.0000
vn 0.9198 0.3921 0.0123
vn 0.9204 0.3899 0.0274
vn 0.9232 0.3816 0.0450
vn -0.1636 0.7971 -0.5813
vn 0.0133 0.8961 -0.4436
vn -0.7659 0.4599 0.4493
vn -0.8871 0.3921 0.2437
vn 0.1310 0.9620 -0.2396
vn -0.9298 0.3682 -0.0000
vn 0.1722 0.9851 -0.0000
vn -0.8871 0.3921 -0.2437
vn 0.1310 0.9620 0.2396
vn -0.7659 0.4600 -0.4493
vn 0.0133 0.8961 0.4436
vn -0.5853 0.5610 -0.5854
vn -0.1636 0.7971 0.5813
vn -0.3737 0.6795 -0.6314
vn -0.3737 0.6795 0.6314
vn -0.5853 0.5610 0.5854
vn 0.5357 0.4878 0.6893
vn 0.7164 0.5875 0.3763
vn 0.8067 0.5642 0.1759
vn 0.4472 0.3613 0.8182
vn -0.4137 -0.0382 -0.9096
vn -0.6896 -0.1866 -0.6998
vn -0.5240 -0.1883 -0.8307
vn 0.2490 0.3286 0.9110
vn -0.0893 0.1348 -0.9868
vn 0.1549 0.1968 -0.9681
vn -0.4120 -0.0378 0.9104
vn -0.0725 0.1507 0.9859
vn -0.2054 -0.0077 0.9787
vn 0.2813 0.3404 -0.8972
vn -0.6859 -0.1894 0.7027
vn -0.7646 -0.3237 0.5574
vn 0.5458 0.4925 -0.6779
vn 0.6940 0.4972 -0.5208
vn -0.8791 -0.2963 0.3733
vn 0.7142 0.5886 -0.3787
vn -0.9436 -0.3312 0.0045
vn -0.8949 -0.3953 -0.2072
vn 0.7814 0.6239 -0.0103
vn -0.8738 -0.2895 -0.3907
vn 0.7194 0.4738 -0.5079
vn 0.8221 0.5438 0.1688
vn -0.7922 -0.5708 -0.2162
vn -0.4344 -0.3224 -0.8410
vn 0.4914 0.3166 0.8114
vn 0.2256 0.1325 -0.9652
vn -0.1243 -0.1082 0.9863
vn -0.6655 -0.4830 0.5690
vn 0.4399 -0.7076 -0.5530
vn -0.1659 0.3589 0.9185
vn 0.5635 -0.7312 -0.3844
vn 0.4417 -0.5493 0.7094
vt 0.521096 0.385353
vt 0.531214 0.500000
vt 0.489936 0.500000
vt 0.548289 0.666667
vt 0.624592 0.696948
vt 0.467240 0.750000
vt 0.554373 0.416667
vt 0.572481 0.500000
vt 0.595838 0.416667
vt 0.613667 0.500000
vt 0.617618 0.301849
vt 0.648123 0.416667
vt 0.678957 0.166667
vt 0.595081 0.166667
vt 0.654927 0.500000
vt 0.777850 0.682427
vt 0.675130 0.833333
vt 0.716127 0.916667
vt 0.678392 1.000000
vt 0.654812 0.916667
vt 0.781335 0.250000
vt 0.701260 0.333333
vt 0.699218 0.416667
vt 0.760558 0.833333
vt 0.740853 0.416667
vt 0.791436 0.333333
vt 0.857944 0.685435
vt 0.791805 0.916667
vt 0.760178 1.000000
vt 0.781258 0.416667
vt 0.845949 0.833333
vt 0.842380 1.000000
vt 0.821653 0.416667
vt 0.791786 0.500000
vt 0.856382 0.916667
vt 0.863256 0.416667
vt 0.845225 0.500000
vt 0.886816 0.500000
vt 0.867716 0.583333
vt 0.961193 0.293037
vt 0.881905 0.333333
vt 0.904661 0.416667
vt 0.945936 0.416667
vt 0.938831 0.500000
vt 0.989936 0.500000
vt 0.952179 0.583333
vt 0.956095 0.711300
vt 0.990777 0.833333
vt 0.928737 0.833333
vt 1.000000 0.614647
vt 0.031214 0.500000
vt 0.021096 0.614647
vt 0.000000 0.500000
vt 0.072481 0.500000
vt 0.054373 0.583333
vt 0.124592 0.303052
vt 0.048289 0.333333
vt 0.006732 0.293037
vt 0.113667 0.500000
vt 0.095838 0.583333
vt 0.148123 0.583333
vt 0.117618 0.698151
vt 0.154927 0.500000
vt 0.178957 0.833333
vt 0.095080 0.833333
vt 0.199217 0.583333
vt 0.201261 0.666667
vt 0.281335 0.750000
vt 0.178392 0.000000
vt 0.216127 0.083333
vt 0.154812 0.083333
vt 0.175130 0.166667
vt 0.277850 0.317573
vt 0.240853 0.583333
vt 0.260558 0.166667
vt 0.291436 0.666667
vt 0.281258 0.583333
vt 0.260179 0.000000
vt 0.291805 0.083333
vt 0.357944 0.314565
vt 0.291786 0.500000
vt 0.321653 0.583333
vt 0.342380 0.000000
vt 0.345949 0.166667
vt 0.356382 0.083333
vt 0.345225 0.500000
vt 0.363257 0.583333
vt 0.367716 0.416667
vt 0.386816 0.500000
vt 0.404660 0.583333
vt 0.381905 0.666667
vt 0.438831 0.500000
vt 0.445936 0.583333
vt 0.511764 0.166667
vt 0.461970 0.288700
vt 0.428737 0.166667
vt 0.452179 0.416667
vt 0.510567 0.500000
vt 0.547539 0.601045
vt 0.464611 0.583333
vt 0.466057 0.706963
vt 0.632440 0.719768
vt 0.593955 0.104310
vt 0.555229 0.250000
vt 0.510577 0.098942
vt 0.577298 0.416667
vt 0.592857 0.500000
vt 0.644984 0.407893
vt 0.521096 0.385352
vt 0.643184 0.541807
vt 0.678319 0.008344
vt 0.595269 0.000000
vt 0.684842 0.214533
vt 0.699665 0.398381
vt 0.715802 0.609473
vt 0.716127 0.916667
vt 0.678392 1.000000
vt 0.665881 0.871276
vt 0.781599 0.889449
vt 0.802826 0.166667
vt 0.794038 0.323241
vt 0.716153 0.500000
vt 0.791790 0.508855
vt 0.760179 1.000000
vt 0.760321 0.416667
vt 0.791841 0.722466
vt 0.854431 0.901085
vt 0.842380 1.000000
vt 0.841856 0.416667
vt 0.867805 0.607643
vt 0.897171 0.389238
vt 0.947032 0.683690
vt 0.928691 0.906680
vt 0.842420 0.008646
vt 0.926571 0.106696
vt 0.961195 0.293040
vt 0.867177 0.500000
vt 0.964610 0.416667
vt 0.938831 0.500000
vt 0.989936 0.500000
vt 0.952177 0.583333
vt 0.990382 0.901057
vt 1.000000 0.614649
vt 0.047540 0.398954
vt 0.000000 0.416667
vt 0.006731 0.293040
vt 0.015601 0.500000
vt 0.092857 0.500000
vt 0.077298 0.583333
vt 0.107376 0.694115
vt 0.093955 0.895688
vt 0.015520 0.901057
vt 0.128485 0.326911
vt 0.143183 0.458191
vt 0.148123 0.583333
vt 0.178062 0.891027
vt 0.198061 0.548630
vt 0.203373 0.672993
vt 0.178392 0.000000
vt 0.216127 0.083333
vt 0.165877 0.128720
vt 0.260321 0.583333
vt 0.260178 0.989691
vt 0.178392 1.000000
vt 0.281600 0.110550
vt 0.291786 0.500000
vt 0.227762 0.460817
vt 0.291804 0.388676
vt 0.210190 0.285134
vt 0.291436 0.666667
vt 0.377093 0.674878
vt 0.374740 0.274445
vt 0.341856 0.583333
vt 0.342380 0.000000
vt 0.354431 0.098915
vt 0.355960 0.460225
vt 0.426574 0.893306
vt 0.342420 0.991354
vt 0.302823 0.833333
vt 0.428691 0.093321
vt 0.452016 0.395512
vt 0.394568 0.536201
vt 0.464952 0.666667
vt 0.487329 0.583333
vt 0.547337 0.583333
vt 0.509116 0.833333
vt 0.592251 0.833333
vt 0.510724 0.916667
vt 0.592986 0.916667
vt 0.509880 1.000000
vt 0.595270 1.000000
vt 0.510304 0.083333
vt 0.509880 0.000000
vt 0.595270 0.000000
vt 0.593577 0.083333
vt 0.631519 0.583333
vt 0.678392 0.000000
vt 0.677668 0.083333
vt 0.716036 0.583333
vt 0.696440 0.500000
vt 0.715290 0.666667
vt 0.760178 0.000000
vt 0.760178 0.083333
vt 0.738171 0.500000
vt 0.802825 0.166667
vt 0.791823 0.583333
vt 0.842763 0.083333
vt 0.842380 0.000000
vt 0.928685 0.916667
vt 0.925542 1.000000
vt 0.927003 0.083333
vt 0.925542 0.000000
vt 0.925467 0.166667
vt 0.990292 0.916667
vt 0.988899 1.000000
vt 0.989058 0.083333
vt 0.988899 0.000000
vt 0.988421 0.166667
vt 0.987329 0.416667
vt 0.047337 0.416667
vt 0.016338 0.833333
vt 0.017470 0.750000
vt 0.093577 0.916667
vt 0.015331 0.916667
vt 0.095270 1.000000
vt 0.015492 1.000000
vt 0.092985 0.083333
vt 0.015972 0.083333
vt 0.015492 0.000000
vt 0.095270 0.000000
vt 0.092251 0.166667
vt 0.014943 0.166667
vt 0.131519 0.416667
vt 0.177668 0.916667
vt 0.178392 1.000000
vt 0.196439 0.500000
vt 0.215291 0.333333
vt 0.216036 0.416667
vt 0.238170 0.500000
vt 0.260178 0.916667
vt 0.302825 0.833333
vt 0.260179 1.000000
vt 0.291823 0.416667
vt 0.342763 0.916667
vt 0.342380 1.000000
vt 0.425466 0.833333
vt 0.427003 0.916667
vt 0.425542 1.000000
vt 0.425542 0.000000
vt 0.428685 0.083333
vt 0.510381 0.898789
vt 0.592878 0.904481
vt 0.509880 1.000000
vt 0.595269 1.000000
vt 0.509880 0.000000
vt 0.760179 0.010309
vt 0.925542 1.000000
vt 0.925542 0.000000
vt 0.988899 1.000000
vt 0.988923 0.101209
vt 0.988899 0.000000
vt 0.095270 1.000000
vt 0.015491 1.000000
vt 1.000000 0.750000
vt 0.021094 0.614649
vt 0.092877 0.095519
vt 0.015750 0.101209
vt 0.015491 0.000000
vt 0.095270 0.000000
vt 0.425542 0.000000
vt 0.425542 1.000000
vt 0.829604 0.500619
vt 0.829604 0.459489
vt 0.838004 0.459489
vt 0.838004 0.500619
vt 0.821087 0.500619
vt 0.821087 0.459489
vt 0.812686 0.500619
vt 0.812686 0.459489
vt 0.804181 0.500619
vt 0.804181 0.459489
vt 0.795779 0.500619
vt 0.795779 0.459489
vt 0.787138 0.500619
vt 0.787138 0.459489
vt 0.778738 0.500619
vt 0.778738 0.459489
vt 0.770226 0.500619
vt 0.770226 0.459489
vt 0.761826 0.500619
vt 0.761826 0.459489
vt 0.753309 0.500619
vt 0.753309 0.459489
vt 0.744908 0.500619
vt 0.744907 0.459489
vt 0.736528 0.500619
vt 0.736528 0.459489
vt 0.863463 0.500619
vt 0.863463 0.459489
vt 0.871865 0.459489
vt 0.871865 0.500619
vt 0.854934 0.500619
vt 0.854934 0.459489
vt 0.846533 0.500619
vt 0.846533 0.459489
vt 0.829604 0.411108
vt 0.838004 0.411108
vt 0.821087 0.411108
vt 0.812686 0.411108
vt 0.804181 0.411108
vt 0.795779 0.411108
vt 0.787138 0.411108
vt 0.778738 0.411108
vt 0.770226 0.411108
vt 0.761826 0.411108
vt 0.753309 0.411108
vt 0.744908 0.411108
vt 0.736528 0.411108
vt 0.863463 0.411108
vt 0.871865 0.411108
vt 0.854934 0.411108
vt 0.846533 0.411108
vt 0.829604 0.376174
vt 0.838004 0.376174
vt 0.821087 0.376174
vt 0.812686 0.376174
vt 0.804181 0.376174
vt 0.795779 0.376174
vt 0.787138 0.376174
vt 0.778738 0.376174
vt 0.770226 0.376174
vt 0.761826 0.376174
vt 0.753309 0.376174
vt 0.744908 0.376174
vt 0.736528 0.376174
vt 0.863463 0.376174
vt 0.871865 0.376174
vt 0.854934 0.376174
vt 0.846533 0.376174
vt 0.838004 0.351303
vt 0.846533 0.351303
vt 0.818854 0.758064
vt 0.841156 0.758064
vt 0.841156 0.770737
vt 0.818854 0.770737
vt 0.818854 0.745215
vt 0.841156 0.745215
vt 0.818854 0.732539
vt 0.841156 0.732539
vt 0.818854 0.719707
vt 0.841156 0.719707
vt 0.818854 0.707031
vt 0.841156 0.707031
vt 0.818854 0.693995
vt 0.841156 0.693995
vt 0.818854 0.681321
vt 0.841156 0.681321
vt 0.818854 0.668478
vt 0.841156 0.668478
vt 0.818854 0.655805
vt 0.841156 0.655805
vt 0.818854 0.642955
vt 0.841156 0.642955
vt 0.818854 0.630280
vt 0.841156 0.630280
vt 0.818854 0.617637
vt 0.841156 0.617637
vt 0.818854 0.809149
vt 0.841156 0.809148
vt 0.841156 0.821825
vt 0.818854 0.821825
vt 0.818854 0.796280
vt 0.841156 0.796280
vt 0.818854 0.783606
vt 0.841156 0.783606
vt 0.889237 0.758064
vt 0.889237 0.770737
vt 0.889237 0.745215
vt 0.889237 0.732539
vt 0.889237 0.719707
vt 0.889237 0.707031
vt 0.889237 0.693995
vt 0.889237 0.681321
vt 0.889237 0.668478
vt 0.889237 0.655805
vt 0.889237 0.642955
vt 0.889237 0.630280
vt 0.889237 0.617637
vt 0.889237 0.809148
vt 0.889237 0.821825
vt 0.889237 0.796280
vt 0.889237 0.783606
vt 0.918716 0.758064
vt 0.918716 0.770737
vt 0.918716 0.745215
vt 0.918716 0.732539
vt 0.918716 0.719707
vt 0.918716 0.707031
vt 0.918716 0.693995
vt 0.918716 0.681321
vt 0.918716 0.668478
vt 0.918716 0.655805
vt 0.918716 0.642955
vt 0.918716 0.630280
vt 0.918716 0.617637
vt 0.918716 0.809149
vt 0.918716 0.821825
vt 0.918716 0.796280
vt 0.918716 0.783606
vt 0.736528 0.679492
vt 0.794624 0.679492
vt 0.794624 0.699929
vt 0.736528 0.699929
vt 0.736528 0.658771
vt 0.794624 0.658771
vt 0.736528 0.638330
vt 0.794624 0.638330
vt 0.736528 0.617637
vt 0.794624 0.617637
vt 0.736528 0.926475
vt 0.794624 0.926475
vt 0.794624 0.946917
vt 0.736528 0.946917
vt 0.736528 0.905452
vt 0.794624 0.905452
vt 0.736528 0.885014
vt 0.794624 0.885014
vt 0.736528 0.864304
vt 0.794624 0.864304
vt 0.736528 0.843867
vt 0.794624 0.843867
vt 0.736528 0.823144
vt 0.794624 0.823144
vt 0.736528 0.802703
vt 0.794624 0.802703
vt 0.736528 0.782315
vt 0.794624 0.782315
vt 0.736528 0.761873
vt 0.794624 0.761873
vt 0.736528 0.741120
vt 0.794624 0.741120
vt 0.736528 0.720682
vt 0.794624 0.720682
vt 0.113419 0.345410
vt 0.113419 0.405923
vt 0.093284 0.405923
vt 0.093284 0.345410
vt 0.133834 0.345410
vt 0.133834 0.405923
vt 0.153972 0.345410
vt 0.153972 0.405923
vt 0.174360 0.345410
vt 0.174360 0.405923
vt 0.194501 0.345410
vt 0.194501 0.405923
vt 0.215213 0.345410
vt 0.215213 0.405923
vt 0.235349 0.345410
vt 0.235349 0.405923
vt 0.255753 0.345410
vt 0.255753 0.405923
vt 0.275888 0.345410
vt 0.275888 0.405923
vt 0.296305 0.345410
vt 0.296306 0.405923
vt 0.316444 0.345410
vt 0.316444 0.405923
vt 0.336531 0.345410
vt 0.336531 0.405923
vt 0.032255 0.345410
vt 0.032255 0.405923
vt 0.012115 0.405923
vt 0.012115 0.345410
vt 0.052701 0.345410
vt 0.052701 0.405923
vt 0.072837 0.345410
vt 0.072837 0.405923
vt 0.113419 0.469975
vt 0.093284 0.469975
vt 0.133834 0.469975
vt 0.153973 0.469975
vt 0.174360 0.469975
vt 0.194501 0.469975
vt 0.215213 0.469975
vt 0.235349 0.469975
vt 0.255753 0.469975
vt 0.275888 0.469975
vt 0.296306 0.469975
vt 0.316444 0.469975
vt 0.336531 0.469975
vt 0.032255 0.469975
vt 0.012115 0.469975
vt 0.052701 0.469975
vt 0.072837 0.469975
vt 0.113419 0.530053
vt 0.093284 0.530053
vt 0.133834 0.530052
vt 0.153973 0.530052
vt 0.174360 0.530052
vt 0.194501 0.530053
vt 0.215213 0.530053
vt 0.235349 0.530052
vt 0.255753 0.530052
vt 0.275888 0.530052
vt 0.296306 0.530052
vt 0.316444 0.530052
vt 0.336531 0.530052
vt 0.032255 0.530053
vt 0.012115 0.530053
vt 0.052701 0.530053
vt 0.072837 0.530053
vt 0.113419 0.591447
vt 0.093284 0.591447
vt 0.133834 0.591447
vt 0.153973 0.591447
vt 0.174360 0.591447
vt 0.194501 0.591447
vt 0.215213 0.591447
vt 0.235349 0.591447
vt 0.255753 0.591447
vt 0.275888 0.591447
vt 0.296306 0.591447
vt 0.316444 0.591447
vt 0.336531 0.591447
vt 0.032255 0.591447
vt 0.012115 0.591447
vt 0.052701 0.591447
vt 0.072837 0.591447
vt 0.113419 0.654200
vt 0.093284 0.654200
vt 0.133834 0.654200
vt 0.153973 0.654200
vt 0.174360 0.654200
vt 0.194501 0.654200
vt 0.215213 0.654200
vt 0.235349 0.654200
vt 0.255753 0.654200
vt 0.275888 0.654200
vt 0.296306 0.654200
vt 0.316444 0.654200
vt 0.336531 0.654200
vt 0.032255 0.654200
vt 0.012115 0.654200
vt 0.052701 0.654200
vt 0.072837 0.654200
vt 0.113419 0.718351
vt 0.093284 0.718351
vt 0.133834 0.718351
vt 0.153973 0.718351
vt 0.174360 0.718351
vt 0.194501 0.718351
vt 0.215213 0.718351
vt 0.235349 0.718351
vt 0.255754 0.718351
vt 0.275889 0.718351
vt 0.296306 0.718351
vt 0.316444 0.718351
vt 0.336531 0.718351
vt 0.032255 0.718351
vt 0.012115 0.718351
vt 0.052701 0.718351
vt 0.072837 0.718351
vt 0.113419 0.783940
vt 0.093284 0.783940
vt 0.133834 0.783940
vt 0.153973 0.783940
vt 0.174360 0.783940
vt 0.194501 0.783940
vt 0.215213 0.783940
vt 0.235349 0.783940
vt 0.255754 0.783940
vt 0.275888 0.783940
vt 0.296306 0.783940
vt 0.316444 0.783940
vt 0.336531 0.783940
vt 0.032255 0.783940
vt 0.012115 0.783940
vt 0.052701 0.783940
vt 0.072837 0.783940
vt 0.113419 0.835160
vt 0.093284 0.835160
vt 0.133834 0.835160
vt 0.153973 0.835160
vt 0.174360 0.835160
vt 0.194501 0.835160
vt 0.215213 0.835160
vt 0.235349 0.835160
vt 0.255753 0.835160
vt 0.275889 0.835160
vt 0.296306 0.835160
vt 0.316444 0.835160
vt 0.336531 0.835160
vt 0.032255 0.835160
vt 0.012115 0.835160
vt 0.052701 0.835160
vt 0.072837 0.835160
vt 0.629274 0.454358
vt 0.712298 0.454358
vt 0.712298 0.490355
vt 0.629274 0.490355
vt 0.629274 0.417862
vt 0.712298 0.417862
vt 0.629274 0.381858
vt 0.712298 0.381858
vt 0.629274 0.345410
vt 0.712298 0.345410
vt 0.629274 0.889383
vt 0.712298 0.889383
vt 0.712298 0.925390
vt 0.629274 0.925390
vt 0.629274 0.852355
vt 0.712298 0.852355
vt 0.629274 0.816356
vt 0.712298 0.816356
vt 0.629274 0.779878
vt 0.712298 0.779878
vt 0.629274 0.743881
vt 0.712298 0.743881
vt 0.629274 0.707380
vt 0.712298 0.707380
vt 0.629274 0.671378
vt 0.712298 0.671378
vt 0.629274 0.635466
vt 0.712298 0.635466
vt 0.629274 0.599461
vt 0.712298 0.599461
vt 0.629274 0.562908
vt 0.712298 0.562908
vt 0.629274 0.526909
vt 0.712298 0.526909
vt 0.360761 0.730133
vt 0.410664 0.730133
vt 0.410664 0.764847
vt 0.360761 0.764847
vt 0.360761 0.694936
vt 0.410664 0.694936
vt 0.360761 0.660215
vt 0.410664 0.660215
vt 0.360761 0.625065
vt 0.410664 0.625065
vt 0.360761 0.590341
vt 0.410664 0.590341
vt 0.360761 0.554632
vt 0.410664 0.554632
vt 0.360761 0.519915
vt 0.410664 0.519915
vt 0.360761 0.484737
vt 0.410664 0.484737
vt 0.360761 0.450022
vt 0.410664 0.450022
vt 0.360761 0.414822
vt 0.410664 0.414822
vt 0.360761 0.380101
vt 0.410664 0.380102
vt 0.360761 0.345469
vt 0.410664 0.345469
vt 0.360761 0.870066
vt 0.410664 0.870066
vt 0.410664 0.904789
vt 0.360761 0.904789
vt 0.360761 0.834815
vt 0.410664 0.834815
vt 0.360761 0.800098
vt 0.410664 0.800099
vt 0.472589 0.730133
vt 0.472589 0.764847
vt 0.472589 0.694936
vt 0.472589 0.660215
vt 0.472589 0.625065
vt 0.472589 0.590341
vt 0.472589 0.554632
vt 0.472589 0.519915
vt 0.472589 0.484737
vt 0.472589 0.450022
vt 0.472589 0.414822
vt 0.472589 0.380102
vt 0.472589 0.345469
vt 0.472589 0.870066
vt 0.472589 0.904789
vt 0.472589 0.834815
vt 0.472589 0.800099
vt 0.536088 0.730132
vt 0.536088 0.764847
vt 0.536088 0.694936
vt 0.536088 0.660215
vt 0.536088 0.625065
vt 0.536088 0.590341
vt 0.536088 0.554632
vt 0.536088 0.519915
vt 0.536088 0.484737
vt 0.536088 0.450022
vt 0.536088 0.414822
vt 0.536088 0.380102
vt 0.536088 0.345469
vt 0.536088 0.870066
vt 0.536088 0.904789
vt 0.536088 0.834815
vt 0.536088 0.800099
vt 0.605044 0.886370
vt 0.605044 0.903608
vt 0.605045 0.571966
vt 0.605045 0.589485
vt 0.605045 0.712077
vt 0.605045 0.729576
vt 0.605045 0.747083
vt 0.605045 0.764564
vt 0.605045 0.501935
vt 0.605045 0.519442
vt 0.605045 0.466972
vt 0.605045 0.642022
vt 0.605045 0.659533
vt 0.605045 0.397301
vt 0.605045 0.414677
vt 0.605045 0.606995
vt 0.605045 0.624509
vt 0.918598 0.234471
vt 0.918598 0.244146
vt 0.817312 0.245826
vt 0.605045 0.816935
vt 0.605044 0.834341
vt 0.605045 0.536941
vt 0.605045 0.554458
vt 0.605045 0.432083
vt 0.605045 0.449520
vt 0.605045 0.677052
vt 0.605045 0.694559
vt 0.605045 0.782045
vt 0.605045 0.362648
vt 0.605045 0.379951
vt 0.838004 0.345410
vt 0.846533 0.345410
vt 0.854934 0.345410
vt 0.854934 0.351303
vt 0.863463 0.345410
vt 0.863463 0.351303
vt 0.871865 0.345410
vt 0.871865 0.351303
vt 0.736528 0.351303
vt 0.736528 0.345410
vt 0.744907 0.345410
vt 0.744908 0.351303
vt 0.753309 0.345410
vt 0.753309 0.351303
vt 0.761826 0.345410
vt 0.761826 0.351303
vt 0.770226 0.345410
vt 0.770226 0.351303
vt 0.778738 0.345410
vt 0.778738 0.351303
vt 0.787138 0.345410
vt 0.787138 0.351303
vt 0.795779 0.345410
vt 0.795779 0.351303
vt 0.804181 0.345410
vt 0.804181 0.351303
vt 0.812686 0.345410
vt 0.812686 0.351303
vt 0.821087 0.345410
vt 0.821087 0.351303
vt 0.829604 0.345410
vt 0.829604 0.351303
vt 0.838004 0.526253
vt 0.846533 0.526253
vt 0.854934 0.526253
vt 0.863463 0.526253
vt 0.871865 0.526253
vt 0.736528 0.526253
vt 0.744908 0.526253
vt 0.753309 0.526253
vt 0.761826 0.526253
vt 0.770226 0.526253
vt 0.778738 0.526253
vt 0.787138 0.526253
vt 0.795779 0.526253
vt 0.804181 0.526253
vt 0.812686 0.526253
vt 0.821087 0.526253
vt 0.829604 0.526253
vt 0.846533 0.538730
vt 0.854934 0.538730
vt 0.854934 0.555362
vt 0.846533 0.555362
vt 0.812686 0.538730
vt 0.821087 0.538730
vt 0.821087 0.555362
vt 0.812686 0.555362
vt 0.770226 0.538730
vt 0.778738 0.538730
vt 0.778738 0.555362
vt 0.770226 0.555362
vt 0.829604 0.538730
vt 0.838004 0.538730
vt 0.838004 0.555362
vt 0.829604 0.555362
vt 0.863463 0.538730
vt 0.871865 0.538729
vt 0.871865 0.555362
vt 0.863463 0.555362
vt 0.787138 0.538730
vt 0.795779 0.538730
vt 0.795779 0.555362
vt 0.787138 0.555362
vt 0.744908 0.538730
vt 0.753309 0.538730
vt 0.753309 0.555362
vt 0.744908 0.555362
vt 0.804181 0.538730
vt 0.804181 0.555362
vt 0.761826 0.538730
vt 0.761826 0.555362
vt 0.736528 0.538729
vt 0.736528 0.555362
vt 0.761826 0.568022
vt 0.753309 0.568022
vt 0.821087 0.568022
vt 0.812686 0.568022
vt 0.744908 0.568022
vt 0.804181 0.568022
vt 0.736528 0.568022
vt 0.795779 0.568022
vt 0.871865 0.568022
vt 0.863463 0.568022
vt 0.787138 0.568022
vt 0.854934 0.568022
vt 0.778738 0.568022
vt 0.846533 0.568022
vt 0.770226 0.568022
vt 0.838004 0.568022
vt 0.829604 0.568022
vt 0.804181 0.581923
vt 0.795779 0.581923
vt 0.871865 0.581923
vt 0.863463 0.581923
vt 0.787138 0.581923
vt 0.854934 0.581923
vt 0.778738 0.581923
vt 0.846533 0.581923
vt 0.770226 0.581923
vt 0.838004 0.581923
vt 0.829604 0.581923
vt 0.761826 0.581923
vt 0.821087 0.581923
vt 0.753309 0.581923
vt 0.812686 0.581923
vt 0.744908 0.581923
vt 0.736528 0.581923
vt 0.206489 0.137801
vt 0.206489 0.101877
vt 0.267866 0.101877
vt 0.267866 0.137801
vt 0.605045 0.799497
vt 0.206489 0.173678
vt 0.267866 0.173678
vt 0.206489 0.210125
vt 0.267866 0.210125
vt 0.206489 0.246031
vt 0.267866 0.246031
vt 0.206489 0.281960
vt 0.267866 0.281960
vt 0.918598 0.079374
vt 0.918598 0.089039
vt 0.817312 0.087321
vt 0.206489 0.317308
vt 0.267866 0.317308
vt 0.206489 0.065896
vt 0.206489 0.029916
vt 0.267866 0.029916
vt 0.267866 0.065896
vt 0.918598 0.311673
vt 0.918598 0.321180
vt 0.817312 0.320196
vt 0.332612 0.101877
vt 0.332612 0.137801
vt 0.817312 0.166540
vt 0.918598 0.166569
vt 0.918598 0.176281
vt 0.332612 0.173678
vt 0.332612 0.210125
vt 0.332612 0.246031
vt 0.332612 0.281960
vt 0.332612 0.317308
vt 0.332612 0.029916
vt 0.332612 0.065896
vt 0.817312 0.049860
vt 0.918598 0.060071
vt 0.817312 0.068472
vt 0.817312 0.226590
vt 0.384150 0.101877
vt 0.384150 0.137801
vt 0.142767 0.946275
vt 0.124276 0.946275
vt 0.124276 0.929018
vt 0.142767 0.929018
vt 0.384150 0.173678
vt 0.384150 0.210125
vt 0.384150 0.246031
vt 0.384150 0.281960
vt 0.401642 0.946275
vt 0.383151 0.946275
vt 0.383151 0.929018
vt 0.401642 0.929018
vt 0.384150 0.317308
vt 0.031820 0.946275
vt 0.013329 0.946275
vt 0.013329 0.929018
vt 0.031820 0.929018
vt 0.384150 0.029916
vt 0.384150 0.065896
vt 0.586554 0.946275
vt 0.568062 0.946275
vt 0.568062 0.929018
vt 0.586554 0.929018
vt 0.430456 0.101877
vt 0.430456 0.137801
vt 0.918598 0.137447
vt 0.918598 0.147152
vt 0.817312 0.146313
vt 0.430456 0.173678
vt 0.430456 0.210125
vt 0.430456 0.246031
vt 0.430456 0.281960
vt 0.430456 0.317308
vt 0.918598 0.195699
vt 0.918598 0.205398
vt 0.817312 0.206845
vt 0.430457 0.029916
vt 0.430456 0.065896
vt 0.918598 0.021608
vt 0.918598 0.031192
vt 0.817312 0.031430
vt 0.327678 0.946275
vt 0.309187 0.946275
vt 0.309187 0.929018
vt 0.327678 0.929018
vt 0.497021 0.101877
vt 0.497021 0.137801
vt 0.918598 0.215097
vt 0.918598 0.224784
vt 0.497021 0.173678
vt 0.497021 0.210125
vt 0.497021 0.246031
vt 0.497021 0.281960
vt 0.497021 0.317308
vt 0.497021 0.029916
vt 0.497021 0.065896
vt 0.918598 0.040807
vt 0.918598 0.050431
vt 0.590078 0.101877
vt 0.590078 0.137801
vt 0.161258 0.946275
vt 0.161258 0.929018
vt 0.590078 0.173678
vt 0.549571 0.946275
vt 0.531080 0.946275
vt 0.531080 0.929018
vt 0.549571 0.929018
vt 0.590078 0.210125
vt 0.590078 0.246031
vt 0.590078 0.281960
vt 0.494098 0.946275
vt 0.475607 0.946275
vt 0.475607 0.929018
vt 0.494098 0.929018
vt 0.590078 0.317308
vt 0.198240 0.946275
vt 0.179749 0.946275
vt 0.179749 0.929018
vt 0.198240 0.929018
vt 0.590078 0.029916
vt 0.590078 0.065896
vt 0.605045 0.946275
vt 0.605045 0.929018
vt 0.661288 0.098996
vt 0.661288 0.136799
vt 0.918598 0.273151
vt 0.918598 0.282805
vt 0.817312 0.283358
vt 0.661288 0.175555
vt 0.605045 0.345410
vt 0.661288 0.216653
vt 0.661288 0.253301
vt 0.661288 0.287840
vt 0.661288 0.318133
vt 0.918598 0.292444
vt 0.918598 0.302073
vt 0.817312 0.301835
vt 0.661288 0.029369
vt 0.661288 0.063026
vt 0.290696 0.946275
vt 0.272204 0.946275
vt 0.272204 0.929018
vt 0.290696 0.929018
vt 0.729226 0.087874
vt 0.729226 0.106782
vt 0.729226 0.126278
vt 0.729226 0.146223
vt 0.729226 0.166448
vt 0.729226 0.186649
vt 0.729226 0.206583
vt 0.729226 0.226117
vt 0.729226 0.245055
vt 0.729226 0.263625
vt 0.729226 0.281890
vt 0.729226 0.299911
vt 0.729226 0.317950
vt 0.729226 0.015415
vt 0.729226 0.033298
vt 0.729226 0.051271
vt 0.729226 0.069440
vt 0.817312 0.106542
vt 0.817312 0.126261
vt 0.817312 0.186774
vt 0.817312 0.264698
vt 0.817312 0.013118
vt 0.918598 0.156858
vt 0.605045 0.484453
vt 0.918598 0.253822
vt 0.918598 0.263489
vt 0.918598 0.098704
vt 0.918598 0.108382
vt 0.605044 0.869067
vt 0.918598 0.118060
vt 0.068802 0.946275
vt 0.050311 0.946275
vt 0.050311 0.929018
vt 0.068802 0.929018
vt 0.253713 0.946275
vt 0.253713 0.929018
vt 0.364660 0.946275
vt 0.346169 0.946275
vt 0.346169 0.929018
vt 0.364660 0.929018
vt 0.235222 0.946275
vt 0.216731 0.946275
vt 0.216731 0.929018
vt 0.235222 0.929018
vt 0.457116 0.946275
vt 0.438624 0.946275
vt 0.438624 0.929018
vt 0.457116 0.929018
vt 0.512589 0.946275
vt 0.512589 0.929018
vt 0.420133 0.946275
vt 0.420133 0.929018
vt 0.105784 0.946275
vt 0.105784 0.929018
vt 0.087293 0.946275
vt 0.087293 0.929018
vt 0.065582 0.859390
vt 0.083248 0.859390
vt 0.083248 0.869158
vt 0.065582 0.869158
vt 0.047671 0.859390
vt 0.047671 0.869158
vt 0.030002 0.859390
vt 0.030002 0.869158
vt 0.012115 0.859390
vt 0.012115 0.869158
vt 0.279075 0.859390
vt 0.296745 0.859390
vt 0.296745 0.869158
vt 0.279075 0.869158
vt 0.260903 0.859390
vt 0.260903 0.869158
vt 0.243236 0.859390
vt 0.243236 0.869158
vt 0.225334 0.859390
vt 0.225334 0.869158
vt 0.207668 0.859390
vt 0.207668 0.869158
vt 0.189755 0.859390
vt 0.189755 0.869158
vt 0.172086 0.859390
vt 0.172086 0.869158
vt 0.154462 0.859390
vt 0.154462 0.869158
vt 0.136792 0.859390
vt 0.136792 0.869158
vt 0.118854 0.859390
vt 0.118854 0.869158
vt 0.101187 0.859390
vt 0.101187 0.869158
vt 0.953889 0.831899
vt 0.953889 0.849629
vt 0.942946 0.849629
vt 0.942946 0.831899
vt 0.953889 0.867604
vt 0.942946 0.867604
vt 0.953889 0.885336
vt 0.942946 0.885336
vt 0.953889 0.903288
vt 0.942945 0.903288
vt 0.953889 0.617637
vt 0.953889 0.635371
vt 0.942945 0.635371
vt 0.942945 0.617637
vt 0.953889 0.653607
vt 0.942945 0.653607
vt 0.953889 0.671338
vt 0.942945 0.671338
vt 0.953889 0.689304
vt 0.942945 0.689304
vt 0.953889 0.707033
vt 0.942945 0.707033
vt 0.953889 0.725010
vt 0.942945 0.725010
vt 0.953889 0.742742
vt 0.942945 0.742742
vt 0.953889 0.760430
vt 0.942945 0.760430
vt 0.953889 0.778163
vt 0.942945 0.778163
vt 0.953889 0.796166
vt 0.942945 0.796166
vt 0.953889 0.813896
vt 0.942946 0.813896
vt 0.977808 0.441975
vt 0.977808 0.409124
vt 0.987885 0.409124
vt 0.987885 0.441975
vt 0.977808 0.475281
vt 0.987885 0.475281
vt 0.977808 0.508138
vt 0.987885 0.508138
vt 0.977808 0.541401
vt 0.987885 0.541401
vt 0.977808 0.044974
vt 0.977808 0.012115
vt 0.987885 0.012115
vt 0.987885 0.044974
vt 0.977808 0.078765
vt 0.987885 0.078765
vt 0.977808 0.111618
vt 0.987885 0.111618
vt 0.977808 0.144908
vt 0.987885 0.144908
vt 0.977808 0.177758
vt 0.987885 0.177758
vt 0.977808 0.211068
vt 0.987885 0.211068
vt 0.977808 0.243924
vt 0.987885 0.243924
vt 0.977808 0.276697
vt 0.987885 0.276697
vt 0.977808 0.309555
vt 0.987885 0.309555
vt 0.977808 0.342913
vt 0.987885 0.342913
vt 0.977808 0.375765
vt 0.987885 0.375765
vt 0.953578 0.413521
vt 0.953578 0.446736
vt 0.942828 0.446736
vt 0.942828 0.413521
vt 0.953578 0.480411
vt 0.942828 0.480411
vt 0.953578 0.513632
vt 0.942828 0.513632
vt 0.953578 0.547263
vt 0.942828 0.547263
vt 0.953578 0.012115
vt 0.953578 0.045338
vt 0.942828 0.045338
vt 0.942828 0.012115
vt 0.953578 0.079503
vt 0.942828 0.079504
vt 0.953578 0.112720
vt 0.942828 0.112720
vt 0.953578 0.146379
vt 0.942828 0.146379
vt 0.953578 0.179593
vt 0.942828 0.179593
vt 0.953578 0.213272
vt 0.942828 0.213272
vt 0.953578 0.246492
vt 0.942828 0.246492
vt 0.953578 0.279627
vt 0.942828 0.279627
vt 0.953578 0.312849
vt 0.942828 0.312849
vt 0.953578 0.346577
vt 0.942828 0.346577
vt 0.953578 0.379793
vt 0.942828 0.379793
vt 0.761826 0.593407
vt 0.753309 0.593407
vt 0.821087 0.593407
vt 0.812686 0.593407
vt 0.744907 0.593407
vt 0.804181 0.593407
vt 0.736528 0.593407
vt 0.795779 0.593407
vt 0.871865 0.593407
vt 0.863463 0.593407
vt 0.787138 0.593407
vt 0.854934 0.593407
vt 0.778738 0.593407
vt 0.846533 0.593407
vt 0.770226 0.593407
vt 0.838004 0.593407
vt 0.829604 0.593407
vt 0.012117 0.065896
vt 0.012117 0.029916
vt 0.097421 0.029916
vt 0.097421 0.065896
vt 0.012154 0.210125
vt 0.012132 0.210125
vt 0.097421 0.210125
vt 0.012131 0.065896
vt 0.012154 0.246031
vt 0.097421 0.246031
vt 0.012150 0.101877
vt 0.012131 0.101877
vt 0.097421 0.101877
vt 0.012137 0.246031
vt 0.012150 0.137801
vt 0.097421 0.137801
vt 0.012137 0.281960
vt 0.097421 0.281960
vt 0.012159 0.137801
vt 0.012115 0.281960
vt 0.012159 0.173678
vt 0.097421 0.173678
vt 0.012115 0.317308
vt 0.097421 0.317308
vt 0.012132 0.173678
vt 0.012600 0.014747
vt 0.152798 0.281960
vt 0.152798 0.317308
vt 0.152798 0.173678
vt 0.152798 0.210125
vt 0.152798 0.029916
vt 0.152798 0.065896
vt 0.152798 0.246031
vt 0.152798 0.101877
vt 0.152798 0.137801
vt 0.605044 0.851717
vt 0.918598 0.069720
vt 0.918598 0.185989
vt 0.918598 0.127753
vt 0.918598 0.012115
s 1
usemtl Flawless_HORN
f 599/272/351 247/273/352 262/274/353 600/275/354
f 601/276/355 248/277/356 247/273/352 599/272/351
f 602/278/357 249/279/358 248/277/356 601/276/355
f 603/280/359 250/281/360 249/279/358 602/278/357
f 604/282/361 251/283/362 250/281/360 603/280/359
f 605/284/363 252/285/364 251/283/362 604/282/361
f 606/286/365 253/287/366 252/285/364 605/284/363
f 607/288/367 254/289/368 253/287/366 606/286/365
f 608/290/369 255/291/370 254/289/368 607/288/367
f 609/292/371 256/293/372 255/291/370 608/290/369
f 610/294/373 257/295/374 256/293/372 609/292/371
f 611/296/375 258/297/376 257/295/374 610/294/373
f 612/298/377 259/299/378 258/300/376 611/301/375
f 613/302/379 260/303/380 259/299/378 612/298/377
f 614/304/381 261/305/382 260/303/380 613/302/379
f 600/275/354 262/274/353 261/305/382 614/304/381
f 247/273/352 263/306/383 278/307/384 262/274/353
f 248/277/356 264/308/385 263/306/383 247/273/352
f 249/279/358 265/309/386 264/308/385 248/277/356
f 250/281/360 266/310/387 265/309/386 249/279/358
f 251/283/362 267/311/388 266/310/387 250/281/360
f 252/285/364 268/312/389 267/311/388 251/283/362
f 253/287/366 269/313/390 268/312/389 252/285/364
f 254/289/368 270/314/391 269/313/390 253/287/366
f 255/291/370 271/315/392 270/314/391 254/289/368
f 256/293/372 272/316/393 271/315/392 255/291/370
f 257/295/374 273/317/394 272/316/393 256/293/372
f 258/297/376 274/318/395 273/317/394 257/295/374
f 259/299/378 275/319/396 274/320/395 258/300/376
f 260/303/380 276/321/397 275/319/396 259/299/378
f 261/305/382 277/322/398 276/321/397 260/303/380
f 262/274/353 278/307/384 277/322/398 261/305/382
f 263/306/383 279/323/399 294/324/400 278/307/384
f 264/308/385 280/325/401 279/323/399 263/306/383
f 265/309/386 281/326/402 280/325/401 264/308/385
f 266/310/387 282/327/403 281/326/402 265/309/386
f 267/311/388 283/328/404 282/327/403 266/310/387
f 268/312/389 284/329/405 283/328/404 267/311/388
f 269/313/390 285/330/406 284/329/405 268/312/389
f 270/314/391 286/331/407 285/330/406 269/313/390
f 271/315/392 287/332/408 286/331/407 270/314/391
f 272/316/393 288/333/409 287/332/408 271/315/392
f 273/317/394 289/334/410 288/333/409 272/316/393
f 274/318/395 290/335/411 289/334/410 273/317/394
f 275/319/396 291/336/412 290/337/411 274/320/395
f 276/321/397 292/338/413 291/336/412 275/319/396
f 277/322/398 293/339/414 292/338/413 276/321/397
f 278/307/384 294/324/400 293/339/414 277/322/398
f 294/324/400 584/340/415 598/341/416 293/339/414
f 567/342/417 295/343/418 310/344/419 568/345/420
f 569/346/421 296/347/422 295/343/418 567/342/417
f 570/348/423 297/349/424 296/347/422 569/346/421
f 571/350/425 298/351/426 297/349/424 570/348/423
f 572/352/427 299/353/428 298/351/426 571/350/425
f 573/354/429 300/355/430 299/353/428 572/352/427
f 574/356/431 301/357/432 300/355/430 573/354/429
f 575/358/433 302/359/434 301/357/432 574/356/431
f 576/360/435 303/361/436 302/359/434 575/358/433
f 577/362/437 304/363/438 303/361/436 576/360/435
f 578/364/439 305/365/440 304/363/438 577/362/437
f 579/366/441 306/367/442 305/365/440 578/364/439
f 580/368/443 307/369/444 306/370/442 579/371/441
f 581/372/445 308/373/446 307/369/444 580/368/443
f 582/374/447 309/375/448 308/373/446 581/372/445
f 295/343/418 311/376/449 326/377/450 310/344/419
f 296/347/422 312/378/451 311/376/449 295/343/418
f 297/349/424 313/379/452 312/378/451 296/347/422
f 298/351/426 314/380/453 313/379/452 297/349/424
f 299/353/428 315/381/454 314/380/453 298/351/426
f 300/355/430 316/382/455 315/381/454 299/353/428
f 301/357/432 317/383/456 316/382/455 300/355/430
f 302/359/434 318/384/457 317/383/456 301/357/432
f 303/361/436 319/385/458 318/384/457 302/359/434
f 304/363/438 320/386/459 319/385/458 303/361/436
f 305/365/440 321/387/460 320/386/459 304/363/438
f 306/367/442 322/388/461 321/387/460 305/365/440
f 307/369/444 323/389/462 322/390/461 306/370/442
f 308/373/446 324/391/463 323/389/462 307/369/444
f 309/375/448 325/392/464 324/391/463 308/373/446
f 310/344/419 326/377/450 325/392/464 309/375/448
f 311/376/449 804/393/465 805/394/466 326/377/450
f 312/378/451 806/395/467 804/393/465 311/376/449
f 313/379/452 807/396/468 806/395/467 312/378/451
f 314/380/453 808/397/469 807/396/468 313/379/452
f 315/381/454 809/398/470 808/397/469 314/380/453
f 316/382/455 810/399/471 809/398/470 315/381/454
f 317/383/456 811/400/472 810/399/471 316/382/455
f 318/384/457 812/401/473 811/400/472 317/383/456
f 319/385/458 813/402/474 812/401/473 318/384/457
f 320/386/459 814/403/475 813/402/474 319/385/458
f 321/387/460 815/404/476 814/403/475 320/386/459
f 322/388/461 816/405/477 815/404/476 321/387/460
f 323/389/462 817/406/478 816/407/477 322/390/461
f 324/391/463 818/408/479 817/406/478 323/389/462
f 325/392/464 819/409/480 818/408/479 324/391/463
f 326/377/450 805/394/466 819/409/480 325/392/464
f 327/410/481 820/411/482 358/412/483 342/413/484
f 328/414/485 822/415/486 820/411/482 327/410/481
f 329/416/487 823/417/488 822/415/486 328/414/485
f 330/418/489 824/419/489 823/417/488 329/416/487
f 331/420/490 825/421/491 824/422/489 330/423/489
f 332/424/492 826/425/493 825/421/491 331/420/490
f 333/426/494 827/427/495 826/425/493 332/424/492
f 334/428/496 828/429/497 827/427/495 333/426/494
f 335/430/498 829/431/499 828/429/497 334/428/496
f 336/432/500 830/433/501 829/431/499 335/430/498
f 337/434/502 831/435/503 830/433/501 336/432/500
f 338/436/504 832/437/504 831/435/503 337/434/502
f 339/438/505 833/439/506 832/437/504 338/436/504
f 340/440/507 834/441/508 833/439/506 339/438/505
f 341/442/509 835/443/510 834/441/508 340/440/507
f 342/413/484 358/412/483 835/443/510 341/442/509
f 343/444/511 359/445/512 374/446/513 821/447/514
f 344/448/515 360/449/516 359/445/512 343/444/511
f 345/450/517 361/451/518 360/449/516 344/448/515
f 346/452/519 362/453/520 361/451/518 345/450/517
f 347/454/521 363/455/522 362/453/520 346/452/519
f 348/456/523 364/457/524 363/455/522 347/454/521
f 349/458/525 365/459/526 364/457/524 348/456/523
f 350/460/527 366/461/528 365/459/526 349/458/525
f 351/462/529 367/463/530 366/461/528 350/460/527
f 352/464/531 368/465/532 367/463/530 351/462/529
f 353/466/533 369/467/534 368/465/532 352/464/531
f 354/468/535 370/469/536 369/467/534 353/466/533
f 355/470/537 371/471/538 370/472/536 354/473/535
f 356/474/539 372/475/540 371/471/538 355/470/537
f 357/476/541 373/477/542 372/475/540 356/474/539
f 821/447/514 374/446/513 373/477/542 357/476/541
f 359/445/512 375/478/543 390/479/544 374/446/513
f 360/449/516 376/480/545 375/478/543 359/445/512
f 361/451/518 377/481/546 376/480/545 360/449/516
f 362/453/520 378/482/547 377/481/546 361/451/518
f 363/455/522 379/483/548 378/482/547 362/453/520
f 364/457/524 380/484/549 379/483/548 363/455/522
f 365/459/526 381/485/550 380/484/549 364/457/524
f 366/461/528 382/486/551 381/485/550 365/459/526
f 367/463/530 383/487/552 382/486/551 366/461/528
f 368/465/532 384/488/553 383/487/552 367/463/530
f 369/467/534 385/489/554 384/488/553 368/465/532
f 370/469/536 386/490/555 385/489/554 369/467/534
f 371/471/538 387/491/556 386/492/555 370/472/536
f 372/475/540 388/493/557 387/491/556 371/471/538
f 373/477/542 389/494/558 388/493/557 372/475/540
f 374/446/513 390/479/544 389/494/558 373/477/542
f 375/478/543 391/495/559 406/496/560 390/479/544
f 376/480/545 392/497/561 391/495/559 375/478/543
f 377/481/546 393/498/562 392/497/561 376/480/545
f 378/482/547 394/499/563 393/498/562 377/481/546
f 379/483/548 395/500/564 394/499/563 378/482/547
f 380/484/549 396/501/565 395/500/564 379/483/548
f 381/485/550 397/502/566 396/501/565 380/484/549
f 382/486/551 398/503/567 397/502/566 381/485/550
f 383/487/552 399/504/568 398/503/567 382/486/551
f 384/488/553 400/505/569 399/504/568 383/487/552
f 385/489/554 401/506/570 400/505/569 384/488/553
f 386/490/555 402/507/571 401/506/570 385/489/554
f 387/491/556 403/508/572 402/509/571 386/492/555
f 388/493/557 404/510/573 403/508/572 387/491/556
f 389/494/558 405/511/574 404/510/573 388/493/557
f 390/479/544 406/496/560 405/511/574 389/494/558
f 391/495/559 407/512/575 422/513/576 406/496/560
f 392/497/561 408/514/577 407/512/575 391/495/559
f 393/498/562 409/515/578 408/514/577 392/497/561
f 394/499/563 410/516/579 409/515/578 393/498/562
f 395/500/564 411/517/580 410/516/579 394/499/563
f 396/501/565 412/518/581 411/517/580 395/500/564
f 397/502/566 413/519/582 412/518/581 396/501/565
f 398/503/567 414/520/583 413/519/582 397/502/566
f 399/504/568 415/521/584 414/520/583 398/503/567
f 400/505/569 416/522/585 415/521/584 399/504/568
f 401/506/570 417/523/586 416/522/585 400/505/569
f 402/507/571 418/524/587 417/523/586 401/506/570
f 403/508/572 419/525/588 418/526/587 402/509/571
f 404/510/573 420/527/589 419/525/588 403/508/572
f 405/511/574 421/528/590 420/527/589 404/510/573
f 406/496/560 422/513/576 421/528/590 405/511/574
f 407/512/575 423/529/591 438/530/592 422/513/576
f 408/514/577 424/531/593 423/529/591 407/512/575
f 409/515/578 425/532/594 424/531/593 408/514/577
f 410/516/579 426/533/595 425/532/594 409/515/578
f 411/517/580 427/534/596 426/533/595 410/516/579
f 412/518/581 428/535/597 427/534/596 411/517/580
f 413/519/582 429/536/598 428/535/597 412/518/581
f 414/520/583 430/537/599 429/536/598 413/519/582
f 415/521/584 431/538/600 430/537/599 414/520/583
f 416/522/585 432/539/601 431/538/600 415/521/584
f 417/523/586 433/540/602 432/539/601 416/522/585
f 418/524/587 434/541/603 433/540/602 417/523/586
f 419/525/588 435/542/604 434/543/603 418/526/587
f 420/527/589 436/544/605 435/542/604 419/525/588
f 421/528/590 437/545/606 436/544/605 420/527/589
f 422/513/576 438/530/592 437/545/606 421/528/590
f 423/529/591 439/546/607 454/547/608 438/530/592
f 424/531/593 440/548/609 439/546/607 423/529/591
f 425/532/594 441/549/610 440/548/609 424/531/593
f 426/533/595 442/550/611 441/549/610 425/532/594
f 427/534/596 443/551/612 442/550/611 426/533/595
f 428/535/597 444/552/613 443/551/612 427/534/596
f 429/536/598 445/553/614 444/552/613 428/535/597
f 430/537/599 446/554/615 445/553/614 429/536/598
f 431/538/600 447/555/616 446/554/615 430/537/599
f 432/539/601 448/556/617 447/555/616 431/538/600
f 433/540/602 449/557/618 448/556/617 432/539/601
f 434/541/603 450/558/619 449/557/618 433/540/602
f 435/542/604 451/559/620 450/560/619 434/543/603
f 436/544/605 452/561/621 451/559/620 435/542/604
f 437/545/606 453/562/622 452/561/621 436/544/605
f 438/530/592 454/547/608 453/562/622 437/545/606
f 439/546/607 455/563/623 470/564/624 454/547/608
f 440/548/609 456/565/625 455/563/623 439/546/607
f 441/549/610 457/566/626 456/565/625 440/548/609
f 442/550/611 458/567/627 457/566/626 441/549/610
f 443/551/612 459/568/628 458/567/627 442/550/611
f 444/552/613 460/569/629 459/568/628 443/551/612
f 445/553/614 461/570/630 460/569/629 444/552/613
f 446/554/615 462/571/631 461/570/630 445/553/614
f 447/555/616 463/572/632 462/571/631 446/554/615
f 448/556/617 464/573/633 463/572/632 447/555/616
f 449/557/618 465/574/634 464/573/633 448/556/617
f 450/558/619 466/575/635 465/574/634 449/557/618
f 451/559/620 467/576/636 466/577/635 450/560/619
f 452/561/621 468/578/637 467/576/636 451/559/620
f 453/562/622 469/579/638 468/578/637 452/561/621
f 454/547/608 470/564/624 469/579/638 453/562/622
f 455/563/623 836/580/639 837/581/640 470/564/624
f 456/565/625 838/582/641 836/580/639 455/563/623
f 457/566/626 839/583/642 838/582/641 456/565/625
f 458/567/627 840/584/643 839/583/642 457/566/626
f 459/568/628 841/585/644 840/584/643 458/567/627
f 460/569/629 842/586/645 841/585/644 459/568/628
f 461/570/630 843/587/646 842/586/645 460/569/629
f 462/571/631 844/588/647 843/587/646 461/570/630
f 463/572/632 845/589/648 844/588/647 462/571/631
f 464/573/633 846/590/649 845/589/648 463/572/632
f 465/574/634 847/591/650 846/590/649 464/573/633
f 466/575/635 848/592/651 847/591/650 465/574/634
f 467/576/636 849/593/652 848/594/651 466/577/635
f 468/578/637 850/595/653 849/593/652 467/576/636
f 469/579/638 851/596/654 850/595/653 468/578/637
f 470/564/624 837/581/640 851/596/654 469/579/638
f 471/597/655 852/598/656 502/599/657 486/600/658
f 472/601/659 854/602/660 852/598/656 471/597/655
f 473/603/661 855/604/662 854/602/660 472/601/659
f 474/605/663 856/606/663 855/604/662 473/603/661
f 475/607/664 857/608/665 856/609/663 474/610/663
f 476/611/666 858/612/667 857/608/665 475/607/664
f 477/613/668 859/614/669 858/612/667 476/611/666
f 478/615/670 860/616/671 859/614/669 477/613/668
f 479/617/672 861/618/673 860/616/671 478/615/670
f 480/619/674 862/620/675 861/618/673 479/617/672
f 481/621/676 863/622/677 862/620/675 480/619/674
f 482/623/678 864/624/678 863/622/677 481/621/676
f 483/625/679 865/626/680 864/624/678 482/623/678
f 484/627/681 866/628/682 865/626/680 483/625/679
f 485/629/683 867/630/684 866/628/682 484/627/681
f 486/600/658 502/599/657 867/630/684 485/629/683
f 487/631/685 503/632/686 518/633/687 853/634/688
f 488/635/689 504/636/690 503/632/686 487/631/685
f 489/637/691 505/638/692 504/636/690 488/635/689
f 490/639/693 506/640/694 505/638/692 489/637/691
f 491/641/695 507/642/696 506/640/694 490/639/693
f 492/643/697 508/644/698 507/642/696 491/641/695
f 493/645/699 509/646/700 508/644/698 492/643/697
f 494/647/701 510/648/702 509/646/700 493/645/699
f 495/649/703 511/650/704 510/648/702 494/647/701
f 496/651/705 512/652/706 511/650/704 495/649/703
f 497/653/707 513/654/708 512/652/706 496/651/705
f 498/655/709 514/656/710 513/654/708 497/653/707
f 499/657/711 515/658/712 514/659/710 498/660/709
f 500/661/713 516/662/714 515/658/712 499/657/711
f 501/663/715 517/664/716 516/662/714 500/661/713
f 853/634/688 518/633/687 517/664/716 501/663/715
f 503/632/686 519/665/717 534/666/718 518/633/687
f 504/636/690 520/667/719 519/665/717 503/632/686
f 505/638/692 521/668/720 520/667/719 504/636/690
f 506/640/694 522/669/721 521/668/720 505/638/692
f 507/642/696 523/670/722 522/669/721 506/640/694
f 508/644/698 524/671/723 523/670/722 507/642/696
f 509/646/700 525/672/724 524/671/723 508/644/698
f 510/648/702 526/673/725 525/672/724 509/646/700
f 511/650/704 527/674/726 526/673/725 510/648/702
f 512/652/706 528/675/727 527/674/726 511/650/704
f 513/654/708 529/676/728 528/675/727 512/652/706
f 514/656/710 530/677/729 529/676/728 513/654/708
f 515/658/712 531/678/730 530/679/729 514/659/710
f 516/662/714 532/680/731 531/678/730 515/658/712
f 517/664/716 533/681/732 532/680/731 516/662/714
f 518/633/687 534/666/718 533/681/732 517/664/716
f 519/665/717 535/682/733 550/683/734 534/666/718
f 520/667/719 536/684/735 535/682/733 519/665/717
f 521/668/720 537/685/736 536/684/735 520/667/719
f 522/669/721 538/686/737 537/685/736 521/668/720
f 523/670/722 539/687/738 538/686/737 522/669/721
f 524/671/723 540/688/739 539/687/738 523/670/722
f 525/672/724 541/689/740 540/688/739 524/671/723
f 526/673/725 542/690/741 541/689/740 525/672/724
f 527/674/726 543/691/742 542/690/741 526/673/725
f 528/675/727 544/692/743 543/691/742 527/674/726
f 529/676/728 545/693/744 544/692/743 528/675/727
f 530/677/729 546/694/745 545/693/744 529/676/728
f 531/678/730 547/695/746 546/696/745 530/679/729
f 532/680/731 548/697/747 547/695/746 531/678/730
f 533/681/732 549/698/748 548/697/747 532/680/731
f 534/666/718 550/683/734 549/698/748 533/681/732
f 891/699/749 562/700/750 546/696/745
f 729/701/751 555/702/752 539/687/738
f 901/703/753 551/704/754 535/682/733
f 913/705/755 566/706/756 550/683/734
f 707/707/757 557/708/758 541/689/740
f 543/691/742 696/709/759 542/690/741
f 751/710/760 553/711/761 537/685/736
f 915/712/762 560/713/763 544/692/743
f 740/714/764 554/715/765 538/686/737
f 755/716/766 796/717/767 780/718/768
f 742/719/769 564/720/770 548/697/747
f 718/721/771 556/722/772 540/688/739
f 685/723/773 559/724/774 543/691/742
f 889/725/775 552/726/776 536/684/735
f 550/683/734 731/727/777 549/698/748
f 903/728/778 561/729/779 545/693/744
f 584/340/780 568/730/781 582/731/782 598/341/783
f 598/341/783 582/731/782 581/732/784 597/733/785
f 597/733/785 581/732/784 580/734/786 596/735/787
f 596/735/787 580/734/786 579/736/788 595/737/788
f 595/738/788 579/739/788 578/740/789 594/741/790
f 594/741/790 578/740/789 577/742/791 593/743/792
f 593/743/792 577/742/791 576/744/793 592/745/794
f 592/745/794 576/744/793 575/746/795 591/747/796
f 591/747/796 575/746/795 574/748/797 590/749/798
f 590/749/798 574/748/797 573/750/799 589/751/800
f 589/751/800 573/750/799 572/752/801 588/753/802
f 588/753/802 572/752/801 571/754/803 587/755/803
f 587/755/803 571/754/803 570/756/804 586/757/805
f 586/757/805 570/756/804 569/758/806 585/759/807
f 585/759/807 569/758/806 567/760/808 583/761/809
f 583/761/809 567/760/808 568/730/781 584/340/780
f 279/323/399 583/761/810 584/340/415 294/324/400
f 280/325/401 585/759/811 583/761/810 279/323/399
f 281/326/402 586/757/812 585/759/811 280/325/401
f 282/327/403 587/755/813 586/757/812 281/326/402
f 283/328/404 588/753/814 587/755/813 282/327/403
f 284/329/405 589/751/815 588/753/814 283/328/404
f 285/330/406 590/749/816 589/751/815 284/329/405
f 286/331/407 591/747/817 590/749/816 285/330/406
f 287/332/408 592/745/818 591/747/817 286/331/407
f 288/333/409 593/743/819 592/745/818 287/332/408
f 289/334/410 594/741/820 593/743/819 288/333/409
f 290/335/411 595/738/821 594/741/820 289/334/410
f 291/336/412 596/735/822 595/737/821 290/337/411
f 292/338/413 597/733/823 596/735/822 291/336/412
f 293/339/414 598/341/416 597/733/823 292/338/413
f 246/762/824 600/275/354 614/304/381 245/763/825
f 245/763/825 614/304/381 613/302/379 244/764/826
f 244/764/826 613/302/379 612/298/377 243/765/827
f 243/765/827 612/298/377 611/301/375 242/766/828
f 242/767/828 611/296/375 610/294/373 241/768/829
f 241/768/829 610/294/373 609/292/371 240/769/830
f 240/769/830 609/292/371 608/290/369 239/770/831
f 239/770/831 608/290/369 607/288/367 238/771/832
f 238/771/832 607/288/367 606/286/365 237/772/833
f 237/772/833 606/286/365 605/284/363 236/773/834
f 236/773/834 605/284/363 604/282/361 235/774/835
f 235/774/835 604/282/361 603/280/359 234/775/836
f 234/775/836 603/280/359 602/278/357 233/776/837
f 233/776/837 602/278/357 601/276/355 232/777/838
f 232/777/838 601/276/355 599/272/351 231/778/839
f 231/778/839 599/272/351 600/275/354 246/762/824
f 632/779/840 631/780/841 628/781/842 629/782/843
f 634/783/844 633/784/845 616/785/846 617/786/847
f 636/787/848 635/788/849 621/789/850 622/790/851
f 638/791/852 637/792/853 630/793/854 615/794/855
f 640/795/856 639/796/857 626/797/858 627/798/859
f 642/799/860 641/800/861 619/801/862 620/802/863
f 644/803/864 643/804/865 624/805/866 625/806/867
f 637/792/853 632/779/840 629/782/843 630/793/854
f 645/807/868 634/783/844 617/786/847 618/808/869
f 646/809/870 636/787/848 622/790/851 623/810/871
f 631/780/841 640/795/856 627/798/859 628/781/842
f 633/784/845 638/791/852 615/794/855 616/785/846
f 635/788/849 642/799/860 620/802/863 621/789/850
f 639/811/857 644/803/864 625/806/867 626/812/858
f 641/800/861 645/807/868 618/808/869 619/801/862
f 643/804/865 646/809/870 623/810/871 624/805/866
f 240/769/830 239/770/831 646/809/870 643/804/865
f 235/774/835 234/775/836 645/807/868 641/800/861
f 242/767/828 241/768/829 644/803/864 639/811/857
f 237/772/833 236/773/834 642/799/860 635/788/849
f 232/777/838 231/778/839 638/791/852 633/784/845
f 244/764/826 243/765/827 640/795/856 631/780/841
f 239/770/831 238/771/832 636/787/848 646/809/870
f 234/775/836 233/776/837 634/783/844 645/807/868
f 246/762/824 245/763/825 632/779/840 637/792/853
f 241/768/829 240/769/830 643/804/865 644/803/864
f 236/773/834 235/774/835 641/800/861 642/799/860
f 243/765/827 242/766/828 639/796/857 640/795/856
f 231/778/839 246/762/824 637/792/853 638/791/852
f 238/771/832 237/772/833 635/788/849 636/787/848
f 233/776/837 232/777/838 633/784/845 634/783/844
f 245/763/825 244/764/826 631/780/841 632/779/840
f 624/805/866 623/810/871 655/813/872 656/814/873
f 617/786/847 616/785/846 648/815/874 649/816/875
f 625/806/867 624/805/866 656/814/873 657/817/876
f 618/808/869 617/786/847 649/816/875 650/818/877
f 626/812/858 625/806/867 657/817/876 658/819/878
f 619/801/862 618/808/869 650/818/877 651/820/879
f 627/798/859 626/797/858 658/821/878 659/822/880
f 620/802/863 619/801/862 651/820/879 652/823/881
f 628/781/842 627/798/859 659/822/880 660/824/882
f 621/789/850 620/802/863 652/823/881 653/825/883
f 629/782/843 628/781/842 660/824/882 661/826/884
f 622/790/851 621/789/850 653/825/883 654/827/885
f 615/794/855 630/793/854 662/828/886 647/829/887
f 630/793/854 629/782/843 661/826/884 662/828/886
f 623/810/871 622/790/851 654/827/885 655/813/872
f 616/785/846 615/794/855 647/829/887 648/815/874
f 651/820/879 650/818/877 666/830/888 667/831/889
f 659/822/880 658/821/878 674/832/890 675/833/891
f 652/823/881 651/820/879 667/831/889 668/834/892
f 660/824/882 659/822/880 675/833/891 676/835/893
f 653/825/883 652/823/881 668/834/892 669/836/894
f 661/826/884 660/824/882 676/835/893 677/837/895
f 654/827/885 653/825/883 669/836/894 670/838/896
f 647/829/887 662/828/886 678/839/897 663/840/898
f 662/828/886 661/826/884 677/837/895 678/839/897
f 655/813/872 654/827/885 670/838/896 671/841/899
f 648/815/874 647/829/887 663/840/898 664/842/900
f 656/814/873 655/813/872 671/841/899 672/843/901
f 649/816/875 648/815/874 664/842/900 665/844/902
f 657/817/876 656/814/873 672/843/901 673/845/903
f 650/818/877 649/816/875 665/844/902 666/830/888
f 658/819/878 657/817/876 673/845/903 674/846/890
f 908/847/904 918/848/905 679/849/906 680/850/907
f 549/698/748 565/851/908 742/719/769
f 909/852/909 908/847/904 680/850/907 681/853/910
f 910/854/911 909/852/909 681/853/910 682/855/912
f 911/856/913 910/854/911 682/855/912 683/857/914
f 912/858/915 911/856/913 683/857/914 684/859/916
f 895/860/917 788/861/918 772/862/919
f 914/863/920 912/858/915 684/859/916 686/864/921
f 541/689/740 557/708/758 718/721/771
f 916/865/922 914/866/920 686/867/921 688/868/923
f 711/869/924 800/870/925 784/871/926
f 918/848/905 916/865/922 688/868/923 679/849/906
f 679/849/906 690/872/927 691/873/928 680/850/907
f 776/874/929 792/875/930 917/876/931
f 680/850/907 691/873/928 692/877/932 681/853/910
f 681/853/910 692/877/932 693/878/933 682/855/912
f 682/855/912 693/878/933 694/879/934 683/857/914
f 683/857/914 694/879/934 695/880/935 684/859/916
f 539/687/738 555/702/752 740/714/764
f 684/859/916 695/880/935 697/881/936 686/864/921
f 731/727/777 565/851/908 549/698/748
f 686/867/921 697/882/936 699/883/937 688/868/923
f 786/884/938 907/885/939 787/886/940
f 688/868/923 699/883/937 690/872/927 679/849/906
f 780/718/768 779/887/941 755/716/766
f 772/862/919 787/886/940 895/860/917
f 691/873/928 690/872/927 701/888/942 702/889/943
f 696/890/944 559/891/945 797/892/946 744/893/947
f 692/877/932 691/873/928 702/889/943 703/894/948
f 693/878/933 692/877/932 703/894/948 704/895/949
f 694/879/934 693/878/933 704/895/949 705/896/950
f 695/880/935 694/879/934 705/896/950 706/897/951
f 901/898/952 552/899/953 790/900/953 709/901/952
f 697/881/936 695/880/935 706/897/951 708/902/954
f 903/903/955 562/904/956 800/905/956 711/906/955
f 699/883/937 697/882/936 708/907/954 710/908/957
f 891/909/958 563/910/959 801/911/959 700/912/958
f 690/872/927 699/883/937 710/908/957 701/888/942
f 701/888/942 712/913/960 713/914/961 702/889/943
f 698/915/962 791/916/963 775/917/964
f 702/889/943 713/914/961 714/918/965 703/894/948
f 703/894/948 714/918/965 715/919/966 704/895/949
f 704/895/949 715/919/966 716/920/967 705/896/950
f 705/896/950 716/920/967 717/921/968 706/897/951
f 543/691/742 544/692/743 685/723/773
f 706/897/951 717/921/968 719/922/969 708/902/954
f 905/923/970 794/924/971 778/925/972
f 708/907/954 719/926/969 721/927/973 710/908/957
f 700/928/974 801/929/975 785/930/976
f 710/908/957 721/927/973 712/913/960 701/888/942
f 751/931/977 554/932/978 792/933/978 687/934/977
f 712/913/960 723/935/979 724/936/980 713/914/961
f 893/937/981 795/938/982 779/887/941
f 713/914/961 724/936/980 725/939/983 714/918/965
f 714/918/965 725/939/983 726/940/984 715/919/966
f 715/919/966 726/940/984 727/941/985 716/920/967
f 716/920/967 727/941/985 728/942/986 717/921/968
f 537/685/736 553/711/761 889/725/775
f 717/921/968 728/942/986 730/943/987 719/922/969
f 546/696/745 547/695/746 891/699/749
f 719/926/969 730/944/987 732/945/988 721/927/973
f 689/946/989 802/947/990 786/884/938
f 721/927/973 732/945/988 723/935/979 712/913/960
f 779/887/941 795/938/982 755/716/766
f 723/935/979 734/948/991 735/949/992 724/936/980
f 558/950/993 696/890/944 744/893/947 796/951/993
f 724/936/980 735/949/992 736/952/994 725/939/983
f 753/953/995 564/954/996 802/955/996 689/956/995
f 725/939/983 736/952/994 737/957/997 726/940/984
f 726/940/984 737/957/997 738/958/998 727/941/985
f 727/941/985 738/958/998 739/959/999 728/942/986
f 565/960/1000 731/961/1001 895/962/1001 803/963/1002
f 728/942/986 739/959/999 741/964/1003 730/943/987
f 557/965/1004 707/966/1005 755/967/1005 795/968/1006
f 730/944/987 741/969/1003 743/970/1007 732/945/988
f 562/971/956 891/909/958 700/912/958 800/972/956
f 732/945/988 743/970/1007 734/948/991 723/935/979
f 545/693/744 546/694/745 903/728/778
f 734/948/991 745/973/1008 746/974/1009 735/949/992
f 733/975/1010 798/976/1011 782/977/1012
f 735/949/992 746/974/1009 747/978/1013 736/952/994
f 546/694/745 562/979/750 903/728/778
f 736/952/994 747/978/1013 748/980/1014 737/957/997
f 737/957/997 748/980/1014 749/981/1015 738/958/998
f 738/958/998 749/981/1015 750/982/1016 739/959/999
f 536/684/735 537/685/736 889/725/775
f 739/959/999 750/982/1016 752/983/1017 741/964/1003
f 722/984/1018 799/985/1019 783/986/1020
f 741/969/1003 752/987/1017 754/988/1021 743/970/1007
f 544/692/743 560/713/763 685/723/773
f 743/970/1007 754/988/1021 745/973/1008 734/948/991
f 740/989/1022 555/990/1023 793/991/1023 917/992/1022
f 745/973/1008 756/993/1024 757/994/1025
f 746/974/1009 745/973/1008 757/994/1025 758/995/1026
f 746/974/1009 758/995/1026 759/996/1027
f 747/978/1013 746/974/1009 759/996/1027 760/997/1028
f 747/978/1013 760/997/1028 761/998/1029
f 748/980/1014 747/978/1013 761/998/1029 762/999/1030
f 748/980/1014 762/999/1030 763/1000/1031
f 749/981/1015 748/980/1014 763/1000/1031 764/1001/1032
f 749/981/1015 764/1001/1032 765/1002/1033
f 750/982/1016 749/981/1015 765/1002/1033 766/1003/1034
f 750/982/1016 766/1003/1034 767/1004/1035
f 752/983/1017 750/982/1016 767/1004/1035 768/1005/1036
f 752/987/1017 768/1006/1036 769/1007/1037
f 754/988/1021 752/987/1017 769/1007/1037 770/1008/1038
f 754/988/1021 770/1008/1038 771/1009/1039
f 745/973/1008 754/988/1021 771/1009/1039 756/993/1024
f 757/994/1025 773/1010/1040 774/1011/1041 758/995/1026
f 758/995/1026 774/1011/1041 775/917/964 759/996/1027
f 759/996/1027 775/917/964 776/874/929 760/997/1028
f 760/997/1028 776/874/929 777/1012/1042 761/998/1029
f 761/998/1029 777/1012/1042 778/925/972 762/999/1030
f 762/999/1030 778/925/972 779/887/941 763/1000/1031
f 763/1000/1031 779/887/941 780/718/768 764/1001/1032
f 764/1001/1032 780/718/768 781/1013/1043 765/1002/1033
f 765/1002/1033 781/1013/1043 782/977/1012 766/1003/1034
f 766/1003/1034 782/977/1012 783/986/1020 767/1004/1035
f 767/1004/1035 783/986/1020 784/871/926 768/1005/1036
f 768/1006/1036 784/1014/926 785/930/976 769/1007/1037
f 769/1007/1037 785/930/976 786/884/938 770/1008/1038
f 770/1008/1038 786/884/938 787/886/940 771/1009/1039
f 771/1009/1039 787/886/940 772/862/919 756/993/1024
f 687/1015/1044 792/875/930 776/874/929
f 542/690/741 558/1016/1045 707/707/757
f 537/685/736 538/686/737 751/710/760
f 744/1017/1046 797/1018/1047 781/1013/1043
f 720/1019/1048 789/1020/1049 773/1010/1040
f 536/684/735 552/726/776 901/703/753
f 538/686/737 539/687/738 740/714/764
f 559/724/774 696/709/759 543/691/742
f 550/683/734 535/682/733 913/705/755
f 547/695/746 563/1021/1050 891/699/749
f 545/693/744 561/729/779 915/712/762
f 535/682/733 551/704/754 913/705/755
f 539/687/738 540/688/739 729/701/751
f 773/1010/1040 709/1022/1051 774/1011/1041
f 541/689/740 542/690/741 707/707/757
f 756/993/1024 772/862/919 773/1010/1040 757/994/1025
f 554/932/978 740/989/1022 917/992/1022 792/933/978
f 915/1023/1052 561/1024/1053 799/1025/1053 722/1026/1052
f 555/990/1023 729/1027/1054 905/1028/1054 793/991/1023
f 889/1029/1055 553/1030/1056 791/1031/1056 698/1032/1055
f 556/1033/1057 718/1034/1058 893/1035/1058 794/1036/1057
f 566/1037/1059 913/1038/1060 720/1039/1060 788/1040/1059
f 563/910/959 753/953/995 689/956/995 801/911/959
f 729/1027/1054 556/1033/1057 794/1036/1057 905/1028/1054
f 564/954/996 742/1041/1061 907/1042/1061 802/955/996
f 551/1043/1062 901/898/952 709/901/952 789/1044/1063
f 913/1038/1060 551/1043/1062 789/1044/1063 720/1039/1060
f 707/966/1005 558/950/993 796/951/993 755/967/1005
f 552/899/953 889/1029/1055 698/1032/1055 790/900/953
f 559/891/945 685/1045/1064 733/1046/1064 797/892/946
f 731/961/1001 566/1037/1059 788/1040/1059 895/962/1001
f 560/1047/1065 915/1023/1052 722/1026/1052 798/1048/1065
f 327/1049/1066 342/1050/1067 805/1051/1068 804/1052/1069
f 328/1053/1070 327/1049/1066 804/1052/1069 806/1054/1071
f 329/1055/1072 328/1053/1070 806/1054/1071 807/1056/1073
f 330/1057/1074 329/1055/1072 807/1056/1073 808/1058/1074
f 331/1059/1075 330/1060/1074 808/1061/1074 809/1062/1076
f 332/1063/1077 331/1059/1075 809/1062/1076 810/1064/1078
f 333/1065/1079 332/1063/1077 810/1064/1078 811/1066/1080
f 334/1067/1081 333/1065/1079 811/1066/1080 812/1068/1082
f 335/1069/1083 334/1067/1081 812/1068/1082 813/1070/1084
f 336/1071/1085 335/1069/1083 813/1070/1084 814/1072/1086
f 337/1073/1087 336/1071/1085 814/1072/1086 815/1074/1087
f 338/1075/1088 337/1073/1087 815/1074/1087 816/1076/1088
f 339/1077/1089 338/1075/1088 816/1076/1088 817/1078/1089
f 340/1079/1090 339/1077/1089 817/1078/1089 818/1080/1090
f 341/1081/1091 340/1079/1090 818/1080/1090 819/1082/1092
f 342/1050/1067 341/1081/1091 819/1082/1092 805/1051/1068
f 358/1083/1093 820/1084/1094 343/1085/1095 821/1086/1096
f 820/1084/1094 822/1087/1097 344/1088/1097 343/1085/1095
f 822/1087/1097 823/1089/1098 345/1090/1098 344/1088/1097
f 823/1089/1098 824/1091/1099 346/1092/1099 345/1090/1098
f 824/1093/1099 825/1094/1100 347/1095/1100 346/1096/1099
f 825/1094/1100 826/1097/1101 348/1098/1101 347/1095/1100
f 826/1097/1101 827/1099/1102 349/1100/1103 348/1098/1101
f 827/1099/1102 828/1101/1104 350/1102/1105 349/1100/1103
f 828/1101/1104 829/1103/1106 351/1104/1107 350/1102/1105
f 829/1103/1106 830/1105/1108 352/1106/1109 351/1104/1107
f 830/1105/1108 831/1107/1110 353/1108/1110 352/1106/1109
f 831/1107/1110 832/1109/1111 354/1110/1111 353/1108/1110
f 832/1109/1111 833/1111/1112 355/1112/1112 354/1110/1111
f 833/1111/1112 834/1113/1113 356/1114/1114 355/1112/1112
f 834/1113/1113 835/1115/1115 357/1116/1116 356/1114/1114
f 835/1115/1115 358/1083/1093 821/1086/1096 357/1116/1116
f 471/1117/1117 486/1118/1118 837/1119/1119 836/1120/1120
f 472/1121/1121 471/1117/1117 836/1120/1120 838/1122/1122
f 473/1123/1123 472/1121/1121 838/1122/1122 839/1124/1124
f 474/1125/1125 473/1123/1123 839/1124/1124 840/1126/1125
f 475/1127/1126 474/1128/1125 840/1129/1125 841/1130/1127
f 476/1131/1128 475/1127/1126 841/1130/1127 842/1132/1129
f 477/1133/1130 476/1131/1128 842/1132/1129 843/1134/1131
f 478/1135/1132 477/1133/1130 843/1134/1131 844/1136/1133
f 479/1137/1134 478/1135/1132 844/1136/1133 845/1138/1135
f 480/1139/1136 479/1137/1134 845/1138/1135 846/1140/1137
f 481/1141/1138 480/1139/1136 846/1140/1137 847/1142/1139
f 482/1143/1140 481/1141/1138 847/1142/1139 848/1144/1140
f 483/1145/1141 482/1143/1140 848/1144/1140 849/1146/1142
f 484/1147/1143 483/1145/1141 849/1146/1142 850/1148/1144
f 485/1149/1145 484/1147/1143 850/1148/1144 851/1150/1146
f 486/1118/1118 485/1149/1145 851/1150/1146 837/1119/1119
f 502/1151/1147 852/1152/1148 487/1153/1148 853/1154/1147
f 852/1152/1148 854/1155/1149 488/1156/1149 487/1153/1148
f 854/1155/1149 855/1157/1150 489/1158/1151 488/1156/1149
f 855/1157/1150 856/1159/1152 490/1160/1152 489/1158/1151
f 856/1161/1152 857/1162/1153 491/1163/1154 490/1164/1152
f 857/1162/1153 858/1165/1155 492/1166/1155 491/1163/1154
f 858/1165/1155 859/1167/1156 493/1168/1156 492/1166/1155
f 859/1167/1156 860/1169/1157 494/1170/1157 493/1168/1156
f 860/1169/1157 861/1171/1158 495/1172/1158 494/1170/1157
f 861/1171/1158 862/1173/1159 496/1174/1159 495/1172/1158
f 862/1173/1159 863/1175/1160 497/1176/1160 496/1174/1159
f 863/1175/1160 864/1177/1161 498/1178/1161 497/1176/1160
f 864/1177/1161 865/1179/1162 499/1180/1162 498/1178/1161
f 865/1179/1162 866/1181/1163 500/1182/1163 499/1180/1162
f 866/1181/1163 867/1183/1164 501/1184/1164 500/1182/1163
f 867/1183/1164 502/1151/1147 853/1154/1147 501/1184/1164
f 672/843/901 671/841/899 876/1185/1165 877/1186/1166
f 665/844/902 664/842/900 869/1187/1167 870/1188/1168
f 673/845/903 672/843/901 877/1186/1166 878/1189/1169
f 666/830/888 665/844/902 870/1188/1168 871/1190/1170
f 674/846/890 673/845/903 878/1189/1169 879/1191/1171
f 667/831/889 666/830/888 871/1190/1170 872/1192/1172
f 675/833/891 674/832/890 879/1193/1171 880/1194/1173
f 668/834/892 667/831/889 872/1192/1172 873/1195/1174
f 676/835/893 675/833/891 880/1194/1173 881/1196/1175
f 669/836/894 668/834/892 873/1195/1174 874/1197/1176
f 677/837/895 676/835/893 881/1196/1175 882/1198/1177
f 670/838/896 669/836/894 874/1197/1176 875/1199/1178
f 663/840/898 678/839/897 883/1200/1179 868/1201/1180
f 678/839/897 677/837/895 882/1198/1177 883/1200/1179
f 671/841/899 670/838/896 875/1199/1178 876/1185/1165
f 664/842/900 663/840/898 868/1201/1180 869/1187/1167
f 881/1202/1181 880/1203/1182 890/1204/1183 892/1205/1184
f 874/1206/1185 873/1207/1186 886/1208/1187
f 882/1209/1188 881/1202/1181 892/1205/1184
f 875/1210/1189 874/1206/1185 886/1208/1187 887/1211/1190
f 868/1212/1191 883/1213/1192 894/1214/1193
f 883/1213/1192 882/1209/1188 892/1205/1184 894/1214/1193
f 876/1215/1194 875/1210/1189 887/1211/1190
f 869/1216/1195 868/1212/1191 894/1214/1193 884/1217/1196
f 877/1218/1197 876/1215/1194 887/1211/1190 888/1219/1198
f 870/1220/1199 869/1216/1195 884/1217/1196
f 878/1221/1200 877/1218/1197 888/1219/1198
f 871/1222/1201 870/1220/1199 884/1217/1196 885/1223/1202
f 879/1224/1203 878/1221/1200 888/1219/1198 890/1225/1183
f 872/1226/1204 871/1222/1201 885/1223/1202
f 880/1203/1182 879/1227/1203 890/1204/1183
f 873/1207/1186 872/1226/1204 885/1223/1202 886/1208/1187
f 890/1225/1183 888/1219/1198 900/1228/1205 902/1229/1206
f 548/697/747 549/698/748 742/719/769
f 544/692/743 545/693/744 915/712/762
f 886/1208/1187 885/1223/1202 897/1230/1207 898/1231/1208
f 892/1205/1184 890/1204/1183 902/1232/1206 904/1233/1209
f 540/688/739 541/689/740 718/721/771
f 887/1211/1190 886/1208/1187 898/1231/1208 899/1234/1210
f 696/709/759 558/1016/1045 542/690/741
f 894/1214/1193 892/1205/1184 904/1233/1209 906/1235/1211
f 884/1217/1196 894/1214/1193 906/1235/1211 896/1236/1212
f 888/1219/1198 887/1211/1190 899/1234/1210 900/1228/1205
f 538/686/737 554/715/765 751/710/760
f 566/706/756 731/727/777 550/683/734
f 885/1223/1202 884/1217/1196 896/1236/1212 897/1230/1207
f 902/1229/1206 900/1228/1205 912/858/915 914/863/920
f 553/1030/1056 751/931/977 687/934/977 791/1031/1056
f 742/1041/1061 565/960/1000 803/963/1002 907/1042/1061
f 898/1231/1208 897/1230/1207 909/852/909 910/854/911
f 904/1233/1209 902/1232/1206 914/866/920 916/865/922
f 718/1034/1058 557/965/1004 795/968/1006 893/1035/1058
f 899/1234/1210 898/1231/1208 910/854/911 911/856/913
f 561/1024/1053 903/903/955 711/906/955 799/1025/1053
f 906/1235/1211 904/1233/1209 916/865/922 918/848/905
f 896/1236/1212 906/1235/1211 918/848/905 908/847/904
f 900/1228/1205 899/1234/1210 911/856/913 912/858/915
f 685/1045/1064 560/1047/1065 798/1048/1065 733/1046/1064
f 897/1230/1207 896/1236/1212 908/847/904 909/852/909
f 568/345/420 310/344/419 309/375/448 582/374/447
f 540/688/739 556/722/772 729/701/751
f 535/682/733 536/684/735 901/703/753
f 753/1237/1213 563/1021/1050 547/695/746
f 787/886/940 803/1238/1214 895/860/917
f 784/871/926 783/986/1020 711/869/924
f 783/986/1020 799/985/1019 711/869/924
f 917/876/931 793/1239/1215 777/1012/1042
f 777/1012/1042 776/874/929 917/876/931
f 802/947/990 907/885/939 786/884/938
f 907/885/939 803/1238/1214 787/886/940
f 775/917/964 774/1011/1041 698/915/962
f 774/1011/1041 790/1240/1216 698/915/962
f 778/925/972 777/1012/1042 905/923/970
f 777/1012/1042 793/1239/1215 905/923/970
f 785/930/976 784/1014/926 700/928/974
f 784/1014/926 800/1241/925 700/928/974
f 779/887/941 778/925/972 893/937/981
f 778/925/972 794/924/971 893/937/981
f 786/884/938 785/930/976 689/946/989
f 785/930/976 801/929/975 689/946/989
f 782/977/1012 781/1013/1043 733/975/1010
f 781/1013/1043 797/1018/1047 733/975/1010
f 783/986/1020 782/977/1012 722/984/1018
f 782/977/1012 798/976/1011 722/984/1018
f 776/874/929 775/917/964 687/1015/1044
f 775/917/964 791/916/963 687/1015/1044
f 781/1013/1043 780/718/768 744/1017/1046
f 780/718/768 796/717/767 744/1017/1046
f 773/1010/1040 772/862/919 720/1019/1048
f 772/862/919 788/861/918 720/1019/1048
f 789/1020/1049 709/1022/1051 773/1010/1040
f 709/1022/1051 790/1240/1216 774/1011/1041
f 547/695/746 548/697/747 753/1237/1213
f 548/697/747 564/720/770 753/1237/1213
s 0
usemtl Rare_Glow
f 8/1/1 9/2/1 1/3/1
f 11/4/2 23/5/2 133/6/2
f 12/7/3 13/8/3 9/2/3
f 20/9/4 21/10/4 13/8/4
f 19/11/5 24/12/5 20/9/5
f 30/13/6 19/11/6 18/14/6
f 24/12/7 25/15/7 21/10/7
f 35/16/8 26/17/8 23/5/8
f 36/18/9 28/19/9 27/20/9
f 30/13/10 37/21/10 19/11/10
f 31/22/11 38/23/11 24/12/11
f 40/24/12 36/18/12 26/17/12
f 31/22/13 44/25/13 38/23/13
f 37/21/14 45/26/14 31/22/14
f 56/27/15 40/24/15 35/16/15
f 48/28/16 41/29/16 36/18/16
f 45/26/17 49/30/17 44/25/17
f 56/27/18 50/31/18 40/24/18
f 48/28/19 51/32/19 41/29/19
f 53/33/20 46/34/20 49/30/20
f 50/31/21 57/35/21 48/28/21
f 59/36/22 54/37/22 53/33/22
f 60/38/23 55/39/23 54/37/23
f 67/40/24 58/41/24 37/21/24
f 68/42/25 60/38/25 59/36/25
f 71/43/26 69/44/26 68/42/26
f 72/45/27 70/46/27 69/44/27
f 61/47/28 73/48/28 62/49/28
f 79/50/29 61/47/29 70/46/29
f 80/51/30 79/52/30 72/53/30
f 84/54/31 83/55/31 80/51/31
f 91/56/32 81/57/32 67/58/32
f 93/59/33 92/60/33 84/54/33
f 95/61/34 85/62/34 92/60/34
f 96/63/35 95/61/35 93/59/35
f 85/62/36 97/64/36 86/65/36
f 104/66/37 102/67/37 95/61/37
f 105/68/38 97/64/38 85/62/38
f 99/69/39 106/70/39 100/71/39
f 101/72/40 120/73/40 91/56/40
f 110/74/41 102/67/41 104/66/41
f 106/70/42 114/75/42 101/72/42
f 115/76/43 105/68/43 102/67/43
f 117/77/44 115/76/44 110/74/44
f 113/78/45 118/79/45 106/70/45
f 114/75/46 119/80/46 120/73/46
f 116/81/47 122/82/47 117/77/47
f 124/83/48 118/79/48 113/78/48
f 125/84/49 119/80/49 114/75/49
f 127/85/50 125/84/50 118/79/50
f 126/86/51 129/87/51 122/82/51
f 128/88/52 131/89/52 126/86/52
f 131/89/53 132/90/53 129/87/53
f 130/91/54 133/6/54 105/68/54
f 139/92/55 142/93/55 132/90/55
f 7/94/56 140/95/56 138/96/56
f 141/97/57 1/3/57 139/92/57
f 140/95/58 8/1/58 141/97/58
f 144/98/59 150/99/59 229/100/59
f 229/100/60 150/99/60 230/101/60
f 150/99/61 156/102/61 230/101/61
f 155/103/62 148/104/62 147/105/62
f 151/106/63 152/107/63 144/98/63
f 148/104/64 157/108/64 149/109/64
f 152/107/65 158/110/65 150/99/65
f 160/111/66 155/103/66 154/112/66
f 161/113/67 148/104/67 155/103/67
f 157/108/68 158/110/68 152/107/68
f 161/113/69 165/114/69 157/108/69
f 158/110/70 163/115/70 156/102/70
f 164/116/71 160/117/71 159/118/71
f 167/119/72 164/116/72 159/118/72
f 169/120/73 171/121/73 161/113/73
f 161/113/74 171/121/74 165/114/74
f 162/122/75 172/123/75 163/115/75
f 167/119/76 168/124/76 164/116/76
f 170/125/77 172/123/77 162/122/77
f 166/126/78 177/127/78 167/119/78
f 167/119/79 173/128/79 168/124/79
f 174/129/80 172/123/80 170/125/80
f 176/130/81 166/126/81 172/123/81
f 178/131/82 174/129/82 171/121/82
f 176/130/83 179/132/83 166/126/83
f 179/132/84 180/133/84 177/127/84
f 173/134/85 182/135/85 169/120/85
f 183/136/86 178/131/86 171/121/86
f 178/131/87 175/137/87 174/129/87
f 186/138/88 184/139/88 178/131/88
f 187/140/89 185/141/89 184/139/89
f 179/132/90 188/142/90 180/133/90
f 191/143/91 179/132/91 185/141/91
f 193/144/92 186/145/92 183/146/92
f 193/144/93 187/147/93 186/145/93
f 195/148/94 194/149/94 187/147/94
f 192/150/95 196/151/95 188/152/95
f 199/153/96 193/144/96 183/146/96
f 201/154/97 195/148/97 193/144/97
f 200/155/98 192/150/98 194/149/98
f 201/154/99 200/155/99 195/148/99
f 192/150/100 202/156/100 196/151/100
f 206/157/101 200/155/101 201/154/101
f 206/157/102 205/158/102 200/155/102
f 205/158/103 202/156/103 192/150/103
f 203/159/104 207/160/104 204/161/104
f 210/162/105 205/158/105 206/157/105
f 202/156/106 212/163/106 203/164/106
f 207/160/107 215/165/107 204/161/107
f 214/166/108 210/162/108 209/167/108
f 212/78/109 215/165/109 207/160/109
f 216/168/110 209/167/110 208/169/110
f 213/170/111 222/171/111 205/158/111
f 217/172/112 216/168/112 208/169/112
f 214/166/113 218/173/113 210/162/113
f 219/174/114 215/165/114 212/78/114
f 220/175/115 217/172/115 215/165/115
f 216/168/116 221/176/116 214/166/116
f 218/173/117 222/171/117 213/170/117
f 224/177/118 219/178/118 211/179/118
f 226/180/119 217/172/119 220/175/119
f 217/172/120 228/181/120 221/176/120
f 227/92/121 229/100/121 223/182/121
f 228/181/122 144/98/122 227/92/122
f 148/104/123 149/109/123 228/181/123
f 11/4/124 143/183/124 2/184/124 10/185/124
f 3/186/125 133/6/125 23/5/125 14/187/125
f 143/183/126 11/4/126 133/6/126
f 8/1/127 12/7/127 9/2/127
f 9/2/128 13/8/128 10/185/128
f 4/188/129 3/186/129 14/187/129 15/189/129
f 5/190/130 4/188/130 15/189/130 16/191/130
f 6/192/131 5/193/131 16/194/131 17/195/131
f 7/94/132 6/192/132 17/195/132 18/14/132
f 140/95/133 7/94/133 18/14/133 19/11/133
f 20/9/134 12/7/134 8/1/134 19/11/134
f 140/95/135 19/11/135 8/1/135
f 22/196/136 10/185/136 13/8/136 21/10/136
f 12/7/137 20/9/137 13/8/137
f 23/5/138 11/4/138 10/185/138 22/196/138
f 15/189/139 14/187/139 26/17/139 27/20/139
f 20/9/140 24/12/140 21/10/140
f 21/10/141 25/15/141 22/196/141
f 23/5/142 26/17/142 14/187/142
f 16/191/143 15/189/143 27/20/143 28/19/143
f 17/195/144 16/194/144 28/197/144 29/198/144
f 18/14/145 17/195/145 29/198/145 30/13/145
f 33/199/146 22/196/146 25/15/146 32/200/146
f 19/11/147 31/22/147 24/12/147
f 34/201/148 23/5/148 22/196/148 33/199/148
f 32/200/149 25/15/149 24/12/149 38/23/149
f 34/201/150 35/16/150 23/5/150
f 26/17/151 36/18/151 27/20/151
f 19/11/152 37/21/152 31/22/152
f 29/198/153 28/197/153 41/202/153 42/203/153
f 32/200/154 39/204/154 33/199/154
f 35/16/155 40/24/155 26/17/155
f 36/18/156 41/29/156 28/19/156
f 30/13/157 29/198/157 42/203/157 43/205/157
f 39/204/158 32/200/158 38/23/158 44/25/158
f 30/13/159 43/205/159 37/21/159
f 47/206/160 33/199/160 39/204/160 46/34/160
f 31/22/161 45/26/161 44/25/161
f 35/16/162 34/201/162 33/199/162 47/206/162
f 46/34/163 39/204/163 44/25/163 49/30/163
f 40/24/164 48/28/164 36/18/164
f 52/207/165 42/203/165 41/202/165 51/208/165
f 40/24/166 50/31/166 48/28/166
f 47/206/167 46/34/167 54/37/167 55/39/167
f 42/203/168 52/207/168 43/205/168
f 45/26/169 53/33/169 49/30/169
f 35/16/170 47/206/170 55/39/170 56/27/170
f 53/33/171 45/26/171 58/41/171 59/36/171
f 48/28/172 57/35/172 51/32/172
f 53/33/173 54/37/173 46/34/173
f 37/21/174 58/41/174 45/26/174
f 62/49/175 50/31/175 56/27/175 61/47/175
f 59/36/176 60/38/176 54/37/176
f 63/209/177 57/35/177 50/31/177 62/49/177
f 64/210/178 51/32/178 57/35/178 63/209/178
f 65/211/179 52/207/179 51/208/179 64/212/179
f 66/213/180 43/205/180 52/207/180 65/211/180
f 37/21/181 43/205/181 66/213/181 67/40/181
f 55/39/182 60/38/182 69/44/182 70/46/182
f 58/41/183 68/42/183 59/36/183
f 56/27/184 55/39/184 70/46/184 61/47/184
f 68/42/185 58/41/185 67/40/185 71/43/185
f 68/42/186 69/44/186 60/38/186
f 10/185/187 2/184/187 1/3/187 9/2/187
f 74/214/188 63/209/188 62/49/188 73/48/188
f 75/215/189 64/210/189 63/209/189 74/214/189
f 76/216/190 65/211/190 64/212/190 75/217/190
f 77/218/191 66/213/191 65/211/191 76/216/191
f 69/44/192 71/43/192 78/219/192 72/45/192
f 66/213/193 77/218/193 67/40/193
f 67/40/194 78/219/194 71/43/194
f 78/145/195 67/58/195 81/57/195 82/220/195
f 72/45/196 79/50/196 70/46/196
f 72/53/197 78/145/197 82/220/197 80/51/197
f 86/65/198 73/221/198 61/222/198 85/62/198
f 80/51/199 83/55/199 79/52/199
f 79/52/200 85/62/200 61/222/200
f 87/223/201 74/224/201 73/221/201 86/65/201
f 88/225/202 75/226/202 74/224/202 87/223/202
f 89/227/203 76/228/203 75/229/203 88/230/203
f 90/231/204 77/232/204 76/228/204 89/227/204
f 91/56/205 67/58/205 77/232/205 90/231/205
f 79/52/206 83/55/206 92/60/206 85/62/206
f 82/220/207 84/54/207 80/51/207
f 84/54/208 92/60/208 83/55/208
f 82/220/209 81/57/209 91/56/209 94/233/209
f 84/54/210 82/220/210 94/233/210 93/59/210
f 98/234/211 87/223/211 86/65/211 97/64/211
f 93/59/212 95/61/212 92/60/212
f 99/235/213 88/225/213 87/223/213 98/234/213
f 100/71/214 89/227/214 88/230/214 99/69/214
f 101/72/215 90/231/215 89/227/215 100/71/215
f 95/61/216 96/63/216 103/236/216 104/66/216
f 90/231/217 101/72/217 91/56/217
f 94/233/218 96/63/218 93/59/218
f 95/61/219 102/67/219 85/62/219
f 94/233/220 91/56/220 107/237/220 108/238/220
f 102/67/221 105/68/221 85/62/221
f 100/71/222 106/70/222 101/72/222
f 91/56/223 120/73/223 107/237/223
f 96/63/224 94/233/224 108/238/224 103/236/224
f 104/66/225 103/236/225 109/239/225 110/74/225
f 112/240/226 98/234/226 97/64/226 111/241/226
f 105/68/227 111/241/227 97/64/227
f 113/242/228 99/235/228 98/234/228 112/240/228
f 110/74/229 109/239/229 116/81/229 117/77/229
f 99/69/230 113/78/230 106/70/230
f 101/72/231 114/75/231 120/73/231
f 108/238/232 109/239/232 103/236/232
f 110/74/233 115/76/233 102/67/233
f 108/238/234 107/237/234 120/73/234 121/243/234
f 106/70/235 118/79/235 114/75/235
f 109/239/236 108/238/236 121/243/236 116/81/236
f 113/242/237 112/240/237 123/244/237 124/245/237
f 117/77/238 122/82/238 115/76/238
f 111/241/239 123/244/239 112/240/239
f 128/88/240 121/243/240 120/73/240 119/80/240
f 118/79/241 125/84/241 114/75/241
f 116/81/242 126/86/242 122/82/242
f 124/83/243 127/85/243 118/79/243
f 126/86/244 116/81/244 121/243/244 128/88/244
f 130/91/245 115/76/245 122/82/245 129/87/245
f 134/246/246 111/241/246 105/68/246 133/6/246
f 115/76/247 130/91/247 105/68/247
f 126/86/248 131/89/248 129/87/248
f 129/87/249 132/90/249 130/91/249
f 123/244/250 111/241/250 134/246/250 135/247/250
f 124/245/251 123/244/251 135/247/251 136/248/251
f 127/85/252 124/83/252 136/249/252 137/250/252
f 125/84/253 127/85/253 137/250/253 138/96/253
f 119/80/254 125/84/254 138/96/254 140/95/254
f 141/97/255 128/88/255 119/80/255 140/95/255
f 131/89/256 139/92/256 132/90/256
f 139/92/257 131/89/257 128/88/257 141/97/257
f 143/183/258 130/91/258 132/90/258 142/93/258
f 2/184/259 142/93/259 139/92/259 1/3/259
f 130/91/260 143/183/260 133/6/260
f 135/247/261 134/246/261 3/186/261 4/188/261
f 142/93/262 2/184/262 143/183/262
f 133/6/263 3/186/263 134/246/263
f 136/248/264 135/247/264 4/188/264 5/190/264
f 137/250/265 136/249/265 5/193/265 6/192/265
f 138/96/266 137/250/266 6/192/266 7/94/266
f 145/251/267 230/101/267 156/102/267 153/252/267
f 141/97/268 8/1/268 1/3/268
f 149/109/269 151/106/269 144/98/269
f 144/98/270 152/107/270 150/99/270
f 146/253/271 145/251/271 153/252/271 154/254/271
f 147/105/272 146/255/272 154/112/272 155/103/272
f 154/254/273 153/252/273 159/118/273 160/117/273
f 149/109/274 157/108/274 151/106/274
f 150/99/275 158/110/275 156/102/275
f 151/106/276 157/108/276 152/107/276
f 156/102/277 159/118/277 153/252/277
f 162/122/278 158/110/278 157/108/278 165/114/278
f 160/111/279 161/113/279 155/103/279
f 148/104/280 161/113/280 157/108/280
f 158/110/281 162/122/281 163/115/281
f 159/118/282 156/102/282 166/126/282 167/119/282
f 163/115/283 166/126/283 156/102/283
f 161/113/284 160/111/284 168/256/284 169/120/284
f 164/116/285 168/124/285 160/117/285
f 181/257/286 173/128/286 177/127/286 180/133/286
f 165/114/287 170/125/287 162/122/287
f 165/114/288 171/121/288 170/125/288
f 163/115/289 172/123/289 166/126/289
f 168/256/290 173/134/290 169/120/290
f 171/121/291 174/129/291 170/125/291
f 175/137/292 176/130/292 172/123/292
f 167/119/293 177/127/293 173/128/293
f 174/129/294 175/137/294 172/123/294
f 166/126/295 179/132/295 177/127/295
f 171/121/296 169/120/296 182/135/296 183/136/296
f 173/134/297 181/258/297 182/135/297
f 176/130/298 175/137/298 184/139/298 185/141/298
f 189/259/299 181/257/299 180/133/299 188/142/299
f 185/141/300 179/132/300 176/130/300
f 178/131/301 184/139/301 175/137/301
f 183/136/302 186/138/302 178/131/302
f 190/260/303 182/135/303 181/258/303 189/261/303
f 197/262/304 189/263/304 188/152/304 196/151/304
f 182/135/305 190/260/305 183/136/305
f 186/138/306 187/140/306 184/139/306
f 187/140/307 191/143/307 185/141/307
f 191/143/308 192/264/308 179/132/308
f 179/132/309 192/264/309 188/142/309
f 187/147/310 194/149/310 191/265/310
f 198/266/311 190/267/311 189/268/311 197/269/311
f 199/153/312 183/146/312 190/267/312 198/266/312
f 203/164/313 197/262/313 196/151/313 202/156/313
f 193/144/314 195/148/314 187/147/314
f 194/149/315 192/150/315 191/265/315
f 199/153/316 201/154/316 193/144/316
f 195/148/317 200/155/317 194/149/317
f 204/161/318 198/266/318 197/269/318 203/159/318
f 208/169/319 199/153/319 198/266/319 204/161/319
f 201/154/320 199/153/320 208/169/320 209/167/320
f 200/155/321 205/158/321 192/150/321
f 224/177/322 211/179/322 222/171/322 230/101/322
f 209/167/323 206/157/323 201/154/323
f 209/167/324 210/162/324 206/157/324
f 205/158/325 211/179/325 202/156/325
f 202/156/326 211/179/326 212/163/326
f 203/159/327 212/78/327 207/160/327
f 204/161/328 215/165/328 208/169/328
f 210/162/329 213/170/329 205/158/329
f 216/168/330 214/166/330 209/167/330
f 205/158/331 222/171/331 211/179/331
f 215/165/332 217/172/332 208/169/332
f 210/162/333 218/173/333 213/170/333
f 211/179/334 219/178/334 212/163/334
f 214/166/335 221/176/335 218/173/335
f 219/174/336 220/175/336 215/165/336
f 216/168/337 217/172/337 221/176/337
f 221/176/338 223/182/338 218/173/338
f 218/173/339 223/182/339 222/171/339
f 220/175/340 219/174/340 225/270/340 226/180/340
f 224/177/341 225/271/341 219/178/341
f 227/92/342 223/182/342 221/176/342 228/181/342
f 230/101/343 222/171/343 223/182/343 229/100/343
f 225/271/344 224/177/344 145/251/344 146/253/344
f 227/92/345 144/98/345 229/100/345
f 230/101/346 145/251/346 224/177/346
f 226/180/347 225/270/347 146/255/347 147/105/347
f 217/172/348 226/180/348 147/105/348 148/104/348
f 217/172/349 148/104/349 228/181/349
f 228/181/350 149/109/350 144/98/350
