# Blender 5.2.2 LTS
# www.blender.org
mtllib Pristine_crest.mtl
o Torus.002
v -1.721900 -0.950783 -7.140943
v -1.719095 -0.871583 -7.143051
v -1.756269 -0.801569 -7.144042
v -1.823463 -0.759500 -7.143651
v -1.902672 -0.756650 -7.141983
v -1.972671 -0.793781 -7.139484
v -2.014705 -0.860945 -7.136825
v -2.017511 -0.940144 -7.134717
v -1.980337 -1.010159 -7.133725
v -1.913143 -1.052227 -7.134116
v -1.833934 -1.055078 -7.135784
v -1.763935 -1.017946 -7.138283
v -1.730360 -0.951442 -7.240749
v -1.727327 -0.872225 -7.240183
v -1.763883 -0.802162 -7.233868
v -1.830230 -0.760028 -7.223496
v -1.908593 -0.757111 -7.211847
v -1.977974 -0.794194 -7.202043
v -2.019781 -0.861340 -7.196708
v -2.022814 -0.940558 -7.197275
v -1.986258 -1.010620 -7.203589
v -1.919910 -1.052755 -7.213961
v -1.841548 -1.055671 -7.225610
v -1.772167 -1.018588 -7.235415
v -1.751199 -0.948247 -7.338672
v -1.747608 -0.869116 -7.335482
v -1.782638 -0.799287 -7.321998
v -1.846902 -0.757472 -7.301835
v -1.923181 -0.754875 -7.280393
v -1.991036 -0.792192 -7.263420
v -2.032285 -0.859424 -7.255462
v -2.035876 -0.938555 -7.258652
v -2.000846 -1.008384 -7.272135
v -1.936582 -1.050199 -7.292299
v -1.860303 -1.052796 -7.313740
v -1.792449 -1.015479 -7.330714
v -1.784062 -0.941253 -7.433035
v -1.779591 -0.862309 -7.427316
v -1.812215 -0.792992 -7.406925
v -1.873193 -0.751877 -7.377325
v -1.946185 -0.749979 -7.346447
v -2.011634 -0.787808 -7.322566
v -2.052003 -0.855227 -7.312080
v -2.056474 -0.934171 -7.317799
v -2.023850 -1.003488 -7.338190
v -1.962873 -1.044604 -7.367790
v -1.889880 -1.046501 -7.398667
v -1.824431 -1.008672 -7.422549
v -1.828387 -0.930579 -7.522224
v -1.822728 -0.851921 -7.514116
v -1.852107 -0.783385 -7.487195
v -1.908652 -0.743337 -7.448677
v -1.977212 -0.742507 -7.408880
v -2.039417 -0.781117 -7.378469
v -2.078597 -0.848823 -7.365593
v -2.084256 -0.927481 -7.373702
v -2.054877 -0.996016 -7.400622
v -1.998332 -1.036065 -7.439141
v -1.929772 -1.036895 -7.478938
v -1.867568 -0.998284 -7.509348
v -1.883414 -0.916408 -7.604713
v -1.876281 -0.838129 -7.594395
v -1.901632 -0.770631 -7.561436
v -1.952674 -0.732000 -7.514668
v -2.015731 -0.732587 -7.466622
v -2.073907 -0.772235 -7.430173
v -2.111614 -0.840320 -7.415087
v -2.118747 -0.918599 -7.425406
v -2.093396 -0.986097 -7.458364
v -2.042354 -1.024728 -7.505133
v -1.979297 -1.024141 -7.553178
v -1.921121 -0.984493 -7.589627
v -1.948203 -0.898982 -7.679091
v -1.939334 -0.821170 -7.666780
v -1.959942 -0.754948 -7.628376
v -2.004505 -0.718060 -7.574170
v -2.061084 -0.720389 -7.518687
v -2.114517 -0.761313 -7.476793
v -2.150487 -0.829864 -7.459713
v -2.159357 -0.907676 -7.472025
v -2.138749 -0.973898 -7.510429
v -2.094185 -1.010787 -7.564635
v -2.037607 -1.008457 -7.620118
v -1.984174 -0.967534 -7.662012
v -2.021645 -0.878600 -7.744085
v -2.010807 -0.801334 -7.730032
v -2.026039 -0.736604 -7.686870
v -2.063258 -0.701754 -7.626165
v -2.112493 -0.706122 -7.564183
v -2.160549 -0.748537 -7.517531
v -2.194552 -0.817635 -7.498710
v -2.205389 -0.894901 -7.512763
v -2.190158 -0.959631 -7.555925
v -2.152938 -0.994481 -7.616630
v -2.103704 -0.990113 -7.678612
v -2.055647 -0.947698 -7.725264
v -2.102483 -0.855609 -7.798583
v -2.089479 -0.778960 -7.783070
v -2.098793 -0.715913 -7.735918
v -2.127929 -0.683361 -7.669764
v -2.169079 -0.690028 -7.602331
v -2.211218 -0.734127 -7.551690
v -2.243055 -0.803841 -7.531409
v -2.256058 -0.880490 -7.546922
v -2.246744 -0.943537 -7.594073
v -2.217609 -0.976089 -7.660228
v -2.176458 -0.969422 -7.727660
v -2.134319 -0.925323 -7.778302
v -2.189333 -0.830405 -7.841652
v -2.174003 -0.754430 -7.824985
v -2.176959 -0.693228 -7.774680
v -2.197409 -0.663198 -7.704219
v -2.229875 -0.672385 -7.632480
v -2.265656 -0.718329 -7.578685
v -2.295165 -0.788718 -7.557250
v -2.310496 -0.864692 -7.573917
v -2.307540 -0.925894 -7.624222
v -2.287089 -0.955925 -7.694683
v -2.254624 -0.946738 -7.766422
v -2.218843 -0.900794 -7.820217
v -2.280712 -0.803417 -7.872556
v -2.262933 -0.728166 -7.855060
v -2.259199 -0.668939 -7.802494
v -2.270512 -0.641607 -7.728941
v -2.293839 -0.653494 -7.654112
v -2.322931 -0.701413 -7.598055
v -2.349992 -0.772525 -7.575792
v -2.367771 -0.847776 -7.593288
v -2.371505 -0.907003 -7.645854
v -2.360192 -0.934335 -7.719406
v -2.336864 -0.922448 -7.794236
v -2.307772 -0.874529 -7.850292
v -2.375053 -0.775107 -7.890765
v -2.354746 -0.700615 -7.872782
v -2.344107 -0.643461 -7.818882
v -2.345985 -0.618960 -7.743509
v -2.359879 -0.633677 -7.666859
v -2.382064 -0.683669 -7.609469
v -2.406597 -0.755540 -7.586718
v -2.426904 -0.830032 -7.604702
v -2.437544 -0.887186 -7.658601
v -2.435665 -0.911687 -7.733974
v -2.421772 -0.896970 -7.810624
v -2.399586 -0.846978 -7.868014
v -2.470744 -0.745961 -7.895968
v -2.447873 -0.672249 -7.877846
v -2.430228 -0.617229 -7.823565
v -2.422538 -0.595643 -7.747672
v -2.426862 -0.613275 -7.670501
v -2.442043 -0.665400 -7.612731
v -2.464011 -0.738052 -7.589840
v -2.486882 -0.811763 -7.607963
v -2.504527 -0.866784 -7.662243
v -2.512218 -0.888370 -7.738137
v -2.507893 -0.870738 -7.815308
v -2.492713 -0.818613 -7.873078
v -2.566147 -0.716476 -7.888077
v -2.540720 -0.643555 -7.870166
v -2.516091 -0.590693 -7.816463
v -2.498860 -0.572055 -7.741359
v -2.493644 -0.592635 -7.664977
v -2.501841 -0.646919 -7.607784
v -2.521253 -0.720361 -7.585105
v -2.546680 -0.793283 -7.603017
v -2.571309 -0.846144 -7.656719
v -2.588540 -0.864782 -7.731824
v -2.593756 -0.844202 -7.808206
v -2.585559 -0.789918 -7.865398
v -2.659629 -0.687158 -7.867226
v -2.631697 -0.615022 -7.849874
v -2.600225 -0.564306 -7.797697
v -2.573646 -0.548600 -7.724678
v -2.559082 -0.572112 -7.650382
v -2.560435 -0.628542 -7.594715
v -2.577343 -0.702770 -7.572595
v -2.605275 -0.774906 -7.589947
v -2.636747 -0.825621 -7.642124
v -2.663326 -0.841328 -7.715143
v -2.677890 -0.817816 -7.789439
v -2.676537 -0.761386 -7.845106
v -2.749592 -0.658507 -7.833772
v -2.719249 -0.587139 -7.817316
v -2.681191 -0.538521 -7.767589
v -2.645616 -0.525680 -7.697915
v -2.622056 -0.552057 -7.626964
v -2.616823 -0.610584 -7.573746
v -2.631320 -0.685579 -7.552522
v -2.661663 -0.756948 -7.568978
v -2.699721 -0.805566 -7.618706
v -2.735296 -0.818407 -7.688379
v -2.758857 -0.792030 -7.759331
v -2.764089 -0.733503 -7.812548
v -2.834495 -0.631015 -7.788287
v -2.801877 -0.560383 -7.773050
v -2.757604 -0.513777 -7.726652
v -2.713539 -0.503686 -7.661527
v -2.681488 -0.532812 -7.595124
v -2.670040 -0.593352 -7.545237
v -2.682262 -0.669084 -7.525231
v -2.714880 -0.739716 -7.540469
v -2.759153 -0.786321 -7.586866
v -2.803219 -0.796413 -7.651992
v -2.835269 -0.767287 -7.718394
v -2.846717 -0.706747 -7.768282
v -2.912887 -0.605150 -7.731550
v -2.878169 -0.535212 -7.717833
v -2.828157 -0.490500 -7.675589
v -2.776252 -0.482994 -7.616137
v -2.736362 -0.514707 -7.555408
v -2.719175 -0.577140 -7.509674
v -2.729297 -0.653565 -7.491189
v -2.764015 -0.723504 -7.504906
v -2.814027 -0.768216 -7.547150
v -2.865932 -0.775721 -7.606602
v -2.905822 -0.744009 -7.667331
v -2.923009 -0.681575 -7.713065
v -2.983425 -0.581357 -7.664531
v -2.946817 -0.512056 -7.652609
v -2.891642 -0.469086 -7.615272
v -2.832683 -0.463960 -7.562522
v -2.785739 -0.498052 -7.508495
v -2.763389 -0.562227 -7.467667
v -2.771620 -0.639289 -7.450977
v -2.808228 -0.708591 -7.462899
v -2.863404 -0.751561 -7.500237
v -2.922363 -0.756687 -7.552987
v -2.969307 -0.722595 -7.607014
v -2.991657 -0.658420 -7.647842
v -3.044904 -0.560042 -7.588377
v -3.006648 -0.491312 -7.578496
v -2.946972 -0.449902 -7.546733
v -2.881866 -0.446908 -7.501599
v -2.828774 -0.483131 -7.455187
v -2.801923 -0.548867 -7.419934
v -2.808507 -0.626500 -7.405285
v -2.846763 -0.695230 -7.415166
v -2.906439 -0.736640 -7.446929
v -2.971545 -0.739635 -7.492064
v -3.024637 -0.703411 -7.538476
v -3.051488 -0.637676 -7.573729
v -3.096270 -0.541570 -7.504392
v -3.056638 -0.473335 -7.496761
v -2.993201 -0.433277 -7.471146
v -2.922958 -0.432130 -7.434411
v -2.864730 -0.470201 -7.396398
v -2.834119 -0.537288 -7.367292
v -2.839327 -0.615417 -7.354894
v -2.878959 -0.683652 -7.362525
v -2.942395 -0.723710 -7.388140
v -3.012638 -0.724857 -7.424875
v -3.070867 -0.686786 -7.462888
v -3.101478 -0.619698 -7.491993
v -3.136645 -0.526256 -7.414011
v -3.095932 -0.458432 -7.408803
v -3.029540 -0.419495 -7.389804
v -2.955259 -0.419879 -7.362106
v -2.892993 -0.459481 -7.333131
v -2.859426 -0.527690 -7.310642
v -2.863552 -0.606229 -7.300665
v -2.904266 -0.674054 -7.305874
v -2.970658 -0.712990 -7.324873
v -3.044939 -0.712606 -7.352571
v -3.107204 -0.673004 -7.381546
v -3.140771 -0.604795 -7.404035
v -3.165339 -0.514364 -7.318782
v -3.123857 -0.446858 -7.316125
v -3.055364 -0.408792 -7.304098
v -2.978214 -0.410365 -7.285923
v -2.913079 -0.451156 -7.266470
v -2.877411 -0.520236 -7.250953
v -2.880769 -0.599093 -7.243528
v -2.922251 -0.666599 -7.246185
v -2.990744 -0.704665 -7.258213
v -3.067894 -0.703092 -7.276387
v -3.133029 -0.662301 -7.295840
v -3.168696 -0.593221 -7.311357
v -3.181860 -0.506096 -7.220334
v -3.139935 -0.438811 -7.220315
v -3.070233 -0.401350 -7.215495
v -2.991431 -0.403750 -7.207164
v -2.924643 -0.445369 -7.197557
v -2.887766 -0.515053 -7.189246
v -2.890681 -0.594132 -7.184459
v -2.932606 -0.661417 -7.184479
v -3.002308 -0.698878 -7.189299
v -3.081110 -0.696478 -7.197629
v -3.147898 -0.654859 -7.207237
v -3.184775 -0.585175 -7.215547
v -3.185925 -0.501593 -7.120352
v -3.143891 -0.434429 -7.123011
v -3.073892 -0.397298 -7.125510
v -2.994683 -0.400148 -7.127178
v -2.927489 -0.442217 -7.127569
v -2.890315 -0.512231 -7.126578
v -2.893121 -0.591431 -7.124470
v -2.935155 -0.658595 -7.121810
v -3.005154 -0.695726 -7.119311
v -3.084363 -0.692876 -7.117643
v -3.151557 -0.650807 -7.117252
v -3.188731 -0.580793 -7.118244
v -3.177466 -0.500934 -7.020545
v -3.135659 -0.433787 -7.025879
v -3.066278 -0.396704 -7.035684
v -2.987916 -0.399621 -7.047333
v -2.921568 -0.441755 -7.057704
v -2.885012 -0.511818 -7.064020
v -2.888045 -0.591035 -7.064586
v -2.929852 -0.658181 -7.059252
v -2.999233 -0.695264 -7.049447
v -3.077595 -0.692348 -7.037798
v -3.143943 -0.650214 -7.027426
v -3.180499 -0.580151 -7.021111
v -3.156627 -0.504128 -6.922623
v -3.115377 -0.436897 -6.930581
v -3.047523 -0.399580 -6.947554
v -2.971244 -0.402177 -6.968995
v -2.906980 -0.443992 -6.989159
v -2.871950 -0.513820 -7.002642
v -2.875541 -0.592952 -7.005833
v -2.916790 -0.660184 -6.997875
v -2.984645 -0.697501 -6.980901
v -3.060924 -0.694904 -6.959460
v -3.125188 -0.653089 -6.939296
v -3.160218 -0.583260 -6.925813
v -3.123764 -0.511122 -6.828260
v -3.083395 -0.443703 -6.838746
v -3.017946 -0.405874 -6.862628
v -2.944953 -0.407772 -6.893505
v -2.883976 -0.448887 -6.923105
v -2.851352 -0.518204 -6.943496
v -2.855823 -0.597149 -6.949215
v -2.896192 -0.664568 -6.938728
v -2.961641 -0.702397 -6.914847
v -3.034633 -0.700499 -6.883969
v -3.095611 -0.659384 -6.854370
v -3.128235 -0.590067 -6.833978
v -3.079439 -0.521796 -6.739070
v -3.040258 -0.454091 -6.751946
v -2.978054 -0.415481 -6.782357
v -2.909494 -0.416311 -6.822154
v -2.852949 -0.456359 -6.860672
v -2.823570 -0.524895 -6.887593
v -2.829229 -0.603553 -6.895701
v -2.868409 -0.671258 -6.882825
v -2.930614 -0.709868 -6.852415
v -2.999174 -0.709038 -6.812618
v -3.055719 -0.668990 -6.774099
v -3.085098 -0.600455 -6.747179
v -3.024412 -0.535968 -6.656581
v -2.986705 -0.467883 -6.671667
v -2.928529 -0.428235 -6.708117
v -2.865472 -0.427648 -6.756162
v -2.814430 -0.466279 -6.802930
v -2.789079 -0.533777 -6.835889
v -2.796212 -0.612056 -6.846208
v -2.833919 -0.680141 -6.831121
v -2.892095 -0.719788 -6.794672
v -2.955152 -0.720375 -6.746626
v -3.006194 -0.681744 -6.699859
v -3.031545 -0.614246 -6.666900
v -2.959623 -0.553393 -6.582203
v -2.923652 -0.484842 -6.599283
v -2.870219 -0.443918 -6.641177
v -2.813641 -0.441589 -6.696660
v -2.769077 -0.478477 -6.750865
v -2.748469 -0.544699 -6.789269
v -2.757339 -0.622511 -6.801581
v -2.793309 -0.691063 -6.784502
v -2.846742 -0.731986 -6.742608
v -2.903321 -0.734316 -6.687124
v -2.947885 -0.697428 -6.632919
v -2.968493 -0.631205 -6.594515
v -2.886181 -0.573776 -6.517210
v -2.852179 -0.504678 -6.536030
v -2.804122 -0.462263 -6.582682
v -2.754888 -0.457895 -6.644665
v -2.717668 -0.492745 -6.705370
v -2.702437 -0.557475 -6.748531
v -2.713274 -0.634741 -6.762585
v -2.747277 -0.703839 -6.743764
v -2.795333 -0.746254 -6.697112
v -2.844568 -0.750622 -6.635129
v -2.881787 -0.715772 -6.574424
v -2.897019 -0.651042 -6.531263
v -2.805343 -0.596766 -6.462711
v -2.773507 -0.527052 -6.482993
v -2.731368 -0.482954 -6.533634
v -2.690217 -0.476287 -6.601066
v -2.661082 -0.508838 -6.667221
v -2.651768 -0.571885 -6.714372
v -2.664771 -0.648535 -6.729886
v -2.696608 -0.718249 -6.709605
v -2.738747 -0.762347 -6.658963
v -2.779897 -0.769014 -6.591531
v -2.809033 -0.736463 -6.525376
v -2.818347 -0.673416 -6.478225
v -2.718493 -0.621971 -6.419642
v -2.688983 -0.551582 -6.441078
v -2.653202 -0.505638 -6.494872
v -2.620737 -0.496451 -6.566611
v -2.600286 -0.526482 -6.637073
v -2.597330 -0.587683 -6.687377
v -2.612661 -0.663658 -6.704044
v -2.642170 -0.734047 -6.682609
v -2.677951 -0.779991 -6.628815
v -2.710417 -0.789178 -6.557076
v -2.730867 -0.759147 -6.486614
v -2.733823 -0.697945 -6.436310
v -2.627115 -0.648959 -6.388739
v -2.600054 -0.577846 -6.411002
v -2.570962 -0.529927 -6.467059
v -2.547634 -0.518041 -6.541888
v -2.536322 -0.545373 -6.615440
v -2.540055 -0.604599 -6.668006
v -2.557834 -0.679850 -6.685502
v -2.584895 -0.750963 -6.663239
v -2.613987 -0.798882 -6.607183
v -2.637314 -0.810768 -6.532353
v -2.648627 -0.783436 -6.458801
v -2.644894 -0.724210 -6.406234
v -2.532773 -0.677268 -6.370529
v -2.508240 -0.605397 -6.393281
v -2.486055 -0.555405 -6.450670
v -2.472161 -0.540688 -6.527320
v -2.470283 -0.565189 -6.602694
v -2.480922 -0.622343 -6.656593
v -2.501229 -0.696836 -6.674576
v -2.525762 -0.768707 -6.651825
v -2.547948 -0.818699 -6.594436
v -2.561841 -0.833416 -6.517785
v -2.563720 -0.808915 -6.442412
v -2.553080 -0.751761 -6.388513
v -2.437082 -0.706415 -6.365326
v -2.415113 -0.633763 -6.388216
v -2.399933 -0.581637 -6.445987
v -2.395608 -0.564006 -6.523158
v -2.403299 -0.585592 -6.599051
v -2.420943 -0.640612 -6.653331
v -2.443815 -0.714324 -6.671454
v -2.465783 -0.786976 -6.648564
v -2.480964 -0.839101 -6.590793
v -2.485288 -0.856733 -6.513622
v -2.477598 -0.835146 -6.437729
v -2.459953 -0.780126 -6.383449
v -2.341679 -0.735899 -6.373217
v -2.322267 -0.662457 -6.395896
v -2.314070 -0.608173 -6.453089
v -2.319286 -0.587593 -6.529470
v -2.336517 -0.606231 -6.604575
v -2.361145 -0.659093 -6.658278
v -2.386573 -0.732015 -6.676189
v -2.405986 -0.805457 -6.653510
v -2.414182 -0.859740 -6.596317
v -2.408966 -0.880320 -6.519936
v -2.391735 -0.861683 -6.444831
v -2.367107 -0.808821 -6.391129
v -2.248197 -0.765218 -6.394068
v -2.231289 -0.690990 -6.416188
v -2.229936 -0.634560 -6.471855
v -2.244500 -0.611048 -6.546152
v -2.271079 -0.626754 -6.619171
v -2.302551 -0.677470 -6.671347
v -2.330483 -0.749606 -6.688700
v -2.347391 -0.823833 -6.666579
v -2.348744 -0.880263 -6.610913
v -2.334180 -0.903775 -6.536616
v -2.307601 -0.888069 -6.463597
v -2.276129 -0.837354 -6.411421
v -2.158234 -0.793868 -6.427522
v -2.143737 -0.718873 -6.448746
v -2.148969 -0.660346 -6.501964
v -2.172530 -0.633969 -6.572915
v -2.208105 -0.646810 -6.642589
v -2.246163 -0.695428 -6.692316
v -2.276506 -0.766796 -6.708772
v -2.291003 -0.841791 -6.687548
v -2.285770 -0.900319 -6.634331
v -2.262210 -0.926696 -6.563380
v -2.226635 -0.913855 -6.493706
v -2.188577 -0.865237 -6.443979
v -2.073331 -0.821361 -6.473007
v -2.061109 -0.745629 -6.493012
v -2.072556 -0.685089 -6.542900
v -2.104607 -0.655963 -6.609303
v -2.148673 -0.666054 -6.674428
v -2.192946 -0.712660 -6.720826
v -2.225564 -0.783292 -6.736063
v -2.237786 -0.859024 -6.716058
v -2.226338 -0.919564 -6.666170
v -2.194287 -0.948690 -6.599768
v -2.150222 -0.938598 -6.534642
v -2.105948 -0.891993 -6.488245
v -1.994939 -0.847225 -6.529744
v -1.984818 -0.770800 -6.548229
v -2.002004 -0.708367 -6.593964
v -2.041894 -0.676654 -6.654693
v -2.093799 -0.684159 -6.714144
v -2.143811 -0.728872 -6.756388
v -2.178529 -0.798810 -6.770105
v -2.188651 -0.875235 -6.751620
v -2.171464 -0.937669 -6.705886
v -2.131574 -0.969381 -6.645157
v -2.079669 -0.961876 -6.585706
v -2.029657 -0.917164 -6.543462
v -1.924401 -0.871018 -6.596763
v -1.916169 -0.793956 -6.613452
v -1.938520 -0.729781 -6.654280
v -1.985463 -0.695689 -6.708307
v -2.044422 -0.700815 -6.761057
v -2.099597 -0.743785 -6.798395
v -2.136206 -0.813086 -6.810317
v -2.144438 -0.890149 -6.793627
v -2.122087 -0.954324 -6.752800
v -2.075143 -0.988416 -6.698772
v -2.016185 -0.983290 -6.646022
v -1.961009 -0.940319 -6.608685
v -1.862922 -0.892334 -6.672917
v -1.856338 -0.814700 -6.687566
v -1.883189 -0.748964 -6.722819
v -1.936280 -0.712741 -6.769231
v -2.001387 -0.715735 -6.814365
v -2.061063 -0.757145 -6.846128
v -2.099319 -0.825875 -6.856009
v -2.105903 -0.903509 -6.841361
v -2.079052 -0.969244 -6.806107
v -2.025960 -1.005468 -6.759696
v -1.960854 -1.002474 -6.714561
v -1.901178 -0.961064 -6.682798
v -1.811556 -0.910806 -6.756903
v -1.806348 -0.832677 -6.769301
v -1.836959 -0.765590 -6.798406
v -1.895188 -0.727519 -6.836419
v -1.965431 -0.728666 -6.873155
v -2.028867 -0.768724 -6.898770
v -2.068499 -0.836959 -6.906400
v -2.073707 -0.915087 -6.894002
v -2.043096 -0.982175 -6.864897
v -1.984867 -1.020246 -6.826884
v -1.914624 -1.019099 -6.790148
v -1.851188 -0.979041 -6.764533
v -1.771181 -0.926119 -6.847283
v -1.767055 -0.847580 -6.857259
v -1.800622 -0.779372 -6.879748
v -1.862887 -0.739769 -6.908723
v -1.937168 -0.739385 -6.936421
v -2.003560 -0.778322 -6.955420
v -2.044274 -0.846147 -6.960629
v -2.048400 -0.924686 -6.950652
v -2.014833 -0.992894 -6.928164
v -1.952567 -1.032497 -6.899188
v -1.878287 -1.032881 -6.871490
v -1.811894 -0.993944 -6.852492
v -1.742487 -0.938012 -6.942513
v -1.739130 -0.859154 -6.949937
v -1.774797 -0.790075 -6.965455
v -1.839932 -0.749284 -6.984907
v -1.917082 -0.747710 -7.003082
v -1.985575 -0.785776 -7.015109
v -2.027057 -0.853282 -7.017766
v -2.030415 -0.932140 -7.010342
v -1.994747 -1.001219 -6.994824
v -1.929612 -1.042011 -6.975372
v -1.852462 -1.043584 -6.957197
v -1.783970 -1.005518 -6.945169
v -1.725966 -0.946280 -7.040960
v -1.723051 -0.867201 -7.045747
v -1.759928 -0.797516 -7.054058
v -1.826715 -0.755898 -7.063665
v -1.905518 -0.753498 -7.071995
v -1.975220 -0.790959 -7.076816
v -2.017145 -0.858243 -7.076835
v -2.020060 -0.937322 -7.072048
v -1.983183 -1.007007 -7.063737
v -1.916395 -1.048625 -7.054130
v -1.837593 -1.051026 -7.045800
v -1.767891 -1.013565 -7.040979
v -2.050578 0.222724 -7.703131
v -1.978834 -1.149884 -7.703129
v -2.050611 0.222704 -6.578684
v -1.978562 -1.149829 -6.578699
v 0.985099 0.652615 -7.702961
v 0.985254 -0.721604 -7.702664
v 0.984834 -0.721414 -7.703151
v 0.985207 0.652342 -6.578756
v 0.984863 0.652796 -6.579100
v 0.985114 -0.721523 -6.578843
v -2.812381 0.035062 -6.578680
v -2.812508 0.035024 -7.703144
v -2.668884 -1.331892 -7.703136
v -2.668888 -1.331915 -6.578674
v -3.403042 -0.330983 -6.577130
v -3.403042 -0.330980 -6.577131
v -3.403251 -0.332543 -6.578449
v -3.402877 -0.331732 -6.579095
v -3.402919 -0.331872 -7.702928
v -3.402182 -0.332304 -7.703395
v -3.402180 -0.332302 -7.703395
v -3.402183 -0.332302 -7.703394
v -3.402182 -0.332302 -7.703394
v -3.403131 -0.331356 -7.702087
v -3.402669 -0.332567 -7.703355
v -3.188393 -1.690239 -7.703406
v -3.188393 -1.690239 -7.703406
v -3.188393 -1.690244 -7.703406
v -3.188393 -1.690239 -7.703406
v -3.188393 -1.690239 -7.703406
v -3.188393 -1.690239 -7.703406
v -3.188393 -1.690239 -7.703406
v -3.188393 -1.690241 -7.703406
v -3.188393 -1.690239 -7.703406
v -3.188393 -1.690241 -7.703406
v -3.188393 -1.690242 -7.703406
v -3.188393 -1.690241 -7.703406
v -3.188393 -1.690239 -7.703406
v -3.188393 -1.690241 -7.703406
v -3.188393 -1.690241 -7.703406
v -3.187803 -1.689042 -7.703380
v -3.188392 -1.690239 -7.703404
v -3.188393 -1.690239 -7.703406
v -3.188393 -1.690239 -7.703406
v -3.188393 -1.690239 -7.703406
v -3.188392 -1.690239 -7.703405
v -3.188392 -1.690239 -7.703405
v -3.188392 -1.690239 -7.703405
v -3.188393 -1.690239 -7.703406
v -3.188392 -1.690239 -7.703405
v -3.188392 -1.690239 -7.703405
v -3.188393 -1.690239 -7.703406
v -3.188393 -1.690239 -7.703406
v -3.188393 -1.690239 -7.703406
v -3.188392 -1.690239 -7.703405
v -3.188393 -1.690239 -7.703406
v -3.188392 -1.690239 -7.703405
v -3.188393 -1.690239 -7.703406
v -3.188393 -1.690239 -7.703406
v -3.188393 -1.690239 -7.703406
v -3.188393 -1.690239 -7.703406
v -3.188393 -1.690239 -7.703406
v -3.188393 -1.690239 -7.703406
v -3.188393 -1.690239 -7.703406
v -3.188393 -1.690239 -7.703406
v -3.188393 -1.690239 -7.703406
v -3.188393 -1.690239 -7.703406
v -3.188393 -1.690239 -7.703406
v -3.188393 -1.690239 -7.703406
v -3.188393 -1.690239 -7.703406
v -3.188393 -1.690239 -7.703406
v -3.188393 -1.690239 -7.703406
v -3.188393 -1.690239 -7.703406
v -3.188114 -1.689673 -7.703385
v -3.188115 -1.689671 -7.703387
v -3.188114 -1.689673 -7.703386
v -3.188114 -1.689672 -7.703386
v -3.187696 -1.689758 -7.702561
v -3.187695 -1.689758 -7.702556
v -3.187415 -1.689501 -7.702604
v -3.188393 -1.690239 -7.703406
v -3.188393 -1.690239 -7.703406
v -3.188393 -1.690239 -7.703406
v -3.188393 -1.690239 -7.703406
v -3.188393 -1.690239 -7.703406
v -3.188393 -1.690239 -7.703406
v -3.188393 -1.690239 -7.703406
v -3.188393 -1.690239 -7.703406
v -3.188393 -1.690239 -7.703406
v -3.188393 -1.690239 -7.703406
v -3.188393 -1.690239 -7.703406
v -3.188393 -1.690239 -7.703406
v -3.188393 -1.690239 -7.703406
v -3.188393 -1.690239 -7.703406
v -3.188393 -1.690239 -7.703406
v -3.188393 -1.690239 -7.703406
v -3.188043 -1.689999 -7.702982
v -3.188043 -1.689999 -7.702982
v -3.188043 -1.689999 -7.702981
v -3.188043 -1.689999 -7.702981
v -3.188043 -1.689999 -7.702981
v -3.188043 -1.689999 -7.702982
v -3.188043 -1.689999 -7.702981
v -3.188043 -1.689999 -7.702981
v -3.188043 -1.689999 -7.702982
v -3.188043 -1.689999 -7.702981
v -3.188043 -1.689999 -7.702982
v -3.188045 -1.689998 -7.702984
v -3.188043 -1.689999 -7.702982
v -3.188044 -1.689999 -7.702982
v -3.188043 -1.689999 -7.702982
v -3.188044 -1.689999 -7.702982
v -3.188044 -1.689999 -7.702984
v -3.188045 -1.689998 -7.702984
v -3.188043 -1.689999 -7.702982
v -3.188044 -1.689999 -7.702982
v -3.188393 -1.690239 -6.578406
v -3.188393 -1.690239 -6.578406
v -3.188393 -1.690239 -6.578406
v -3.188392 -1.690239 -6.578406
v -3.188392 -1.690239 -6.578406
v -3.188393 -1.690239 -6.578406
v -3.188392 -1.690239 -6.578407
v -3.188392 -1.690239 -6.578409
v -3.188392 -1.690238 -6.578407
v -3.188569 -1.689368 -6.578424
v -3.188466 -1.689790 -6.578406
v -3.188464 -1.689789 -6.578406
v -3.187975 -1.689830 -6.578849
v -3.405699 -0.337637 -6.578630
v -3.405763 -0.338188 -6.577165
v -3.405763 -0.338188 -6.577165
v -3.405763 -0.338188 -6.577169
v -3.405763 -0.338188 -6.577165
v -3.405763 -0.338188 -6.577167
v -3.405400 -0.338299 -6.578375
v -3.402182 -0.332298 -7.703394
v -3.402180 -0.332303 -7.703395
v -3.402108 -0.327958 -7.702271
v -3.402134 -0.329396 -7.703351
v -3.189611 -1.690201 -7.703328
v -3.188394 -1.690240 -7.703406
v -3.188393 -1.690239 -7.703406
v -3.188393 -1.690239 -7.703406
v -3.188393 -1.690239 -7.703406
v -3.188393 -1.690239 -7.703406
v -3.188393 -1.690239 -7.703406
v -3.188393 -1.690239 -7.703406
v -3.188393 -1.690239 -7.703406
v -3.188393 -1.690239 -7.703406
v -3.188393 -1.690239 -7.703406
v -3.188393 -1.690239 -7.703406
v -3.188393 -1.690239 -7.703406
v -3.188393 -1.690239 -7.703406
v -3.188393 -1.690239 -7.703406
v -3.188393 -1.690239 -7.703406
v -3.188393 -1.690239 -7.703406
v -3.188393 -1.690239 -7.703406
v -3.188393 -1.690239 -7.703406
v -3.188393 -1.690240 -7.703403
v -3.188393 -1.690239 -7.703406
v -3.188393 -1.690239 -7.703406
v -3.188393 -1.690239 -7.703406
v -3.188393 -1.690239 -7.703406
v -3.188393 -1.690239 -7.703406
v -3.188393 -1.690239 -7.703405
v -3.188393 -1.690240 -7.703403
v -3.188393 -1.690240 -7.703405
v -3.188393 -1.690239 -7.703406
v -3.188393 -1.690239 -7.703405
v -3.188393 -1.690239 -7.703405
v -3.188914 -1.692797 -7.703406
v -3.188918 -1.692786 -7.703406
v -3.188914 -1.692797 -7.703406
v -3.189119 -1.690663 -7.703238
v -3.188393 -1.690239 -7.703406
v -3.188393 -1.690239 -7.703406
v -3.188393 -1.690239 -7.703406
v -3.188393 -1.690239 -7.703406
v -3.188393 -1.690239 -7.703406
v -3.188393 -1.690239 -7.703406
v -3.188393 -1.690239 -7.703406
v -3.188393 -1.690239 -7.703406
v -3.188393 -1.690239 -7.703406
v -3.188393 -1.690239 -7.703406
v -3.188393 -1.690239 -7.703406
v -3.188393 -1.690239 -7.703406
v -3.188393 -1.690239 -7.703406
v -3.188393 -1.690239 -7.703406
v -3.188393 -1.690239 -7.703406
v -3.188393 -1.690239 -7.703406
v -3.188521 -1.692686 -7.703406
v -3.188521 -1.692686 -7.703406
v -3.188523 -1.692683 -7.703406
v -3.188523 -1.692683 -7.703406
v -3.188523 -1.692677 -7.703406
v -3.188523 -1.692676 -7.703406
v -3.188523 -1.692681 -7.703406
v -3.188521 -1.692686 -7.703406
v -3.188523 -1.692682 -7.703406
v -3.188523 -1.692684 -7.703406
v -3.188521 -1.692684 -7.703406
v -3.188521 -1.692686 -7.703406
v -3.188521 -1.692684 -7.703406
v -3.188521 -1.692686 -7.703406
v -3.188540 -1.692403 -7.703366
v -3.188521 -1.692686 -7.703406
v -3.188523 -1.692681 -7.703406
v -3.188521 -1.692686 -7.703406
v -3.188523 -1.692681 -7.703406
v -3.188521 -1.692676 -7.703406
v -3.188523 -1.692678 -7.703406
v -3.188523 -1.692681 -7.703406
v -3.188521 -1.692686 -7.703406
v -3.188523 -1.692682 -7.703406
v -3.188393 -1.690239 -7.703406
v -3.188393 -1.690239 -7.703406
v -3.188393 -1.690239 -7.703406
v -3.188393 -1.690239 -7.703406
v -3.188393 -1.690239 -7.703406
v -3.188393 -1.690239 -7.703406
v -3.188393 -1.690239 -7.703406
v -3.188393 -1.690239 -7.703406
v -3.188393 -1.690239 -7.703406
v -3.188393 -1.690239 -7.703406
v -3.188393 -1.690239 -7.703406
v -3.188393 -1.690239 -7.703406
v -3.188393 -1.690239 -7.703406
v -3.188393 -1.690239 -7.703406
v -3.188393 -1.690239 -7.703406
v -3.188393 -1.690239 -7.703406
v -3.188672 -1.690458 -7.703069
v -3.188672 -1.690458 -7.703070
v -3.188672 -1.690457 -7.703069
v -3.188673 -1.690458 -7.703069
v -3.188672 -1.690457 -7.703070
v -3.188989 -1.690776 -7.702594
v -3.189028 -1.690674 -7.702810
v -3.188951 -1.690676 -6.579127
v -3.188393 -1.690240 -6.578410
v -3.188393 -1.690239 -6.578406
v -3.188393 -1.690239 -6.578406
v -3.188393 -1.690240 -6.578409
v -3.188393 -1.690240 -6.578409
v -3.188393 -1.690239 -6.578407
v -3.188393 -1.690239 -6.578406
v -3.188393 -1.690239 -6.578407
v -3.188393 -1.690239 -6.578407
v -3.188393 -1.690239 -6.578406
v -3.188393 -1.690239 -6.578406
v -4.005084 -0.807646 -6.578406
v -4.005084 -0.807646 -6.578406
v -4.005084 -0.807646 -6.578406
v -4.005083 -0.807644 -6.578409
v -4.005083 -0.807644 -6.578409
v -4.005084 -0.807644 -6.578407
v -4.005084 -0.807646 -6.578406
v -4.005083 -0.807644 -6.578408
v -4.005083 -0.807644 -6.578408
v -4.005084 -0.807646 -6.578406
v -4.005084 -0.807646 -6.578406
v -4.005084 -0.807646 -6.578406
v -4.005083 -0.807644 -6.578408
v -4.005084 -0.807646 -6.578406
v -4.005084 -0.807646 -6.578406
v -4.005084 -0.807646 -6.578406
v -4.005084 -0.807646 -6.578406
v -4.005083 -0.807646 -6.578406
v -4.005084 -0.807646 -6.578406
v -4.005084 -0.807646 -6.578406
v -4.005084 -0.807646 -6.578406
v -4.005084 -0.807646 -6.578406
v -4.005083 -0.807646 -6.578406
v -4.005084 -0.807646 -6.578406
v -4.005084 -0.807646 -6.578406
v -4.005083 -0.807646 -6.578406
v -4.005083 -0.807646 -6.578406
v -4.005083 -0.807646 -6.578406
v -4.005084 -0.807646 -6.578406
v -4.005083 -0.807646 -6.578406
v -4.005083 -0.807646 -6.578406
v -4.004152 -0.806972 -6.579470
v -4.005084 -0.807646 -6.578406
v -4.005084 -0.807646 -6.578406
v -4.005084 -0.807646 -6.578406
v -4.005084 -0.807646 -6.578406
v -4.005084 -0.807646 -6.578406
v -4.005084 -0.807646 -6.578406
v -4.005084 -0.807646 -6.578406
v -4.005084 -0.807646 -6.578406
v -4.005084 -0.807646 -6.578406
v -4.005084 -0.807646 -6.578406
v -4.005084 -0.807646 -6.578406
v -4.005084 -0.807646 -6.578406
v -4.005084 -0.807646 -6.578406
v -4.005084 -0.807646 -6.578406
v -4.005084 -0.807646 -6.578406
v -4.005084 -0.807646 -6.578406
v -4.004750 -0.807383 -6.578830
v -4.004750 -0.807383 -6.578830
v -4.004750 -0.807383 -6.578830
v -4.004750 -0.807383 -6.578831
v -4.004750 -0.807383 -6.578831
v -4.004750 -0.807383 -6.578830
v -4.004750 -0.807383 -6.578831
v -4.004750 -0.807383 -6.578831
v -4.004750 -0.807383 -6.578831
v -4.004751 -0.807383 -6.578831
v -4.004685 -0.807328 -6.578845
v -4.004750 -0.807383 -6.578830
v -4.004750 -0.807383 -6.578830
v -4.004750 -0.807383 -6.578831
v -4.004750 -0.807383 -6.578831
v -4.004750 -0.807383 -6.578830
v -4.004750 -0.807383 -6.578831
v -4.004750 -0.807383 -6.578831
v -4.004750 -0.807383 -6.578830
v -4.004750 -0.807383 -6.578831
v -4.006488 -0.799328 -6.578407
v -4.005084 -0.807646 -6.578406
v -4.005084 -0.807646 -6.578406
v -4.005084 -0.807646 -6.578406
v -4.005084 -0.807646 -6.578406
v -4.005084 -0.807646 -6.578406
v -4.005084 -0.807646 -6.578406
v -4.005084 -0.807646 -6.578406
v -4.005084 -0.807646 -6.578406
v -4.005084 -0.807646 -6.578406
v -4.005084 -0.807646 -6.578406
v -4.005084 -0.807646 -6.578406
v -4.005084 -0.807646 -6.578406
v -4.005084 -0.807646 -6.578406
v -4.005084 -0.807646 -6.578406
v -4.005084 -0.807646 -6.578406
v -4.005084 -0.807646 -6.578406
v -4.004601 -0.807264 -6.579021
v -4.004601 -0.807254 -6.579021
v -4.004601 -0.807264 -6.579021
v -4.004601 -0.807266 -6.579022
v -4.004601 -0.807264 -6.579022
v -4.004601 -0.807264 -6.579021
v -4.004600 -0.807266 -6.579021
v -4.004789 -0.804976 -6.578387
v -4.004418 -0.807122 -6.579254
v -4.004419 -0.807123 -6.579250
v -4.004417 -0.807121 -6.579254
v -4.004274 -0.807160 -6.578745
v -4.005084 -0.807646 -7.703406
v -4.005084 -0.807646 -7.703406
v -4.005084 -0.807646 -7.703406
v -4.005084 -0.807646 -7.703406
v -4.005084 -0.807646 -7.703406
v -4.005084 -0.807646 -7.703406
v -4.005083 -0.807645 -7.703405
v -4.005084 -0.807646 -7.703406
v -4.005084 -0.807646 -7.703406
v -4.005083 -0.807645 -7.703404
v -4.005084 -0.807645 -7.703404
v -4.005084 -0.807645 -7.703405
v -4.005084 -0.807646 -7.703406
v -4.005084 -0.807645 -7.703405
v -4.005084 -0.807645 -7.703405
v -4.004434 -0.807237 -7.702869
v -4.003979 -0.807798 -7.703344
v -4.005082 -0.807647 -7.703406
v -4.005084 -0.807646 -7.703406
v -4.005084 -0.807646 -7.703406
v -4.005084 -0.807646 -7.703406
v -4.005083 -0.807646 -7.703406
v -4.005083 -0.807647 -7.703406
v -4.005083 -0.807646 -7.703406
v -4.005084 -0.807646 -7.703406
v -4.005084 -0.807646 -7.703406
v -4.005084 -0.807646 -7.703406
v -4.005084 -0.807646 -7.703406
v -4.005084 -0.807646 -7.703406
v -4.005084 -0.807646 -7.703406
v -4.005083 -0.807646 -7.703406
v -4.005084 -0.807646 -7.703406
v -4.005084 -0.807646 -7.703406
v -4.005084 -0.807646 -7.703406
v -4.005084 -0.807646 -7.703406
v -4.005084 -0.807646 -7.703406
v -4.005084 -0.807646 -7.703406
v -4.005084 -0.807646 -7.703406
v -4.005084 -0.807646 -7.703406
v -4.005084 -0.807646 -7.703406
v -4.005084 -0.807646 -7.703406
v -4.005084 -0.807646 -7.703406
v -4.005084 -0.807646 -7.703406
v -4.005084 -0.807646 -7.703406
v -4.005084 -0.807646 -7.703406
v -4.005084 -0.807646 -7.703406
v -4.005084 -0.807646 -7.703406
v -4.005084 -0.807646 -7.703406
v -4.005084 -0.807646 -7.703406
v -4.004617 -0.807812 -7.703406
v -4.004617 -0.807812 -7.703405
v -4.004615 -0.807813 -7.703406
v -4.004617 -0.807812 -7.703406
v -4.004617 -0.807812 -7.703406
v -4.004148 -0.807979 -7.703405
v -4.004146 -0.807983 -7.703406
v -4.005084 -0.807646 -7.703406
v -4.005084 -0.807646 -7.703406
v -4.005084 -0.807646 -7.703406
v -4.005084 -0.807646 -7.703406
v -4.005084 -0.807646 -7.703406
v -4.005084 -0.807646 -7.703406
v -4.005084 -0.807646 -7.703406
v -4.005084 -0.807646 -7.703406
v -4.005084 -0.807646 -7.703406
v -4.005084 -0.807646 -7.703406
v -4.005084 -0.807646 -7.703406
v -4.005084 -0.807646 -7.703406
v -4.005084 -0.807646 -7.703406
v -4.005084 -0.807646 -7.703406
v -4.005084 -0.807646 -7.703406
v -4.005084 -0.807646 -7.703406
v -4.004615 -0.807813 -7.703406
v -4.004615 -0.807813 -7.703406
v -4.004614 -0.807814 -7.703406
v -4.004614 -0.807814 -7.703406
v -4.004615 -0.807814 -7.703406
v -4.004615 -0.807813 -7.703406
v -4.004614 -0.807814 -7.703406
v -4.004614 -0.807814 -7.703406
v -4.004615 -0.807813 -7.703406
v -4.004614 -0.807814 -7.703406
v -4.004615 -0.807813 -7.703406
v -4.004617 -0.807814 -7.703406
v -4.004615 -0.807813 -7.703406
v -4.004615 -0.807813 -7.703406
v -4.004615 -0.807813 -7.703406
v -4.004615 -0.807813 -7.703406
v -4.004615 -0.807813 -7.703406
v -4.004615 -0.807814 -7.703406
v -4.004615 -0.807813 -7.703406
v -4.004615 -0.807813 -7.703406
v -4.004615 -0.807813 -7.703406
v -3.719205 -2.152598 -7.703406
v -3.719205 -2.152598 -7.703406
v -3.719205 -2.152598 -7.703406
v -3.719205 -2.152598 -7.703406
v -3.719205 -2.152598 -7.703406
v -3.719205 -2.152598 -7.703406
v -3.719205 -2.152598 -7.703406
v -3.719206 -2.152597 -7.703406
v -3.719206 -2.152595 -7.703406
v -3.719206 -2.152593 -7.703406
v -3.719206 -2.152596 -7.703406
v -3.719205 -2.152598 -7.703406
v -3.719206 -2.152597 -7.703406
v -3.719206 -2.152597 -7.703406
v -3.718403 -2.151913 -7.702255
v -3.719205 -2.152598 -7.703406
v -3.719205 -2.152598 -7.703406
v -3.719205 -2.152598 -7.703406
v -3.719205 -2.152598 -7.703403
v -3.719205 -2.152598 -7.703403
v -3.719205 -2.152598 -7.703405
v -3.719205 -2.152598 -7.703406
v -3.719205 -2.152598 -7.703405
v -3.719205 -2.152598 -7.703405
v -3.719205 -2.152598 -7.703406
v -3.719205 -2.152598 -7.703406
v -3.719205 -2.152598 -7.703406
v -3.719205 -2.152598 -7.703406
v -3.719205 -2.152598 -7.703405
v -3.719099 -2.152278 -7.703406
v -3.719205 -2.152598 -7.703406
v -3.719205 -2.152598 -7.703406
v -3.719205 -2.152598 -7.703406
v -3.719205 -2.152598 -7.703406
v -3.719205 -2.152598 -7.703406
v -3.719205 -2.152598 -7.703406
v -3.719205 -2.152598 -7.703406
v -3.719205 -2.152598 -7.703406
v -3.719205 -2.152598 -7.703406
v -3.719205 -2.152598 -7.703406
v -3.719205 -2.152598 -7.703406
v -3.719205 -2.152598 -7.703406
v -3.719205 -2.152598 -7.703406
v -3.719205 -2.152598 -7.703406
v -3.719205 -2.152598 -7.703406
v -3.719205 -2.152598 -7.703406
v -3.719089 -2.152291 -7.703389
v -3.719089 -2.152293 -7.703386
v -3.719090 -2.152292 -7.703389
v -3.719089 -2.152293 -7.703387
v -3.719089 -2.152292 -7.703389
v -3.718568 -2.152042 -7.702561
v -3.718597 -2.151507 -7.703261
v -3.719205 -2.152598 -7.703406
v -3.719205 -2.152598 -7.703406
v -3.719205 -2.152598 -7.703406
v -3.719205 -2.152598 -7.703406
v -3.719205 -2.152598 -7.703406
v -3.719205 -2.152598 -7.703406
v -3.719205 -2.152598 -7.703406
v -3.719205 -2.152598 -7.703406
v -3.719205 -2.152598 -7.703406
v -3.719205 -2.152598 -7.703406
v -3.719205 -2.152598 -7.703406
v -3.719205 -2.152598 -7.703406
v -3.719205 -2.152598 -7.703406
v -3.719205 -2.152598 -7.703406
v -3.719205 -2.152598 -7.703406
v -3.719205 -2.152598 -7.703406
v -3.718885 -2.152319 -7.702982
v -3.718885 -2.152319 -7.702982
v -3.718884 -2.152318 -7.702979
v -3.718885 -2.152319 -7.702981
v -3.718887 -2.152320 -7.702982
v -3.718885 -2.152319 -7.702982
v -3.718885 -2.152319 -7.702982
v -3.718885 -2.152319 -7.702981
v -3.718885 -2.152319 -7.702982
v -3.718885 -2.152319 -7.702981
v -3.718885 -2.152319 -7.702982
v -3.718887 -2.152319 -7.702984
v -3.718885 -2.152319 -7.702982
v -3.718887 -2.152320 -7.702984
v -3.718885 -2.152319 -7.702982
v -3.718887 -2.152320 -7.702984
v -3.718888 -2.152321 -7.702985
v -3.718887 -2.152319 -7.702984
v -3.718885 -2.152319 -7.702982
v -3.718887 -2.152320 -7.702984
v -3.719206 -2.152598 -6.578406
v -3.719206 -2.152598 -6.578406
v -3.719204 -2.152596 -6.578410
v -3.719206 -2.152598 -6.578406
v -3.719206 -2.152598 -6.578406
v -3.719206 -2.152598 -6.578406
v -3.719206 -2.152598 -6.578406
v -3.719206 -2.152598 -6.578407
v -3.719206 -2.152598 -6.578406
v -3.719206 -2.152598 -6.578407
v -3.719206 -2.152598 -6.578409
v -3.719206 -2.152598 -6.578407
v -3.719206 -2.152598 -6.578406
v -3.719206 -2.152598 -6.578407
v -3.719206 -2.152598 -6.578407
v -3.718559 -2.151536 -6.578585
v -3.719206 -2.152598 -6.578406
v -3.719206 -2.152598 -6.578406
v -3.719206 -2.152598 -6.578406
v -3.719206 -2.152596 -6.578406
v -3.719206 -2.152594 -6.578406
v -3.719206 -2.152598 -6.578406
v -3.719206 -2.152598 -6.578406
v -3.719206 -2.152598 -6.578406
v -3.719206 -2.152598 -6.578406
v -3.719206 -2.152598 -6.578406
v -3.719206 -2.152598 -6.578406
v -3.719206 -2.152598 -6.578406
v -3.719206 -2.152596 -6.578406
v -3.719206 -2.152598 -6.578406
v -3.719206 -2.152598 -6.578406
v -3.719206 -2.152598 -6.578406
v -3.719206 -2.152598 -6.578406
v -3.719206 -2.152598 -6.578406
v -3.719206 -2.152598 -6.578406
v -3.719206 -2.152598 -6.578406
v -3.719206 -2.152598 -6.578406
v -3.719206 -2.152598 -6.578406
v -3.719206 -2.152598 -6.578406
v -3.719206 -2.152598 -6.578406
v -3.719206 -2.152598 -6.578406
v -3.719206 -2.152598 -6.578406
v -3.719206 -2.152598 -6.578406
v -3.719206 -2.152598 -6.578406
v -3.719206 -2.152598 -6.578406
v -3.718931 -2.152334 -6.578745
v -3.718931 -2.152334 -6.578743
v -3.718931 -2.152336 -6.578745
v -3.718931 -2.152334 -6.578744
v -3.718931 -2.152335 -6.578744
v -3.718433 -2.151930 -6.579335
v -3.718660 -2.151084 -6.578406
v -3.718662 -2.151092 -6.578407
v -3.719206 -2.152598 -6.578406
v -3.719206 -2.152598 -6.578406
v -3.719206 -2.152598 -6.578406
v -3.719206 -2.152598 -6.578406
v -3.719206 -2.152598 -6.578406
v -3.719206 -2.152598 -6.578406
v -3.719206 -2.152598 -6.578406
v -3.719206 -2.152598 -6.578406
v -3.719206 -2.152598 -6.578406
v -3.719206 -2.152598 -6.578406
v -3.719206 -2.152598 -6.578406
v -3.719206 -2.152598 -6.578406
v -3.719206 -2.152598 -6.578406
v -3.719206 -2.152598 -6.578406
v -3.719206 -2.152598 -6.578406
v -3.719206 -2.152598 -6.578406
v -3.718933 -2.151839 -6.578406
v -3.718933 -2.151842 -6.578406
v -3.718933 -2.151842 -6.578406
v -3.718932 -2.151839 -6.578406
v -3.718933 -2.151840 -6.578406
v -3.718933 -2.151840 -6.578406
v -3.718933 -2.151842 -6.578406
v -3.718931 -2.151840 -6.578406
v -3.718931 -2.151840 -6.578406
v -3.718933 -2.151842 -6.578406
v -3.718931 -2.151840 -6.578406
v -3.718933 -2.151842 -6.578406
v -3.718932 -2.151843 -6.578407
v -3.718933 -2.151842 -6.578406
v -3.718933 -2.151843 -6.578407
v -3.718933 -2.151842 -6.578406
v -3.718933 -2.151843 -6.578407
v -3.718933 -2.151844 -6.578407
v -3.718933 -2.151843 -6.578407
v -3.718933 -2.151842 -6.578406
v -3.718933 -2.151843 -6.578407
v -4.005084 -0.807649 -6.578406
v -4.005084 -0.807646 -6.578406
v -4.005084 -0.807646 -6.578406
v -4.005084 -0.807646 -6.578406
v -4.005084 -0.807648 -6.578406
v -4.005084 -0.807648 -6.578406
v -4.005084 -0.807647 -6.578406
v -4.005084 -0.807646 -6.578406
v -4.005084 -0.807646 -6.578406
v -4.005084 -0.807646 -6.578406
v -4.005084 -0.807646 -6.578406
v -4.005084 -0.807646 -6.578406
v -4.005084 -0.807646 -6.578406
v -4.005084 -0.807647 -6.578406
v -4.005084 -0.807646 -6.578406
v -4.005084 -0.807646 -6.578406
v -4.005084 -0.807646 -6.578406
v -4.005084 -0.807646 -6.578406
v -4.005084 -0.807646 -6.578406
v -4.005084 -0.807646 -6.578406
v -4.005084 -0.807646 -6.578406
v -4.005084 -0.807646 -6.578406
v -4.005084 -0.807646 -6.578407
v -4.005084 -0.807646 -6.578406
v -4.005084 -0.807646 -6.578406
v -4.005084 -0.807646 -6.578409
v -4.005084 -0.807646 -6.578409
v -4.005084 -0.807646 -6.578407
v -4.005084 -0.807646 -6.578406
v -4.005084 -0.807646 -6.578407
v -4.005084 -0.807646 -6.578407
v -4.005776 -0.808529 -6.578681
v -4.005577 -0.808057 -6.579035
v -4.005484 -0.808819 -6.578408
v -4.005483 -0.808823 -6.578406
v -4.005084 -0.807646 -6.578406
v -4.005084 -0.807646 -6.578406
v -4.005084 -0.807646 -6.578406
v -4.005084 -0.807646 -6.578406
v -4.005084 -0.807646 -6.578406
v -4.005084 -0.807646 -6.578406
v -4.005084 -0.807646 -6.578406
v -4.005084 -0.807646 -6.578406
v -4.005084 -0.807646 -6.578406
v -4.005084 -0.807646 -6.578406
v -4.005084 -0.807646 -6.578406
v -4.005084 -0.807646 -6.578406
v -4.005084 -0.807646 -6.578406
v -4.005084 -0.807646 -6.578406
v -4.005084 -0.807646 -6.578406
v -4.005084 -0.807646 -6.578406
v -4.005191 -0.807961 -6.578406
v -4.005192 -0.807961 -6.578406
v -4.005192 -0.807961 -6.578406
v -4.005192 -0.807964 -6.578406
v -4.005191 -0.807961 -6.578406
v -4.005191 -0.807962 -6.578406
v -4.005191 -0.807962 -6.578406
v -4.005192 -0.807961 -6.578406
v -4.005191 -0.807961 -6.578406
v -4.005191 -0.807961 -6.578406
v -4.005192 -0.807961 -6.578406
v -4.005191 -0.807961 -6.578406
v -4.005192 -0.807961 -6.578406
v -4.005193 -0.807961 -6.578406
v -4.005188 -0.807954 -6.578406
v -4.005192 -0.807961 -6.578406
v -4.005192 -0.807961 -6.578406
v -4.005192 -0.807961 -6.578406
v -4.005191 -0.807959 -6.578406
v -4.005192 -0.807961 -6.578406
v -4.005189 -0.807957 -6.578406
v -4.005191 -0.807958 -6.578406
v -4.005192 -0.807961 -6.578406
v -4.005191 -0.807958 -6.578406
v -4.005191 -0.807958 -6.578406
v -4.005084 -0.807646 -6.578406
v -4.005084 -0.807646 -6.578406
v -4.005084 -0.807646 -6.578406
v -4.005084 -0.807646 -6.578406
v -4.005084 -0.807646 -6.578406
v -4.005084 -0.807646 -6.578406
v -4.005084 -0.807646 -6.578406
v -4.005084 -0.807646 -6.578406
v -4.005084 -0.807646 -6.578406
v -4.005084 -0.807646 -6.578406
v -4.005084 -0.807646 -6.578406
v -4.005084 -0.807646 -6.578406
v -4.005084 -0.807646 -6.578406
v -4.005084 -0.807646 -6.578406
v -4.005084 -0.807646 -6.578406
v -4.005084 -0.807646 -6.578406
v -4.005203 -0.807993 -6.578407
v -4.005206 -0.807996 -6.578410
v -4.005203 -0.807993 -6.578406
v -4.005203 -0.807993 -6.578407
v -4.005203 -0.807993 -6.578406
v -4.005203 -0.807994 -6.578406
v -4.005085 -0.807646 -7.703403
v -4.005084 -0.807646 -7.703406
v -4.005084 -0.807646 -7.703406
v -4.005084 -0.807646 -7.703406
v -4.005084 -0.807646 -7.703404
v -4.005084 -0.807646 -7.703404
v -4.005084 -0.807646 -7.703405
v -4.005084 -0.807646 -7.703406
v -4.005084 -0.807646 -7.703405
v -4.005084 -0.807646 -7.703405
v -4.005084 -0.807646 -7.703406
v -4.005084 -0.807646 -7.703406
v -4.005084 -0.807646 -7.703406
v -4.005084 -0.807646 -7.703405
v -4.005084 -0.807646 -7.703406
v -4.005084 -0.807646 -7.703406
v -4.005084 -0.807646 -7.703406
v -4.005084 -0.807646 -7.703406
v -4.005084 -0.807649 -7.703406
v -4.005084 -0.807646 -7.703406
v -4.005084 -0.807646 -7.703406
v -4.005084 -0.807646 -7.703406
v -4.005084 -0.807646 -7.703406
v -4.005084 -0.807647 -7.703406
v -4.005084 -0.807646 -7.703406
v -4.005084 -0.807646 -7.703406
v -4.005084 -0.807648 -7.703406
v -4.005084 -0.807648 -7.703406
v -4.005084 -0.807647 -7.703406
v -4.005084 -0.807646 -7.703406
v -4.005084 -0.807647 -7.703406
v -4.005084 -0.807647 -7.703406
v -4.005684 -0.808532 -7.703216
v -4.005731 -0.808192 -7.702561
v -4.005732 -0.808192 -7.702558
v -4.005084 -0.807646 -7.703406
v -4.005084 -0.807646 -7.703406
v -4.005084 -0.807646 -7.703406
v -4.005084 -0.807646 -7.703406
v -4.005084 -0.807646 -7.703406
v -4.005084 -0.807646 -7.703406
v -4.005084 -0.807646 -7.703406
v -4.005084 -0.807646 -7.703406
v -4.005084 -0.807646 -7.703406
v -4.005084 -0.807646 -7.703406
v -4.005084 -0.807646 -7.703406
v -4.005084 -0.807646 -7.703406
v -4.005084 -0.807646 -7.703406
v -4.005084 -0.807646 -7.703406
v -4.005084 -0.807646 -7.703406
v -4.005084 -0.807646 -7.703406
v -4.005408 -0.807918 -7.702982
v -4.005408 -0.807918 -7.702982
v -4.005408 -0.807919 -7.702980
v -4.005408 -0.807918 -7.702981
v -4.005408 -0.807918 -7.702981
v -4.005408 -0.807918 -7.702982
v -4.005408 -0.807918 -7.702981
v -4.005408 -0.807918 -7.702981
v -4.005408 -0.807918 -7.702982
v -4.005408 -0.807918 -7.702981
v -4.005408 -0.807918 -7.702982
v -4.005407 -0.807916 -7.702985
v -4.005408 -0.807918 -7.702982
v -4.005408 -0.807918 -7.702984
v -4.005408 -0.807918 -7.702982
v -4.005408 -0.807918 -7.702984
v -4.005407 -0.807917 -7.702984
v -4.005407 -0.807917 -7.702984
v -4.005408 -0.807918 -7.702982
v -4.005408 -0.807918 -7.702982
v -4.005349 -0.808433 -7.703406
v -4.005084 -0.807646 -7.703406
v -4.005084 -0.807646 -7.703406
v -4.005084 -0.807646 -7.703406
v -4.005084 -0.807646 -7.703406
v -4.005084 -0.807646 -7.703406
v -4.005084 -0.807646 -7.703406
v -4.005084 -0.807646 -7.703406
v -4.005084 -0.807646 -7.703406
v -4.005084 -0.807646 -7.703406
v -4.005084 -0.807646 -7.703406
v -4.005084 -0.807646 -7.703406
v -4.005084 -0.807646 -7.703406
v -4.005084 -0.807646 -7.703406
v -4.005084 -0.807646 -7.703406
v -4.005084 -0.807646 -7.703406
v -4.005084 -0.807646 -7.703406
v -4.005407 -0.807919 -7.702984
v -4.005408 -0.807923 -7.702985
v -4.005407 -0.807919 -7.702982
v -4.005407 -0.807918 -7.702982
v -4.005407 -0.807918 -7.702982
v -4.005408 -0.807918 -7.702982
v -3.719208 -2.152596 -7.703406
v -3.719205 -2.152598 -7.703406
v -3.719205 -2.152598 -7.703406
v -3.719205 -2.152598 -7.703406
v -3.719207 -2.152597 -7.703406
v -3.719207 -2.152597 -7.703406
v -3.719205 -2.152598 -7.703406
v -3.719205 -2.152598 -7.703406
v -3.719205 -2.152598 -7.703406
v -3.719205 -2.152598 -7.703406
v -3.719205 -2.152598 -7.703406
v -3.719205 -2.152598 -7.703406
v -3.719207 -2.152597 -7.703406
v -3.719205 -2.152598 -7.703406
v -3.719207 -2.152598 -7.703406
v -3.719205 -2.152598 -7.703406
v -3.719205 -2.152598 -7.703406
v -3.719207 -2.152599 -7.703403
v -3.719205 -2.152598 -7.703406
v -3.719205 -2.152598 -7.703406
v -3.719205 -2.152598 -7.703406
v -3.719205 -2.152598 -7.703406
v -3.719205 -2.152598 -7.703405
v -3.719205 -2.152598 -7.703406
v -3.719207 -2.152598 -7.703405
v -3.719207 -2.152598 -7.703403
v -3.719207 -2.152598 -7.703405
v -3.719205 -2.152598 -7.703406
v -3.719205 -2.152598 -7.703405
v -3.719205 -2.152598 -7.703405
v -3.719868 -2.153157 -7.702632
v -3.719902 -2.152372 -7.703405
v -3.719904 -2.152369 -7.703406
v -3.720174 -2.152544 -7.703311
v -3.719205 -2.152598 -7.703406
v -3.719205 -2.152598 -7.703406
v -3.719205 -2.152598 -7.703406
v -3.719205 -2.152598 -7.703406
v -3.719205 -2.152598 -7.703406
v -3.719205 -2.152598 -7.703406
v -3.719205 -2.152598 -7.703406
v -3.719205 -2.152598 -7.703406
v -3.719205 -2.152598 -7.703406
v -3.719205 -2.152598 -7.703406
v -3.719205 -2.152598 -7.703406
v -3.719205 -2.152598 -7.703406
v -3.719205 -2.152598 -7.703406
v -3.719205 -2.152598 -7.703406
v -3.719205 -2.152598 -7.703406
v -3.719205 -2.152598 -7.703406
v -3.719394 -2.152535 -7.703406
v -3.719393 -2.152537 -7.703406
v -3.719393 -2.152537 -7.703406
v -3.719394 -2.152535 -7.703406
v -3.719393 -2.152535 -7.703406
v -3.719393 -2.152535 -7.703406
v -3.719393 -2.152537 -7.703406
v -3.719393 -2.152537 -7.703406
v -3.719393 -2.152537 -7.703406
v -3.719393 -2.152537 -7.703406
v -3.719393 -2.152537 -7.703406
v -3.719393 -2.152537 -7.703406
v -3.719393 -2.152537 -7.703406
v -3.719393 -2.152538 -7.703406
v -3.719393 -2.152537 -7.703406
v -3.719393 -2.152538 -7.703406
v -3.719392 -2.152538 -7.703405
v -3.719393 -2.152538 -7.703405
v -3.719393 -2.152537 -7.703406
v -3.719393 -2.152537 -7.703406
v -3.719205 -2.152598 -7.703406
v -3.719205 -2.152598 -7.703406
v -3.719205 -2.152598 -7.703406
v -3.719205 -2.152598 -7.703406
v -3.719205 -2.152598 -7.703406
v -3.719205 -2.152598 -7.703406
v -3.719205 -2.152598 -7.703406
v -3.719205 -2.152598 -7.703406
v -3.719205 -2.152598 -7.703406
v -3.719205 -2.152598 -7.703406
v -3.719205 -2.152598 -7.703406
v -3.719205 -2.152598 -7.703406
v -3.719205 -2.152598 -7.703406
v -3.719205 -2.152598 -7.703406
v -3.719205 -2.152598 -7.703406
v -3.719205 -2.152598 -7.703406
v -3.719478 -2.152824 -7.703069
v -3.719477 -2.152821 -7.703074
v -3.719478 -2.152824 -7.703070
v -3.719477 -2.152823 -7.703071
v -3.719207 -2.152599 -6.578410
v -3.719206 -2.152598 -6.578406
v -3.719206 -2.152598 -6.578406
v -3.719206 -2.152598 -6.578406
v -3.719207 -2.152598 -6.578409
v -3.719206 -2.152598 -6.578409
v -3.719207 -2.152598 -6.578407
v -3.719206 -2.152598 -6.578406
v -3.719206 -2.152598 -6.578407
v -3.719206 -2.152598 -6.578407
v -3.719206 -2.152598 -6.578406
v -3.719206 -2.152598 -6.578406
v -3.719206 -2.152598 -6.578406
v -3.719207 -2.152598 -6.578407
v -3.719206 -2.152598 -6.578406
v -3.719207 -2.152598 -6.578407
v -3.719206 -2.152598 -6.578406
v -3.719206 -2.152598 -6.578406
v -3.719206 -2.152598 -6.578406
v -3.719206 -2.152598 -6.578406
v -3.719206 -2.152598 -6.578406
v -3.719206 -2.152598 -6.578406
v -3.719207 -2.152596 -6.578406
v -3.719206 -2.152598 -6.578406
v -3.719207 -2.152598 -6.578406
v -3.719207 -2.152596 -6.578406
v -3.719207 -2.152596 -6.578406
v -3.719207 -2.152596 -6.578406
v -3.719206 -2.152598 -6.578406
v -3.719207 -2.152596 -6.578406
v -3.719207 -2.152596 -6.578406
v -3.720487 -2.152193 -6.578409
v -3.719826 -2.153171 -6.579249
v -3.719828 -2.153174 -6.579255
v -3.719929 -2.152993 -6.578837
v -3.719206 -2.152598 -6.578406
v -3.719206 -2.152598 -6.578406
v -3.719206 -2.152598 -6.578406
v -3.719206 -2.152598 -6.578406
v -3.719206 -2.152598 -6.578406
v -3.719206 -2.152598 -6.578406
v -3.719206 -2.152598 -6.578406
v -3.719206 -2.152598 -6.578406
v -3.719206 -2.152598 -6.578406
v -3.719206 -2.152598 -6.578406
v -3.719206 -2.152598 -6.578406
v -3.719206 -2.152598 -6.578406
v -3.719206 -2.152598 -6.578406
v -3.719206 -2.152598 -6.578406
v -3.719206 -2.152598 -6.578406
v -3.719206 -2.152598 -6.578406
v -3.719517 -2.152887 -6.578834
v -3.719517 -2.152885 -6.578830
v -3.719517 -2.152885 -6.578830
v -3.719517 -2.152885 -6.578831
v -3.719517 -2.152887 -6.578833
v -3.719517 -2.152885 -6.578831
v -3.719517 -2.152885 -6.578830
v -3.719517 -2.152887 -6.578831
v -3.719517 -2.152887 -6.578831
v -3.719517 -2.152885 -6.578830
v -3.719517 -2.152887 -6.578831
v -3.719517 -2.152885 -6.578830
v -3.719515 -2.152884 -6.578827
v -3.719518 -2.152885 -6.578830
v -3.719517 -2.152885 -6.578830
v -3.719515 -2.152885 -6.578830
v -3.719517 -2.152885 -6.578830
v -3.719515 -2.152885 -6.578830
v -3.719517 -2.152884 -6.578829
v -3.719515 -2.152884 -6.578829
v -3.719517 -2.152884 -6.578829
v -3.719517 -2.152885 -6.578830
v -3.719517 -2.152885 -6.578830
v -3.719517 -2.152885 -6.578830
v -3.719206 -2.152598 -6.578406
v -3.719206 -2.152598 -6.578406
v -3.719206 -2.152598 -6.578406
v -3.719206 -2.152598 -6.578406
v -3.719206 -2.152598 -6.578406
v -3.719206 -2.152598 -6.578406
v -3.719206 -2.152598 -6.578406
v -3.719206 -2.152598 -6.578406
v -3.719206 -2.152598 -6.578406
v -3.719206 -2.152598 -6.578406
v -3.719206 -2.152598 -6.578406
v -3.719206 -2.152598 -6.578406
v -3.719206 -2.152598 -6.578406
v -3.719206 -2.152598 -6.578406
v -3.719206 -2.152598 -6.578406
v -3.719206 -2.152598 -6.578406
v -3.719594 -2.152493 -6.578425
v -3.719595 -2.152494 -6.578426
v -3.719594 -2.152495 -6.578427
v -3.719594 -2.152494 -6.578426
v -3.719594 -2.152494 -6.578426
v -4.585176 -1.297503 -6.578685
v -4.585084 -1.297418 -7.703142
v -4.229374 -2.625086 -7.703053
v -4.229370 -2.625093 -6.578728
v -5.211169 -1.873631 -6.579201
v -5.211822 -1.874846 -6.579659
v -5.211483 -1.874587 -6.578729
v -5.211669 -1.875547 -7.702541
v -5.211537 -1.874114 -7.702624
v -5.211034 -1.874578 -7.703314
v -4.786304 -3.181178 -7.702134
v -4.786303 -3.181177 -7.702134
v -4.786304 -3.181177 -7.702134
v -4.786370 -3.180339 -7.703218
v -4.786373 -3.180341 -7.703218
v -4.787317 -3.180655 -7.703031
v -4.786897 -3.180815 -7.703077
v -4.786897 -3.180817 -7.703076
v -4.786897 -3.180815 -7.703077
v -4.786897 -3.180817 -7.703077
v -4.786778 -3.181302 -7.702703
v -4.787263 -3.181330 -7.702134
v -4.787264 -3.181329 -7.702134
v -4.786304 -3.181178 -6.579680
v -4.786304 -3.181178 -6.579680
v -4.786304 -3.181178 -6.579679
v -4.786304 -3.181178 -6.579679
v -4.786303 -3.181175 -6.579679
v -4.786304 -3.181178 -6.579678
v -4.786303 -3.181177 -6.579678
v -4.786867 -3.180239 -6.578453
v -4.786334 -3.180939 -6.579044
v -4.786817 -3.181508 -6.579679
v -4.786827 -3.181254 -6.579069
v -4.786828 -3.181255 -6.579070
v -4.786911 -3.180881 -6.578743
v -4.786910 -3.180879 -6.578741
v -4.786913 -3.180882 -6.578743
v -4.786911 -3.180881 -6.578743
v -4.786910 -3.180881 -6.578741
v -4.787289 -3.181394 -6.579680
v -4.787292 -3.181393 -6.579679
v -4.787291 -3.181394 -6.579679
v -4.787289 -3.181394 -6.579680
v -4.787291 -3.181394 -6.579679
v -4.787291 -3.181393 -6.579678
v -4.787289 -3.181394 -6.579678
v -4.787291 -3.181393 -6.579678
v -4.787291 -3.181393 -6.579678
v -4.787291 -3.181393 -6.579678
v -4.787414 -3.181033 -6.579264
v -2.865705 -0.855176 -7.135782
v -2.920981 -0.812338 -7.113039
v -2.991159 -0.801578 -7.120996
v -3.105469 -0.888118 -7.056901
v -3.121602 -0.963306 -7.231242
v -3.084410 -1.023148 -7.144169
v -3.038747 -1.070002 -7.226735
v -2.959703 -1.075354 -7.163922
v -2.858560 -0.999017 -7.247457
v -2.842625 -0.923790 -7.071317
v -3.115101 -0.868276 -7.396002
v -3.148151 -0.917248 -7.344503
v -2.939540 -1.080882 -7.370306
v -2.871959 -0.943913 -7.339842
v -2.930780 -0.902603 -7.433961
v -3.007384 -0.830053 -7.374691
v -3.159201 -1.074537 -7.373791
v -3.098557 -1.175341 -7.501037
v -3.087196 -0.930143 -7.597939
v -2.996583 -1.001827 -7.588699
v -3.200795 -0.952804 -7.620596
v -3.251115 -1.055790 -7.460895
v -3.183519 -1.177192 -7.479310
v -3.371357 -1.084723 -7.585918
v -2.982939 -1.110034 -7.512947
v -3.183940 -1.088506 -7.740396
v -3.434025 -1.105531 -7.695987
v -3.280953 -1.164007 -7.492414
v -3.157727 -1.219274 -7.694738
v -3.213573 -1.193044 -7.766561
v -3.326518 -1.111160 -7.771960
v -3.438785 -1.200372 -7.553062
v -3.428962 -1.273288 -7.812552
v -3.397878 -1.297389 -7.534304
v -3.361479 -1.374335 -7.604614
v -3.483538 -1.489299 -7.671245
v -3.639914 -1.282972 -7.722561
v -3.478293 -1.462477 -7.731301
v -3.580718 -1.300621 -7.773869
v -3.520969 -1.432576 -7.769482
v -3.664128 -1.305128 -7.556993
v -3.542806 -1.447322 -7.506196
v -3.704968 -1.483751 -7.716321
v -3.590704 -1.358374 -7.487765
v -3.619761 -1.571301 -7.482828
v -3.796443 -1.467082 -7.648500
v -3.849079 -1.423176 -7.487081
v -3.711442 -1.407809 -7.418587
v -3.758518 -1.612821 -7.600791
v -3.917715 -1.514910 -7.472717
v -3.714710 -1.496237 -7.325252
v -3.743713 -1.665312 -7.503319
v -3.902598 -1.634015 -7.465336
v -3.853590 -1.453432 -7.308148
v -3.685143 -1.559859 -7.325044
v -3.760734 -1.704490 -7.298627
v -3.804974 -1.479006 -7.203886
v -3.902677 -1.724166 -7.291026
v -3.989501 -1.620357 -7.245118
v -3.993394 -1.559066 -7.140471
v -3.736722 -1.664067 -7.147022
v -3.849724 -1.751000 -7.153835
v -3.972051 -1.691326 -7.161010
v -3.943028 -1.501684 -6.955905
v -3.725544 -1.593345 -7.105598
v -3.749868 -1.524620 -7.063046
v -3.979548 -1.614823 -6.931451
v -3.866899 -1.466091 -6.993367
v -3.743514 -1.695827 -6.815159
v -3.883860 -1.722979 -6.894042
v -3.925635 -1.668253 -6.845046
v -3.766001 -1.455814 -6.899860
v -3.890276 -1.505231 -6.713320
v -3.673815 -1.596147 -6.896049
v -3.681417 -1.478833 -6.862349
v -3.744580 -1.377233 -6.743829
v -3.776716 -1.552797 -6.592289
v -3.552804 -1.530923 -6.703343
v -3.478885 -1.500219 -6.563692
v -3.705973 -1.584342 -6.582084
v -3.706982 -1.350338 -6.547303
v -3.636826 -1.273904 -6.573548
v -3.545393 -1.461396 -6.736907
v -3.568723 -1.545924 -6.555418
v -3.691248 -1.402449 -6.508574
v -3.546136 -1.292203 -6.687627
v -3.545901 -1.374338 -6.731745
v -3.551488 -1.381059 -6.441202
v -3.534703 -1.219727 -6.633390
v -3.478424 -1.416657 -6.457316
v -3.444681 -1.218086 -6.439036
v -3.411885 -1.321843 -6.702808
v -3.308765 -1.347350 -6.630097
v -3.409454 -1.125797 -6.497514
v -3.300155 -1.322514 -6.470884
v -3.257538 -1.161124 -6.450022
v -3.255374 -1.243388 -6.705261
v -3.337247 -1.068481 -6.666059
v -3.277100 -1.089262 -6.738801
v -3.288966 -1.183077 -6.730867
v -3.189312 -1.019357 -6.531747
v -3.053583 -1.176100 -6.677943
v -3.054825 -1.156279 -6.604279
v -3.077627 -1.111129 -6.547348
v -3.196836 -0.941444 -6.654128
v -3.042520 -1.141220 -6.801017
v -3.016300 -0.978671 -6.634768
v -3.180642 -0.949251 -6.823458
v -3.141727 -1.065516 -6.882921
v -3.074712 -1.099626 -6.897907
v -2.994524 -0.868303 -6.776377
v -3.068065 -0.839018 -6.891838
v -3.138745 -0.978730 -6.950424
v -2.893440 -1.050788 -6.903172
v -2.891396 -0.931499 -6.832097
v -0.989201 0.149704 -7.184812
v -1.154192 0.151132 -7.202198
v -1.209668 0.019370 -7.195227
v -1.186471 -0.046044 -7.189543
v -1.126578 -0.087440 -7.107251
v -0.952356 -0.017844 -7.261058
v -1.090616 0.160560 -7.346497
v -1.069972 -0.105930 -7.255032
v -0.949910 0.050636 -7.269515
v -1.238230 0.065876 -7.343734
v -1.046034 0.064396 -7.495508
v -1.195333 -0.134909 -7.396682
v -1.061048 -0.120524 -7.438744
v -1.237920 0.071262 -7.579449
v -1.256047 -0.096195 -7.387880
v -1.032585 -0.014799 -7.510360
v -1.214170 0.029502 -7.651175
v -1.309938 0.037938 -7.555155
v -1.349338 -0.078903 -7.486160
v -1.186163 -0.191532 -7.498024
v -1.123644 -0.124414 -7.634654
v -1.247359 -0.085071 -7.735771
v -1.415016 -0.064600 -7.567586
v -1.292611 -0.292891 -7.663679
v -1.291188 -0.267908 -7.732625
v -1.355560 -0.213547 -7.507073
v -1.377208 -0.270118 -7.799493
v -1.482091 -0.206242 -7.815841
v -1.531265 -0.150153 -7.752425
v -1.392732 -0.346329 -7.614558
v -1.592828 -0.263532 -7.567156
v -1.515434 -0.290707 -7.548730
v -1.486940 -0.354892 -7.567785
v -1.572140 -0.159611 -7.654266
v -1.637648 -0.377841 -7.808562
v -1.538345 -0.478060 -7.708371
v -1.759980 -0.344265 -7.744702
v -1.647062 -0.539195 -7.558479
v -1.647043 -0.474181 -7.771595
v -1.921938 -0.426124 -7.541596
v -1.811611 -0.365669 -7.535559
v -1.673371 -0.496858 -7.493746
v -1.801073 -0.552010 -7.706322
v -1.740521 -0.401975 -7.479778
v -1.761381 -0.626079 -7.618542
v -1.916518 -0.508369 -7.636257
v -1.755265 -0.474122 -7.423999
v -1.939033 -0.613396 -7.578081
v -1.987486 -0.498692 -7.507225
v -1.879530 -0.741100 -7.343810
v -1.921868 -0.687525 -7.506745
v -2.039205 -0.637326 -7.425190
v -1.975525 -0.495863 -7.221207
v -1.891185 -0.491958 -7.270896
v -1.798981 -0.557982 -7.298749
v -1.817960 -0.673297 -7.277745
v -2.094036 -0.648737 -7.204381
v -2.002363 -0.748753 -7.265614
v -2.070551 -0.716831 -7.138305
v -2.055144 -0.531233 -7.283236
v -1.825790 -0.578703 -7.117829
v -1.878350 -0.745377 -7.028517
v -2.077085 -0.573383 -6.992594
v -1.932391 -0.764277 -6.995085
v -1.883391 -0.494733 -6.986734
v -1.816462 -0.674718 -7.002932
v -1.995552 -0.749236 -6.963459
v -2.054085 -0.656438 -6.888591
v -1.946190 -0.455362 -6.737547
v -1.923499 -0.459274 -6.889205
v -1.775960 -0.497112 -6.864085
v -1.772326 -0.582436 -6.910201
v -1.900969 -0.594842 -6.636080
v -1.957286 -0.551695 -6.683729
v -1.696669 -0.588077 -6.759982
v -1.736531 -0.621795 -6.620295
v -1.849920 -0.643064 -6.648556
v -1.768823 -0.405444 -6.785817
v -1.610265 -0.547707 -6.604260
v -1.760029 -0.338133 -6.692547
v -1.660526 -0.496951 -6.768076
v -1.790881 -0.424734 -6.526959
v -1.701223 -0.294510 -6.513345
v -1.664361 -0.463870 -6.475748
v -1.650370 -0.233485 -6.569835
v -1.592668 -0.361661 -6.726563
v -1.599798 -0.278464 -6.697253
v -1.512445 -0.385348 -6.699164
v -1.463277 -0.412313 -6.644773
v -1.564612 -0.290577 -6.443104
v -1.392910 -0.361543 -6.505861
v -1.454003 -0.106094 -6.658625
v -1.402937 -0.304668 -6.460270
v -1.409996 -0.137842 -6.479576
v -1.403272 -0.216308 -6.734750
v -1.305032 -0.145088 -6.486066
v -1.381286 -0.052081 -6.558676
v -1.421367 -0.145363 -6.729125
v -1.313392 -0.233454 -6.741812
v -1.141767 -0.191095 -6.661970
v -1.270221 0.057962 -6.726808
v -1.221869 -0.228627 -6.726133
v -1.142823 -0.109926 -6.594504
v -1.161168 0.018908 -6.629084
v -1.129784 0.143531 -6.853323
v -1.262906 -0.022442 -6.889729
v -1.224745 -0.075908 -6.919157
v -1.211900 0.079046 -6.975341
v -1.182797 -0.132304 -6.897840
v -0.990171 -0.073101 -6.982841
v -0.996762 0.093751 -6.882811
v -1.057712 0.132402 -6.868701
v -1.074354 -0.112635 -6.978459
v -0.983562 -0.046042 -6.887358
v -0.958261 0.035347 -6.914854
vn 0.9957 -0.0375 -0.0841
vn 0.8810 0.4667 -0.0778
vn 0.5298 0.8466 -0.0505
vn 0.0358 0.9993 -0.0096
vn -0.4674 0.8834 0.0338
vn -0.8445 0.5312 0.0681
vn -0.9957 0.0375 0.0842
vn -0.8810 -0.4667 0.0778
vn -0.5298 -0.8466 0.0505
vn -0.0358 -0.9993 0.0096
vn 0.4674 -0.8834 -0.0338
vn 0.8445 -0.5312 -0.0681
vn 0.9772 -0.0359 -0.2091
vn 0.8674 0.4678 -0.1693
vn 0.5248 0.8471 -0.0840
vn 0.0407 0.9989 0.0239
vn -0.4538 0.8822 0.1254
vn -0.8260 0.5296 0.1931
vn -0.9772 0.0359 0.2091
vn -0.8674 -0.4678 0.1693
vn -0.5248 -0.8471 0.0840
vn -0.0407 -0.9989 -0.0239
vn 0.4538 -0.8822 -0.1254
vn 0.8260 -0.5296 -0.1931
vn 0.9433 -0.0295 -0.3307
vn 0.8426 0.4726 -0.2584
vn 0.5157 0.8488 -0.1167
vn 0.0498 0.9972 0.0565
vn -0.4289 0.8775 0.2144
vn -0.7920 0.5232 0.3146
vn -0.9433 0.0295 0.3307
vn -0.8426 -0.4726 0.2584
vn -0.5157 -0.8488 0.1167
vn -0.0498 -0.9972 -0.0566
vn 0.4290 -0.8775 -0.2144
vn 0.7920 -0.5232 -0.3146
vn 0.8945 -0.0183 -0.4467
vn 0.8068 0.4807 -0.3434
vn 0.5026 0.8518 -0.1478
vn 0.0629 0.9942 0.0877
vn -0.3932 0.8693 0.2994
vn -0.7432 0.5120 0.4306
vn -0.8945 0.0183 0.4467
vn -0.8068 -0.4807 0.3434
vn -0.5026 -0.8518 0.1478
vn -0.0629 -0.9942 -0.0877
vn 0.3932 -0.8693 -0.2994
vn 0.7432 -0.5120 -0.4306
vn 0.8317 -0.0026 -0.5552
vn 0.7608 0.4923 -0.4229
vn 0.4857 0.8560 -0.1770
vn 0.0798 0.9899 0.1168
vn -0.3472 0.8578 0.3790
vn -0.6804 0.4963 0.5392
vn -0.8317 0.0026 0.5553
vn -0.7608 -0.4923 0.4229
vn -0.4857 -0.8560 0.1770
vn -0.0798 -0.9899 -0.1168
vn 0.3472 -0.8578 -0.3790
vn 0.6804 -0.4963 -0.5392
vn 0.7559 0.0174 -0.6544
vn 0.7053 0.5069 -0.4956
vn 0.4654 0.8614 -0.2036
vn 0.1001 0.9846 0.1435
vn -0.2917 0.8432 0.4516
vn -0.6047 0.4763 0.6383
vn -0.7559 -0.0174 0.6544
vn -0.7053 -0.5069 0.4956
vn -0.4654 -0.8614 0.2036
vn -0.1001 -0.9846 -0.1435
vn 0.2917 -0.8432 -0.4516
vn 0.6047 -0.4763 -0.6383
vn 0.6686 0.0413 -0.7425
vn 0.6413 0.5244 -0.5602
vn 0.4419 0.8678 -0.2272
vn 0.1236 0.9782 0.1671
vn -0.2277 0.8257 0.5162
vn -0.5173 0.4524 0.7264
vn -0.6686 -0.0413 0.7425
vn -0.6413 -0.5244 0.5602
vn -0.4419 -0.8678 0.2272
vn -0.1236 -0.9782 -0.1671
vn 0.2277 -0.8257 -0.5162
vn 0.5173 -0.4524 -0.7264
vn 0.5710 0.0687 -0.8180
vn 0.5698 0.5445 -0.6155
vn 0.4158 0.8751 -0.2475
vn 0.1498 0.9708 0.1874
vn -0.1562 0.8056 0.5715
vn -0.4198 0.4250 0.8020
vn -0.5710 -0.0687 0.8180
vn -0.5698 -0.5445 0.6155
vn -0.4158 -0.8751 0.2475
vn -0.1498 -0.9708 -0.1874
vn 0.1562 -0.8056 -0.5715
vn 0.4198 -0.4250 -0.8020
vn 0.4650 0.0992 -0.8797
vn 0.4921 0.5668 -0.6607
vn 0.3873 0.8833 -0.2641
vn 0.1782 0.9626 0.2039
vn -0.0785 0.7833 0.6167
vn -0.3138 0.3945 0.8636
vn -0.4650 -0.0992 0.8797
vn -0.4921 -0.5668 0.6607
vn -0.3873 -0.8833 0.2641
vn -0.1782 -0.9626 -0.2039
vn 0.0785 -0.7833 -0.6167
vn 0.3138 -0.3946 -0.8636
vn 0.3524 0.1322 -0.9265
vn 0.4096 0.5910 -0.6950
vn 0.3571 0.8922 -0.2766
vn 0.2085 0.9538 0.2165
vn 0.0040 0.7591 0.6510
vn -0.2011 0.3616 0.9104
vn -0.3524 -0.1322 0.9265
vn -0.4096 -0.5910 0.6950
vn -0.3571 -0.8922 0.2766
vn -0.2085 -0.9538 -0.2165
vn -0.0040 -0.7591 -0.6510
vn 0.2011 -0.3615 -0.9104
vn 0.2350 0.1671 -0.9575
vn 0.3236 0.6166 -0.7177
vn 0.3255 0.9016 -0.2850
vn 0.2400 0.9444 0.2248
vn 0.0901 0.7335 0.6737
vn -0.0837 0.3266 0.9414
vn -0.2350 -0.1671 0.9575
vn -0.3236 -0.6166 0.7177
vn -0.3255 -0.9016 0.2850
vn -0.2400 -0.9444 -0.2248
vn -0.0901 -0.7335 -0.6737
vn 0.0837 -0.3266 -0.9414
vn 0.1148 0.2034 -0.9723
vn 0.2355 0.6432 -0.7286
vn 0.2933 0.9113 -0.2889
vn 0.2722 0.9346 0.2288
vn 0.1781 0.7069 0.6846
vn 0.0364 0.2903 0.9562
vn -0.1148 -0.2034 0.9723
vn -0.2355 -0.6432 0.7286
vn -0.2933 -0.9113 0.2889
vn -0.2722 -0.9346 -0.2288
vn -0.1781 -0.7069 -0.6846
vn -0.0364 -0.2903 -0.9562
vn -0.0060 0.2405 -0.9706
vn 0.1470 0.6704 -0.7273
vn 0.2609 0.9213 -0.2885
vn 0.3047 0.9247 0.2283
vn 0.2666 0.6797 0.6833
vn 0.1572 0.2532 0.9546
vn 0.0060 -0.2405 0.9706
vn -0.1470 -0.6704 0.7273
vn -0.2609 -0.9213 0.2885
vn -0.3047 -0.9247 -0.2283
vn -0.2666 -0.6797 -0.6833
vn -0.1572 -0.2532 -0.9546
vn -0.1254 0.2777 -0.9525
vn 0.0595 0.6976 -0.7140
vn 0.2288 0.9312 -0.2836
vn 0.3367 0.9147 0.2235
vn 0.3541 0.6525 0.6700
vn 0.2766 0.2160 0.9364
vn 0.1254 -0.2777 0.9525
vn -0.0595 -0.6976 0.7140
vn -0.2288 -0.9312 0.2836
vn -0.3367 -0.9147 -0.2235
vn -0.3541 -0.6525 -0.6700
vn -0.2766 -0.2160 -0.9364
vn -0.2413 0.3143 -0.9181
vn -0.0254 0.7245 -0.6888
vn 0.1977 0.9411 -0.2744
vn 0.3678 0.9049 0.2142
vn 0.4390 0.6256 0.6449
vn 0.3926 0.1794 0.9021
vn 0.2413 -0.3143 0.9181
vn 0.0254 -0.7245 0.6888
vn -0.1977 -0.9411 0.2744
vn -0.3679 -0.9049 -0.2142
vn -0.4390 -0.6256 -0.6449
vn -0.3926 -0.1794 -0.9021
vn -0.3519 0.3498 -0.8682
vn -0.1064 0.7505 -0.6523
vn 0.1680 0.9506 -0.2610
vn 0.3975 0.8953 0.2009
vn 0.5200 0.5996 0.6083
vn 0.5031 0.1439 0.8522
vn 0.3519 -0.3498 0.8682
vn 0.1064 -0.7505 0.6523
vn -0.1680 -0.9506 0.2610
vn -0.3975 -0.8953 -0.2009
vn -0.5200 -0.5996 -0.6083
vn -0.5031 -0.1439 -0.8522
vn -0.4551 0.3835 -0.8036
vn -0.1821 0.7752 -0.6049
vn 0.1403 0.9597 -0.2436
vn 0.4252 0.8863 0.1835
vn 0.5957 0.5749 0.5610
vn 0.6063 0.1102 0.7875
vn 0.4551 -0.3835 0.8036
vn 0.1821 -0.7752 0.6049
vn -0.1403 -0.9597 0.2436
vn -0.4252 -0.8863 -0.1835
vn -0.5957 -0.5749 -0.5610
vn -0.6063 -0.1102 -0.7875
vn -0.5492 0.4149 -0.7254
vn -0.2511 0.7982 -0.5476
vn 0.1150 0.9681 -0.2226
vn 0.4505 0.8779 0.1625
vn 0.6647 0.5519 0.5036
vn 0.7005 0.0788 0.7093
vn 0.5492 -0.4149 0.7254
vn 0.2511 -0.7982 0.5476
vn -0.1150 -0.9681 0.2226
vn -0.4505 -0.8779 -0.1625
vn -0.6647 -0.5519 -0.5036
vn -0.7005 -0.0788 -0.7093
vn -0.6327 0.4434 -0.6349
vn -0.3122 0.8191 -0.4813
vn 0.0926 0.9757 -0.1983
vn 0.4729 0.8702 0.1382
vn 0.7258 0.5310 0.4373
vn 0.7839 0.0503 0.6188
vn 0.6327 -0.4434 0.6349
vn 0.3122 -0.8191 0.4813
vn -0.0926 -0.9757 0.1983
vn -0.4729 -0.8702 -0.1382
vn -0.7258 -0.5310 -0.4373
vn -0.7839 -0.0503 -0.6188
vn -0.7040 0.4686 -0.5336
vn -0.3645 0.8375 -0.4071
vn 0.0735 0.9825 -0.1712
vn 0.4921 0.8635 0.1110
vn 0.7781 0.5126 0.3631
vn 0.8553 0.0251 0.5176
vn 0.7040 -0.4686 0.5336
vn 0.3645 -0.8375 0.4071
vn -0.0735 -0.9825 0.1712
vn -0.4921 -0.8635 -0.1110
vn -0.7781 -0.5126 -0.3631
vn -0.8553 -0.0251 -0.5176
vn -0.7620 0.4899 -0.4234
vn -0.4070 0.8532 -0.3264
vn 0.0579 0.9882 -0.1416
vn 0.5076 0.8577 0.0814
vn 0.8206 0.4969 0.2824
vn 0.9133 0.0038 0.4073
vn 0.7620 -0.4899 0.4234
vn 0.4070 -0.8532 0.3264
vn -0.0579 -0.9882 0.1416
vn -0.5076 -0.8577 -0.0814
vn -0.8206 -0.4969 -0.2824
vn -0.9133 -0.0038 -0.4073
vn -0.8057 0.5071 -0.3061
vn -0.4390 0.8658 -0.2404
vn 0.0462 0.9928 -0.1101
vn 0.5193 0.8531 0.0499
vn 0.8526 0.4843 0.1964
vn 0.9569 -0.0134 0.2900
vn 0.8057 -0.5071 0.3061
vn 0.4390 -0.8658 0.2404
vn -0.0462 -0.9928 0.1101
vn -0.5193 -0.8531 -0.0499
vn -0.8526 -0.4843 -0.1964
vn -0.9569 0.0134 -0.2900
vn -0.8343 0.5199 -0.1837
vn -0.4599 0.8751 -0.1507
vn 0.0385 0.9963 -0.0772
vn 0.5270 0.8497 0.0171
vn 0.8735 0.4750 0.1067
vn 0.9855 -0.0262 0.1676
vn 0.8343 -0.5199 0.1837
vn 0.4599 -0.8751 0.1507
vn -0.0385 -0.9963 0.0772
vn -0.5270 -0.8497 -0.0171
vn -0.8735 -0.4750 -0.1067
vn -0.9855 0.0262 -0.1676
vn -0.8473 0.5280 -0.0582
vn -0.4694 0.8810 -0.0588
vn 0.0350 0.9984 -0.0435
vn 0.5305 0.8475 -0.0166
vn 0.8830 0.4691 0.0148
vn 0.9985 -0.0343 0.0422
vn 0.8473 -0.5280 0.0582
vn 0.4694 -0.8810 0.0588
vn -0.0350 -0.9984 0.0435
vn -0.5305 -0.8475 0.0166
vn -0.8830 -0.4691 -0.0148
vn -0.9985 0.0343 -0.0421
vn 0.9957 -0.0375 -0.0842
vn -0.9957 0.0375 0.0841
vn -0.4290 0.8775 0.2144
vn -0.0498 -0.9972 -0.0565
vn 0.8068 0.4808 -0.3434
vn 0.3932 -0.8693 -0.2995
vn -0.8317 0.0026 0.5552
vn -0.1001 -0.9846 -0.1434
vn -0.4158 -0.8752 0.2475
vn 0.3138 -0.3945 -0.8636
vn -0.2011 0.3615 0.9104
vn 0.0837 -0.3266 -0.9415
vn 0.0364 0.2903 0.9563
vn 0.3975 0.8953 0.2008
vn -0.2510 0.7982 -0.5476
vn 0.2510 -0.7982 0.5476
vn 0.9985 -0.0343 0.0421
vn -0.0000 -1.0000 -0.0000
vn -0.0000 1.0000 -0.0000
vn -0.7733 -0.6340 -0.0000
vn -0.0583 0.9872 0.1487
vn -0.9953 0.0664 0.0709
vn -0.0000 -0.0000 -0.0000
vn -0.0051 0.9998 0.0207
vn -0.1673 -0.9806 -0.1023
vn -0.4586 0.8881 -0.0309
vn -0.7798 -0.6260 -0.0000
vn -0.1367 0.9819 -0.1312
vn -0.5439 0.6569 -0.5221
vn -0.2093 -0.9779 -0.0000
vn 0.1464 -0.9239 -0.3535
vn -0.0000 -0.9239 -0.3827
vn -0.5994 -0.6769 0.4272
vn -0.6064 0.3397 0.7190
vn -0.7571 -0.3983 0.5178
vn -0.7683 -0.3837 0.5123
vn -0.7660 -0.3903 0.5108
vn -0.8294 0.5449 0.1235
vn -0.7713 -0.3497 0.5318
vn -0.4378 -0.7072 0.5552
vn -0.6030 -0.6828 0.4124
vn 0.9154 -0.2802 -0.2890
vn 0.3013 -0.2630 -0.9165
vn 0.6550 -0.1902 -0.7313
vn -0.0000 -0.9239 0.3827
vn -0.1464 -0.9239 0.3535
vn 0.0857 -0.2443 0.9659
vn -0.8013 0.2874 0.5247
vn 0.6188 0.2263 0.7522
vn 0.0669 -0.8594 0.5070
vn 0.6820 -0.5932 -0.4278
vn 0.1138 0.9762 0.1846
vn 0.7834 0.2927 -0.5483
vn -0.0236 -0.2874 0.9575
vn 0.4782 0.1452 -0.8662
vn -0.6002 0.5774 0.5535
vn -0.2712 -0.9489 -0.1615
vn 0.0465 -0.0299 0.9985
vn 0.3111 0.6714 0.6727
vn -0.9884 -0.0960 0.1181
vn -0.8619 -0.4543 -0.2253
vn -0.9380 -0.2950 0.1819
vn 0.6331 0.2406 0.7357
vn 0.7404 -0.6590 0.1327
vn 0.9990 0.0437 -0.0124
vn 0.7016 -0.6637 0.2592
vn 0.8498 -0.5215 0.0764
vn -0.8522 0.0042 -0.5232
vn -0.9132 -0.4075 -0.0048
vn 0.8579 -0.0109 0.5137
vn -0.1437 -0.9269 0.3469
vn -0.0000 -0.9178 0.3970
vn -0.0000 -0.1898 0.9818
vn -0.1122 0.9675 0.2267
vn 0.8460 -0.3057 0.4368
vn -1.0000 -0.0042 -0.0000
vn 0.9995 0.0323 -0.0000
vn -0.4764 -0.8792 -0.0088
vn -0.0000 -0.5564 -0.8309
vn 0.0008 -1.0000 -0.0000
vn 0.0923 -0.9918 -0.0882
vn 0.0808 -0.7127 -0.6968
vn 0.6903 -0.0641 0.7207
vn 0.0675 -0.9960 0.0588
vn -0.0000 -0.8714 0.4905
vn 0.0855 -0.7917 -0.6049
vn 0.5586 -0.4473 0.6985
vn -0.0000 -0.9422 0.3350
vn -0.0000 -0.0000 -1.0000
vn 0.0332 -0.7956 -0.6049
vn 0.0786 -0.8679 0.4905
vn 0.8026 0.5580 0.2108
vn 0.2836 -0.9476 -0.1472
vn 0.7243 0.3587 -0.5889
vn 0.3285 -0.3980 -0.8566
vn 0.0902 -0.9797 0.1788
vn 0.3874 -0.1073 -0.9156
vn 0.0614 -0.9956 -0.0706
vn 0.0523 -0.9977 -0.0423
vn 0.7209 -0.6879 -0.0843
vn 0.3974 -0.1100 -0.9110
vn 0.5336 -0.7258 -0.4342
vn 0.2950 -0.1218 0.9477
vn -0.1542 -0.0623 0.9861
vn 0.3634 0.1245 0.9233
vn -0.0389 -0.9961 0.0789
vn -0.4984 -0.1087 -0.8601
vn 0.5799 0.6043 -0.5463
vn -0.0000 -0.9555 -0.2950
vn 0.1627 -0.9051 -0.3929
vn -0.1298 -0.9407 0.3134
vn -0.0000 -0.8843 0.4670
vn 0.3273 -0.9449 0.0047
vn -0.0128 -0.9936 -0.1125
vn 0.9592 0.2025 -0.1971
vn -0.0476 0.7344 0.6771
vn -0.6905 -0.5130 0.5099
vn -0.0270 0.4548 0.8902
vn 0.0104 -0.8929 0.4502
vn -0.2065 0.5265 0.8247
vn 0.9822 0.0464 0.1821
vn -0.4420 -0.3620 -0.8207
vn 0.1620 -0.9856 -0.0495
vn -0.0000 0.6408 0.7677
vn -0.0000 -0.3295 -0.9442
vn -0.0000 -0.1290 0.9916
vn -0.3214 -0.1240 0.9388
vn -0.4032 0.3877 0.8289
vn -0.0000 -0.0589 0.9983
vn -0.0000 0.9424 0.3346
vn -0.0000 -0.1207 0.9927
vn -0.0000 0.9374 0.3483
vn -0.0000 -0.9408 -0.3390
vn 0.1546 -0.9147 -0.3734
vn -0.1381 -0.9326 0.3335
vn -0.0000 -0.9050 0.4254
vn 0.8172 0.5595 -0.1386
vn 0.4738 -0.7735 0.4210
vn -0.2167 -0.8968 -0.3858
vn 0.3680 -0.7975 0.4781
vn 0.6294 -0.5979 -0.4964
vn -0.1546 -0.9147 0.3734
vn -0.0000 -0.9408 0.3390
vn -0.9751 -0.0601 -0.2133
vn 0.6689 -0.5106 -0.5402
vn -0.3996 0.2166 0.8907
vn -0.8611 0.2179 0.4593
vn -0.4275 0.2333 0.8734
vn -0.0244 -0.9341 0.3561
vn 0.5359 0.4663 -0.7038
vn -0.4562 0.8522 -0.2563
vn 0.0865 -0.1088 -0.9903
vn 0.9424 0.0509 -0.3306
vn -0.0000 -0.0586 -0.9983
vn 0.9762 0.0851 -0.1994
vn -0.0001 -0.1088 -0.9941
vn 0.9785 0.0509 -0.1999
vn 0.0028 -0.0106 -0.9999
vn -0.0000 -0.7222 0.6917
vn 0.1674 -0.6870 -0.7071
vn -0.0000 -0.9964 -0.0849
vn -0.0000 -0.5771 0.8167
vn -0.0000 0.6994 0.7148
vn -0.0000 -0.0416 0.9991
vn -0.0000 0.7070 0.7073
vn -0.0000 -0.0208 0.9998
vn -0.3185 0.8241 -0.4684
vn -0.4718 -0.7815 0.4082
vn 0.3246 0.8281 -0.4570
vn -0.6372 0.7306 0.2455
vn 0.4069 0.8936 0.1893
vn 0.0323 -0.9992 -0.0223
vn 0.0144 -0.9998 -0.0110
vn 0.0067 -0.8736 -0.4866
vn 0.1242 -0.2092 -0.9700
vn 0.0323 0.0223 -0.9992
vn 0.4605 -0.7031 0.5418
vn 0.4659 -0.8716 0.1524
vn 0.6444 -0.3625 0.6733
vn 0.5682 0.4953 0.6571
vn -0.2531 -0.2349 0.9385
vn -0.2837 -0.8112 -0.5113
vn 0.4968 -0.6487 0.5766
vn 0.7733 0.6340 -0.0000
vn 0.8349 0.5505 0.0012
vn 0.2342 0.9722 -0.0000
vn 0.2333 -0.9717 -0.0379
vn 0.7715 0.6362 -0.0010
vn -0.3078 -0.9511 0.0253
vn 0.1475 0.9891 -0.0002
vn 0.7900 -0.2979 -0.5359
vn 0.8204 -0.2896 -0.4930
vn 0.8275 -0.3102 -0.4680
vn -0.4923 -0.5872 0.6425
vn -0.0529 0.6748 0.7361
vn -0.9957 -0.0057 -0.0921
vn -0.9344 -0.0019 0.3561
vn -0.2346 -0.6124 0.7550
vn -0.4146 0.0367 0.9093
vn 0.2338 -0.9264 -0.2953
vn -0.0006 0.3075 -0.9516
vn 0.8296 -0.4753 -0.2930
vn -0.9804 0.1014 -0.1687
vn 0.2265 -0.9732 0.0385
vn 0.9696 0.1961 -0.1462
vn 0.0990 -0.9541 -0.2827
vn 0.6164 -0.7423 -0.2628
vn 0.0704 -0.7036 0.7071
vn -0.0395 0.7918 -0.6094
vn -0.0031 -0.0188 0.9998
vn 0.7630 0.6464 -0.0000
vn 0.7492 0.6623 -0.0000
vn -0.0750 -0.9972 -0.0001
vn -0.0811 0.9967 -0.0000
vn 0.6342 0.3619 0.6832
vn 0.8356 -0.0956 0.5410
vn 0.9138 -0.0493 0.4033
vn 0.0021 0.9904 -0.1382
vn 0.2955 0.7401 -0.6041
vn -0.1604 0.6406 0.7510
vn -0.2947 -0.8533 0.4302
vn -0.0313 0.8984 0.4381
vn -0.5382 0.6939 0.4784
vn -0.5928 -0.6090 0.5270
vn -0.6798 0.4152 0.6045
vn -0.7455 0.0708 0.6628
vn 0.0690 0.5913 0.8035
vn 0.8735 0.2337 0.4272
vn -0.0000 0.5403 0.8415
vn -0.0739 -0.0488 -0.9961
vn -0.3761 0.4159 -0.8280
vn 0.6648 -0.3218 0.6742
vn 0.5513 -0.1914 0.8120
vn 0.6630 -0.1184 0.7392
vn 0.2177 -0.9740 0.0627
vn 0.9129 -0.2522 0.3209
vn 0.7276 -0.4237 0.5394
vn -0.0000 0.0102 -0.9999
vn -0.8784 0.4591 -0.1327
vn 0.3851 0.3640 0.8480
vn 0.5901 0.7475 0.3050
vn -0.0000 -0.1414 0.9900
vn -0.0000 -0.9955 0.0951
vn 0.1381 -0.9326 -0.3335
vn -0.0000 -0.9050 -0.4254
vn -0.0000 0.4233 0.9060
vn -0.0000 0.6851 0.7285
vn -0.0000 0.1976 0.9803
vn 0.0071 0.3254 0.9456
vn -0.0504 0.4835 0.8739
vn -0.0000 0.9111 0.4122
vn -0.0372 0.9933 -0.1090
vn -0.4900 0.8575 0.1568
vn -0.6605 0.4047 0.6324
vn 0.1285 -0.4428 0.8874
vn 0.0066 0.9956 0.0939
vn 0.0740 0.9032 0.4228
vn 0.8216 -0.4800 0.3076
vn -0.0708 -0.0163 0.9974
vn 0.0168 0.9061 0.4228
vn 0.1502 0.9710 0.1860
vn -0.3977 -0.7889 -0.4684
vn 0.9627 0.2704 -0.0000
vn -0.9306 -0.3660 -0.0000
vn -0.3911 0.7398 0.5475
vn 0.6341 0.6274 -0.4520
vn -0.2601 0.9656 0.0045
vn -0.9355 0.3524 -0.0234
vn 0.1301 -0.9915 0.0029
vn 0.8216 -0.4801 0.3075
vn 0.6576 -0.7485 -0.0849
vn -0.7945 -0.3918 -0.4639
vn -0.3720 0.5074 -0.7773
vn -0.6346 0.7075 0.3109
vn -0.8265 -0.0395 -0.5616
vn -0.0000 -0.9459 0.3244
vn -0.1574 -0.9115 0.3800
vn 0.1353 -0.9354 -0.3268
vn -0.0000 -0.8983 -0.4394
vn -0.6220 -0.2493 -0.7423
vn -0.3452 0.7862 -0.5126
vn -0.0000 -0.9115 0.4113
vn -0.1409 -0.9298 0.3402
vn 0.1519 -0.9178 -0.3668
vn -0.0000 -0.9354 -0.3536
vn -0.1224 0.8958 0.4274
vn 0.1053 -0.9656 0.2378
vn 0.5520 0.6294 -0.5469
vn -0.7790 0.6146 -0.1240
vn -0.9574 0.1544 -0.2439
vn -0.9832 0.0275 -0.1805
vn -0.7720 -0.1455 -0.6188
vn -0.4112 0.7196 -0.5595
vn 0.3861 -0.8377 0.3862
vn 0.6420 -0.4190 0.6421
vn 0.3817 -0.8597 0.3393
vn 0.7474 0.0039 0.6644
vn -0.0000 -0.0825 0.9966
vn -0.0000 0.7082 0.7060
vn -0.0000 -0.1505 0.9886
vn -0.0000 -0.9943 0.1071
vn 0.1589 -0.9811 -0.1102
vn 0.0844 -0.7635 0.6403
vn 0.6448 -0.4106 0.6448
vn 0.2561 0.9632 0.0812
vn 0.6875 -0.4106 0.5990
vn 0.4641 -0.3567 0.8108
vn 0.1878 0.9129 0.3624
vn 0.1158 -0.9361 -0.3321
vn 0.7981 -0.5687 0.1991
vn 0.7979 -0.4695 0.3780
vn -0.3483 -0.7300 -0.5880
vn -0.2516 -0.7893 0.5600
vn -0.9214 -0.0634 -0.3834
vn 0.4167 -0.4456 0.7923
vn 0.0076 -0.6888 0.7249
vn 0.4912 -0.8696 0.0489
vn -0.0377 -0.9987 0.0330
vn -0.0321 -0.9994 -0.0164
vn -0.0000 -0.1457 -0.9893
vn 0.8101 -0.5863 -0.0000
vn -0.9879 -0.1552 -0.0030
vn -0.3640 -0.5998 0.7125
vn -0.5235 0.6552 -0.5446
vn -0.8952 -0.2195 0.3879
vn -0.6677 -0.7055 -0.2376
vn -0.0584 -0.9899 -0.1292
vn -0.1739 0.6450 0.7441
vn -0.9607 -0.2168 -0.1732
vn -0.1613 -0.6973 -0.6984
vn -0.2667 0.5668 -0.7795
vn -0.2644 -0.0350 0.9638
vn 0.5655 -0.7631 -0.3129
vn 0.2278 -0.4731 -0.8511
vn -0.0859 -0.4597 -0.8839
vn -0.1551 -0.7483 -0.6450
vn 0.1173 0.4028 -0.9077
vn -0.2927 0.1183 -0.9489
vn 0.9322 -0.3619 -0.0028
vn 0.6523 0.7065 -0.2747
vn 0.1157 -0.9792 0.1666
vn -0.0286 -0.7387 -0.6734
vn -0.6041 0.2545 0.7552
vn -0.6911 0.3007 -0.6573
vn -0.5792 0.2232 0.7841
vn -0.1225 -0.0123 0.9924
vn -0.2250 -0.6184 0.7530
vn -0.0000 -0.0985 0.9951
vn -0.0000 -0.5818 0.8134
vn -0.0000 -0.0508 0.9987
vn 0.9748 0.2229 -0.0000
vn 0.9189 0.3944 -0.0001
vn 0.4945 0.7497 0.4397
vn 0.6813 0.4086 0.6073
vn 0.6905 0.3827 0.6139
vn 0.3004 -0.9156 0.2671
vn 0.0732 0.5980 -0.7981
vn 0.2989 -0.5860 -0.7532
vn 0.1788 -0.2005 -0.9633
vn 0.5917 -0.7511 -0.2928
vn 0.9059 -0.3570 -0.2279
vn -0.3023 -0.8732 -0.3823
vn 0.4175 -0.9086 -0.0117
vn 0.5382 0.7481 0.3882
vn 0.7995 -0.5946 0.0850
vn 0.1794 0.0367 -0.9831
vn -0.7725 0.3073 0.5557
vn 0.0859 0.0990 -0.9914
vn 0.7593 0.3744 -0.5322
vn 0.6770 0.6957 -0.2403
vn 0.0156 -0.9988 -0.0453
vn 0.4182 0.8024 0.4257
vn -0.0251 0.0496 0.9985
vn 0.0644 0.2308 0.9709
vn 0.7727 0.5937 0.2244
vn 0.9711 0.2356 -0.0382
vn -0.4247 -0.6601 0.6197
vn 0.1257 -0.9446 0.3032
vn 0.0378 -0.9615 -0.2721
vn -0.1367 0.5628 -0.8152
vn -0.3131 0.1754 -0.9334
vn 0.0092 0.0308 0.9995
vn 0.1610 -0.5901 0.7911
vn 0.0617 -0.4064 0.9116
vn 0.0695 -0.4524 0.8891
vn 0.0902 -0.9187 0.3845
vn 0.0575 -0.9111 0.4082
vn 0.0790 -0.8762 0.4753
vn 0.2144 -0.9740 0.0736
vn 0.4771 -0.8592 -0.1850
vn 0.7059 -0.6479 0.2863
vn -0.0901 -0.7327 -0.6745
vn -1.0000 -0.0000 -0.0000
vn -0.0366 -0.5362 -0.8433
vn 0.0123 -0.8901 -0.4557
vn -0.0365 -0.5362 -0.8433
vn 1.0000 -0.0000 -0.0000
vn 0.3832 -0.9237 -0.0000
vn 0.6636 -0.7118 -0.2304
vn 0.3215 -0.9428 0.0882
vn 0.3879 -0.8861 0.2536
vn 0.0792 -0.9958 0.0450
vn 0.4310 -0.9009 0.0512
vn 0.6016 -0.7976 0.0431
vn 0.0271 -0.9239 -0.3817
vn -0.1210 -0.9239 -0.3630
vn 0.0604 -0.9505 0.3049
vn -0.3818 -0.5188 0.7649
vn -0.7311 -0.4983 0.4660
vn 0.5200 -0.1656 0.8380
vn 0.3063 0.4137 0.8574
vn 0.2292 0.0510 -0.9720
vn 0.8585 0.2484 -0.4487
vn -0.8771 -0.4781 -0.0465
vn -0.2418 0.8967 -0.3708
vn -0.0000 0.3181 0.9480
vn 0.2018 -0.0268 0.9791
vn 0.6036 0.7054 0.3715
vn 0.0437 -0.0080 0.9990
vn 0.0763 -0.1232 0.9894
vn -0.2628 0.0805 0.9615
vn -0.0703 0.0256 0.9972
vn -0.0252 -0.7470 0.6644
vn -0.6539 -0.7537 0.0666
vn 0.7755 -0.4099 -0.4802
vn -0.1008 -0.9949 -0.0001
vn 0.8107 -0.4266 -0.4009
vn 0.0020 -0.9999 -0.0107
vn 0.1868 -0.9130 -0.3626
vn 0.6570 -0.7352 -0.1669
vn 0.6302 -0.7187 -0.2939
vn 0.6357 -0.7692 -0.0654
vn -0.0739 -0.9973 -0.0006
vn 0.5945 -0.4098 -0.6918
vn 0.4668 -0.8405 -0.2752
vn -0.6932 0.0070 0.7208
vn -0.0423 -0.9979 0.0482
vn 0.1097 -0.9938 0.0182
vn -0.9816 -0.1707 0.0852
vn -0.4798 -0.5440 0.6883
vn -0.9816 -0.1718 0.0836
vn -0.8053 -0.1921 0.5608
vn -0.9814 -0.1712 0.0867
vn -0.9718 0.1600 0.1734
vn -0.5551 -0.7617 0.3340
vn 0.2819 -0.7304 0.6221
vn -0.0252 0.0349 0.9991
vn 0.8980 0.3934 0.1970
vn 0.8463 -0.5061 0.1662
vn -0.4311 -0.4102 0.8037
vn -0.4508 -0.0659 0.8902
vn -0.6053 -0.4747 -0.6390
vn -0.7773 -0.5477 0.3096
vn -0.1946 -0.7013 0.6858
vn -0.6526 -0.7238 -0.2242
vn 0.0239 -0.9792 0.2013
vn 0.0013 1.0000 -0.0000
vn 0.0016 -0.9955 -0.0949
vn 0.8771 0.4802 -0.0000
vn 0.7401 0.0176 0.6722
vn -0.0000 -0.9529 -0.3033
vn 0.6984 -0.0092 0.7157
vn -0.7268 -0.6856 0.0405
vn -0.0009 0.9997 0.0224
vn -0.7247 -0.6880 0.0386
vn -0.3421 0.8871 0.3099
vn -0.7244 -0.6883 0.0381
vn -0.0814 0.9967 0.0073
vn 0.1827 -0.5361 0.8242
vn 0.3844 0.6068 0.6957
vn 0.1818 -0.5355 0.8248
vn 0.6106 0.7888 0.0714
vn 0.1784 -0.5361 0.8251
vn 0.3487 0.9240 -0.1568
vn 0.5793 -0.8145 0.0306
vn 0.8182 0.1405 0.5574
vn 0.6965 -0.5568 0.4527
vn -0.0226 0.7254 0.6880
vn 0.8769 0.1318 0.4623
vn -0.2338 -0.9378 0.2566
vn 0.3118 -0.9373 -0.1556
vn -0.0107 -0.9990 -0.0431
vn -0.6761 -0.4052 0.6154
vn -0.2584 -0.8756 0.4081
vn 0.8167 0.5771 -0.0009
vn -0.6202 -0.7752 -0.1203
vn -0.5385 0.7545 0.3751
vn 0.2075 0.4753 0.8550
vn -0.0853 -0.9953 -0.0453
vn 0.1034 -0.9767 0.1883
vn 0.2066 0.4752 0.8553
vn 0.1538 -0.8729 0.4631
vn 0.2066 0.4753 0.8552
vn 0.1352 -0.9857 -0.1009
vn 0.2078 0.4749 0.8551
vn -0.2775 -0.9557 0.0981
vn 0.2088 0.4751 0.8548
vn -0.9818 -0.0361 -0.1866
vn 0.6305 -0.6068 -0.4839
vn 0.8419 -0.5366 -0.0574
vn 0.6945 0.3245 0.6422
vn 0.8427 0.4086 0.3505
vn -0.5494 0.2402 0.8003
vn -0.0077 1.0000 -0.0013
vn -0.0009 1.0000 -0.0002
vn -0.4899 -0.8016 0.3426
vn -0.0842 0.9964 -0.0032
vn -0.3914 -0.9202 -0.0002
vn -0.5092 0.8590 0.0521
vn 0.5673 0.7639 0.3077
vn -0.5480 0.8352 0.0459
vn -0.5049 0.8629 0.0210
vn 0.2029 -0.6639 -0.7198
vn -0.6744 -0.1092 -0.7303
vn -0.4566 0.8022 -0.3846
vn 0.1459 0.9874 -0.0609
vn -0.9301 -0.1159 0.3484
vn -0.0204 -0.2119 0.9771
vn -0.0438 0.9343 -0.3538
vn 0.3159 -0.3350 0.8877
vn 0.0016 0.7959 -0.6055
vn 0.3546 0.8917 0.2812
vn 0.0217 -0.9935 -0.1122
vn 0.2914 0.8767 -0.3828
vn 0.3047 0.5971 -0.7421
vn 0.1621 0.2235 -0.9611
vn 0.6998 -0.1760 -0.6923
vn 0.8208 -0.4361 0.3690
vn 0.3506 -0.9138 -0.2048
vn -0.0000 -0.9906 -0.1368
vn -0.0000 -0.8719 -0.4896
vn 0.0304 0.0220 -0.9993
vn 0.3339 -0.1718 0.9268
vn 0.5860 0.7346 0.3421
vn 0.3317 -0.1707 0.9278
vn 0.3447 0.7561 0.5563
vn 0.2747 0.5785 0.7680
vn 0.0867 0.0036 -0.9962
vn 0.3838 -0.1453 -0.9119
vn 0.6892 -0.0000 -0.7246
vn 0.2486 -0.6841 -0.6857
vn 0.0936 -0.9951 -0.0301
vn 0.8297 -0.1572 -0.5356
vn 0.0094 -1.0000 -0.0012
vn 0.9128 -0.1475 -0.3808
vn 0.8073 -0.2827 -0.5180
vn -0.2264 -0.9724 0.0558
vn 0.7794 -0.3221 -0.5374
vn 0.9267 -0.1782 -0.3309
vn 0.0113 -0.7038 -0.7103
vn 0.8781 -0.1936 -0.4375
vn 0.8175 -0.5271 -0.2322
vn 0.4621 -0.3090 -0.8313
vn 0.6867 -0.7141 -0.1359
vn 0.7818 -0.4914 -0.3838
vn 0.2387 -0.9429 -0.2323
vn 0.8800 0.2841 -0.3805
vn -0.0597 -0.8256 0.5611
vn 0.6354 -0.6803 0.3652
vn -0.9878 -0.1384 -0.0715
vn -0.5200 0.1275 0.8446
vn -0.9879 -0.1389 -0.0688
vn -0.8500 -0.2682 0.4533
vn -0.9879 -0.1387 -0.0692
vn -0.9898 0.1417 -0.0127
vn 0.8799 -0.1976 -0.4322
vn 0.8479 -0.0589 -0.5268
vn 0.7733 -0.5758 -0.2655
vn 0.6849 -0.6983 0.2079
vn 0.9578 0.2386 -0.1604
vn 0.7655 -0.6435 -0.0000
vn 0.7846 -0.6190 0.0366
vn 0.5870 -0.7305 0.3489
vn -0.5861 -0.8085 0.0541
vn 0.4788 -0.8562 0.1940
vn 0.8569 -0.5149 0.0249
vn 0.1675 -0.9847 0.0474
vn 0.9202 -0.3115 0.2371
vn 0.8901 -0.2415 0.3865
vn 0.0890 -0.9960 -0.0004
vn 0.6994 0.2434 0.6721
vn 0.5040 -0.1265 0.8544
vn 0.5857 -0.3449 0.7335
vn 0.6541 0.1110 0.7482
vn 0.0630 -0.8062 0.5883
vn 0.6321 -0.0530 0.7731
vn 0.3949 -0.6363 0.6627
vn 0.0459 -0.0415 0.9981
vn -0.7080 0.0590 -0.7037
vn -0.0396 0.0703 0.9967
vn -0.7686 0.5747 0.2812
vn 0.0333 0.2523 0.9671
vn -0.7685 0.5751 0.2806
vn -0.0935 -0.9848 0.1466
vn -0.7698 0.5748 0.2776
vn -0.2744 -0.9538 0.1226
vn 0.8627 0.0280 0.5049
vn 0.8933 -0.3103 0.3253
vn -0.6104 0.2408 0.7546
vn -0.7384 0.3827 0.5552
vn -0.4622 -0.0229 0.8865
vn -0.6566 -0.0780 0.7502
vn -0.0576 -0.3213 0.9452
vn 0.0687 -0.3914 -0.9177
vn -0.7458 -0.4690 0.4731
vn -0.3391 -0.8813 0.3292
vn -0.4971 0.8513 0.1680
vn -0.3876 -0.9123 0.1319
vn -0.4062 0.9036 0.1363
vn -0.0000 0.2969 0.9549
vn 0.1139 -0.8286 0.5481
vn 0.0751 -0.5015 0.8619
vn -0.7699 -0.5814 0.2629
vn 0.2850 0.9582 -0.0268
vn -0.7700 -0.5813 0.2629
vn 0.2978 0.9524 -0.0651
vn -0.3708 0.9196 0.1301
vn -0.7735 -0.5791 0.2577
vn 0.0872 0.8605 -0.5020
vn -0.7700 -0.5812 0.2633
vn 0.0097 0.9744 -0.2245
vn -0.7701 -0.5811 0.2634
vn 0.0799 0.6888 -0.7206
vn 0.1851 0.8415 0.5075
vn -0.8025 0.3972 -0.4453
vn -0.0766 0.1847 -0.9798
vn 0.6814 0.1239 -0.7213
vn 0.5486 -0.1449 -0.8234
vn 0.6076 0.7943 0.0016
vn -0.9836 0.1300 0.1248
vn -0.4549 -0.8901 -0.0294
vn 0.6096 -0.7780 -0.1520
vn -0.8723 0.4885 0.0197
vn -0.5903 0.4110 -0.6947
vn -0.8773 0.4798 0.0143
vn -0.9778 -0.1753 0.1151
vn 0.7568 -0.2165 -0.6167
vn 0.2236 -0.8396 -0.4950
vn -0.5218 0.8445 0.1211
vn -0.4059 -0.8891 -0.2116
vn -0.5894 0.8071 -0.0339
vn 0.1815 -0.5484 0.8163
vn -0.0001 0.9941 -0.1084
vn 0.1806 -0.5483 0.8165
vn 0.2390 0.9372 0.2542
vn 0.1819 -0.5485 0.8161
vn 0.1594 0.7691 0.6189
vn 0.1814 -0.5491 0.8158
vn -0.3813 0.7177 -0.5827
vn 0.1815 -0.5491 0.8158
vn -0.0993 0.9260 -0.3641
vn 0.1796 -0.5495 0.8160
vn 0.1051 0.9731 -0.2050
vn -0.9959 0.0233 -0.0879
vn -0.0699 0.8624 -0.5015
vn 0.6475 0.7333 0.2074
vn -0.6391 -0.0617 -0.7666
vn -0.3061 0.1483 -0.9404
vn -0.0646 0.9913 -0.1146
vn -0.6674 -0.7403 -0.0802
vn -0.0687 -0.9976 -0.0000
vn -0.1041 -0.5471 -0.8306
vn 0.0235 -0.3354 -0.9418
vn -0.2185 -0.2578 -0.9412
vn -0.0512 -0.7267 -0.6850
vn -0.1413 -0.7366 -0.6614
vn 0.0180 -0.9941 -0.1070
vn 0.0686 -0.7916 -0.6072
vn -0.0246 -0.6911 -0.7223
vn 0.0002 0.2035 -0.9791
vn 0.3104 0.1517 0.9384
vn 0.0144 -0.9043 0.4267
vn 0.3014 0.1536 0.9411
vn -0.4715 -0.7045 0.5305
vn 0.3066 0.1562 0.9389
vn 0.2286 -0.4766 0.8489
vn 0.1647 -0.5429 0.8235
vn 0.3542 0.5946 0.7218
vn 0.1647 -0.5431 0.8234
vn -0.1243 0.4185 0.8997
vn 0.1668 -0.5418 0.8238
vn -0.0934 0.3842 0.9185
vn 0.4773 -0.8257 -0.3007
vn -0.4899 0.4606 -0.7402
vn 0.7654 -0.6430 0.0253
vn 0.6704 -0.7292 0.1373
vn 0.2289 -0.9404 0.2516
vn 0.2433 -0.7426 0.6240
vn -0.1471 -0.9874 0.0579
vn 0.8585 -0.1678 0.4846
vn 0.0098 0.4185 0.9082
vn 0.1628 -0.9235 0.3474
vn -0.1932 -0.0700 0.9787
vn 0.0294 0.7248 0.6883
vn 0.9446 0.0201 -0.3277
vn 0.2080 -0.9738 0.0914
vn 0.6550 -0.7507 0.0864
vn -0.9871 0.1142 -0.1121
vn -0.8721 -0.4851 -0.0644
vn -0.9868 0.1138 -0.1152
vn -0.9107 0.3128 -0.2700
vn -0.9873 0.1138 -0.1111
vn -0.9714 -0.1958 -0.1341
vn 0.2054 0.1526 0.9667
vn -0.0280 0.7389 0.6732
vn 0.2053 0.1526 0.9667
vn -0.0638 0.7738 0.6302
vn 0.2001 0.1523 0.9679
vn -0.1001 0.4811 0.8710
vn -0.1465 -0.7074 0.6914
vn -0.4806 -0.5696 0.6668
vn -0.2367 -0.7536 0.6132
vn 0.0219 0.9972 0.0716
vn 0.0974 0.9850 0.1423
vn 0.2693 -0.4139 0.8696
vn 0.0578 -0.7944 0.6047
vn 0.0796 -0.1324 0.9880
vn 0.0244 -0.9949 0.0983
vn 0.1579 -0.2064 -0.9656
vn -0.1429 -0.8852 -0.4427
vn -0.2983 0.9545 -0.0000
vn 0.2983 -0.9545 -0.0000
vn -0.0578 -0.8041 -0.5917
vn -0.6574 -0.3252 -0.6797
vn -0.0467 -0.5800 -0.8133
vn 0.0895 -0.8638 -0.4958
vn 0.5295 -0.8255 -0.1954
vn 0.3219 -0.9457 0.0443
vn 0.0758 -0.8392 0.5386
vn -0.1246 -0.9315 0.3417
vn 0.3751 0.3760 -0.8473
vn -0.0549 0.8759 -0.4793
vn -0.7718 -0.4878 0.4078
vn 0.0396 -0.9553 -0.2931
vn -0.4089 -0.9071 0.0997
vn 0.5604 -0.3751 -0.7384
vn 0.8839 0.4652 0.0489
vn -0.7027 -0.6686 0.2433
vn -0.5290 0.1484 0.8355
vn -0.0429 -0.9865 0.1577
vn 0.1296 -0.9704 0.2040
vn -0.1379 -0.9900 -0.0312
vn 0.1121 0.9170 -0.3829
vn 0.0615 0.9271 -0.3698
vn 0.5048 0.7782 -0.3737
vn 0.9140 0.3900 -0.1122
vn -0.4412 0.8876 0.1327
vn 0.5330 0.0545 0.8444
vn -0.0396 -0.9562 -0.2899
vn 0.9835 0.1811 -0.0000
vn -0.9835 -0.1811 -0.0000
vn 0.1024 -0.9727 -0.2081
vn 0.5277 0.0533 0.8478
vn 0.6678 0.2352 -0.7062
vn -0.0108 0.0499 -0.9987
vn -0.0017 -0.1209 -0.9927
vn 0.3533 0.9355 0.0045
vn 0.4688 -0.8709 -0.1473
vn 0.1449 0.6458 0.7497
vn -0.1429 0.9897 -0.0000
vn -0.0719 -0.8441 0.5313
vn -0.1483 0.9782 -0.1453
vn 0.0473 -0.8604 0.5075
vn 0.2082 0.5266 -0.8242
vn -0.0439 0.2610 -0.9643
vn 0.9078 -0.3000 -0.2930
vn 0.6926 -0.7168 0.0811
vn 0.0443 -0.9989 -0.0168
vn 0.0607 -0.7828 -0.6193
vn 0.0747 -0.5216 0.8499
vn 0.0422 -0.1383 0.9895
vn -0.8698 -0.0348 -0.4922
vn -0.0010 -0.7906 0.6123
vn 0.2037 -0.9789 -0.0142
vn -0.7615 -0.6356 -0.1270
vn -0.0533 -0.9976 -0.0435
vn -0.0000 -0.9239 0.3826
vn 0.4873 -0.5066 0.7113
vn 0.7292 -0.6048 -0.3202
vn 0.1383 -0.6798 -0.7202
vn 0.3601 -0.4126 -0.8367
vn 0.2915 0.8834 0.3670
vn -0.1364 0.7050 0.6959
vn 0.6504 0.3574 0.6703
vn 0.5386 0.6202 -0.5703
vn -0.2869 0.6813 0.6735
vn 0.5075 0.7636 0.3991
vn 0.6162 -0.1259 0.7774
vn 0.2774 -0.6031 -0.7479
vn 0.9915 0.0029 0.1299
vn -0.9355 0.3532 0.0002
vn 0.9997 0.0149 0.0179
vn -0.2691 -0.0789 0.9599
vn -0.9840 0.1251 -0.1267
vn 0.0230 -0.9997 -0.0112
vn -0.0632 -0.0811 0.9947
vn -0.7912 0.5176 0.3257
vn -0.0216 -0.9397 0.3414
vn 0.6432 -0.6334 0.4302
vn -0.9573 -0.2714 0.0998
vn -0.9851 0.1485 0.0871
vn 0.3422 -0.9202 -0.1904
vn 0.2978 -0.8349 -0.4629
vn -0.1527 -0.9875 -0.0384
vn 0.7518 0.6481 0.1217
vn 0.1316 -0.1539 0.9793
vn 0.4610 0.5522 0.6947
vn -0.0599 -0.1527 0.9865
vn -0.0525 -0.9986 0.0028
vn -0.7244 0.6883 0.0381
vn 0.1746 -0.5525 0.8150
vn 0.0693 0.4942 0.8666
vn 0.5696 -0.7600 0.3131
vn 0.1644 -0.9685 -0.1870
vn -0.2355 -0.9679 -0.0875
vn 0.0222 -0.0765 0.9968
vn -0.1049 -0.2095 -0.9722
vn 0.4259 -0.8386 0.3396
vn 0.7813 -0.0422 0.6227
vn 0.1365 0.7348 0.6644
vn 0.1975 -0.5407 0.8177
vn -0.2388 0.2243 0.9448
vn 0.0446 -0.9988 -0.0191
vn 0.7142 0.6833 0.1518
vn 0.1697 -0.9848 0.0361
vn -0.5493 0.8342 0.0496
vn -0.7905 -0.5178 -0.3270
vn -0.1848 0.9704 0.1552
vn 0.9893 -0.1457 -0.0028
vn -0.4971 -0.8404 0.2158
vn 0.8533 0.2513 0.4568
vn 0.5519 0.0433 -0.8328
vn 0.7235 0.2167 0.6554
vn 0.3733 -0.7389 0.5610
vn 0.0714 -0.2087 -0.9754
vn -0.1338 0.2959 -0.9458
vn 0.3103 -0.3880 0.8679
vn 0.3318 0.1708 0.9278
vn 0.7886 -0.5916 0.1676
vn 0.1991 0.9791 0.0423
vn 0.0002 -1.0000 0.0037
vn -0.0072 -0.0000 -1.0000
vn 0.9203 0.2604 0.2919
vn 0.1834 -0.7967 -0.5759
vn -0.8304 0.5194 0.2016
vn -0.0001 -0.9999 0.0118
vn -0.9660 -0.2553 -0.0407
vn -0.9903 0.1202 -0.0694
vn 0.3573 -0.9150 -0.1872
vn -0.3458 -0.8249 0.4472
vn 0.1223 0.5036 0.8553
vn 0.9433 -0.2678 -0.1962
vn -0.3117 0.9435 0.1124
vn -0.7698 -0.5748 0.2775
vn 0.3527 -0.9168 0.1873
vn -0.3883 -0.9119 0.1326
vn -0.7699 0.5816 0.2628
vn -0.9522 -0.2334 -0.1973
vn 0.0491 0.9709 -0.2342
vn -0.8424 0.5265 0.1150
vn -0.8971 0.1995 0.3942
vn -0.0105 -0.9995 -0.0312
vn -0.0354 0.2552 -0.9662
vn -0.0413 0.2571 -0.9655
vn 0.0818 -0.8812 0.4656
vn 0.1905 0.4823 0.8550
vn -0.2139 -0.7304 0.6486
vn -0.7515 0.6102 -0.2507
vn -0.4325 -0.8940 -0.1168
vn -0.0354 -0.9908 -0.1309
vn -0.3886 -0.4602 -0.7983
vn -0.3587 -0.4883 -0.7956
vn -0.3642 0.5037 -0.7834
vn 0.3017 0.2378 0.9233
vn 0.3068 -0.1566 0.9388
vn 0.1529 -0.5452 0.8242
vn -0.5981 0.6873 0.4122
vn 0.4873 -0.5066 -0.7112
vn -0.1065 -0.9476 -0.3012
vn -0.9852 0.1553 -0.0725
vn -0.9852 -0.1311 -0.1109
vn 0.2030 0.1758 0.9633
vn -0.0445 0.6502 0.7584
vn 0.0612 -0.9962 0.0620
vn -0.1013 -0.9495 0.2968
vn -0.4708 0.5340 0.7022
vn -0.7223 0.5961 0.3506
vn -0.6472 0.1176 0.7532
vn -0.8364 0.4214 -0.3506
vn -0.9864 0.0488 0.1568
vn -0.1674 -0.3086 0.9364
vn -0.9173 -0.1352 -0.3745
vn -0.4551 0.1306 -0.8808
vn -0.9221 -0.3813 0.0657
vn -0.2404 0.7526 0.6130
vn -0.6278 -0.6469 0.4329
vn -0.9303 0.3397 0.1385
vn -0.5657 -0.7333 0.3771
vn 0.0817 -0.3795 0.9216
vn -0.8277 0.1452 0.5421
vn 0.6725 -0.5529 -0.4920
vn 0.5926 -0.1940 -0.7817
vn -0.2408 0.3993 -0.8846
vn 0.0553 -0.9985 0.0019
vn 0.6299 0.1820 -0.7550
vn -0.0244 -0.1452 0.9891
vn 0.4629 0.2874 -0.8385
vn -0.0000 -0.1452 0.9894
vn -0.3843 0.8525 0.3544
vn 0.1580 -0.9830 0.0940
vn 0.0493 -0.0201 0.9986
vn 0.4688 0.4544 0.7574
vn 0.6042 0.2545 0.7551
vn 0.0347 -0.9993 -0.0117
vn 0.8457 -0.5315 0.0473
vn 0.6797 -0.7140 -0.1678
vn 0.0910 -0.9956 -0.0236
vn 0.4636 0.7627 0.4510
vn -0.9239 -0.0000 -0.3827
vn -0.9239 -0.2706 0.2706
vn -0.9239 -0.0000 0.3827
vn -0.2793 -0.0106 -0.9601
vn -0.1058 -0.9894 0.0998
vn 0.9993 0.0381 -0.0000
vn -0.4338 0.9010 -0.0000
vn 0.3937 0.9060 0.1556
vn -0.7848 -0.6198 0.0071
vn 0.6682 -0.6257 -0.4025
vn 0.0466 0.9762 0.2118
vn 0.0004 0.0054 1.0000
vn -0.0000 -0.0019 1.0000
vn -0.0000 -0.0000 1.0000
vn -0.0001 -0.0019 -1.0000
vn 0.7396 -0.0326 0.6723
vn -0.6723 -0.0082 0.7403
vn -0.7159 0.0015 0.6982
vn 0.5561 -0.8311 -0.0000
vn 0.5915 0.3219 0.7393
vn 0.2658 -0.9049 0.3323
vn 0.6060 -0.2422 0.7577
vn -0.0000 -0.9855 0.1699
vn -0.0000 -0.5472 -0.8370
vn 0.3448 0.9343 0.0906
vn 0.7169 -0.5895 -0.3721
vn 0.5911 -0.7205 -0.3627
vn 0.5867 -0.0615 0.8075
vn 0.9095 -0.1103 0.4009
vn 0.7841 0.5356 0.3136
vn -0.2033 -0.9374 0.2827
vn 0.7805 0.5787 0.2365
vn 0.5622 -0.6887 0.4578
vn 0.5521 -0.8329 -0.0391
vn -0.2172 -0.8643 -0.4537
vn 0.9035 0.3976 -0.1603
vn 0.2882 -0.2710 -0.9184
vn 0.7866 -0.2114 -0.5802
vn -0.5004 -0.0587 -0.8638
vn 0.5710 0.6203 -0.5378
vn 0.2322 0.0689 -0.9702
vn 0.8690 -0.3286 0.3699
vn 0.4004 0.5234 -0.7522
vn -0.0268 0.4617 0.8866
vn -0.0572 0.4617 0.8852
vn -0.3327 -0.8117 -0.4800
vn -0.4927 0.8284 0.2666
vn -0.2493 0.9569 -0.1490
vn 0.9585 0.2063 -0.1969
vn 0.9560 0.0483 0.2895
vn -0.3426 -0.6894 -0.6383
vn -0.3445 -0.4660 -0.8150
vn -0.0000 0.1782 0.9840
vn -0.0000 -0.0610 0.9981
vn -0.0000 -0.0621 0.9981
vn -0.0000 -0.0672 0.9977
vn -0.0000 -0.2752 -0.9614
vn 0.7016 -0.6937 -0.1631
vn 0.1666 0.3704 0.9138
vn 0.0963 -0.9472 0.3059
vn -0.8943 -0.3458 -0.2838
vn -0.4855 -0.3893 -0.7828
vn 0.6869 -0.2612 -0.6781
vn -0.9959 -0.0599 -0.0676
vn 0.0594 0.5954 -0.8013
vn -0.8478 0.0804 0.5242
vn -0.9099 -0.0338 -0.4135
vn 0.0169 0.0670 0.9976
vn 0.0469 0.9880 -0.1472
vn 0.0388 0.0150 0.9991
vn -0.9054 -0.0879 -0.4153
vn -0.8618 -0.3666 -0.3506
vn -0.0130 -0.0459 -0.9989
vn 0.3751 0.9266 -0.0287
vn 0.3847 -0.8490 0.3621
vn 0.6191 0.5263 0.5828
vn -0.0000 -0.9951 -0.0990
vn -0.0000 -0.5621 0.8270
vn -0.0000 -0.0800 0.9968
vn -0.0000 -0.7110 0.7032
vn -0.0000 -0.0973 0.9953
vn -0.3562 0.6200 -0.6991
vn -0.6446 0.7604 -0.0794
vn -0.3518 -0.1555 -0.9231
vn 0.5934 -0.4007 0.6981
vn 0.6677 -0.7116 0.2184
vn 0.6036 -0.3625 0.7101
vn 0.5097 -0.6757 0.5325
vn 0.6454 0.1617 0.7465
vn 0.0470 -0.9912 -0.1238
vn -0.1953 0.9807 0.0062
vn -0.5936 -0.7476 0.2978
vn 0.2633 0.9647 0.0004
vn 0.8421 -0.1342 -0.5224
vn 0.9199 -0.1323 -0.3693
vn 0.8199 -0.1896 -0.5402
vn 0.8895 -0.2828 -0.3589
vn 0.8722 -0.3132 -0.3758
vn 0.8041 -0.2959 -0.5156
vn -0.5325 0.2218 0.8169
vn 0.0360 0.1057 0.9937
vn -0.2980 -0.0077 0.9545
vn -0.9657 -0.2595 -0.0102
vn -0.9549 0.2941 0.0411
vn 0.1515 -0.9721 -0.1793
vn 0.4783 -0.8716 0.1069
vn -0.0407 -0.9527 -0.3011
vn -0.9950 0.0386 -0.0920
vn -0.9329 0.0583 0.3554
vn 0.3593 -0.6838 -0.6351
vn 0.8939 -0.3455 -0.2856
vn 0.4715 -0.2675 -0.8403
vn -0.9838 0.0591 -0.1692
vn 0.1855 -0.9821 0.0315
vn -0.9871 0.0591 -0.1485
vn 0.9988 0.0498 -0.0000
vn 0.9998 -0.0221 -0.0000
vn -0.0835 0.9965 -0.0000
vn 0.0957 -0.1519 -0.9837
vn 0.7128 -0.6099 -0.3462
vn 0.1449 -0.8446 0.5154
vn 0.8305 -0.5103 0.2234
vn 0.8674 -0.2652 0.4211
vn 0.7958 -0.2741 0.5399
vn 0.1101 0.9939 0.0066
vn 0.2652 0.9370 0.2274
vn -0.8349 0.5505 -0.0000
vn -0.6953 0.3668 0.6181
vn -0.3888 -0.8540 0.3457
vn -0.6905 0.3827 0.6138
vn -0.5158 0.7236 0.4586
vn -0.7092 0.3153 0.6305
vn 0.1247 -0.7968 0.5913
vn 0.7230 0.0022 0.6908
vn 0.8773 -0.4192 0.2337
vn -0.0244 0.9997 -0.0018
vn -0.0000 -0.2820 0.9594
vn -0.0739 -0.0446 -0.9963
vn -0.3747 0.4224 -0.8253
vn 0.4874 -0.7895 -0.3731
vn 0.0207 0.9978 -0.0634
vn -0.0000 0.0061 -1.0000
vn -0.8817 0.4525 -0.1333
vn 0.6056 0.7886 0.1067
vn -0.0739 0.9860 -0.1498
vn -0.0653 0.9832 -0.1703
vn -0.0000 0.1069 0.9943
vn 0.0073 0.2593 0.9658
vn -0.0000 0.0925 0.9957
vn -0.0285 -0.9053 0.4237
vn 0.0267 -0.3700 0.9287
vn -0.7744 -0.0658 0.6293
vn -0.2496 -0.0019 0.9684
vn -0.0329 -0.9157 0.4005
vn 0.6846 0.5199 -0.5110
vn 0.7287 0.6680 -0.1512
vn 0.8566 -0.4405 -0.2688
vn -0.1041 0.2414 0.9648
vn -0.7366 0.5809 0.3465
vn -0.1102 -0.9632 0.2450
vn -0.6454 0.4631 0.6075
vn -0.8200 0.2933 0.4915
vn -0.8695 0.4845 -0.0956
vn -0.2125 0.5557 -0.8037
vn -0.6630 -0.7005 0.2641
vn -0.0429 0.9878 0.1500
vn -0.1026 -0.9674 -0.2315
vn -0.7184 0.6624 0.2124
vn -0.0762 0.9340 -0.3491
vn 0.0758 -0.7673 -0.6368
vn -0.6438 -0.0469 -0.7638
vn -0.7808 -0.0651 -0.6214
vn 0.3077 0.3674 0.8777
vn -0.0662 0.7357 0.6741
vn -0.7661 0.1141 -0.6326
vn -0.3505 -0.1137 -0.9296
vn -0.7986 -0.5904 -0.1173
vn 0.6152 0.4929 0.6153
vn 0.1801 -0.9705 0.1601
vn 0.7142 -0.2946 0.6350
vn 0.1595 -0.9847 -0.0697
vn -0.0000 -0.6994 -0.7148
vn 0.6410 -0.5141 0.5699
vn 0.7279 0.2268 0.6471
vn 0.5116 -0.8592 -0.0000
vn 0.8381 -0.4981 -0.2225
vn 0.4057 -0.4121 0.8158
vn 0.0479 0.7786 -0.6257
vn 0.5946 0.2169 0.7742
vn -0.5259 0.8220 0.2186
vn 0.3541 0.2520 0.9006
vn 0.3849 0.3508 0.8537
vn -0.9396 -0.3090 0.1471
vn -0.2893 0.5765 0.7641
vn -0.1318 -0.7157 -0.6859
vn -0.2110 -0.7339 -0.6456
vn -0.0319 0.0169 -0.9994
vn 0.4494 -0.8933 -0.0000
vn -0.0000 0.4394 -0.8983
vn -0.1170 -0.6825 -0.7214
vn -0.1689 -0.6521 -0.7391
vn -0.9665 -0.1630 -0.1982
vn 0.6420 0.7025 -0.3073
vn -0.0301 -0.7397 -0.6723
vn 0.7829 0.3263 -0.5297
vn 0.6297 -0.7562 0.1777
vn -0.7715 0.3978 0.4966
vn -0.5473 0.3892 0.7410
vn -0.5576 0.6386 -0.5303
vn 0.9865 -0.0040 0.1638
vn 0.1760 -0.9486 -0.2629
vn -0.1134 -0.9816 0.1535
vn -0.0274 -0.9996 0.0030
vn -0.5450 0.2264 0.8073
vn 0.1723 -0.3876 -0.9056
vn 0.0673 -0.9461 0.3167
vn 0.0485 0.6223 -0.7813
vn 0.4599 -0.8880 -0.0000
vn -0.5003 -0.6903 -0.5227
vn -0.9071 0.0493 -0.4181
vn 0.1794 0.0218 -0.9835
vn -0.7781 0.2851 0.5596
vn 0.1644 0.0218 -0.9862
vn 0.0859 0.1130 -0.9899
vn 0.7513 0.3979 -0.5266
vn 0.3870 -0.9101 0.1482
vn -0.0143 -0.9064 -0.4222
vn 0.9556 -0.1910 -0.2244
vn 0.6140 -0.5341 -0.5811
vn -0.1093 0.9881 -0.1086
vn 0.0645 0.2308 0.9709
vn -0.1744 -0.9633 0.2041
vn 0.0333 -0.9152 -0.4017
vn 0.1512 -0.9868 0.0581
vn -0.5418 0.8365 0.0823
vn -0.6606 -0.0989 0.7442
vn -0.3756 0.2169 -0.9011
vn -0.3185 0.3450 -0.8829
vn -0.0865 -0.7478 0.6583
vn -0.0304 -0.5147 0.8568
vn -0.0192 -0.6219 0.7828
vn -0.1555 0.7796 0.6067
vn -0.1381 0.8470 0.5133
vn 0.4244 -0.8376 0.3439
vn 0.0329 -0.7291 0.6836
vn -0.6968 -0.5517 0.4584
vn -0.5345 -0.8145 0.2256
vn 0.2989 -0.6778 0.6718
vn 0.1777 -0.6869 0.7047
vn 0.4794 -0.4161 0.7727
vn 0.3270 0.2366 0.9149
vn -0.7263 -0.6666 0.1679
vn 0.0716 0.5226 0.8495
vn -0.4801 0.0367 0.8764
vn -0.7063 -0.6637 0.2464
vn -0.2651 -0.9639 -0.0239
vn -0.8483 -0.4637 0.2557
vn -0.0080 -0.9952 0.0974
vn -0.7975 0.5121 0.3190
vn -0.0117 -0.9876 0.1563
vn -0.7954 0.5130 0.3229
vn 0.0032 -0.9961 -0.0876
vn -0.7954 0.5134 0.3221
vn -0.9406 -0.1715 0.2930
vn -0.7043 0.1928 0.6832
vn -0.2593 -0.9658 -0.0003
vn 0.9985 0.0554 -0.0000
vn 0.9986 -0.0522 -0.0040
vn 0.3171 -0.9481 0.0227
vn -0.8854 0.2646 0.3822
vn -0.9672 0.0940 0.2359
vn -0.8244 -0.1519 0.5452
vn 0.1537 -0.9807 -0.1211
vn 0.6351 -0.3905 -0.6664
vn 0.5271 -0.3205 -0.7870
vn 0.0774 -0.9970 0.0006
vn 0.4752 -0.3412 -0.8111
vn 0.4770 -0.7169 -0.5085
vn 0.1098 -0.9789 -0.1723
vn 0.5217 -0.5645 -0.6397
vn 0.1943 -0.9635 -0.1839
vn -0.0837 -0.9928 0.0851
vn -0.0000 -0.8165 -0.5774
vn -0.0027 -0.8610 -0.5087
vn -0.1272 -0.2222 0.9667
vn 0.0015 0.9996 0.0284
vn -0.5250 -0.8506 0.0280
vn 0.0007 0.9997 0.0262
vn 0.0029 -1.0000 0.0026
vn -0.0001 -1.0000 0.0013
vn -0.0001 -1.0000 0.0004
vn 0.6271 -0.7127 -0.3142
vn 0.0591 -0.9980 -0.0237
vn -0.1486 -0.9832 -0.1060
vn -0.0124 -0.9977 -0.0670
vn 0.1441 -0.9255 -0.3502
vn 0.5401 -0.6758 0.5016
vn 0.9418 -0.3318 -0.0548
vn 0.7690 0.4136 0.4875
vn -0.5877 -0.7425 -0.3212
vn 0.6869 -0.6559 -0.3130
vn 0.8417 -0.4604 0.2820
vn -0.1746 -0.8001 -0.5739
vn 0.1570 -0.9227 0.3520
vn 0.7991 -0.5245 0.2937
vn -0.1099 0.9011 -0.4195
vn -0.0227 -0.2715 -0.9622
vn 0.6994 -0.5198 -0.4905
vn 0.1600 0.7348 0.6591
vn 0.2979 -0.7856 0.5423
vn -0.3066 -0.9377 0.1631
vn 0.1581 -0.9841 -0.0803
vn -0.0936 -0.9730 0.2110
vn 0.1592 0.7350 0.6591
vn -0.1821 -0.9738 0.1359
vn 0.1951 -0.9652 0.1742
vn -0.3784 -0.4451 -0.8116
vn -0.8632 -0.3590 -0.3550
vn -0.4476 -0.8610 -0.2416
vn -0.9601 0.2498 0.1255
vn -0.0360 0.2293 0.9727
vn -0.2894 -0.0406 -0.9564
vn -0.3650 0.1815 0.9131
vn -0.3958 -0.8454 -0.3586
vn 0.7761 -0.0469 -0.6288
vn -0.6959 0.6831 0.2217
vn 0.2995 0.7422 -0.5996
vn -0.4561 0.8021 -0.3855
vn -0.0387 0.9492 -0.3122
vn 0.3303 -0.1699 0.9285
vn 0.0015 0.8414 -0.5405
vn 0.0973 0.4597 -0.8827
vn 0.3303 -0.1700 0.9285
vn 0.0144 0.0110 -0.9998
vn 0.7655 -0.5096 0.3928
vn 0.1619 -0.8659 -0.4733
vn 0.1704 -0.9036 -0.3931
vn -0.3234 -0.6268 -0.7089
vn 0.1671 -0.9167 -0.3631
vn 0.1945 -0.4646 0.8639
vn 0.1136 -0.8168 -0.5656
vn -0.2258 -0.8970 0.3799
vn 0.5661 -0.8029 -0.1869
vn 0.0002 -1.0000 0.0069
vn 0.5293 -0.6275 0.5711
vn 0.1708 -0.7748 0.6087
vn 0.3171 -0.3364 0.8867
vn 0.2981 0.4650 0.8336
vn -0.3825 0.0438 -0.9229
vn -0.2419 -0.2463 0.9385
vn 0.0687 0.3916 0.9176
vn 0.8916 -0.1892 -0.4115
vn -0.0000 -0.9999 -0.0111
vn -0.8280 0.5367 0.1622
vn 0.0041 -0.9931 0.1168
vn -0.8253 0.5389 0.1686
vn -0.0021 -0.9959 0.0901
vn -0.8219 0.5414 0.1770
vn 0.2921 -0.9562 -0.0195
vn 0.3181 -0.0276 0.9477
vn -0.2662 -0.8206 0.5058
vn 0.6273 -0.6938 -0.3537
vn -0.0582 -0.9983 -0.0016
vn -0.0995 -0.9936 0.0542
vn 0.8045 -0.5316 -0.2647
vn 0.8649 -0.4994 -0.0500
vn 0.1215 0.5857 -0.8014
vn 0.6658 0.7342 -0.1326
vn 0.1250 0.5392 -0.8329
vn -0.7253 -0.5030 0.4700
vn -0.3047 -0.8454 0.4386
vn -0.9217 -0.3469 0.1735
vn 0.6854 0.1550 0.7115
vn 0.6676 -0.7196 0.1908
vn 0.1044 0.4935 0.8635
vn 0.5501 -0.8007 0.2371
vn 0.1061 0.4936 0.8632
vn 0.7106 -0.6868 0.1527
vn 0.1080 0.4932 0.8632
vn -0.0005 0.5783 -0.8159
vn 0.7200 -0.0664 0.6908
vn -0.0347 -0.9985 0.0412
vn -0.0001 -0.9993 0.0381
vn -0.0042 -0.9622 0.2722
vn 0.7332 -0.2555 0.6302
vn 0.6806 -0.0596 0.7303
vn -0.0040 -0.9667 -0.2560
vn 0.6071 -0.2659 0.7488
vn 0.7083 -0.6881 -0.1580
vn 0.0449 -0.9973 -0.0576
vn 0.5226 -0.7523 -0.4012
vn 0.1217 -0.9859 -0.1151
vn -0.1492 -0.4044 0.9023
vn -0.0020 -0.9984 0.0573
vn -0.0013 -0.9987 0.0516
vn -0.0078 -0.9999 -0.0124
vn -0.0759 -0.2368 0.9686
vn 0.2460 0.9231 0.2957
vn -0.3065 -0.9461 0.1047
vn 0.7612 0.6268 -0.1663
vn -0.8024 0.5262 0.2817
vn -0.3135 -0.9438 0.1045
vn 0.1550 0.4252 -0.8918
vn -0.0101 -0.9974 -0.0708
vn -0.8705 0.4878 0.0653
vn -0.6873 0.2840 0.6685
vn -0.3072 -0.9458 0.1051
vn 0.1083 0.1886 -0.9761
vn -0.0713 0.2252 0.9717
vn -0.8309 0.2963 0.4710
vn -0.0000 0.7809 -0.6247
vn -0.3557 -0.9345 0.0133
vn -0.5776 0.7808 0.2382
vn -0.6953 0.5585 0.4525
vn -0.2654 -0.9641 0.0125
vn 0.0287 -0.9981 -0.0546
vn 0.4018 0.8476 0.3465
vn -0.0052 -0.0014 1.0000
vn 0.2156 -0.9743 0.0657
vn 0.1295 0.2349 0.9634
vn 0.6208 -0.3840 0.6835
vn 0.2478 -0.9686 -0.0213
vn 0.9625 -0.0888 0.2565
vn 0.9496 -0.1282 -0.2860
vn 0.1050 -0.9939 0.0335
vn -0.9663 0.0216 -0.2564
vn -0.7214 0.6894 -0.0659
vn 0.1025 -0.8817 0.4605
vn -0.1409 0.8448 -0.5162
vn -0.0406 -0.9988 -0.0281
vn 0.0190 0.7318 0.6812
vn 0.3630 0.3646 0.8575
vn -0.7898 0.0394 -0.6121
vn -0.9105 0.2205 -0.3497
vn 0.1764 -0.5379 0.8243
vn -0.0229 -0.9992 0.0341
vn -0.1856 -0.7408 -0.6456
vn 0.3171 -0.1001 0.9431
vn 0.0008 -0.9927 0.1207
vn -0.0090 -0.4141 -0.9102
vn 0.0497 -0.9963 -0.0697
vn 0.0072 -0.9611 -0.2760
vn -0.1267 -0.5380 -0.8334
vn -0.1171 -0.4706 -0.8746
vn -0.0261 -0.9914 0.1280
vn -0.1395 -0.7103 -0.6899
vn -0.7476 -0.5000 -0.4372
vn 0.0012 -0.9999 0.0116
vn -0.7445 -0.4448 -0.4978
vn -0.0492 -0.9786 -0.1999
vn -0.9300 0.1249 -0.3457
vn -0.3413 -0.9318 0.1234
vn 0.1081 -0.9701 0.2172
vn 0.1506 -0.9045 -0.3989
vn 0.5784 -0.7706 0.2678
vn 0.4525 -0.1529 -0.8786
vn 0.7423 0.3586 -0.5661
vn 0.5157 -0.5171 -0.6831
vn 0.3883 -0.9068 -0.1640
vn 0.2582 -0.8039 0.5358
vn 0.6875 -0.6670 -0.2870
vn -0.3477 -0.9329 0.0933
vn -0.1340 -0.9761 -0.1710
vn -0.5311 -0.6531 0.5398
vn 0.0012 -0.9986 0.0525
vn -0.1055 -0.7419 0.6622
vn -0.0221 -0.9665 0.2556
vn -0.0270 -0.9804 -0.1952
vn -0.2602 -0.7748 0.5762
vn -0.2249 -0.7188 0.6578
vn 0.1982 0.2969 0.9341
vn -0.0590 0.8098 0.5837
vn 0.0207 -0.9997 0.0137
vn -0.1367 -0.5017 0.8542
vn -0.2117 -0.7269 0.6533
vn 0.4288 -0.7403 0.5178
vn -0.1714 -0.6827 0.7104
vn -0.5299 -0.3317 0.7805
vn -0.2569 -0.9656 -0.0401
vn 0.2821 -0.9594 -0.0032
vn 0.5485 -0.7854 0.2870
vn 0.4319 -0.6304 0.6450
vn 0.5237 -0.6197 0.5845
vn 0.1746 -0.9231 0.3426
vn -0.9553 -0.0856 0.2830
vn -0.2710 -0.1112 0.9561
vn 0.1832 -0.9829 0.0200
vn 0.7806 -0.6229 0.0521
vn -0.0627 -0.9979 -0.0161
vn -0.0677 -0.9977 0.0047
vn 0.1464 -0.9239 -0.3536
vn -0.0000 -0.9239 -0.3825
vn 0.4442 -0.8955 0.0295
vn 0.8938 0.4481 -0.0196
vn 0.2058 -0.9779 0.0369
vn 0.5078 -0.1407 -0.8499
vn -0.5549 -0.8308 0.0426
vn -0.9980 -0.0573 -0.0248
vn -0.6473 -0.7623 -0.0000
vn 0.9456 0.3005 0.1249
vn 0.8814 0.4495 0.1453
vn -0.1014 -0.2631 0.9594
vn -0.6310 -0.6538 -0.4176
vn 0.1643 -0.9862 -0.0192
vn -0.6415 0.3431 0.6861
vn -0.6834 -0.7169 0.1376
vn -0.8459 0.1129 0.5213
vn -0.0931 -0.9956 -0.0130
vn -0.1123 -0.9936 0.0087
vn -0.8251 -0.5636 0.0403
vn -0.4846 -0.8747 -0.0112
vn -0.5739 0.4290 0.6976
vn -0.6528 -0.1551 -0.7415
vn 0.4729 -0.8811 -0.0012
vn 0.0636 0.1139 -0.9915
vn 0.3133 0.9473 0.0671
vn 0.9586 0.1992 0.2037
vn -0.9045 -0.4264 -0.0000
vn -0.9296 -0.2450 -0.2754
vn -0.9976 -0.0691 -0.0000
vn -0.9993 -0.0378 -0.0000
vn 0.1812 -0.9438 -0.2765
vn 0.5098 -0.8603 -0.0000
vn -0.0000 0.9239 0.3827
vn 0.2706 0.9239 -0.2706
vn -0.0000 0.9239 -0.3827
vn 0.0528 -0.6866 0.7252
vn -0.0683 -0.9366 0.3436
vn -0.0051 -0.9732 0.2301
vn 0.1692 0.7604 0.6270
vn -0.0000 0.6905 0.7234
vn 0.0008 -0.0155 0.9999
vn 0.3210 -0.9463 -0.0394
vn -0.2091 -0.9779 -0.0075
vn 0.9987 0.0024 -0.0505
vn 0.9996 -0.0299 -0.0019
vn 0.6059 0.6564 -0.4495
vn -0.9415 0.1452 0.3043
vn -0.0376 -0.0068 0.9993
vn 0.0931 -0.7271 -0.6801
vn 0.1807 -0.9828 0.0384
vn 0.5102 0.8532 0.1085
vn -0.9877 -0.0895 0.1279
vn -0.6733 -0.5225 -0.5231
vn -0.9976 -0.0687 -0.0000
vn -0.9994 -0.0354 -0.0000
vn 0.1751 -0.6553 -0.7348
vn 0.0258 -0.9573 -0.2879
vn 0.6128 0.7361 -0.2873
vn -0.0007 -0.0002 1.0000
vn -0.1130 -0.1421 0.9834
vn 0.1976 0.9794 0.0420
vn 0.3128 -0.9475 0.0665
vn 0.6060 -0.7356 0.3028
vn -0.2869 0.6813 -0.6735
vn -0.1364 0.7050 -0.6959
vn 0.6130 -0.5308 0.5853
vn 0.1383 -0.6798 0.7202
vn 0.2774 -0.6031 0.7479
vn -0.1150 -0.9163 0.3837
vn 0.7509 0.6498 0.1181
vn 0.0370 -0.9992 -0.0146
vn -0.9814 -0.1710 0.0867
vn -0.9655 0.2459 0.0854
vn -0.7975 0.5121 0.3189
vn -0.6713 0.1162 0.7320
vn -0.8968 -0.3594 0.2581
vn 0.0001 -1.0000 -0.0007
vn -0.0525 0.9986 0.0028
vn 0.0057 -0.9999 -0.0141
vn -0.0960 -0.7951 -0.5988
vn 0.0004 0.9978 0.0657
vn -0.2604 0.1037 0.9599
vn 0.1782 -0.5362 0.8250
vn 0.4091 0.9101 -0.0656
vn -0.4307 -0.8172 -0.3831
vn -0.7413 -0.1248 -0.6594
vn 0.1872 0.9815 0.0398
vn 0.7336 -0.6615 0.1559
vn 0.6034 0.1776 -0.7774
vn -0.3548 -0.6825 -0.6390
vn -0.3669 -0.8593 -0.3565
vn -0.2341 0.6004 0.7647
vn 0.1904 -0.7516 -0.6315
vn 0.3317 -0.1708 0.9278
vn 0.3171 0.3365 0.8867
vn 0.2623 -0.9634 0.0557
vn 0.7484 0.6439 0.1591
vn -0.0000 -0.9742 0.2259
vn 0.1359 -0.6118 -0.7793
vn 0.3867 -0.6914 0.6103
vn 0.0260 -0.9992 -0.0290
vn -0.9879 -0.1386 -0.0693
vn -0.9775 0.1995 -0.0685
vn -0.8279 0.5370 0.1620
vn -0.5993 -0.0032 0.8005
vn -0.9282 -0.2954 0.2263
vn -0.0248 -0.9992 -0.0304
vn -0.7698 0.5748 0.2775
vn -0.3191 -0.9407 0.1151
vn 0.1042 0.4934 0.8635
vn 0.0562 0.6147 0.7868
vn -0.5983 0.6909 0.4058
vn -0.4708 0.5340 -0.7023
vn -0.7699 -0.5816 0.2629
vn -0.3062 0.9462 0.1046
vn -0.4855 -0.8310 0.2715
vn -0.0198 0.9935 -0.1122
vn -0.9836 -0.1516 -0.0978
vn -0.7700 -0.5812 0.2634
vn 0.7080 -0.6634 -0.2422
vn 0.1818 -0.5486 0.8160
vn 0.1454 0.7438 0.6524
vn -0.4906 -0.8292 -0.2677
vn -0.6963 0.6784 -0.2345
vn -0.1824 -0.6319 0.7533
vn -0.2184 0.5154 0.8287
vn 0.6559 -0.7549 -0.0000
vn 0.3068 0.1566 0.9388
vn 0.2953 -0.3094 0.9039
vn -0.0218 -0.9998 -0.0030
vn 0.2863 -0.1015 0.9528
vn 0.1669 -0.5415 0.8240
vn -0.9873 0.1137 -0.1111
vn -0.9643 -0.2417 -0.1085
vn -0.0058 -0.9997 0.0257
vn -0.9797 0.0701 0.1878
vn -0.9841 0.1711 -0.0485
vn 0.2003 0.1521 0.9679
vn 0.0590 -0.9982 -0.0112
vn 0.1880 -0.9811 0.0447
vn 0.9923 0.0529 -0.1124
vn 0.9697 0.2117 -0.1218
vn 0.1638 0.9791 -0.1204
vn -0.3181 0.9442 -0.0856
vn -0.3462 -0.8852 0.3109
vn 0.5307 0.5928 -0.6058
vn -0.2816 0.9285 -0.2420
vn -0.6437 -0.5117 0.5691
vn -0.6912 -0.4319 0.5795
vn 0.1064 -0.9358 0.3362
vn 0.4938 -0.8692 0.0274
vn 0.4310 0.4436 -0.7858
vn -0.5157 0.8480 -0.1224
vn -0.7363 0.6041 0.3050
vn -0.1874 -0.6821 0.7068
vn 0.0662 0.6447 -0.7616
vn 0.0076 0.6878 -0.7259
vn -0.6670 0.5359 0.5175
vn -0.3153 -0.1842 0.9309
vn 0.1965 0.1195 -0.9732
vn -0.1540 -0.1707 0.9732
vn 0.6257 -0.7673 -0.1406
vn 0.5184 -0.5903 -0.6187
vn -0.4275 0.5806 -0.6929
vn 0.3779 -0.4753 -0.7946
vn -0.1868 0.3677 0.9110
vn 0.5564 -0.4015 0.7274
vn -0.2177 -0.1551 -0.9636
vn 0.1521 0.2491 0.9565
vn 0.2531 -0.0637 0.9653
vn -0.1763 0.6912 0.7008
vn 0.0833 -0.7373 -0.6705
vn -0.0340 -0.6587 -0.7516
vn 0.6771 0.2191 0.7025
vn 0.2250 -0.8432 -0.4883
vn -0.5927 -0.3940 -0.7025
vn -0.4972 0.8575 0.1325
vn 0.2549 0.7329 0.6308
vn -0.7974 -0.1376 -0.5876
vn 0.8288 -0.1219 0.5461
vn 0.5007 -0.8569 -0.1224
vn 0.7357 0.4786 0.4792
vn -0.2517 -0.8676 -0.4290
vn -0.2885 -0.8504 -0.4400
vn -0.9240 -0.1393 -0.3560
vn -0.8041 0.5851 -0.1054
vn 0.7295 -0.6808 0.0660
vn 0.2341 -0.9583 -0.1640
vn 0.0700 -0.9736 -0.2175
vn -0.7989 -0.5310 -0.2823
vn 0.1370 0.9761 0.1685
vn -0.7885 -0.5461 -0.2828
vn 0.9576 0.2431 0.1547
vn -0.9922 -0.1204 0.0336
vn 0.3734 0.9261 0.0530
vn 0.8964 -0.4425 -0.0240
vn -0.5057 -0.8623 0.0266
vn -0.0353 0.9968 -0.0715
vn 0.8265 0.5434 -0.1474
vn -0.7136 -0.6833 0.1547
vn 0.9707 -0.0129 -0.2398
vn 0.8031 -0.5944 -0.0404
vn 0.3805 0.8650 -0.3271
vn 0.9224 0.1607 -0.3513
vn -0.4580 0.8844 -0.0904
vn 0.3426 0.8194 -0.4597
vn -0.7512 -0.3086 0.5835
vn 0.8504 -0.2995 -0.4326
vn 0.1735 -0.8990 0.4021
vn -0.7236 0.0273 0.6897
vn -0.7530 0.2306 0.6162
vn -0.2606 0.8762 -0.4055
vn 0.6739 0.0477 -0.7373
vn -0.3835 -0.2732 0.8822
vn 0.0178 -0.6123 0.7904
vn -0.0722 -0.5305 0.8446
vn 0.0049 0.4732 -0.8809
vn 0.4207 -0.7163 0.5567
vn 0.1444 -0.3174 -0.9372
vn -0.1496 0.5693 0.8084
vn 0.5128 -0.2419 0.8237
vn 0.5226 -0.8314 -0.1887
vn -0.6631 0.7421 -0.0976
vn 0.2168 -0.8689 -0.4450
vn 0.1914 0.7597 0.6215
vn 0.0189 0.8439 0.5361
vn -0.7267 0.6796 -0.1008
vn -0.5993 -0.4786 -0.6418
vn 0.8490 -0.0456 0.5265
vn 0.6324 0.5608 0.5344
vn -0.9506 -0.0153 -0.3101
vn -0.9604 -0.1498 -0.2350
vn -0.4826 -0.8416 -0.2424
vn -0.7889 -0.6091 -0.0816
vn -0.8208 -0.5538 -0.1397
vn 0.0036 -0.9960 -0.0893
vn 0.0461 0.9982 0.0381
vn -0.0850 0.9960 0.0276
vn -0.3766 -0.9259 -0.0284
vn 0.4244 -0.9054 -0.0152
vn 0.9393 0.3411 0.0368
vn -0.9420 -0.3263 0.0790
vn -0.7742 -0.5690 0.2772
vn 0.0619 -0.9872 0.1472
vn 0.1192 -0.9893 0.0844
vn 0.7198 -0.6930 -0.0398
vn -0.3835 0.9171 -0.1090
vn 0.9492 -0.0717 -0.3063
vn 0.1806 0.8748 -0.4495
vn -0.4432 0.8919 -0.0905
vn -0.8560 0.4635 0.2291
vn -0.6381 -0.5828 0.5032
vn -0.3059 -0.8426 0.4431
vn -0.7797 -0.0173 0.6259
vn -0.7297 -0.0719 0.6800
vn -0.2538 -0.5749 0.7779
vn 0.3520 -0.8819 0.3134
vn 0.0863 -0.8664 0.4919
vn 0.0414 -0.6356 0.7709
vn 0.5277 -0.8322 0.1701
vn 0.2450 0.1575 -0.9566
vn -0.8402 0.5394 0.0554
vn -0.6334 0.5673 0.5263
vn 0.6109 -0.7483 -0.2585
vn -0.3746 0.3024 -0.8765
vn -0.4339 0.4809 -0.7618
vn 0.4426 -0.3427 0.8287
vn 0.6172 -0.7758 0.1313
vn 0.3845 -0.6039 -0.6982
vn 0.1838 -0.3677 -0.9116
vn -0.6341 0.7455 -0.2052
vn -0.1990 0.6525 0.7312
vn -0.0101 0.5414 0.8407
vn -0.5321 -0.0509 -0.8451
vn 0.6597 0.3706 0.6538
vn 0.0918 -0.7402 -0.6661
vn -0.7650 0.4969 -0.4097
vn 0.5089 -0.8499 -0.1370
vn -0.1224 -0.7851 -0.6072
vn -0.2967 -0.6970 -0.6528
vn -0.8743 0.0398 -0.4838
vn 0.6770 0.3586 0.6428
vn 0.6319 0.5238 0.5712
vn -0.7669 0.6261 -0.1407
vn -0.5730 -0.7282 -0.3762
vn -0.8279 -0.5106 -0.2320
vn -0.4743 0.8734 0.1108
vn 0.7460 -0.6659 -0.0118
vn -0.7531 -0.6082 -0.2508
vn 0.6079 0.7736 0.1787
vn 0.3223 -0.9465 -0.0140
vn -0.0399 0.9991 0.0109
vn 0.7536 -0.6573 -0.0075
vn -0.2299 -0.9732 0.0036
vn -0.4119 -0.9112 0.0078
vn -0.9852 -0.1204 0.1217
vn -0.7175 0.6950 0.0466
vn 0.4020 0.9011 -0.1623
vn -0.7462 -0.6341 0.2026
vn 0.8932 0.0239 -0.4490
vn 0.4006 -0.9062 0.1352
vn 0.6774 0.4465 -0.5847
vn 0.8610 -0.3209 -0.3946
vn 0.4956 -0.8640 0.0894
vn 0.1148 0.8004 -0.5884
vn 0.8257 -0.3657 -0.4296
vn -0.4321 -0.2719 0.8598
vn -0.4520 0.8366 -0.3095
vn -0.2758 -0.5038 0.8186
vn -0.3081 0.7850 -0.5375
vn 0.2225 0.3408 -0.9134
vn -0.3656 0.0352 0.9301
vn -0.4511 0.2201 0.8649
vn -0.1530 0.3375 -0.9288
vn 0.2154 -0.3324 -0.9182
vn 0.0720 0.1621 0.9841
vn -0.5491 0.5958 -0.5861
vn 0.3637 -0.6609 -0.6564
vn 0.3997 -0.6324 -0.6635
vn 0.6106 -0.7813 0.1293
vn 0.1130 0.0906 0.9895
vn -0.5560 0.8145 0.1658
vn 0.1675 -0.5749 -0.8009
vn 0.5468 -0.8109 -0.2083
vn 0.5748 -0.2255 0.7866
vn 0.0907 0.6081 0.7886
vn 0.0185 0.6745 0.7380
vn -0.7847 0.3108 -0.5364
vn -0.1862 -0.6865 -0.7029
vn 0.4875 0.2904 0.8234
vn -0.6828 0.7239 -0.0988
vn 0.1257 -0.8772 -0.4635
vn 0.4115 -0.8952 -0.1709
vn 0.7625 -0.6344 0.1270
vn -0.9718 0.0823 -0.2211
vn 0.5552 0.8152 0.1649
vn 0.1709 0.9811 0.0907
vn -0.9243 -0.3424 -0.1687
vn -0.4065 -0.9001 -0.1569
vn 0.9191 -0.3912 0.0472
vn 0.9587 -0.2781 0.0591
vn -0.4587 0.8885 -0.0088
vn 0.5495 0.7998 -0.2417
vn -0.9731 -0.1648 0.1611
vn 0.7316 -0.6812 -0.0283
vn 0.9039 -0.2248 -0.3638
vn 0.7983 0.5430 -0.2606
vn -0.9385 -0.1045 0.3291
vn -0.3764 -0.8345 0.4025
vn 0.4668 -0.8816 0.0692
vn 0.3716 0.7903 -0.4872
vn 0.7877 -0.6051 -0.1160
vn 0.7548 -0.2673 -0.5990
vn 0.8671 0.1603 -0.4716
vn -0.1091 0.9210 -0.3739
vn -0.8685 0.3536 0.3474
vn -0.7113 0.6774 0.1877
vn -0.7129 -0.0573 0.6989
vn -0.6899 -0.0205 0.7236
vn 0.1760 -0.6363 0.7511
vn 0.6239 0.0187 -0.7813
vn -0.3361 0.7764 -0.5331
vn -0.3639 0.0266 0.9311
vn 0.4325 -0.7777 0.4562
vn 0.7091 -0.6690 -0.2228
vn 0.1304 0.2058 -0.9699
vn -0.4373 0.6068 -0.6638
vn 0.6001 -0.7486 -0.2819
vn -0.2935 0.4026 -0.8671
vn 0.3370 -0.4222 -0.8415
vn -0.5802 0.7943 0.1802
vn -0.2866 0.5881 0.7563
vn 0.5211 -0.1657 0.8373
vn 0.6400 -0.7567 0.1333
vn -0.2450 -0.1187 -0.9622
vn -0.5740 0.1357 -0.8075
vn -0.6053 0.2053 -0.7690
vn -0.6398 0.7597 -0.1160
vn 0.0156 0.8005 0.5992
vn -0.7718 0.4963 -0.3974
vn -0.7693 0.5168 -0.3757
vn 0.0981 0.7207 0.6863
vn 0.3557 -0.8645 -0.3550
vn 0.6484 0.3036 0.6981
vn 0.8187 -0.4382 0.3710
vn -0.6042 -0.3774 -0.7017
vn -0.0915 0.9564 0.2773
vn -0.9503 0.2520 -0.1830
vn 0.9142 0.1732 0.3663
vn -0.7138 0.6999 -0.0228
vn 0.8832 0.4112 0.2254
vn 0.9617 -0.2347 0.1412
vn 0.3754 0.9147 0.1494
vn -0.9792 -0.1998 0.0346
vn -0.4158 0.9093 0.0190
vn 0.4624 -0.8866 -0.0006
vn -0.3946 -0.9186 0.0215
vn -0.8124 -0.5606 0.1603
vn -0.9005 0.4016 0.1668
vn -0.9634 0.1641 0.2119
vn 0.8736 0.4391 -0.2098
vn 0.1218 -0.9850 0.1222
vn -0.8797 -0.1685 0.4447
vn -0.3785 -0.7423 0.5530
vn -0.0742 -0.8949 0.4400
vn -0.7117 0.6846 0.1576
vn 0.4510 0.4135 -0.7909
vn 0.0553 0.8377 -0.5433
vn 0.6388 0.2504 -0.7275
vn 0.4590 -0.8675 0.1918
vn 0.5200 -0.3485 -0.7799
vn -0.2964 -0.3815 0.8755
vn -0.5355 0.8285 -0.1639
vn -0.0320 0.6021 -0.7978
vn -0.4513 0.2845 0.8458
vn -0.5159 0.4052 0.7548
vn 0.1885 0.0592 -0.9803
vn 0.1524 -0.1595 0.9754
vn 0.6238 -0.7646 -0.1621
vn -0.5436 0.5874 0.5995
vn -0.5896 0.6870 0.4248
vn 0.4146 -0.7126 0.5659
vn 0.0780 -0.0643 0.9949
vn 0.3188 -0.6574 -0.6828
vn -0.5996 0.6990 -0.3897
vn -0.5760 0.8014 0.1614
vn -0.5411 0.5652 -0.6227
vn -0.1343 -0.0751 -0.9881
vn 0.6272 -0.7476 0.2183
vn -0.1143 0.5369 0.8359
vn 0.2932 -0.6363 -0.7136
vn -0.3971 -0.5090 -0.7637
vn 0.6429 -0.4536 0.6172
vn -0.3029 0.7954 0.5250
vn -0.1135 -0.5432 -0.8319
vn 0.4421 0.2787 0.8526
vn 0.3482 0.3987 0.8484
vn -0.7479 0.1205 -0.6528
vn -0.7313 0.0349 -0.6812
vn 0.8816 -0.2155 0.4198
vn -0.1406 0.9347 0.3266
vn -0.8547 0.3668 -0.3672
vn 0.7524 -0.6328 0.1830
vn 0.6210 0.7430 0.2497
vn 0.3927 -0.8935 -0.2179
vn -0.7131 0.6995 -0.0465
vn 0.1087 0.9757 0.1900
vn 0.6609 0.2498 -0.7076
vn -0.3915 -0.8855 -0.2501
vn 0.4958 -0.8673 -0.0443
vn 0.9721 -0.1322 0.1939
vn 0.8621 0.4693 0.1909
vn -0.9527 0.3010 -0.0416
vn 0.9479 -0.3148 0.0487
vn 0.9992 -0.0330 0.0221
vn -0.7350 0.6775 0.0283
vn 0.5791 0.7529 -0.3127
vn 0.7744 0.5596 -0.2953
vn -0.8817 -0.2797 0.3800
vn -0.4619 -0.8077 0.3663
vn 0.9019 0.2226 -0.3701
vn 0.2581 0.8451 -0.4682
vn -0.8754 0.3870 0.2896
vn 0.4580 -0.8841 0.0925
vn 0.8544 -0.4474 -0.2641
vn 0.8710 -0.4001 -0.2852
vn 0.5923 0.3605 -0.7206
vn -0.6998 0.6995 0.1449
vn 0.7077 -0.6724 -0.2170
vn -0.2101 0.7345 -0.6452
vn 0.6066 -0.1796 -0.7744
vn 0.5973 -0.1477 -0.7883
vn -0.0376 0.6006 -0.7987
vn -0.5270 0.8267 -0.1970
vn -0.2216 -0.1124 0.9686
vn -0.6332 0.5878 0.5035
vn -0.6050 0.5421 0.5832
vn 0.3277 0.0009 0.9448
vn -0.0911 -0.3204 0.9429
vn 0.3866 -0.6432 0.6609
vn 0.5507 -0.7934 0.2593
vn 0.4831 -0.6374 -0.6003
vn 0.0829 -0.1171 -0.9896
vn -0.6386 0.7447 -0.1942
vn -0.4497 0.7767 0.4410
vn 0.1633 0.8704 0.4644
vn 0.6245 -0.5128 0.5892
vn -0.4763 -0.0678 -0.8767
vn -0.2120 0.6732 0.7084
vn 0.2942 -0.7792 -0.5535
vn -0.2218 -0.3304 -0.9174
vn -0.5751 -0.2986 -0.7616
vn -0.7745 0.4357 -0.4586
vn 0.7774 -0.5219 0.3510
vn -0.8193 -0.1333 -0.5577
vn -0.4823 0.8693 0.1086
vn 0.8621 -0.0978 0.4972
vn -0.9522 0.1835 -0.2441
vn 0.6961 -0.7131 0.0831
vn 0.1215 -0.9331 -0.3384
vn 0.5821 0.5670 0.5828
vn -0.6094 -0.6185 -0.4961
vn -0.3395 0.9388 -0.0580
vn -0.1201 -0.9519 -0.2818
vn 0.9819 -0.1380 0.1297
vn -0.9546 0.2965 -0.0291
vn 0.0221 -0.9978 -0.0630
vn 0.8122 0.5831 -0.0166
vn 0.9959 0.0908 -0.0050
vn -0.9684 -0.2203 0.1171
vn -0.9115 0.2360 0.3370
vn 0.4198 0.8368 -0.3515
vn 0.9547 0.1719 -0.2428
vn 0.9471 -0.2042 -0.2475
vn -0.7492 -0.3751 0.5458
vn 0.0395 -0.9461 0.3215
vn 0.7705 -0.6170 -0.1599
vn -0.5212 -0.7039 0.4825
vn -0.7570 0.4248 0.4965
vn -0.0763 0.9266 -0.3683
vn -0.5131 0.8527 -0.0988
vn 0.5843 0.4050 -0.7032
vn -0.6658 -0.0468 0.7446
vn 0.5974 -0.3226 -0.7342
vn -0.6569 0.7282 0.1953
vn 0.0963 0.6420 -0.7607
vn 0.6372 -0.0846 -0.7660
vn -0.0637 -0.6578 0.7505
vn 0.3501 0.1098 -0.9302
vn 0.6607 -0.4432 0.6059
vn 0.6437 -0.7477 -0.1633
vn 0.3478 -0.7221 0.5980
vn 0.3374 -0.7148 0.6125
vn -0.5860 0.7954 -0.1547
vn 0.2982 -0.5645 0.7697
vn 0.0829 -0.2303 0.9696
vn -0.3894 0.5674 0.7255
vn -0.2693 0.2994 -0.9153
vn -0.4360 0.6847 0.5840
vn -0.5334 0.7695 0.3512
vn -0.1958 0.0278 -0.9802
vn -0.1041 -0.1401 -0.9847
vn -0.5354 0.2667 -0.8014
vn -0.6735 -0.0981 -0.7327
vn -0.1324 0.8741 0.4673
vn -0.0412 0.8483 0.5280
vn 0.8745 -0.2348 0.4244
vn -0.7178 -0.2014 -0.6665
vn -0.4074 -0.5721 -0.7119
vn 0.4823 -0.8711 -0.0925
vn 0.5365 0.6492 0.5391
vn 0.2350 0.8353 0.4971
vn -0.2338 -0.8243 -0.5156
vn 0.7837 0.2456 0.5706
vn -0.6963 -0.6404 -0.3241
vn 0.0270 -0.9789 -0.2025
vn -0.4844 0.8732 0.0529
vn -0.9222 0.3707 -0.1100
vn -0.8470 -0.4866 -0.2142
vn 0.8571 0.5022 0.1145
vt 0.500000 0.500000
vt 0.520833 0.500000
vt 0.520833 0.583333
vt 0.500000 0.583333
vt 0.520833 0.666667
vt 0.500000 0.666667
vt 0.520833 0.750000
vt 0.500000 0.750000
vt 0.520833 0.833333
vt 0.500000 0.833333
vt 0.520833 0.916667
vt 0.500000 0.916667
vt 0.520833 1.000000
vt 0.500000 1.000000
vt 0.500000 0.000000
vt 0.520833 0.000000
vt 0.520833 0.083333
vt 0.500000 0.083333
vt 0.520833 0.166667
vt 0.500000 0.166667
vt 0.520833 0.250000
vt 0.500000 0.250000
vt 0.520833 0.333333
vt 0.500000 0.333333
vt 0.520833 0.416667
vt 0.500000 0.416667
vt 0.541667 0.500000
vt 0.541667 0.583333
vt 0.541667 0.666667
vt 0.541667 0.750000
vt 0.541667 0.833333
vt 0.541667 0.916667
vt 0.541667 1.000000
vt 0.541667 0.000000
vt 0.541667 0.083333
vt 0.541667 0.166667
vt 0.541667 0.250000
vt 0.541667 0.333333
vt 0.541667 0.416667
vt 0.562500 0.500000
vt 0.562500 0.583333
vt 0.562500 0.666667
vt 0.562500 0.750000
vt 0.562500 0.833333
vt 0.562500 0.916667
vt 0.562500 1.000000
vt 0.562500 0.000000
vt 0.562500 0.083333
vt 0.562500 0.166667
vt 0.562500 0.250000
vt 0.562500 0.333333
vt 0.562500 0.416667
vt 0.583333 0.500000
vt 0.583333 0.583333
vt 0.583333 0.666667
vt 0.583333 0.750000
vt 0.583333 0.833333
vt 0.583333 0.916667
vt 0.583333 1.000000
vt 0.583333 0.000000
vt 0.583333 0.083333
vt 0.583333 0.166667
vt 0.583333 0.250000
vt 0.583333 0.333333
vt 0.583333 0.416667
vt 0.604167 0.500000
vt 0.604167 0.583333
vt 0.604167 0.666667
vt 0.604167 0.750000
vt 0.604167 0.833333
vt 0.604167 0.916667
vt 0.604167 1.000000
vt 0.604167 0.000000
vt 0.604167 0.083333
vt 0.604167 0.166667
vt 0.604167 0.250000
vt 0.604167 0.333333
vt 0.604167 0.416667
vt 0.625000 0.500000
vt 0.625000 0.583333
vt 0.625000 0.666667
vt 0.625000 0.750000
vt 0.625000 0.833333
vt 0.625000 0.916667
vt 0.625000 1.000000
vt 0.625000 0.000000
vt 0.625000 0.083333
vt 0.625000 0.166667
vt 0.625000 0.250000
vt 0.625000 0.333333
vt 0.625000 0.416667
vt 0.645833 0.500000
vt 0.645833 0.583333
vt 0.645833 0.666667
vt 0.645833 0.750000
vt 0.645833 0.833333
vt 0.645833 0.916667
vt 0.645833 1.000000
vt 0.645833 0.000000
vt 0.645833 0.083333
vt 0.645833 0.166667
vt 0.645833 0.250000
vt 0.645833 0.333333
vt 0.645833 0.416667
vt 0.666667 0.500000
vt 0.666667 0.583333
vt 0.666667 0.666667
vt 0.666667 0.750000
vt 0.666667 0.833333
vt 0.666667 0.916667
vt 0.666667 1.000000
vt 0.666667 0.000000
vt 0.666667 0.083333
vt 0.666667 0.166667
vt 0.666667 0.250000
vt 0.666667 0.333333
vt 0.666667 0.416667
vt 0.687500 0.500000
vt 0.687500 0.583333
vt 0.687500 0.666667
vt 0.687500 0.750000
vt 0.687500 0.833333
vt 0.687500 0.916667
vt 0.687500 1.000000
vt 0.687500 0.000000
vt 0.687500 0.083333
vt 0.687500 0.166667
vt 0.687500 0.250000
vt 0.687500 0.333333
vt 0.687500 0.416667
vt 0.708333 0.500000
vt 0.708333 0.583333
vt 0.708333 0.666667
vt 0.708333 0.750000
vt 0.708333 0.833333
vt 0.708333 0.916667
vt 0.708333 1.000000
vt 0.708333 0.000000
vt 0.708333 0.083333
vt 0.708333 0.166667
vt 0.708333 0.250000
vt 0.708333 0.333333
vt 0.708333 0.416667
vt 0.729167 0.500000
vt 0.729167 0.583333
vt 0.729167 0.666667
vt 0.729167 0.750000
vt 0.729167 0.833333
vt 0.729167 0.916667
vt 0.729167 1.000000
vt 0.729167 0.000000
vt 0.729167 0.083333
vt 0.729167 0.166667
vt 0.729167 0.250000
vt 0.729167 0.333333
vt 0.729167 0.416667
vt 0.750000 0.500000
vt 0.750000 0.583333
vt 0.750000 0.666667
vt 0.750000 0.750000
vt 0.750000 0.833333
vt 0.750000 0.916667
vt 0.750000 1.000000
vt 0.750000 0.000000
vt 0.750000 0.083333
vt 0.750000 0.166667
vt 0.750000 0.250000
vt 0.750000 0.333333
vt 0.750000 0.416667
vt 0.770833 0.500000
vt 0.770833 0.583333
vt 0.770833 0.666667
vt 0.770833 0.750000
vt 0.770833 0.833333
vt 0.770833 0.916667
vt 0.770833 1.000000
vt 0.770833 0.000000
vt 0.770833 0.083333
vt 0.770833 0.166667
vt 0.770833 0.250000
vt 0.770833 0.333333
vt 0.770833 0.416667
vt 0.791667 0.500000
vt 0.791667 0.583333
vt 0.791667 0.666667
vt 0.791667 0.750000
vt 0.791667 0.833333
vt 0.791667 0.916667
vt 0.791667 1.000000
vt 0.791667 0.000000
vt 0.791667 0.083333
vt 0.791667 0.166667
vt 0.791667 0.250000
vt 0.791667 0.333333
vt 0.791667 0.416667
vt 0.812500 0.500000
vt 0.812500 0.583333
vt 0.812500 0.666667
vt 0.812500 0.750000
vt 0.812500 0.833333
vt 0.812500 0.916667
vt 0.812500 1.000000
vt 0.812500 0.000000
vt 0.812500 0.083333
vt 0.812500 0.166667
vt 0.812500 0.250000
vt 0.812500 0.333333
vt 0.812500 0.416667
vt 0.833333 0.500000
vt 0.833333 0.583333
vt 0.833333 0.666667
vt 0.833333 0.750000
vt 0.833333 0.833333
vt 0.833333 0.916667
vt 0.833333 1.000000
vt 0.833333 0.000000
vt 0.833333 0.083333
vt 0.833333 0.166667
vt 0.833333 0.250000
vt 0.833333 0.333333
vt 0.833333 0.416667
vt 0.854167 0.500000
vt 0.854167 0.583333
vt 0.854167 0.666667
vt 0.854167 0.750000
vt 0.854167 0.833333
vt 0.854167 0.916667
vt 0.854167 1.000000
vt 0.854167 0.000000
vt 0.854167 0.083333
vt 0.854167 0.166667
vt 0.854167 0.250000
vt 0.854167 0.333333
vt 0.854167 0.416667
vt 0.875000 0.500000
vt 0.875000 0.583333
vt 0.875000 0.666667
vt 0.875000 0.750000
vt 0.875000 0.833333
vt 0.875000 0.916667
vt 0.875000 1.000000
vt 0.875000 0.000000
vt 0.875000 0.083333
vt 0.875000 0.166667
vt 0.875000 0.250000
vt 0.875000 0.333333
vt 0.875000 0.416667
vt 0.895833 0.500000
vt 0.895833 0.583333
vt 0.895833 0.666667
vt 0.895833 0.750000
vt 0.895833 0.833333
vt 0.895833 0.916667
vt 0.895833 1.000000
vt 0.895833 0.000000
vt 0.895833 0.083333
vt 0.895833 0.166667
vt 0.895833 0.250000
vt 0.895833 0.333333
vt 0.895833 0.416667
vt 0.916667 0.500000
vt 0.916667 0.583333
vt 0.916667 0.666667
vt 0.916667 0.750000
vt 0.916667 0.833333
vt 0.916667 0.916667
vt 0.916667 1.000000
vt 0.916667 0.000000
vt 0.916667 0.083333
vt 0.916667 0.166667
vt 0.916667 0.250000
vt 0.916667 0.333333
vt 0.916667 0.416667
vt 0.937500 0.500000
vt 0.937500 0.583333
vt 0.937500 0.666667
vt 0.937500 0.750000
vt 0.937500 0.833333
vt 0.937500 0.916667
vt 0.937500 1.000000
vt 0.937500 0.000000
vt 0.937500 0.083333
vt 0.937500 0.166667
vt 0.937500 0.250000
vt 0.937500 0.333333
vt 0.937500 0.416667
vt 0.958333 0.500000
vt 0.958333 0.583333
vt 0.958333 0.666667
vt 0.958333 0.750000
vt 0.958333 0.833333
vt 0.958333 0.916667
vt 0.958333 1.000000
vt 0.958333 0.000000
vt 0.958333 0.083333
vt 0.958333 0.166667
vt 0.958333 0.250000
vt 0.958333 0.333333
vt 0.958333 0.416667
vt 0.979167 0.500000
vt 0.979167 0.583333
vt 0.979167 0.666667
vt 0.979167 0.750000
vt 0.979167 0.833333
vt 0.979167 0.916667
vt 0.979167 1.000000
vt 0.979167 0.000000
vt 0.979167 0.083333
vt 0.979167 0.166667
vt 0.979167 0.250000
vt 0.979167 0.333333
vt 0.979167 0.416667
vt 1.000000 0.500000
vt 1.000000 0.583333
vt 1.000000 0.666667
vt 1.000000 0.750000
vt 1.000000 0.833333
vt 1.000000 0.916667
vt 1.000000 1.000000
vt 1.000000 0.000000
vt 1.000000 0.083333
vt 1.000000 0.166667
vt 1.000000 0.250000
vt 1.000000 0.333333
vt 1.000000 0.416667
vt 0.000000 0.500000
vt 0.020833 0.500000
vt 0.020833 0.583333
vt 0.000000 0.583333
vt 0.020833 0.666667
vt 0.000000 0.666667
vt 0.020833 0.750000
vt 0.000000 0.750000
vt 0.020833 0.833333
vt 0.000000 0.833333
vt 0.020833 0.916667
vt 0.000000 0.916667
vt 0.020833 1.000000
vt 0.000000 1.000000
vt 0.000000 0.000000
vt 0.020833 0.000000
vt 0.020833 0.083333
vt 0.000000 0.083333
vt 0.020833 0.166667
vt 0.000000 0.166667
vt 0.020833 0.250000
vt 0.000000 0.250000
vt 0.020833 0.333333
vt 0.000000 0.333333
vt 0.020833 0.416667
vt 0.000000 0.416667
vt 0.041667 0.500000
vt 0.041667 0.583333
vt 0.041667 0.666667
vt 0.041667 0.750000
vt 0.041667 0.833333
vt 0.041667 0.916667
vt 0.041667 1.000000
vt 0.041667 0.000000
vt 0.041667 0.083333
vt 0.041667 0.166667
vt 0.041667 0.250000
vt 0.041667 0.333333
vt 0.041667 0.416667
vt 0.062500 0.500000
vt 0.062500 0.583333
vt 0.062500 0.666667
vt 0.062500 0.750000
vt 0.062500 0.833333
vt 0.062500 0.916667
vt 0.062500 1.000000
vt 0.062500 0.000000
vt 0.062500 0.083333
vt 0.062500 0.166667
vt 0.062500 0.250000
vt 0.062500 0.333333
vt 0.062500 0.416667
vt 0.083333 0.500000
vt 0.083333 0.583333
vt 0.083333 0.666667
vt 0.083333 0.750000
vt 0.083333 0.833333
vt 0.083333 0.916667
vt 0.083333 1.000000
vt 0.083333 0.000000
vt 0.083333 0.083333
vt 0.083333 0.166667
vt 0.083333 0.250000
vt 0.083333 0.333333
vt 0.083333 0.416667
vt 0.104167 0.500000
vt 0.104167 0.583333
vt 0.104167 0.666667
vt 0.104167 0.750000
vt 0.104167 0.833333
vt 0.104167 0.916667
vt 0.104167 1.000000
vt 0.104167 0.000000
vt 0.104167 0.083333
vt 0.104167 0.166667
vt 0.104167 0.250000
vt 0.104167 0.333333
vt 0.104167 0.416667
vt 0.125000 0.500000
vt 0.125000 0.583333
vt 0.125000 0.666667
vt 0.125000 0.750000
vt 0.125000 0.833333
vt 0.125000 0.916667
vt 0.125000 1.000000
vt 0.125000 0.000000
vt 0.125000 0.083333
vt 0.125000 0.166667
vt 0.125000 0.250000
vt 0.125000 0.333333
vt 0.125000 0.416667
vt 0.145833 0.500000
vt 0.145833 0.583333
vt 0.145833 0.666667
vt 0.145833 0.750000
vt 0.145833 0.833333
vt 0.145833 0.916667
vt 0.145833 1.000000
vt 0.145833 0.000000
vt 0.145833 0.083333
vt 0.145833 0.166667
vt 0.145833 0.250000
vt 0.145833 0.333333
vt 0.145833 0.416667
vt 0.166667 0.500000
vt 0.166667 0.583333
vt 0.166667 0.666667
vt 0.166667 0.750000
vt 0.166667 0.833333
vt 0.166667 0.916667
vt 0.166667 1.000000
vt 0.166667 0.000000
vt 0.166667 0.083333
vt 0.166667 0.166667
vt 0.166667 0.250000
vt 0.166667 0.333333
vt 0.166667 0.416667
vt 0.187500 0.500000
vt 0.187500 0.583333
vt 0.187500 0.666667
vt 0.187500 0.750000
vt 0.187500 0.833333
vt 0.187500 0.916667
vt 0.187500 1.000000
vt 0.187500 0.000000
vt 0.187500 0.083333
vt 0.187500 0.166667
vt 0.187500 0.250000
vt 0.187500 0.333333
vt 0.187500 0.416667
vt 0.208333 0.500000
vt 0.208333 0.583333
vt 0.208333 0.666667
vt 0.208333 0.750000
vt 0.208333 0.833333
vt 0.208333 0.916667
vt 0.208333 1.000000
vt 0.208333 0.000000
vt 0.208333 0.083333
vt 0.208333 0.166667
vt 0.208333 0.250000
vt 0.208333 0.333333
vt 0.208333 0.416667
vt 0.229167 0.500000
vt 0.229167 0.583333
vt 0.229167 0.666667
vt 0.229167 0.750000
vt 0.229167 0.833333
vt 0.229167 0.916667
vt 0.229167 1.000000
vt 0.229167 0.000000
vt 0.229167 0.083333
vt 0.229167 0.166667
vt 0.229167 0.250000
vt 0.229167 0.333333
vt 0.229167 0.416667
vt 0.250000 0.500000
vt 0.250000 0.583333
vt 0.250000 0.666667
vt 0.250000 0.750000
vt 0.250000 0.833333
vt 0.250000 0.916667
vt 0.250000 1.000000
vt 0.250000 0.000000
vt 0.250000 0.083333
vt 0.250000 0.166667
vt 0.250000 0.250000
vt 0.250000 0.333333
vt 0.250000 0.416667
vt 0.270833 0.500000
vt 0.270833 0.583333
vt 0.270833 0.666667
vt 0.270833 0.750000
vt 0.270833 0.833333
vt 0.270833 0.916667
vt 0.270833 1.000000
vt 0.270833 0.000000
vt 0.270833 0.083333
vt 0.270833 0.166667
vt 0.270833 0.250000
vt 0.270833 0.333333
vt 0.270833 0.416667
vt 0.291667 0.500000
vt 0.291667 0.583333
vt 0.291667 0.666667
vt 0.291667 0.750000
vt 0.291667 0.833333
vt 0.291667 0.916667
vt 0.291667 1.000000
vt 0.291667 0.000000
vt 0.291667 0.083333
vt 0.291667 0.166667
vt 0.291667 0.250000
vt 0.291667 0.333333
vt 0.291667 0.416667
vt 0.312500 0.500000
vt 0.312500 0.583333
vt 0.312500 0.666667
vt 0.312500 0.750000
vt 0.312500 0.833333
vt 0.312500 0.916667
vt 0.312500 1.000000
vt 0.312500 0.000000
vt 0.312500 0.083333
vt 0.312500 0.166667
vt 0.312500 0.250000
vt 0.312500 0.333333
vt 0.312500 0.416667
vt 0.333333 0.500000
vt 0.333333 0.583333
vt 0.333333 0.666667
vt 0.333333 0.750000
vt 0.333333 0.833333
vt 0.333333 0.916667
vt 0.333333 1.000000
vt 0.333333 0.000000
vt 0.333333 0.083333
vt 0.333333 0.166667
vt 0.333333 0.250000
vt 0.333333 0.333333
vt 0.333333 0.416667
vt 0.354167 0.500000
vt 0.354167 0.583333
vt 0.354167 0.666667
vt 0.354167 0.750000
vt 0.354167 0.833333
vt 0.354167 0.916667
vt 0.354167 1.000000
vt 0.354167 0.000000
vt 0.354167 0.083333
vt 0.354167 0.166667
vt 0.354167 0.250000
vt 0.354167 0.333333
vt 0.354167 0.416667
vt 0.375000 0.500000
vt 0.375000 0.583333
vt 0.375000 0.666667
vt 0.375000 0.750000
vt 0.375000 0.833333
vt 0.375000 0.916667
vt 0.375000 1.000000
vt 0.375000 0.000000
vt 0.375000 0.083333
vt 0.375000 0.166667
vt 0.375000 0.250000
vt 0.375000 0.333333
vt 0.375000 0.416667
vt 0.395833 0.500000
vt 0.395833 0.583333
vt 0.395833 0.666667
vt 0.395833 0.750000
vt 0.395833 0.833333
vt 0.395833 0.916667
vt 0.395833 1.000000
vt 0.395833 0.000000
vt 0.395833 0.083333
vt 0.395833 0.166667
vt 0.395833 0.250000
vt 0.395833 0.333333
vt 0.395833 0.416667
vt 0.416667 0.500000
vt 0.416667 0.583333
vt 0.416667 0.666667
vt 0.416667 0.750000
vt 0.416667 0.833333
vt 0.416667 0.916667
vt 0.416667 1.000000
vt 0.416667 0.000000
vt 0.416667 0.083333
vt 0.416667 0.166667
vt 0.416667 0.250000
vt 0.416667 0.333333
vt 0.416667 0.416667
vt 0.437500 0.500000
vt 0.437500 0.583333
vt 0.437500 0.666667
vt 0.437500 0.750000
vt 0.437500 0.833333
vt 0.437500 0.916667
vt 0.437500 1.000000
vt 0.437500 0.000000
vt 0.437500 0.083333
vt 0.437500 0.166667
vt 0.437500 0.250000
vt 0.437500 0.333333
vt 0.437500 0.416667
vt 0.458333 0.500000
vt 0.458333 0.583333
vt 0.458333 0.666667
vt 0.458333 0.750000
vt 0.458333 0.833333
vt 0.458333 0.916667
vt 0.458333 1.000000
vt 0.458333 0.000000
vt 0.458333 0.083333
vt 0.458333 0.166667
vt 0.458333 0.250000
vt 0.458333 0.333333
vt 0.458333 0.416667
vt 0.479167 0.500000
vt 0.479167 0.583333
vt 0.479167 0.666667
vt 0.479167 0.750000
vt 0.479167 0.833333
vt 0.479167 0.916667
vt 0.479167 1.000000
vt 0.479167 0.000000
vt 0.479167 0.083333
vt 0.479167 0.166667
vt 0.479167 0.250000
vt 0.479167 0.333333
vt 0.479167 0.416667
vt 0.000000 0.000000
vt 0.870885 0.746473
vt 0.625007 1.000006
vt 0.624912 1.000005
vt 0.625006 1.000005
vt 0.583333 0.500000
vt 0.000232 0.000199
vt -0.000086 -0.000074
vt 0.000637 0.000546
vt 0.625045 0.999998
vt 0.625045 0.999999
vt -0.000319 -0.000273
vt 0.000594 0.000509
vt 0.874985 0.500000
vt 0.873413 0.499093
vt 0.872503 0.498573
vt 0.125000 0.499718
vt 0.125000 0.499717
vt 0.871963 0.747397
vt 0.874755 0.749790
vt 0.870387 0.746046
vt 0.868864 0.744740
vt 0.625270 0.999998
vt 0.625269 0.999998
vt 0.625270 1.000003
vt 0.416667 0.666667
vt 0.841366 0.721171
vt 0.868214 0.744183
vt 0.864741 0.741207
vt 0.875000 0.500001
vt 0.873409 0.499091
vt 0.875000 0.500015
vt 0.374997 0.249998
vt 0.374999 0.249999
vt 0.375005 0.250003
vt 0.000005 0.000019
vt 0.000135 0.000542
vt 0.678587 2.714347
vt 0.402609 1.610435
vt 0.351957 1.407826
vt -0.000024 -0.000097
vt -0.386412 -1.545643
vt 0.083333 0.333333
vt 0.374935 0.249956
vt 0.374961 0.249974
vt 0.374967 0.249978
vt 0.124811 0.499243
vt 0.124764 0.748583
vt 0.124583 0.747496
vt 0.124829 0.748976
vt 0.373260 0.995361
vt 0.570867 3.424275
vt 0.050337 0.302179
vt -0.142319 -0.853361
vt 0.031512 0.189265
vt 0.031600 0.189794
vt 0.250000 0.666667
vt 0.001015 0.002706
vt 0.000630 0.001680
vt -0.491700 -2.948916
vt 0.031364 0.188378
vt -0.137167 -0.822457
vt -0.000557 -0.001486
vt 0.619222 0.990757
vt 0.619596 0.991355
vt 0.618704 0.989929
vt 0.286885 0.245902
vt 0.151354 0.242415
vt 0.154389 0.247272
vt 0.155710 0.249384
vt 0.000728 0.000624
vt 0.000652 0.000558
vt 0.313369 0.501651
vt 0.312683 0.500553
vt 0.313209 0.501393
vt 0.312915 0.500923
vt -0.001520 -0.001302
vt 0.312437 0.500160
vt 0.874911 0.499950
vt 0.873079 0.498903
vt 0.872273 0.498442
vt 0.870390 0.497366
vt 0.872362 0.498493
vt 0.622527 0.249011
vt 0.291667 0.166667
vt 0.286442 0.163703
vt 0.290569 0.166060
vt 0.291887 0.166813
vt 0.001458 0.000583
vt 0.001067 0.000427
vt 0.000310 0.000124
vt 0.000060 0.000024
vt 0.001174 0.000470
vt -0.000198 -0.000079
vt 0.375001 0.250000
vt 0.124720 0.498879
vt 0.124577 0.498308
vt 0.124801 0.499203
vt 0.281250 0.187500
vt 0.187500 0.125000
vt 0.000507 -0.000017
vt 0.000234 -0.000199
vt 0.000039 -0.000329
vt 0.000093 -0.000293
vt -0.210224 -0.840896
vt 0.063602 0.254407
vt 0.078175 0.312697
vt 0.086746 0.346981
vt 0.068841 0.275365
vt 0.000232 -0.000201
vt 0.031497 0.125987
vt 0.031483 0.125932
vt 0.031493 0.125972
vt 0.125000 0.749999
vt 0.374095 0.997587
vt 0.372978 0.994608
vt 0.373648 0.996395
vt 0.374255 0.998014
vt 0.000001 0.000015
vt -0.000006 -0.000022
vt 0.000127 0.000774
vt -0.129301 -0.775782
vt 0.306053 1.836305
vt -0.489026 -2.934102
vt -0.798588 -4.791445
vt -0.000223 -0.001327
vt 0.093750 0.562500
vt 0.062500 0.375000
vt 0.374327 0.998206
vt 0.374444 0.998518
vt 0.375056 1.000150
vt 0.350000 0.560000
vt 0.873542 0.748750
vt 0.872385 0.747759
vt 0.871693 0.747165
vt 0.870039 0.745748
vt 0.862317 0.739129
vt -0.000347 -0.000275
vt 0.000222 0.000586
vt 0.000046 0.000355
vt 0.003425 0.005759
vt -0.000726 -0.000880
vt 0.002295 0.003952
vt 0.468750 0.750000
vt 0.841006 0.720862
vt 0.836461 0.716877
vt 0.871265 0.746799
vt 0.624597 0.999355
vt 0.553730 0.885971
vt 0.620718 0.993151
vt 0.624605 0.999368
vt 0.622780 0.249112
vt 0.623142 0.249257
vt 0.625606 0.250242
vt 0.583333 0.333333
vt 0.000102 0.000088
vt 0.000269 0.000184
vt 0.000720 0.000441
vt 0.001264 0.000506
vt 0.000212 0.000085
vt 0.001906 0.000762
vt 0.001573 0.000629
vt 0.000593 0.000237
vt 0.001715 0.001014
vt -0.000119 -0.000039
vt 0.000285 0.000114
vt 0.004550 0.001820
vt 0.001532 0.000627
vt 0.001462 0.000585
vt 0.875000 0.749717
vt 0.624862 1.000000
vt 0.875000 0.500283
vt 0.875000 0.500282
vt 0.624869 0.250000
vt 0.624878 0.249717
vt 0.624877 0.249717
vt 0.624877 0.249718
vt 0.375465 1.000000
vt 0.375466 1.000000
vt 0.872653 0.747801
vt 0.874526 0.749509
vt 0.874638 0.749502
vt 0.874949 0.499971
vt 0.624927 1.000000
vt 0.625332 1.000000
vt 0.625330 1.000000
vt 0.879708 0.754035
vt 0.790818 0.677674
vt 0.124416 0.497664
vt 0.001025 0.000684
vt 0.124382 0.497715
vt 0.108240 0.433028
vt 0.124876 0.499692
vt 0.124929 0.499906
vt 0.124637 0.747824
vt 0.103395 0.620288
vt 0.369814 2.218372
vt 0.373667 0.995986
vt 0.373817 0.996846
vt 0.374745 0.998857
vt 0.062534 0.375337
vt 0.616682 0.986695
vt 0.005410 0.008926
vt 0.159011 0.254665
vt 0.158341 0.253593
vt 0.872322 0.747517
vt 0.874681 0.749726
vt 0.874792 0.749577
vt 0.845466 0.483322
vt 0.001380 0.000552
vt 0.001112 0.000445
vt 0.001002 0.000401
vt 0.622738 0.249160
vt 0.624730 0.249926
vt 0.624512 0.249870
vt -0.000377 -0.000151
vt 0.374156 0.249349
vt 0.374862 0.249901
vt 0.374911 0.249852
vt 0.124996 0.500065
vt -0.057607 -0.230427
vt 0.031561 0.126245
vt 0.124513 0.498054
vt 0.062534 0.250231
vt 0.124498 0.746801
vt 0.101937 0.611570
vt 0.124932 0.749403
vt 0.579956 3.479695
vt 0.739834 4.438948
vt 0.001358 0.003620
vt 0.622205 0.995742
vt 0.584949 0.936149
vt 0.624263 0.999035
vt 0.868451 0.496444
vt 0.439707 0.251297
vt 0.874335 0.499809
vt 0.002726 0.001587
vt 0.000647 0.000259
vt 0.001748 0.000699
vt 0.622603 0.249041
vt 0.595548 0.238316
vt 0.624869 1.000000
vt 0.624730 1.000000
vt 0.875000 0.749921
vt 0.624977 0.250000
vt 0.624976 0.250000
vt 0.624803 0.249840
vt 0.625000 0.249718
vt 0.125000 0.749778
vt 0.375467 1.000000
vt 0.375228 1.000000
vt 0.624867 0.000282
vt 0.624868 0.000283
vt 0.875000 0.500096
vt 0.624921 0.749752
vt 0.874999 0.749908
vt 0.624898 0.750024
vt 0.374939 0.500145
vt 0.125000 0.500096
vt 0.375138 0.500071
vt 0.375044 0.749888
vt 0.125000 0.500100
vt 0.125000 0.500146
vt 0.125000 0.499988
vt 0.624922 1.000000
vt 0.125000 0.749717
vt 0.125000 0.749870
vt 0.375143 1.000000
vt 0.595155 0.340156
vt 0.625009 0.250001
vt 0.624821 0.250000
vt 0.374881 0.250000
vt 0.375095 0.250000
vt 0.375156 0.250000
vt 0.125000 0.500025
vt 0.125000 0.499975
vt 0.589940 0.337246
vt 0.874894 0.749833
vt 0.624952 0.999994
vt 0.624622 0.999533
vt 0.624825 1.000000
vt 0.624990 0.250000
vt 0.124816 0.499509
vt 0.374847 0.250186
vt 0.374741 0.249828
vt 0.375088 1.000000
vt 0.009124 0.007819
vt 0.874667 0.499870
vt 0.874090 0.499480
vt 0.031434 0.125736
vt 0.374720 0.998977
vt 0.373512 0.996030
vt 0.624929 1.000000
vt 0.624934 0.249996
vt 0.125000 0.500092
vt 0.125000 0.500181
vt 0.125000 0.500071
vt 0.875000 0.749870
vt 0.624937 1.000000
vt 0.125000 0.749812
vt 0.125000 0.500282
vt 0.624776 0.250000
vt 0.375063 0.249957
vt 0.375222 1.000000
vt 0.375100 1.000000
vt 0.624733 0.000063
vt 0.624924 0.000096
vt 0.124487 0.497950
vt 0.874731 0.749769
vt 0.002259 0.000904
vt 0.000227 0.001376
vt 0.062944 0.251796
vt 0.375069 1.000000
vt 0.375070 1.000000
vt 0.624928 1.000000
vt 0.125000 0.749909
vt 0.125000 0.749908
vt 0.624908 0.500141
vt 0.875000 0.500102
vt 0.875000 0.500099
vt 0.875000 0.749899
vt 0.375068 0.250000
vt 0.624924 0.250000
vt 0.624925 0.250000
vt 0.375069 0.250000
vt 0.375106 0.250000
vt 0.125000 0.749994
vt 0.125000 0.749981
vt 0.125000 0.749905
vt 0.375082 0.250000
vt 0.624933 0.250000
vt 0.375063 0.249718
vt 0.375225 0.000112
vt 0.375000 0.000181
vt 0.523902 0.166667
vt 0.583227 0.250000
vt 0.455130 0.320849
vt 0.542173 0.333333
vt 0.562464 0.416667
vt 0.498146 0.416667
vt 0.513408 0.500000
vt 0.577895 0.616758
vt 0.510427 0.666667
vt 0.508295 0.583333
vt 0.592000 0.750000
vt 0.614575 0.000000
vt 0.548814 0.083333
vt 0.519306 0.000000
vt 0.629783 0.449816
vt 0.635411 0.583333
vt 0.584809 0.500000
vt 0.658559 0.666667
vt 0.654144 0.916667
vt 0.614575 1.000000
vt 0.550998 0.916667
vt 0.663435 0.083333
vt 0.649322 0.166667
vt 0.627327 0.326461
vt 0.687529 0.500000
vt 0.727800 0.659996
vt 0.708854 0.833333
vt 0.688608 0.000000
vt 0.717857 0.583333
vt 0.748149 0.916667
vt 0.688608 1.000000
vt 0.760425 0.500000
vt 0.756357 0.037038
vt 0.808760 0.250000
vt 0.695617 0.333333
vt 0.799474 0.333333
vt 0.708221 0.416667
vt 0.793247 0.583333
vt 0.804754 0.666667
vt 0.800898 0.416667
vt 0.830569 0.833333
vt 0.835388 0.083333
vt 0.763400 0.166667
vt 0.843750 0.500000
vt 0.829341 0.966573
vt 0.762077 1.000000
vt 0.833304 0.000000
vt 0.895956 0.750000
vt 0.882433 0.416667
vt 0.927026 0.000000
vt 0.903542 0.333333
vt 0.925420 0.500000
vt 0.864583 0.583333
vt 0.945094 0.833333
vt 0.886604 0.916667
vt 0.915486 0.633233
vt 0.877940 0.166667
vt 0.956946 0.250000
vt 0.973687 0.916667
vt 0.927026 1.000000
vt 0.967857 0.416667
vt 0.978373 0.583333
vt 0.988582 0.666667
vt 0.988234 0.166667
vt 0.987231 0.333333
vt 0.991876 0.500000
vt 0.989583 0.750000
vt 0.989583 0.083333
vt 0.053016 0.583333
vt 0.023051 0.666667
vt 0.049460 0.833333
vt 0.009067 0.916667
vt 0.018229 0.166667
vt 0.089808 0.322430
vt 0.021034 0.333333
vt 0.062454 0.416667
vt 0.090663 0.916667
vt 0.029587 1.000000
vt 0.072907 0.500000
vt 0.011502 0.500000
vt 0.017874 0.083333
vt 0.089860 0.123123
vt 0.113245 1.000000
vt 0.113245 0.000000
vt 0.029587 0.000000
vt 0.056352 0.750000
vt 0.145962 0.833333
vt 0.145863 0.500000
vt 0.112671 0.614427
vt 0.178016 0.083333
vt 0.169736 0.166667
vt 0.185099 0.333333
vt 0.154144 0.416667
vt 0.187536 0.583333
vt 0.187569 0.666667
vt 0.218809 0.916667
vt 0.196253 0.000000
vt 0.220089 0.500000
vt 0.227637 0.416667
vt 0.258564 1.000000
vt 0.196253 1.000000
vt 0.274801 0.370002
vt 0.321578 0.000000
vt 0.314615 0.083333
vt 0.249780 0.040845
vt 0.342565 0.583333
vt 0.284236 0.666667
vt 0.262538 0.583333
vt 0.350932 0.416667
vt 0.305075 0.500000
vt 0.398649 0.166667
vt 0.366149 0.250000
vt 0.273594 0.166667
vt 0.364024 0.674312
vt 0.406252 0.833333
vt 0.322927 0.833333
vt 0.425866 0.083333
vt 0.387077 0.500000
vt 0.425277 0.583333
vt 0.448415 0.714207
vt 0.446984 0.916667
vt 0.414869 1.000000
vt 0.344820 0.916667
vt 0.441352 0.451936
vt 0.489873 0.833333
vt 0.519306 1.000000
vt 0.414869 0.000000
vt 0.520884 0.540833
vt 0.560660 0.614975
vt 0.437615 0.666667
vt 0.529525 0.750000
vt 0.500077 0.083333
vt 0.549586 0.166667
vt 0.457996 0.166667
vt 0.467380 0.250000
vt 0.541709 0.416667
vt 0.457232 0.416667
vt 0.580818 0.833333
vt 0.532449 0.916667
vt 0.458440 0.833333
vt 0.531260 0.000000
vt 0.611500 0.083333
vt 0.601102 0.250000
vt 0.541731 0.333333
vt 0.635026 0.666667
vt 0.604191 0.416667
vt 0.647697 0.583333
vt 0.645766 0.750000
vt 0.657025 0.916667
vt 0.614589 1.000000
vt 0.643070 0.166667
vt 0.684566 0.833333
vt 0.684896 1.000000
vt 0.690569 0.036304
vt 0.614589 0.000000
vt 0.706946 0.250000
vt 0.736587 0.166667
vt 0.729117 0.416667
vt 0.739293 0.551896
vt 0.677089 0.500000
vt 0.586567 0.833333
vt 0.754021 0.768324
vt 0.773902 0.916667
vt 0.799199 0.310686
vt 0.708537 0.333333
vt 0.792773 0.500000
vt 0.816785 0.619832
vt 0.739574 0.666667
vt 0.763406 0.083333
vt 0.843690 0.166667
vt 0.809896 0.416667
vt 0.882301 0.750000
vt 0.854341 0.833333
vt 0.854175 0.937115
vt 0.757425 1.000000
vt 0.853272 0.462685
vt 0.874206 0.583333
vt 0.885417 0.000000
vt 0.854254 0.083333
vt 0.822148 0.000000
vt 0.867579 0.333333
vt 0.905823 0.666667
vt 0.946935 0.324706
vt 0.915142 0.416667
vt 0.897309 0.500000
vt 0.937729 0.540585
vt 0.957494 0.916667
vt 0.885417 1.000000
vt 0.945469 0.049021
vt 0.970317 0.673774
vt 0.977312 0.416667
vt 0.988814 0.500000
vt 0.985891 0.583333
vt 0.971162 0.833333
vt 0.961267 0.166667
vt 0.988814 0.250000
vt 0.956803 1.000000
vt 0.018839 0.833333
vt 0.062573 0.916667
vt 0.052086 0.166667
vt 0.041729 0.250000
vt 0.044040 0.333333
vt 0.049085 0.416667
vt 0.013576 0.500000
vt 0.066474 0.546763
vt 0.044062 0.666667
vt 0.010986 0.583333
vt 0.121194 0.702257
vt 0.013576 0.750000
vt 0.091451 0.833333
vt 0.093739 0.083333
vt 0.146206 0.166667
vt 0.158922 0.333333
vt 0.154133 0.916667
vt 0.117854 1.000000
vt 0.194468 0.250000
vt 0.185150 0.833333
vt 0.167451 0.083333
vt 0.208253 0.460605
vt 0.186435 0.583333
vt 0.135423 0.500000
vt 0.239584 0.750000
vt 0.135407 0.416667
vt 0.238685 0.916667
vt 0.220413 1.000000
vt 0.249835 0.540071
vt 0.221835 0.666667
vt 0.312741 0.833333
vt 0.312409 0.000000
vt 0.240516 0.083333
vt 0.220413 0.000000
vt 0.319917 0.500000
vt 0.302083 0.583333
vt 0.321721 0.916667
vt 0.334387 0.083333
vt 0.250080 0.166667
vt 0.359144 0.319513
vt 0.273901 0.333333
vt 0.279133 0.416667
vt 0.325902 0.666667
vt 0.385413 0.750000
vt 0.353995 0.166667
vt 0.362768 0.416667
vt 0.378872 0.545671
vt 0.416743 0.916667
vt 0.425247 0.000000
vt 0.418192 0.083333
vt 0.444921 0.333333
vt 0.450901 0.500000
vt 0.445811 0.583333
vt 0.531260 1.000000
vt 0.425247 1.000000
vt 0.208133 0.250000
vt 0.930081 0.083333
vt 0.210289 0.750000
vt 0.240010 0.833333
vt 0.321578 1.000000
vt 0.356970 0.333333
vt 0.596749 0.500000
vt 0.646274 0.388835
vt 0.757425 0.000000
vt 0.995104 0.044998
vt 0.020798 1.000000
vt 0.018222 0.044998
vt 0.124281 0.583333
vt 0.117854 0.000000
vt 0.312409 1.000000
s 0
usemtl glow_design
f 1/1/1 13/2/1 14/3/1 2/4/1
f 2/4/2 14/3/2 15/5/2 3/6/2
f 3/6/3 15/5/3 16/7/3 4/8/3
f 4/8/4 16/7/4 17/9/4 5/10/4
f 5/10/5 17/9/5 18/11/5 6/12/5
f 6/12/6 18/11/6 19/13/6 7/14/6
f 7/15/7 19/16/7 20/17/7 8/18/7
f 8/18/8 20/17/8 21/19/8 9/20/8
f 9/20/9 21/19/9 22/21/9 10/22/9
f 10/22/10 22/21/10 23/23/10 11/24/10
f 11/24/11 23/23/11 24/25/11 12/26/11
f 12/26/12 24/25/12 13/2/12 1/1/12
f 13/2/13 25/27/13 26/28/13 14/3/13
f 14/3/14 26/28/14 27/29/14 15/5/14
f 15/5/15 27/29/15 28/30/15 16/7/15
f 16/7/16 28/30/16 29/31/16 17/9/16
f 17/9/17 29/31/17 30/32/17 18/11/17
f 18/11/18 30/32/18 31/33/18 19/13/18
f 19/16/19 31/34/19 32/35/19 20/17/19
f 20/17/20 32/35/20 33/36/20 21/19/20
f 21/19/21 33/36/21 34/37/21 22/21/21
f 22/21/22 34/37/22 35/38/22 23/23/22
f 23/23/23 35/38/23 36/39/23 24/25/23
f 24/25/24 36/39/24 25/27/24 13/2/24
f 25/27/25 37/40/25 38/41/25 26/28/25
f 26/28/26 38/41/26 39/42/26 27/29/26
f 27/29/27 39/42/27 40/43/27 28/30/27
f 28/30/28 40/43/28 41/44/28 29/31/28
f 29/31/29 41/44/29 42/45/29 30/32/29
f 30/32/30 42/45/30 43/46/30 31/33/30
f 31/34/31 43/47/31 44/48/31 32/35/31
f 32/35/32 44/48/32 45/49/32 33/36/32
f 33/36/33 45/49/33 46/50/33 34/37/33
f 34/37/34 46/50/34 47/51/34 35/38/34
f 35/38/35 47/51/35 48/52/35 36/39/35
f 36/39/36 48/52/36 37/40/36 25/27/36
f 37/40/37 49/53/37 50/54/37 38/41/37
f 38/41/38 50/54/38 51/55/38 39/42/38
f 39/42/39 51/55/39 52/56/39 40/43/39
f 40/43/40 52/56/40 53/57/40 41/44/40
f 41/44/41 53/57/41 54/58/41 42/45/41
f 42/45/42 54/58/42 55/59/42 43/46/42
f 43/47/43 55/60/43 56/61/43 44/48/43
f 44/48/44 56/61/44 57/62/44 45/49/44
f 45/49/45 57/62/45 58/63/45 46/50/45
f 46/50/46 58/63/46 59/64/46 47/51/46
f 47/51/47 59/64/47 60/65/47 48/52/47
f 48/52/48 60/65/48 49/53/48 37/40/48
f 49/53/49 61/66/49 62/67/49 50/54/49
f 50/54/50 62/67/50 63/68/50 51/55/50
f 51/55/51 63/68/51 64/69/51 52/56/51
f 52/56/52 64/69/52 65/70/52 53/57/52
f 53/57/53 65/70/53 66/71/53 54/58/53
f 54/58/54 66/71/54 67/72/54 55/59/54
f 55/60/55 67/73/55 68/74/55 56/61/55
f 56/61/56 68/74/56 69/75/56 57/62/56
f 57/62/57 69/75/57 70/76/57 58/63/57
f 58/63/58 70/76/58 71/77/58 59/64/58
f 59/64/59 71/77/59 72/78/59 60/65/59
f 60/65/60 72/78/60 61/66/60 49/53/60
f 61/66/61 73/79/61 74/80/61 62/67/61
f 62/67/62 74/80/62 75/81/62 63/68/62
f 63/68/63 75/81/63 76/82/63 64/69/63
f 64/69/64 76/82/64 77/83/64 65/70/64
f 65/70/65 77/83/65 78/84/65 66/71/65
f 66/71/66 78/84/66 79/85/66 67/72/66
f 67/73/67 79/86/67 80/87/67 68/74/67
f 68/74/68 80/87/68 81/88/68 69/75/68
f 69/75/69 81/88/69 82/89/69 70/76/69
f 70/76/70 82/89/70 83/90/70 71/77/70
f 71/77/71 83/90/71 84/91/71 72/78/71
f 72/78/72 84/91/72 73/79/72 61/66/72
f 73/79/73 85/92/73 86/93/73 74/80/73
f 74/80/74 86/93/74 87/94/74 75/81/74
f 75/81/75 87/94/75 88/95/75 76/82/75
f 76/82/76 88/95/76 89/96/76 77/83/76
f 77/83/77 89/96/77 90/97/77 78/84/77
f 78/84/78 90/97/78 91/98/78 79/85/78
f 79/86/79 91/99/79 92/100/79 80/87/79
f 80/87/80 92/100/80 93/101/80 81/88/80
f 81/88/81 93/101/81 94/102/81 82/89/81
f 82/89/82 94/102/82 95/103/82 83/90/82
f 83/90/83 95/103/83 96/104/83 84/91/83
f 84/91/84 96/104/84 85/92/84 73/79/84
f 85/92/85 97/105/85 98/106/85 86/93/85
f 86/93/86 98/106/86 99/107/86 87/94/86
f 87/94/87 99/107/87 100/108/87 88/95/87
f 88/95/88 100/108/88 101/109/88 89/96/88
f 89/96/89 101/109/89 102/110/89 90/97/89
f 90/97/90 102/110/90 103/111/90 91/98/90
f 91/99/91 103/112/91 104/113/91 92/100/91
f 92/100/92 104/113/92 105/114/92 93/101/92
f 93/101/93 105/114/93 106/115/93 94/102/93
f 94/102/94 106/115/94 107/116/94 95/103/94
f 95/103/95 107/116/95 108/117/95 96/104/95
f 96/104/96 108/117/96 97/105/96 85/92/96
f 97/105/97 109/118/97 110/119/97 98/106/97
f 98/106/98 110/119/98 111/120/98 99/107/98
f 99/107/99 111/120/99 112/121/99 100/108/99
f 100/108/100 112/121/100 113/122/100 101/109/100
f 101/109/101 113/122/101 114/123/101 102/110/101
f 102/110/102 114/123/102 115/124/102 103/111/102
f 103/112/103 115/125/103 116/126/103 104/113/103
f 104/113/104 116/126/104 117/127/104 105/114/104
f 105/114/105 117/127/105 118/128/105 106/115/105
f 106/115/106 118/128/106 119/129/106 107/116/106
f 107/116/107 119/129/107 120/130/107 108/117/107
f 108/117/108 120/130/108 109/118/108 97/105/108
f 109/118/109 121/131/109 122/132/109 110/119/109
f 110/119/110 122/132/110 123/133/110 111/120/110
f 111/120/111 123/133/111 124/134/111 112/121/111
f 112/121/112 124/134/112 125/135/112 113/122/112
f 113/122/113 125/135/113 126/136/113 114/123/113
f 114/123/114 126/136/114 127/137/114 115/124/114
f 115/125/115 127/138/115 128/139/115 116/126/115
f 116/126/116 128/139/116 129/140/116 117/127/116
f 117/127/117 129/140/117 130/141/117 118/128/117
f 118/128/118 130/141/118 131/142/118 119/129/118
f 119/129/119 131/142/119 132/143/119 120/130/119
f 120/130/120 132/143/120 121/131/120 109/118/120
f 121/131/121 133/144/121 134/145/121 122/132/121
f 122/132/122 134/145/122 135/146/122 123/133/122
f 123/133/123 135/146/123 136/147/123 124/134/123
f 124/134/124 136/147/124 137/148/124 125/135/124
f 125/135/125 137/148/125 138/149/125 126/136/125
f 126/136/126 138/149/126 139/150/126 127/137/126
f 127/138/127 139/151/127 140/152/127 128/139/127
f 128/139/128 140/152/128 141/153/128 129/140/128
f 129/140/129 141/153/129 142/154/129 130/141/129
f 130/141/130 142/154/130 143/155/130 131/142/130
f 131/142/131 143/155/131 144/156/131 132/143/131
f 132/143/132 144/156/132 133/144/132 121/131/132
f 133/144/133 145/157/133 146/158/133 134/145/133
f 134/145/134 146/158/134 147/159/134 135/146/134
f 135/146/135 147/159/135 148/160/135 136/147/135
f 136/147/136 148/160/136 149/161/136 137/148/136
f 137/148/137 149/161/137 150/162/137 138/149/137
f 138/149/138 150/162/138 151/163/138 139/150/138
f 139/151/139 151/164/139 152/165/139 140/152/139
f 140/152/140 152/165/140 153/166/140 141/153/140
f 141/153/141 153/166/141 154/167/141 142/154/141
f 142/154/142 154/167/142 155/168/142 143/155/142
f 143/155/143 155/168/143 156/169/143 144/156/143
f 144/156/144 156/169/144 145/157/144 133/144/144
f 145/157/145 157/170/145 158/171/145 146/158/145
f 146/158/146 158/171/146 159/172/146 147/159/146
f 147/159/147 159/172/147 160/173/147 148/160/147
f 148/160/148 160/173/148 161/174/148 149/161/148
f 149/161/149 161/174/149 162/175/149 150/162/149
f 150/162/150 162/175/150 163/176/150 151/163/150
f 151/164/151 163/177/151 164/178/151 152/165/151
f 152/165/152 164/178/152 165/179/152 153/166/152
f 153/166/153 165/179/153 166/180/153 154/167/153
f 154/167/154 166/180/154 167/181/154 155/168/154
f 155/168/155 167/181/155 168/182/155 156/169/155
f 156/169/156 168/182/156 157/170/156 145/157/156
f 157/170/157 169/183/157 170/184/157 158/171/157
f 158/171/158 170/184/158 171/185/158 159/172/158
f 159/172/159 171/185/159 172/186/159 160/173/159
f 160/173/160 172/186/160 173/187/160 161/174/160
f 161/174/161 173/187/161 174/188/161 162/175/161
f 162/175/162 174/188/162 175/189/162 163/176/162
f 163/177/163 175/190/163 176/191/163 164/178/163
f 164/178/164 176/191/164 177/192/164 165/179/164
f 165/179/165 177/192/165 178/193/165 166/180/165
f 166/180/166 178/193/166 179/194/166 167/181/166
f 167/181/167 179/194/167 180/195/167 168/182/167
f 168/182/168 180/195/168 169/183/168 157/170/168
f 169/183/169 181/196/169 182/197/169 170/184/169
f 170/184/170 182/197/170 183/198/170 171/185/170
f 171/185/171 183/198/171 184/199/171 172/186/171
f 172/186/172 184/199/172 185/200/172 173/187/172
f 173/187/173 185/200/173 186/201/173 174/188/173
f 174/188/174 186/201/174 187/202/174 175/189/174
f 175/190/175 187/203/175 188/204/175 176/191/175
f 176/191/176 188/204/176 189/205/176 177/192/176
f 177/192/177 189/205/177 190/206/177 178/193/177
f 178/193/178 190/206/178 191/207/178 179/194/178
f 179/194/179 191/207/179 192/208/179 180/195/179
f 180/195/180 192/208/180 181/196/180 169/183/180
f 181/196/181 193/209/181 194/210/181 182/197/181
f 182/197/182 194/210/182 195/211/182 183/198/182
f 183/198/183 195/211/183 196/212/183 184/199/183
f 184/199/184 196/212/184 197/213/184 185/200/184
f 185/200/185 197/213/185 198/214/185 186/201/185
f 186/201/186 198/214/186 199/215/186 187/202/186
f 187/203/187 199/216/187 200/217/187 188/204/187
f 188/204/188 200/217/188 201/218/188 189/205/188
f 189/205/189 201/218/189 202/219/189 190/206/189
f 190/206/190 202/219/190 203/220/190 191/207/190
f 191/207/191 203/220/191 204/221/191 192/208/191
f 192/208/192 204/221/192 193/209/192 181/196/192
f 193/209/193 205/222/193 206/223/193 194/210/193
f 194/210/194 206/223/194 207/224/194 195/211/194
f 195/211/195 207/224/195 208/225/195 196/212/195
f 196/212/196 208/225/196 209/226/196 197/213/196
f 197/213/197 209/226/197 210/227/197 198/214/197
f 198/214/198 210/227/198 211/228/198 199/215/198
f 199/216/199 211/229/199 212/230/199 200/217/199
f 200/217/200 212/230/200 213/231/200 201/218/200
f 201/218/201 213/231/201 214/232/201 202/219/201
f 202/219/202 214/232/202 215/233/202 203/220/202
f 203/220/203 215/233/203 216/234/203 204/221/203
f 204/221/204 216/234/204 205/222/204 193/209/204
f 205/222/205 217/235/205 218/236/205 206/223/205
f 206/223/206 218/236/206 219/237/206 207/224/206
f 207/224/207 219/237/207 220/238/207 208/225/207
f 208/225/208 220/238/208 221/239/208 209/226/208
f 209/226/209 221/239/209 222/240/209 210/227/209
f 210/227/210 222/240/210 223/241/210 211/228/210
f 211/229/211 223/242/211 224/243/211 212/230/211
f 212/230/212 224/243/212 225/244/212 213/231/212
f 213/231/213 225/244/213 226/245/213 214/232/213
f 214/232/214 226/245/214 227/246/214 215/233/214
f 215/233/215 227/246/215 228/247/215 216/234/215
f 216/234/216 228/247/216 217/235/216 205/222/216
f 217/235/217 229/248/217 230/249/217 218/236/217
f 218/236/218 230/249/218 231/250/218 219/237/218
f 219/237/219 231/250/219 232/251/219 220/238/219
f 220/238/220 232/251/220 233/252/220 221/239/220
f 221/239/221 233/252/221 234/253/221 222/240/221
f 222/240/222 234/253/222 235/254/222 223/241/222
f 223/242/223 235/255/223 236/256/223 224/243/223
f 224/243/224 236/256/224 237/257/224 225/244/224
f 225/244/225 237/257/225 238/258/225 226/245/225
f 226/245/226 238/258/226 239/259/226 227/246/226
f 227/246/227 239/259/227 240/260/227 228/247/227
f 228/247/228 240/260/228 229/248/228 217/235/228
f 229/248/229 241/261/229 242/262/229 230/249/229
f 230/249/230 242/262/230 243/263/230 231/250/230
f 231/250/231 243/263/231 244/264/231 232/251/231
f 232/251/232 244/264/232 245/265/232 233/252/232
f 233/252/233 245/265/233 246/266/233 234/253/233
f 234/253/234 246/266/234 247/267/234 235/254/234
f 235/255/235 247/268/235 248/269/235 236/256/235
f 236/256/236 248/269/236 249/270/236 237/257/236
f 237/257/237 249/270/237 250/271/237 238/258/237
f 238/258/238 250/271/238 251/272/238 239/259/238
f 239/259/239 251/272/239 252/273/239 240/260/239
f 240/260/240 252/273/240 241/261/240 229/248/240
f 241/261/241 253/274/241 254/275/241 242/262/241
f 242/262/242 254/275/242 255/276/242 243/263/242
f 243/263/243 255/276/243 256/277/243 244/264/243
f 244/264/244 256/277/244 257/278/244 245/265/244
f 245/265/245 257/278/245 258/279/245 246/266/245
f 246/266/246 258/279/246 259/280/246 247/267/246
f 247/268/247 259/281/247 260/282/247 248/269/247
f 248/269/248 260/282/248 261/283/248 249/270/248
f 249/270/249 261/283/249 262/284/249 250/271/249
f 250/271/250 262/284/250 263/285/250 251/272/250
f 251/272/251 263/285/251 264/286/251 252/273/251
f 252/273/252 264/286/252 253/274/252 241/261/252
f 253/274/253 265/287/253 266/288/253 254/275/253
f 254/275/254 266/288/254 267/289/254 255/276/254
f 255/276/255 267/289/255 268/290/255 256/277/255
f 256/277/256 268/290/256 269/291/256 257/278/256
f 257/278/257 269/291/257 270/292/257 258/279/257
f 258/279/258 270/292/258 271/293/258 259/280/258
f 259/281/259 271/294/259 272/295/259 260/282/259
f 260/282/260 272/295/260 273/296/260 261/283/260
f 261/283/261 273/296/261 274/297/261 262/284/261
f 262/284/262 274/297/262 275/298/262 263/285/262
f 263/285/263 275/298/263 276/299/263 264/286/263
f 264/286/264 276/299/264 265/287/264 253/274/264
f 265/287/265 277/300/265 278/301/265 266/288/265
f 266/288/266 278/301/266 279/302/266 267/289/266
f 267/289/267 279/302/267 280/303/267 268/290/267
f 268/290/268 280/303/268 281/304/268 269/291/268
f 269/291/269 281/304/269 282/305/269 270/292/269
f 270/292/270 282/305/270 283/306/270 271/293/270
f 271/294/271 283/307/271 284/308/271 272/295/271
f 272/295/272 284/308/272 285/309/272 273/296/272
f 273/296/273 285/309/273 286/310/273 274/297/273
f 274/297/274 286/310/274 287/311/274 275/298/274
f 275/298/275 287/311/275 288/312/275 276/299/275
f 276/299/276 288/312/276 277/300/276 265/287/276
f 277/300/277 289/313/277 290/314/277 278/301/277
f 278/301/278 290/314/278 291/315/278 279/302/278
f 279/302/279 291/315/279 292/316/279 280/303/279
f 280/303/280 292/316/280 293/317/280 281/304/280
f 281/304/281 293/317/281 294/318/281 282/305/281
f 282/305/282 294/318/282 295/319/282 283/306/282
f 283/307/283 295/320/283 296/321/283 284/308/283
f 284/308/284 296/321/284 297/322/284 285/309/284
f 285/309/285 297/322/285 298/323/285 286/310/285
f 286/310/286 298/323/286 299/324/286 287/311/286
f 287/311/287 299/324/287 300/325/287 288/312/287
f 288/312/288 300/325/288 289/313/288 277/300/288
f 289/326/6 301/327/6 302/328/6 290/329/6
f 290/329/5 302/328/5 303/330/5 291/331/5
f 291/331/4 303/330/4 304/332/4 292/333/4
f 292/333/3 304/332/3 305/334/3 293/335/3
f 293/335/2 305/334/2 306/336/2 294/337/2
f 294/337/289 306/336/289 307/338/289 295/339/289
f 295/340/12 307/341/12 308/342/12 296/343/12
f 296/343/11 308/342/11 309/344/11 297/345/11
f 297/345/10 309/344/10 310/346/10 298/347/10
f 298/347/9 310/346/9 311/348/9 299/349/9
f 299/349/8 311/348/8 312/350/8 300/351/8
f 300/351/290 312/350/290 301/327/290 289/326/290
f 301/327/18 313/352/18 314/353/18 302/328/18
f 302/328/17 314/353/17 315/354/17 303/330/17
f 303/330/16 315/354/16 316/355/16 304/332/16
f 304/332/15 316/355/15 317/356/15 305/334/15
f 305/334/14 317/356/14 318/357/14 306/336/14
f 306/336/13 318/357/13 319/358/13 307/338/13
f 307/341/24 319/359/24 320/360/24 308/342/24
f 308/342/23 320/360/23 321/361/23 309/344/23
f 309/344/22 321/361/22 322/362/22 310/346/22
f 310/346/21 322/362/21 323/363/21 311/348/21
f 311/348/20 323/363/20 324/364/20 312/350/20
f 312/350/19 324/364/19 313/352/19 301/327/19
f 313/352/30 325/365/30 326/366/30 314/353/30
f 314/353/291 326/366/291 327/367/291 315/354/291
f 315/354/28 327/367/28 328/368/28 316/355/28
f 316/355/27 328/368/27 329/369/27 317/356/27
f 317/356/26 329/369/26 330/370/26 318/357/26
f 318/357/25 330/370/25 331/371/25 319/358/25
f 319/359/36 331/372/36 332/373/36 320/360/36
f 320/360/35 332/373/35 333/374/35 321/361/35
f 321/361/292 333/374/292 334/375/292 322/362/292
f 322/362/33 334/375/33 335/376/33 323/363/33
f 323/363/32 335/376/32 336/377/32 324/364/32
f 324/364/31 336/377/31 325/365/31 313/352/31
f 325/365/42 337/378/42 338/379/42 326/366/42
f 326/366/41 338/379/41 339/380/41 327/367/41
f 327/367/40 339/380/40 340/381/40 328/368/40
f 328/368/39 340/381/39 341/382/39 329/369/39
f 329/369/293 341/382/293 342/383/293 330/370/293
f 330/370/37 342/383/37 343/384/37 331/371/37
f 331/372/48 343/385/48 344/386/48 332/373/48
f 332/373/294 344/386/294 345/387/294 333/374/294
f 333/374/46 345/387/46 346/388/46 334/375/46
f 334/375/45 346/388/45 347/389/45 335/376/45
f 335/376/44 347/389/44 348/390/44 336/377/44
f 336/377/43 348/390/43 337/378/43 325/365/43
f 337/378/54 349/391/54 350/392/54 338/379/54
f 338/379/53 350/392/53 351/393/53 339/380/53
f 339/380/52 351/393/52 352/394/52 340/381/52
f 340/381/51 352/394/51 353/395/51 341/382/51
f 341/382/50 353/395/50 354/396/50 342/383/50
f 342/383/49 354/396/49 355/397/49 343/384/49
f 343/385/60 355/398/60 356/399/60 344/386/60
f 344/386/59 356/399/59 357/400/59 345/387/59
f 345/387/58 357/400/58 358/401/58 346/388/58
f 346/388/57 358/401/57 359/402/57 347/389/57
f 347/389/56 359/402/56 360/403/56 348/390/56
f 348/390/295 360/403/295 349/391/295 337/378/295
f 349/391/66 361/404/66 362/405/66 350/392/66
f 350/392/65 362/405/65 363/406/65 351/393/65
f 351/393/64 363/406/64 364/407/64 352/394/64
f 352/394/63 364/407/63 365/408/63 353/395/63
f 353/395/62 365/408/62 366/409/62 354/396/62
f 354/396/61 366/409/61 367/410/61 355/397/61
f 355/398/72 367/411/72 368/412/72 356/399/72
f 356/399/71 368/412/71 369/413/71 357/400/71
f 357/400/296 369/413/296 370/414/296 358/401/296
f 358/401/69 370/414/69 371/415/69 359/402/69
f 359/402/68 371/415/68 372/416/68 360/403/68
f 360/403/67 372/416/67 361/404/67 349/391/67
f 361/404/78 373/417/78 374/418/78 362/405/78
f 362/405/77 374/418/77 375/419/77 363/406/77
f 363/406/76 375/419/76 376/420/76 364/407/76
f 364/407/75 376/420/75 377/421/75 365/408/75
f 365/408/74 377/421/74 378/422/74 366/409/74
f 366/409/73 378/422/73 379/423/73 367/410/73
f 367/411/84 379/424/84 380/425/84 368/412/84
f 368/412/83 380/425/83 381/426/83 369/413/83
f 369/413/82 381/426/82 382/427/82 370/414/82
f 370/414/81 382/427/81 383/428/81 371/415/81
f 371/415/80 383/428/80 384/429/80 372/416/80
f 372/416/79 384/429/79 373/417/79 361/404/79
f 373/417/90 385/430/90 386/431/90 374/418/90
f 374/418/89 386/431/89 387/432/89 375/419/89
f 375/419/88 387/432/88 388/433/88 376/420/88
f 376/420/87 388/433/87 389/434/87 377/421/87
f 377/421/86 389/434/86 390/435/86 378/422/86
f 378/422/85 390/435/85 391/436/85 379/423/85
f 379/424/96 391/437/96 392/438/96 380/425/96
f 380/425/95 392/438/95 393/439/95 381/426/95
f 381/426/94 393/439/94 394/440/94 382/427/94
f 382/427/297 394/440/297 395/441/297 383/428/297
f 383/428/92 395/441/92 396/442/92 384/429/92
f 384/429/91 396/442/91 385/430/91 373/417/91
f 385/430/102 397/443/102 398/444/102 386/431/102
f 386/431/101 398/444/101 399/445/101 387/432/101
f 387/432/100 399/445/100 400/446/100 388/433/100
f 388/433/99 400/446/99 401/447/99 389/434/99
f 389/434/98 401/447/98 402/448/98 390/435/98
f 390/435/97 402/448/97 403/449/97 391/436/97
f 391/437/298 403/450/298 404/451/298 392/438/298
f 392/438/107 404/451/107 405/452/107 393/439/107
f 393/439/106 405/452/106 406/453/106 394/440/106
f 394/440/105 406/453/105 407/454/105 395/441/105
f 395/441/104 407/454/104 408/455/104 396/442/104
f 396/442/103 408/455/103 397/443/103 385/430/103
f 397/443/299 409/456/299 410/457/299 398/444/299
f 398/444/113 410/457/113 411/458/113 399/445/113
f 399/445/112 411/458/112 412/459/112 400/446/112
f 400/446/111 412/459/111 413/460/111 401/447/111
f 401/447/110 413/460/110 414/461/110 402/448/110
f 402/448/109 414/461/109 415/462/109 403/449/109
f 403/450/120 415/463/120 416/464/120 404/451/120
f 404/451/119 416/464/119 417/465/119 405/452/119
f 405/452/118 417/465/118 418/466/118 406/453/118
f 406/453/117 418/466/117 419/467/117 407/454/117
f 407/454/116 419/467/116 420/468/116 408/455/116
f 408/455/115 420/468/115 409/456/115 397/443/115
f 409/456/126 421/469/126 422/470/126 410/457/126
f 410/457/125 422/470/125 423/471/125 411/458/125
f 411/458/124 423/471/124 424/472/124 412/459/124
f 412/459/123 424/472/123 425/473/123 413/460/123
f 413/460/122 425/473/122 426/474/122 414/461/122
f 414/461/121 426/474/121 427/475/121 415/462/121
f 415/463/300 427/476/300 428/477/300 416/464/300
f 416/464/131 428/477/131 429/478/131 417/465/131
f 417/465/130 429/478/130 430/479/130 418/466/130
f 418/466/129 430/479/129 431/480/129 419/467/129
f 419/467/128 431/480/128 432/481/128 420/468/128
f 420/468/127 432/481/127 421/469/127 409/456/127
f 421/469/301 433/482/301 434/483/301 422/470/301
f 422/470/137 434/483/137 435/484/137 423/471/137
f 423/471/136 435/484/136 436/485/136 424/472/136
f 424/472/135 436/485/135 437/486/135 425/473/135
f 425/473/134 437/486/134 438/487/134 426/474/134
f 426/474/133 438/487/133 439/488/133 427/475/133
f 427/476/144 439/489/144 440/490/144 428/477/144
f 428/477/143 440/490/143 441/491/143 429/478/143
f 429/478/142 441/491/142 442/492/142 430/479/142
f 430/479/141 442/492/141 443/493/141 431/480/141
f 431/480/140 443/493/140 444/494/140 432/481/140
f 432/481/139 444/494/139 433/482/139 421/469/139
f 433/482/150 445/495/150 446/496/150 434/483/150
f 434/483/149 446/496/149 447/497/149 435/484/149
f 435/484/148 447/497/148 448/498/148 436/485/148
f 436/485/147 448/498/147 449/499/147 437/486/147
f 437/486/146 449/499/146 450/500/146 438/487/146
f 438/487/145 450/500/145 451/501/145 439/488/145
f 439/489/156 451/502/156 452/503/156 440/490/156
f 440/490/155 452/503/155 453/504/155 441/491/155
f 441/491/154 453/504/154 454/505/154 442/492/154
f 442/492/153 454/505/153 455/506/153 443/493/153
f 443/493/152 455/506/152 456/507/152 444/494/152
f 444/494/151 456/507/151 445/495/151 433/482/151
f 445/495/162 457/508/162 458/509/162 446/496/162
f 446/496/161 458/509/161 459/510/161 447/497/161
f 447/497/160 459/510/160 460/511/160 448/498/160
f 448/498/159 460/511/159 461/512/159 449/499/159
f 449/499/158 461/512/158 462/513/158 450/500/158
f 450/500/157 462/513/157 463/514/157 451/501/157
f 451/502/168 463/515/168 464/516/168 452/503/168
f 452/503/167 464/516/167 465/517/167 453/504/167
f 453/504/166 465/517/166 466/518/166 454/505/166
f 454/505/165 466/518/165 467/519/165 455/506/165
f 455/506/164 467/519/164 468/520/164 456/507/164
f 456/507/163 468/520/163 457/508/163 445/495/163
f 457/508/174 469/521/174 470/522/174 458/509/174
f 458/509/173 470/522/173 471/523/173 459/510/173
f 459/510/172 471/523/172 472/524/172 460/511/172
f 460/511/171 472/524/171 473/525/171 461/512/171
f 461/512/170 473/525/170 474/526/170 462/513/170
f 462/513/169 474/526/169 475/527/169 463/514/169
f 463/515/180 475/528/180 476/529/180 464/516/180
f 464/516/179 476/529/179 477/530/179 465/517/179
f 465/517/178 477/530/178 478/531/178 466/518/178
f 466/518/177 478/531/177 479/532/177 467/519/177
f 467/519/176 479/532/176 480/533/176 468/520/176
f 468/520/175 480/533/175 469/521/175 457/508/175
f 469/521/186 481/534/186 482/535/186 470/522/186
f 470/522/185 482/535/185 483/536/185 471/523/185
f 471/523/302 483/536/302 484/537/302 472/524/302
f 472/524/183 484/537/183 485/538/183 473/525/183
f 473/525/182 485/538/182 486/539/182 474/526/182
f 474/526/181 486/539/181 487/540/181 475/527/181
f 475/528/192 487/541/192 488/542/192 476/529/192
f 476/529/191 488/542/191 489/543/191 477/530/191
f 477/530/190 489/543/190 490/544/190 478/531/190
f 478/531/189 490/544/189 491/545/189 479/532/189
f 479/532/188 491/545/188 492/546/188 480/533/188
f 480/533/187 492/546/187 481/534/187 469/521/187
f 481/534/198 493/547/198 494/548/198 482/535/198
f 482/535/197 494/548/197 495/549/197 483/536/197
f 483/536/196 495/549/196 496/550/196 484/537/196
f 484/537/195 496/550/195 497/551/195 485/538/195
f 485/538/194 497/551/194 498/552/194 486/539/194
f 486/539/193 498/552/193 499/553/193 487/540/193
f 487/541/204 499/554/204 500/555/204 488/542/204
f 488/542/203 500/555/203 501/556/203 489/543/203
f 489/543/202 501/556/202 502/557/202 490/544/202
f 490/544/201 502/557/201 503/558/201 491/545/201
f 491/545/200 503/558/200 504/559/200 492/546/200
f 492/546/199 504/559/199 493/547/199 481/534/199
f 493/547/210 505/560/210 506/561/210 494/548/210
f 494/548/209 506/561/209 507/562/209 495/549/209
f 495/549/208 507/562/208 508/563/208 496/550/208
f 496/550/207 508/563/207 509/564/207 497/551/207
f 497/551/303 509/564/303 510/565/303 498/552/303
f 498/552/205 510/565/205 511/566/205 499/553/205
f 499/554/216 511/567/216 512/568/216 500/555/216
f 500/555/215 512/568/215 513/569/215 501/556/215
f 501/556/214 513/569/214 514/570/214 502/557/214
f 502/557/213 514/570/213 515/571/213 503/558/213
f 503/558/304 515/571/304 516/572/304 504/559/304
f 504/559/211 516/572/211 505/560/211 493/547/211
f 505/560/222 517/573/222 518/574/222 506/561/222
f 506/561/221 518/574/221 519/575/221 507/562/221
f 507/562/220 519/575/220 520/576/220 508/563/220
f 508/563/219 520/576/219 521/577/219 509/564/219
f 509/564/218 521/577/218 522/578/218 510/565/218
f 510/565/217 522/578/217 523/579/217 511/566/217
f 511/567/228 523/580/228 524/581/228 512/568/228
f 512/568/227 524/581/227 525/582/227 513/569/227
f 513/569/226 525/582/226 526/583/226 514/570/226
f 514/570/225 526/583/225 527/584/225 515/571/225
f 515/571/224 527/584/224 528/585/224 516/572/224
f 516/572/223 528/585/223 517/573/223 505/560/223
f 517/573/234 529/586/234 530/587/234 518/574/234
f 518/574/233 530/587/233 531/588/233 519/575/233
f 519/575/232 531/588/232 532/589/232 520/576/232
f 520/576/231 532/589/231 533/590/231 521/577/231
f 521/577/230 533/590/230 534/591/230 522/578/230
f 522/578/229 534/591/229 535/592/229 523/579/229
f 523/580/240 535/593/240 536/594/240 524/581/240
f 524/581/239 536/594/239 537/595/239 525/582/239
f 525/582/238 537/595/238 538/596/238 526/583/238
f 526/583/237 538/596/237 539/597/237 527/584/237
f 527/584/236 539/597/236 540/598/236 528/585/236
f 528/585/235 540/598/235 529/586/235 517/573/235
f 529/586/246 541/599/246 542/600/246 530/587/246
f 530/587/245 542/600/245 543/601/245 531/588/245
f 531/588/244 543/601/244 544/602/244 532/589/244
f 532/589/243 544/602/243 545/603/243 533/590/243
f 533/590/242 545/603/242 546/604/242 534/591/242
f 534/591/241 546/604/241 547/605/241 535/592/241
f 535/593/252 547/606/252 548/607/252 536/594/252
f 536/594/251 548/607/251 549/608/251 537/595/251
f 537/595/250 549/608/250 550/609/250 538/596/250
f 538/596/249 550/609/249 551/610/249 539/597/249
f 539/597/248 551/610/248 552/611/248 540/598/248
f 540/598/247 552/611/247 541/599/247 529/586/247
f 541/599/258 553/612/258 554/613/258 542/600/258
f 542/600/257 554/613/257 555/614/257 543/601/257
f 543/601/256 555/614/256 556/615/256 544/602/256
f 544/602/255 556/615/255 557/616/255 545/603/255
f 545/603/254 557/616/254 558/617/254 546/604/254
f 546/604/253 558/617/253 559/618/253 547/605/253
f 547/606/264 559/619/264 560/620/264 548/607/264
f 548/607/263 560/620/263 561/621/263 549/608/263
f 549/608/262 561/621/262 562/622/262 550/609/262
f 550/609/261 562/622/261 563/623/261 551/610/261
f 551/610/260 563/623/260 564/624/260 552/611/260
f 552/611/259 564/624/259 553/612/259 541/599/259
f 553/612/270 565/625/270 566/626/270 554/613/270
f 554/613/269 566/626/269 567/627/269 555/614/269
f 555/614/268 567/627/268 568/628/268 556/615/268
f 556/615/267 568/628/267 569/629/267 557/616/267
f 557/616/266 569/629/266 570/630/266 558/617/266
f 558/617/265 570/630/265 571/631/265 559/618/265
f 559/619/276 571/632/276 572/633/276 560/620/276
f 560/620/275 572/633/275 573/634/275 561/621/275
f 561/621/274 573/634/274 574/635/274 562/622/274
f 562/622/273 574/635/273 575/636/273 563/623/273
f 563/623/272 575/636/272 576/637/272 564/624/272
f 564/624/271 576/637/271 565/625/271 553/612/271
f 565/625/305 1/1/305 2/4/305 566/626/305
f 566/626/281 2/4/281 3/6/281 567/627/281
f 567/627/280 3/6/280 4/8/280 568/628/280
f 568/628/279 4/8/279 5/10/279 569/629/279
f 569/629/278 5/10/278 6/12/278 570/630/278
f 570/630/277 6/12/277 7/14/277 571/631/277
f 571/632/288 7/15/288 8/18/288 572/633/288
f 572/633/287 8/18/287 9/20/287 573/634/287
f 573/634/286 9/20/286 10/22/286 574/635/286
f 574/635/285 10/22/285 11/24/285 575/636/285
f 575/636/284 11/24/284 12/26/284 576/637/284
f 576/637/283 12/26/283 1/1/283 565/625/283
f 1632/972/1837 1637/973/1837 1738/974/1837
f 1633/975/1838 1638/976/1838 1634/977/1838
f 1638/976/1839 1625/978/1839 1634/977/1839
f 1640/979/1840 1627/980/1840 1626/981/1840
f 1640/979/1841 1635/982/1841 1627/980/1841
f 1641/983/1842 1631/984/1842 1630/985/1842
f 1644/986/1843 1643/987/1843 1639/988/1843
f 1645/989/1844 1635/982/1844 1640/979/1844
f 1646/990/1845 1641/991/1845 1629/992/1845
f 1641/983/1846 1647/993/1846 1631/984/1846
f 1647/993/1847 1642/994/1847 1631/984/1847
f 1642/994/1848 1649/995/1848 1637/973/1848
f 1650/996/1849 1643/987/1849 1644/986/1849
f 1645/989/1850 1651/997/1850 1635/982/1850
f 1651/997/1851 1648/998/1851 1635/982/1851
f 1652/999/1852 1647/993/1852 1641/983/1852
f 1650/996/1853 1655/1000/1853 1643/987/1853
f 1655/1000/1854 1645/989/1854 1643/987/1854
f 1648/998/1855 1656/1001/1855 1646/990/1855
f 1656/1001/1856 1652/1002/1856 1646/990/1856
f 1657/1003/1857 1655/1000/1857 1650/996/1857
f 1652/999/1858 1658/1004/1858 1647/993/1858
f 1660/1005/1859 1653/1006/1859 1649/995/1859
f 1662/1007/1860 1654/1008/1860 1653/1006/1860
f 1663/1009/1861 1661/1010/1861 1655/1000/1861
f 1662/1007/1862 1664/1011/1862 1654/1008/1862
f 1665/1012/1863 1656/1001/1863 1648/998/1863
f 1666/1013/1864 1659/1014/1864 1658/1004/1864
f 1667/1015/1865 1663/1009/1865 1657/1003/1865
f 1668/1016/1866 1658/1017/1866 1656/1001/1866
f 1668/1018/1867 1666/1013/1867 1658/1004/1867
f 1671/1019/1868 1665/1012/1868 1651/997/1868
f 1662/1007/1869 1673/1020/1869 1664/1011/1869
f 1673/1020/1870 1667/1015/1870 1664/1011/1870
f 1675/1021/1871 1666/1013/1871 1668/1018/1871
f 1676/1022/1872 1673/1020/1872 1662/1007/1872
f 1677/1023/1873 1670/1024/1873 1667/1015/1873
f 1671/1019/1874 1678/1025/1874 1665/1012/1874
f 1678/1025/1875 1672/1026/1875 1665/1012/1875
f 1677/1023/1876 1674/1027/1876 1670/1024/1876
f 1669/1028/1877 1680/1029/1877 1660/1005/1877
f 1680/1029/1878 1676/1022/1878 1660/1005/1878
f 1681/1030/1879 1675/1031/1879 1672/1026/1879
f 1676/1022/1880 1682/1032/1880 1673/1020/1880
f 1682/1032/1881 1677/1023/1881 1673/1020/1881
f 1677/1023/1882 1683/1033/1882 1674/1027/1882
f 1684/1034/1883 1671/1019/1883 1674/1027/1883
f 1685/1035/1884 1680/1029/1884 1669/1028/1884
f 1680/1029/1885 1686/1036/1885 1676/1022/1885
f 1686/1036/1886 1682/1032/1886 1676/1022/1886
f 1687/1037/1887 1683/1033/1887 1677/1023/1887
f 1688/1038/1888 1678/1025/1888 1671/1019/1888
f 1682/1032/1889 1687/1037/1889 1677/1023/1889
f 1690/320/1890 1689/1039/1890 1675/1021/1890
f 1691/1040/1891 1684/1041/1891 1683/329/1891
f 1692/1042/1892 1681/1043/1892 1678/335/1892
f 1685/1044/1893 1693/1045/1893 1680/347/1893
f 1686/1046/1894 1694/1047/1894 1682/351/1894
f 1692/1042/1895 1696/1048/1895 1681/1043/1895
f 1696/1048/1896 1690/1049/1896 1681/1043/1896
f 1694/1047/1897 1695/1050/1897 1687/1051/1897
f 1689/1052/1898 1698/1053/1898 1685/1044/1898
f 1698/1053/1899 1693/1045/1899 1685/1044/1899
f 1696/1048/1900 1699/1054/1900 1690/1049/1900
f 1699/1055/1901 1698/1053/1901 1690/1056/1901
f 1688/1057/1902 1700/1058/1902 1692/1042/1902
f 1700/1058/1903 1696/1048/1903 1692/1042/1903
f 1701/1059/1904 1697/1060/1904 1695/1050/1904
f 1707/1061/1905 1702/1062/1905 1698/1053/1905
f 1708/1063/1906 1704/1064/1906 1693/1045/1906
f 1701/1059/1907 1709/1065/1907 1697/1060/1907
f 1709/1065/1908 1705/1066/1908 1697/1060/1908
f 1700/1058/1909 1710/1067/1909 1696/1048/1909
f 1711/1068/1910 1707/1061/1910 1699/1055/1910
f 1712/1069/1911 1709/1065/1911 1701/1059/1911
f 1708/1063/1912 1714/1070/1912 1704/1064/1912
f 1714/1070/1913 1712/1069/1913 1704/1064/1913
f 1710/1067/1914 1716/1071/1914 1711/1072/1914
f 1719/1073/1915 1714/1070/1915 1708/1063/1915
f 1724/1074/1916 1721/1075/1916 1716/1076/1916
f 1725/1077/1917 1718/1078/1917 1715/1079/1917
f 1728/1080/1918 1720/1081/1918 1719/1073/1918
f 1730/1082/1919 1726/1083/1919 1717/1084/1919
f 1729/1085/1920 1732/1086/1920 1722/1087/1920
f 1734/1088/1921 1730/1082/1921 1721/1075/1921
f 1731/1089/1922 1735/1090/1922 1725/1077/1922
f 1735/1090/1923 1729/1085/1923 1725/1077/1923
f 1736/1091/1924 1732/1086/1924 1729/1085/1924
f 1737/1092/1925 1733/1093/1925 1723/1094/1925
f 1739/1095/1926 1731/1089/1926 1728/1080/1926
f 1739/1095/1927 1735/1090/1927 1731/1089/1927
f 1628/1096/1928 1737/1092/1928 1732/1086/1928
f 1737/1092/1929 1630/1097/1929 1733/1093/1929
f 1630/985/1930 1734/1088/1930 1733/1098/1930
f 1629/992/1931 1630/1097/1931 1737/1092/1931
f 1630/985/1932 1631/984/1932 1734/1088/1932
f 1631/984/1933 1632/972/1933 1734/1088/1933
f 1740/1099/1934 1746/1100/1934 1844/1101/1934
f 1746/1100/1935 1741/1102/1935 1844/1101/1935
f 1744/1103/1936 1747/1104/1936 1852/1105/1936
f 1747/1104/1937 1849/1106/1937 1852/1105/1937
f 1748/1107/1938 1740/1099/1938 1854/1108/1938
f 1749/1109/1939 1742/1110/1939 1847/1111/1939
f 1743/1112/1940 1751/1113/1940 1744/1103/1940
f 1751/1113/1941 1747/1104/1941 1744/1103/1941
f 1747/1104/1942 1752/1114/1942 1849/1106/1942
f 1752/1114/1943 1745/1115/1943 1849/1106/1943
f 1753/1116/1944 1741/1102/1944 1746/1100/1944
f 1745/1115/1945 1755/1117/1945 1748/1107/1945
f 1756/1118/1946 1753/1116/1946 1746/1100/1946
f 1753/1116/1947 1757/1119/1947 1741/1102/1947
f 1757/1119/1948 1749/1109/1948 1741/1102/1948
f 1758/1120/1949 1754/1121/1949 1742/1110/1949
f 1751/1113/1950 1759/1122/1950 1747/1104/1950
f 1762/1123/1951 1758/1120/1951 1749/1109/1951
f 1758/1120/1952 1765/1124/1952 1754/1121/1952
f 1765/1125/1953 1751/1113/1953 1754/1126/1953
f 1759/1122/1954 1763/1127/1954 1752/1114/1954
f 1765/1125/1955 1759/1122/1955 1751/1113/1955
f 1765/1125/1956 1769/1128/1956 1759/1122/1956
f 1769/1128/1957 1763/1127/1957 1759/1122/1957
f 1766/1129/1958 1767/1130/1958 1761/1131/1958
f 1628/1096/1959 1736/1091/1959 1635/982/1959 1636/1132/1959
f 1773/1133/1960 1770/1134/1960 1762/1123/1960
f 1775/1135/1961 1764/1136/1961 1763/1127/1961
f 1774/1137/1962 1776/1138/1962 1767/1130/1962
f 1776/1138/1963 1768/1139/1963 1767/1130/1963
f 1772/1140/1964 1777/1141/1964 1769/1128/1964
f 1777/1141/1965 1775/1135/1965 1769/1128/1965
f 1775/1135/1966 1778/1142/1966 1766/1129/1966
f 1778/1142/1967 1774/1137/1967 1766/1129/1967
f 1776/1138/1968 1779/1143/1968 1773/1133/1968
f 1780/1144/1969 1770/1134/1969 1773/1133/1969
f 1770/1134/1970 1783/1145/1970 1771/1146/1970
f 1782/1147/1971 1785/1148/1971 1776/1138/1971
f 1786/1149/1972 1781/1150/1972 1783/1151/1972
f 1784/1152/1973 1782/1147/1973 1778/1142/1973
f 1788/1153/1974 1779/1143/1974 1776/1138/1974
f 1789/1154/1975 1784/1152/1975 1775/1135/1975
f 1784/1152/1976 1790/1155/1976 1782/1147/1976
f 1790/1155/1977 1787/1156/1977 1782/1147/1977
f 1791/1157/1978 1788/1153/1978 1785/1148/1978
f 1793/1158/1979 1786/1159/1979 1783/1145/1979
f 1786/1149/1980 1794/1160/1980 1781/1150/1980
f 1799/1161/1981 1779/1143/1981 1788/1153/1981
f 1797/1162/1982 1791/1157/1982 1790/1155/1982
f 1798/1163/1983 1796/1164/1983 1791/1157/1983
f 1799/1161/1984 1792/1165/1984 1779/1143/1984
f 1795/1166/1985 1801/1167/1985 1789/1154/1985
f 1797/1162/1986 1798/1163/1986 1791/1157/1986
f 1793/1158/1987 1800/319/1987 1794/1168/1987
f 1801/1167/1988 1803/324/1988 1789/1154/1988
f 1792/1169/1989 1804/1170/1989 1793/337/1989
f 1805/1171/1990 1801/1172/1990 1795/345/1990
f 1803/1173/1991 1806/1174/1991 1797/351/1991
f 1806/1174/1992 1798/1175/1992 1797/351/1992
f 1807/1176/1993 1802/1177/1993 1796/1178/1993
f 1802/1177/1994 1808/1179/1994 1799/1180/1994
f 1809/1181/1995 1804/1170/1995 1792/1169/1995
f 1806/1174/1996 1807/1176/1996 1798/1175/1996
f 1811/1182/1997 1814/1183/1997 1805/1171/1997
f 1801/1172/1998 1815/1184/1998 1803/1173/1998
f 1817/1185/1999 1810/1186/1999 1804/1170/1999
f 1814/1183/2000 1818/1187/2000 1801/1172/2000
f 1818/1187/2001 1815/1184/2001 1801/1172/2001
f 1819/1188/2002 1817/1185/2002 1809/1181/2002
f 1820/1189/2003 1814/1183/2003 1811/1182/2003
f 1823/1190/2004 1821/1191/2004 1812/1192/2004
f 1824/1193/2005 1819/1188/2005 1808/1179/2005
f 1816/1194/2006 1823/1190/2006 1812/1192/2006
f 1819/1188/2007 1826/1195/2007 1817/1185/2007
f 1826/1195/2008 1825/1196/2008 1817/1185/2008
f 1823/1190/2009 1829/1197/2009 1821/1191/2009
f 1829/1197/2010 1822/1198/2010 1821/1191/2010
f 1831/1199/2011 1826/1195/2011 1819/1188/2011
f 1834/1200/2012 1827/1201/2012 1825/1202/2012
f 1835/1203/2013 1833/1204/2013 1829/1197/2013
f 1831/1199/2014 1837/1205/2014 1826/1195/2014
f 1838/1206/2015 1828/1207/2015 1827/1201/2015
f 1828/1207/2016 1839/1208/2016 1818/1187/2016
f 1839/1208/2017 1830/1209/2017 1818/1187/2017
f 1832/1210/2018 1835/1203/2018 1829/1197/2018
f 1836/1211/2019 1840/1212/2019 1824/1193/2019
f 1838/1206/2020 1841/1213/2020 1828/1207/2020
f 1841/1213/2021 1839/1208/2021 1828/1207/2021
f 1842/1214/2022 1835/1203/2022 1832/1210/2022
f 1835/1203/2023 1843/1215/2023 1833/1204/2023
f 1843/1215/2024 1836/1211/2024 1833/1204/2024
f 1831/1199/2025 1845/1216/2025 1837/1205/2025
f 1846/1217/2026 1838/1206/2026 1834/1200/2026
f 1842/1214/2027 1843/1215/2027 1835/1203/2027
f 1840/1212/2028 1847/1111/2028 1831/1199/2028
f 1848/1218/2029 1841/1213/2029 1838/1206/2029
f 1852/1105/2030 1849/1106/2030 1841/1213/2030
f 1849/1106/2031 1853/1219/2031 1839/1208/2031
f 1741/1102/2032 1847/1111/2032 1840/1212/2032
f 1850/1220/2033 1740/1099/2033 1851/1221/2033
f 1740/1099/2034 1844/1101/2034 1851/1221/2034
f 1742/1110/2035 1743/1222/2035 1846/1223/2035
f 1743/1112/2036 1744/1103/2036 1846/1217/2036
f 1849/1106/2037 1745/1115/2037 1853/1219/2037
f 1745/1115/2038 1854/1108/2038 1853/1219/2038
f 1627/980/2039 1635/982/2039 1736/1091/2039
f 1640/979/2040 1626/981/2040 1625/978/2040 1639/988/2040
f 1628/1096/2041 1636/1132/2041 1629/992/2041
f 1738/974/2042 1637/973/2042 1633/975/2042
f 1638/976/2043 1633/975/2043 1649/995/2043 1644/986/2043
f 1638/976/2044 1639/988/2044 1625/978/2044
f 1629/992/2045 1641/991/2045 1630/1097/2045
f 1631/984/2046 1642/994/2046 1632/972/2046
f 1632/972/2047 1642/994/2047 1637/973/2047
f 1639/988/2048 1643/987/2048 1640/979/2048
f 1637/973/2049 1649/995/2049 1633/975/2049
f 1644/986/2050 1649/995/2050 1653/1006/2050 1654/1008/2050
f 1638/976/2051 1644/986/2051 1639/988/2051
f 1643/987/2052 1645/989/2052 1640/979/2052
f 1636/1132/2053 1646/990/2053 1629/992/2053
f 1635/982/2054 1648/998/2054 1636/1132/2054
f 1636/1132/2055 1648/998/2055 1646/990/2055
f 1646/990/2056 1652/1002/2056 1641/991/2056
f 1642/994/2057 1647/993/2057 1658/1004/2057 1659/1014/2057
f 1654/1008/2058 1650/996/2058 1644/986/2058
f 1655/1000/2059 1651/997/2059 1645/989/2059
f 1656/1001/2060 1658/1017/2060 1652/1002/2060
f 1660/1005/2061 1649/995/2061 1642/994/2061 1659/1014/2061
f 1703/1224/2062 1693/1045/2062 1698/1053/2062 1702/1062/2062
f 1654/1008/2063 1657/1003/2063 1650/996/2063
f 1655/1000/2064 1661/1010/2064 1651/997/2064
f 1660/1005/2065 1662/1007/2065 1653/1006/2065
f 1657/1003/2066 1663/1009/2066 1655/1000/2066
f 1654/1008/2067 1664/1011/2067 1657/1003/2067
f 1651/997/2068 1665/1012/2068 1648/998/2068
f 1665/1012/2069 1668/1016/2069 1656/1001/2069
f 1666/1013/2070 1669/1028/2070 1659/1014/2070
f 1659/1014/2071 1669/1028/2071 1660/1005/2071
f 1664/1011/2072 1667/1015/2072 1657/1003/2072
f 1667/1015/2073 1670/1024/2073 1663/1009/2073
f 1663/1009/2074 1670/1024/2074 1661/1010/2074
f 1661/1010/2075 1671/1019/2075 1651/997/2075
f 1665/1012/2076 1672/1026/2076 1668/1016/2076
f 1670/1024/2077 1674/1027/2077 1661/1010/2077
f 1661/1010/2078 1674/1027/2078 1671/1019/2078
f 1672/1026/2079 1675/1031/2079 1668/1016/2079
f 1660/1005/2080 1676/1022/2080 1662/1007/2080
f 1675/1021/2081 1679/1225/2081 1666/1013/2081
f 1666/1013/2082 1679/1225/2082 1669/1028/2082
f 1673/1020/2083 1677/1023/2083 1667/1015/2083
f 1678/1025/2084 1681/1030/2084 1672/1026/2084
f 1683/1033/2085 1684/1034/2085 1674/1027/2085
f 1679/1225/2086 1685/1035/2086 1669/1028/2086
f 1684/1034/2087 1688/1038/2087 1671/1019/2087
f 1675/1021/2088 1689/1039/2088 1679/1225/2088
f 1679/1225/2089 1689/1039/2089 1685/1035/2089
f 1681/1030/2090 1690/319/2090 1675/1031/2090
f 1687/1051/2091 1691/1040/2091 1683/329/2091
f 1688/1057/2092 1692/1042/2092 1678/335/2092
f 1680/347/2093 1693/1045/2093 1686/1046/2093
f 1682/351/2094 1694/1047/2094 1687/1051/2094
f 1687/1051/2095 1695/1050/2095 1691/1040/2095
f 1691/1040/2096 1697/1060/2096 1684/1041/2096
f 1684/1041/2097 1697/1060/2097 1688/1057/2097
f 1690/1056/2098 1698/1053/2098 1689/1052/2098
f 1686/1046/2099 1693/1045/2099 1694/1047/2099
f 1695/1050/2100 1697/1060/2100 1691/1040/2100
f 1695/1050/2101 1694/1047/2101 1704/1064/2101 1701/1059/2101
f 1693/1045/2102 1704/1064/2102 1694/1047/2102
f 1688/1057/2103 1697/1060/2103 1705/1066/2103 1706/1226/2103
f 1699/1054/2104 1696/1048/2104 1710/1067/2104 1711/1072/2104
f 1688/1057/2105 1706/1226/2105 1700/1058/2105
f 1699/1055/2106 1707/1061/2106 1698/1053/2106
f 1703/1224/2107 1708/1063/2107 1693/1045/2107
f 1702/1062/2108 1707/1061/2108 1716/1076/2108 1717/1084/2108
f 1704/1064/2109 1712/1069/2109 1701/1059/2109
f 1706/1226/2110 1713/1227/2110 1700/1058/2110
f 1700/1058/2111 1713/1227/2111 1710/1067/2111
f 1712/1069/2112 1715/1079/2112 1709/1065/2112
f 1709/1065/2113 1715/1079/2113 1705/1066/2113
f 1711/1068/2114 1716/1076/2114 1707/1061/2114
f 1712/1069/2115 1714/1070/2115 1719/1073/2115 1720/1081/2115
f 1702/1062/2116 1717/1084/2116 1703/1224/2116
f 1715/1079/2117 1718/1078/2117 1705/1066/2117
f 1705/1066/2118 1718/1078/2118 1706/1226/2118
f 1703/1224/2119 1719/1073/2119 1708/1063/2119
f 1712/1069/2120 1720/1081/2120 1715/1079/2120
f 1716/1076/2121 1721/1075/2121 1717/1084/2121
f 1713/1227/2122 1706/1226/2122 1729/1085/2122 1722/1087/2122
f 1718/1078/2123 1729/1085/2123 1706/1226/2123
f 1710/1067/2124 1713/1227/2124 1722/1087/2124 1723/1094/2124
f 1724/1228/2125 1716/1071/2125 1710/1067/2125 1723/1094/2125
f 1727/1229/2126 1719/1073/2126 1703/1224/2126 1726/1083/2126
f 1720/1081/2127 1725/1077/2127 1715/1079/2127
f 1717/1084/2128 1726/1083/2128 1703/1224/2128
f 1721/1075/2129 1724/1074/2129 1733/1098/2129 1734/1088/2129
f 1719/1073/2130 1727/1229/2130 1728/1080/2130
f 1725/1077/2131 1729/1085/2131 1718/1078/2131
f 1721/1075/2132 1730/1082/2132 1717/1084/2132
f 1720/1081/2133 1731/1089/2133 1725/1077/2133
f 1728/1080/2134 1731/1089/2134 1720/1081/2134
f 1722/1087/2135 1732/1086/2135 1723/1094/2135
f 1723/1094/2136 1733/1093/2136 1724/1228/2136
f 1739/1095/2137 1728/1080/2137 1727/1229/2137 1738/974/2137
f 1735/1090/2138 1736/1091/2138 1729/1085/2138
f 1732/1086/2139 1737/1092/2139 1723/1094/2139
f 1726/1083/2140 1738/974/2140 1727/1229/2140
f 1626/981/2141 1735/1090/2141 1739/1095/2141 1625/978/2141
f 1730/1082/2142 1738/974/2142 1726/1083/2142
f 1736/1091/2143 1628/1096/2143 1732/1086/2143
f 1627/980/2144 1736/1091/2144 1735/1090/2144 1626/981/2144
f 1750/1230/2145 1755/1117/2145 1760/1231/2145 1761/1131/2145
f 1734/1088/2146 1632/972/2146 1730/1082/2146
f 1730/1082/2147 1632/972/2147 1738/974/2147
f 1738/974/2148 1634/977/2148 1739/1095/2148
f 1634/977/2149 1625/978/2149 1739/1095/2149
f 1628/1096/2150 1629/992/2150 1737/1092/2150
f 1738/974/2151 1633/975/2151 1634/977/2151
f 1745/1115/2152 1748/1107/2152 1854/1108/2152
f 1741/1102/2153 1749/1109/2153 1847/1111/2153
f 1740/1099/2154 1750/1230/2154 1746/1100/2154
f 1748/1107/2155 1750/1230/2155 1740/1099/2155
f 1742/1110/2156 1754/1121/2156 1743/1222/2156
f 1743/1112/2157 1754/1126/2157 1751/1113/2157
f 1748/1107/2158 1755/1117/2158 1750/1230/2158
f 1750/1230/2159 1756/1118/2159 1746/1100/2159
f 1749/1109/2160 1758/1120/2160 1742/1110/2160
f 1747/1104/2161 1759/1122/2161 1752/1114/2161
f 1752/1114/2162 1760/1231/2162 1745/1115/2162
f 1745/1115/2163 1760/1231/2163 1755/1117/2163
f 1750/1230/2164 1761/1131/2164 1756/1118/2164
f 1757/1119/2165 1762/1123/2165 1749/1109/2165
f 1760/1231/2166 1752/1114/2166 1763/1127/2166 1764/1136/2166
f 1768/1139/2167 1753/1116/2167 1756/1118/2167 1767/1130/2167
f 1764/1136/2168 1766/1129/2168 1760/1231/2168
f 1760/1231/2169 1766/1129/2169 1761/1131/2169
f 1761/1131/2170 1767/1130/2170 1756/1118/2170
f 1757/1119/2171 1753/1116/2171 1768/1139/2171 1773/1133/2171
f 1771/1146/2172 1765/1124/2172 1758/1120/2172 1770/1134/2172
f 1757/1119/2173 1773/1133/2173 1762/1123/2173
f 1762/1123/2174 1770/1134/2174 1758/1120/2174
f 1772/1140/2175 1771/1232/2175 1783/1151/2175 1781/1150/2175
f 1771/1232/2176 1772/1140/2176 1765/1125/2176
f 1765/1125/2177 1772/1140/2177 1769/1128/2177
f 1769/1128/2178 1775/1135/2178 1763/1127/2178
f 1764/1136/2179 1775/1135/2179 1766/1129/2179
f 1766/1129/2180 1774/1137/2180 1767/1130/2180
f 1768/1139/2181 1776/1138/2181 1773/1133/2181
f 1779/1143/2182 1780/1144/2182 1773/1133/2182
f 1793/1158/2183 1783/1145/2183 1780/1144/2183 1792/1165/2183
f 1772/1140/2184 1781/1150/2184 1777/1141/2184
f 1774/1137/2185 1782/1147/2185 1776/1138/2185
f 1780/1144/2186 1783/1145/2186 1770/1134/2186
f 1775/1135/2187 1784/1152/2187 1778/1142/2187
f 1778/1142/2188 1782/1147/2188 1774/1137/2188
f 1782/1147/2189 1787/1156/2189 1785/1148/2189
f 1785/1148/2190 1788/1153/2190 1776/1138/2190
f 1777/1141/2191 1789/1154/2191 1775/1135/2191
f 1787/1156/2192 1791/1157/2192 1785/1148/2192
f 1779/1143/2193 1792/1165/2193 1780/1144/2193
f 1777/1141/2194 1781/1150/2194 1794/1160/2194 1795/1166/2194
f 1799/1161/2195 1788/1153/2195 1791/1157/2195 1796/1164/2195
f 1777/1141/2196 1795/1166/2196 1789/1154/2196
f 1784/1152/2197 1789/1154/2197 1790/1155/2197
f 1793/1158/2198 1794/1168/2198 1786/1159/2198
f 1790/1155/2199 1791/1157/2199 1787/1156/2199
f 1792/1169/2200 1799/1180/2200 1808/1179/2200 1809/1181/2200
f 1789/1154/2201 1797/1162/2201 1790/1155/2201
f 1794/1160/2202 1800/1233/2202 1795/1166/2202
f 1796/1164/2203 1802/315/2203 1799/1161/2203
f 1789/1154/2204 1803/324/2204 1797/1162/2204
f 1793/337/2205 1804/1170/2205 1800/1234/2205
f 1800/1235/2206 1805/1171/2206 1795/345/2206
f 1798/1175/2207 1807/1176/2207 1796/1178/2207
f 1802/1177/2208 1807/1176/2208 1813/1236/2208 1808/1179/2208
f 1804/1170/2209 1810/1186/2209 1800/1234/2209
f 1800/1235/2210 1810/1237/2210 1811/1182/2210
f 1800/1235/2211 1811/1182/2211 1805/1171/2211
f 1807/1176/2212 1812/1192/2212 1813/1236/2212
f 1816/1194/2213 1806/1174/2213 1803/1173/2213 1815/1184/2213
f 1805/1171/2214 1814/1183/2214 1801/1172/2214
f 1807/1176/2215 1806/1174/2215 1816/1194/2215 1812/1192/2215
f 1808/1179/2216 1813/1236/2216 1821/1191/2216 1822/1198/2216
f 1809/1181/2217 1817/1185/2217 1804/1170/2217
f 1808/1179/2218 1819/1188/2218 1809/1181/2218
f 1810/1237/2219 1820/1189/2219 1811/1182/2219
f 1812/1192/2220 1821/1191/2220 1813/1236/2220
f 1814/1183/2221 1820/1189/2221 1827/1201/2221 1828/1207/2221
f 1822/1198/2222 1824/1193/2222 1808/1179/2222
f 1817/1185/2223 1825/1196/2223 1810/1186/2223
f 1810/1237/2224 1825/1202/2224 1820/1189/2224
f 1815/1184/2225 1823/1190/2225 1816/1194/2225
f 1825/1202/2226 1827/1201/2226 1820/1189/2226
f 1842/1214/2227 1832/1210/2227 1830/1209/2227 1839/1208/2227
f 1814/1183/2228 1828/1207/2228 1818/1187/2228
f 1818/1187/2229 1830/1209/2229 1815/1184/2229
f 1815/1184/2230 1830/1209/2230 1823/1190/2230
f 1824/1193/2231 1831/1199/2231 1819/1188/2231
f 1830/1209/2232 1832/1210/2232 1823/1190/2232
f 1832/1210/2233 1829/1197/2233 1823/1190/2233
f 1829/1197/2234 1833/1204/2234 1822/1198/2234
f 1826/1195/2235 1834/1238/2235 1825/1196/2235
f 1833/1204/2236 1836/1211/2236 1822/1198/2236
f 1822/1198/2237 1836/1211/2237 1824/1193/2237
f 1826/1195/2238 1837/1205/2238 1834/1238/2238
f 1834/1200/2239 1838/1206/2239 1827/1201/2239
f 1824/1193/2240 1840/1212/2240 1831/1199/2240
f 1834/1238/2241 1837/1205/2241 1845/1216/2241 1846/1223/2241
f 1843/1215/2242 1844/1101/2242 1836/1211/2242
f 1836/1211/2243 1844/1101/2243 1840/1212/2243
f 1842/1214/2244 1839/1208/2244 1853/1219/2244 1854/1108/2244
f 1831/1199/2245 1847/1111/2245 1845/1216/2245
f 1846/1217/2246 1848/1218/2246 1838/1206/2246
f 1841/1213/2247 1849/1106/2247 1839/1208/2247
f 1843/1215/2248 1850/1220/2248 1851/1221/2248
f 1843/1215/2249 1851/1221/2249 1844/1101/2249
f 1848/1218/2250 1852/1105/2250 1841/1213/2250
f 1843/1215/2251 1842/1214/2251 1854/1108/2251 1850/1220/2251
f 1846/1217/2252 1744/1103/2252 1848/1218/2252
f 1848/1218/2253 1744/1103/2253 1852/1105/2253
f 1844/1101/2254 1741/1102/2254 1840/1212/2254
f 1847/1111/2255 1742/1110/2255 1845/1216/2255
f 1845/1216/2256 1742/1110/2256 1846/1223/2256
f 1854/1108/2257 1740/1099/2257 1850/1220/2257
usemtl pristine_crest
f 602/638/306 608/638/307 607/638/306
f 606/638/308 611/85/309 608/638/306
f 603/85/310 611/85/309 610/85/306
f 609/85/307 613/85/307 611/85/307
f 612/85/311 613/85/311 604/85/312
f 612/85/311 616/85/311 613/85/311
f 605/85/313 616/85/307 615/85/314
f 614/85/306 608/638/315 616/85/316
f 611/85/307 616/85/317 608/638/318
f 622/238/306 623/238/319 618/639/320
f 622/238/306 627/238/306 624/238/306
f 619/238/321 627/238/306 626/238/322
f 625/238/306 630/638/323 627/238/324
f 620/638/306 630/638/306 629/638/306
f 628/638/325 633/638/326 630/638/306
f 621/238/327 633/638/326 632/238/306
f 631/638/307 624/238/306 633/638/306
f 624/238/328 630/638/329 633/638/307
f 634/638/306 640/638/306 639/638/306
f 638/638/306 643/85/306 640/638/306
f 635/85/306 643/85/306 642/85/306
f 641/85/306 646/85/306 643/85/306
f 636/85/306 646/85/306 645/85/307
f 644/85/306 649/638/306 646/85/306
f 637/638/306 649/638/306 648/638/306
f 647/638/306 640/638/306 649/638/306
f 640/638/306 646/85/306 649/638/306
s 1
f 651/640/330 617/641/331 653/642/332
s 0
f 657/638/306 663/638/306 662/638/306
f 661/638/306 666/638/306 663/638/306
f 658/638/306 666/638/306 665/638/306
f 664/638/306 669/85/306 666/638/306
f 659/85/306 669/85/306 668/85/306
f 667/85/306 672/85/306 669/85/306
f 660/238/306 672/643/306 671/238/306
f 670/238/306 663/638/306 672/643/306
f 663/638/306 669/638/306 672/643/306
f 677/644/307 676/638/306 675/645/306
f 673/638/333 679/638/306 677/644/334
f 678/638/333 682/646/306 679/638/334
f 674/638/319 682/646/320 681/638/306
f 680/646/306 676/638/306 682/646/306
f 676/638/306 679/638/307 682/646/306
f 683/638/335 688/638/336 687/638/306
f 686/647/337 690/648/338 688/647/307
f 685/638/339 692/649/340 684/650/341
f 691/638/342 688/638/307 692/649/343
f 688/647/344 684/648/345 692/647/307
f 693/235/346 697/651/307 696/651/347
f 695/235/348 699/235/349 697/651/350
f 694/235/351 699/235/352 698/235/307
s 1
f 701/652/353 697/651/354 700/653/355
s 0
f 708/654/356 711/655/357 709/654/358
f 707/655/359 711/655/360 710/655/306
f 722/85/306 723/85/361 718/85/362
f 722/85/306 727/85/306 724/85/306
f 719/85/306 727/85/306 726/85/306
f 725/85/306 730/638/306 727/85/306
f 720/638/306 730/638/306 729/638/306
f 728/638/306 733/85/306 730/638/306
f 721/85/306 733/85/306 732/85/306
f 731/638/306 724/85/306 733/85/306
f 724/85/306 730/638/306 733/85/306
f 734/638/306 740/638/306 739/638/306
f 738/638/319 742/238/320 740/638/306
f 735/238/319 742/238/320 741/238/306
f 743/656/334 744/657/333 736/658/306
f 743/656/363 747/659/364 744/657/365
f 737/238/333 747/659/306 746/659/334
f 745/238/306 740/638/319 747/659/320
f 742/238/306 747/659/334 740/638/333
f 752/638/306 758/638/306 757/638/306
f 756/638/306 761/638/306 758/638/306
f 753/638/306 761/638/306 760/638/306
f 759/638/306 764/85/306 761/638/306
f 754/85/307 764/85/306 763/85/306
f 762/85/306 767/85/306 764/85/306
f 755/85/306 767/85/306 766/85/306
f 765/85/306 758/638/306 767/85/306
f 758/638/306 764/85/306 767/85/306
f 770/660/366 774/661/367 771/660/306
f 772/661/311 777/660/311 774/661/368
s 1
f 768/660/369 777/660/370 776/638/371
s 0
f 775/660/372 780/660/373 777/660/374
f 769/660/311 780/660/311 779/660/311
f 778/660/375 771/660/376 780/660/307
f 771/660/377 777/660/378 780/660/379
f 781/660/380 786/638/381 785/660/307
f 784/638/382 788/661/383 786/638/307
f 783/660/384 791/661/385 789/661/386
f 790/660/387 786/638/388 791/661/389
s 1
f 786/638/390 782/662/391 791/661/306
s 0
f 792/638/306 798/638/306 797/638/306
f 796/638/306 801/638/306 798/638/306
f 793/638/306 801/638/306 800/638/306
f 799/638/306 804/238/306 801/638/306
f 794/238/306 804/238/306 803/238/306
f 802/238/306 807/238/306 804/238/306
f 795/85/306 807/663/306 806/85/307
f 805/85/306 798/638/306 807/663/306
f 798/638/306 804/638/306 807/663/306
f 808/664/392 811/665/393 810/666/394
f 819/235/306 820/235/334 816/667/333
f 819/235/395 824/235/307 821/668/396
f 817/235/397 824/235/306 823/235/398
f 822/235/306 826/669/399 824/235/400
f 818/235/307 826/669/307 825/235/306
f 830/404/401 835/404/402 832/404/403
f 827/404/404 835/404/306 834/404/405
f 833/404/307 838/638/406 835/404/407
f 828/638/306 838/638/306 837/638/306
f 836/638/306 841/404/307 838/638/306
f 829/404/306 841/404/307 840/404/306
f 839/638/408 832/404/409 841/404/410
f 832/404/411 838/638/307 841/404/412
f 842/638/306 848/638/307 847/638/306
f 846/638/306 851/570/306 848/638/307
f 843/570/307 851/570/306 850/570/306
f 849/570/306 854/570/413 851/570/414
f 852/670/307 853/570/307 844/671/307
f 852/670/307 857/672/307 854/570/306
f 845/570/415 857/672/307 856/672/416
f 855/570/306 848/638/417 857/672/418
f 848/638/419 854/570/306 857/672/420
f 859/638/306 865/638/306 864/638/306
f 863/638/306 868/638/306 865/638/306
f 860/638/306 868/638/306 867/638/306
f 866/638/306 871/404/306 868/638/306
f 861/404/306 871/404/306 870/404/306
f 869/404/306 874/404/306 871/404/306
f 862/404/306 874/404/306 873/404/306
f 872/404/306 865/638/306 874/404/306
f 865/638/306 871/404/306 874/404/306
f 875/638/421 878/638/306 882/673/422
f 877/638/421 881/674/306 878/638/422
f 876/638/423 881/674/424 880/638/306
f 879/674/306 883/638/306 881/674/306
f 882/673/307 881/674/306 883/638/306
f 884/675/425 889/676/306 888/677/426
s 1
f 886/638/427 891/678/428 885/679/429
s 0
f 890/638/421 894/638/306 891/678/422
f 887/638/423 894/638/424 893/638/306
f 892/638/306 889/676/306 894/638/307
f 889/676/306 891/678/307 894/638/307
f 896/638/306 902/638/306 901/638/306
f 900/638/306 905/638/306 902/638/306
f 897/638/306 905/638/306 904/638/306
f 903/638/306 908/570/306 905/638/306
f 898/570/306 908/570/306 907/570/306
f 906/570/306 911/570/306 908/570/306
f 899/404/306 911/680/306 910/404/306
f 909/404/306 902/638/306 911/680/306
f 902/638/306 908/638/306 911/680/306
f 912/681/430 916/682/431 917/683/306
f 918/404/432 916/684/433 915/404/434
f 924/638/306 929/638/306 928/638/306
f 927/638/306 932/407/307 929/638/306
f 925/407/306 932/407/307 931/407/306
f 930/407/435 935/685/436 932/407/437
f 933/686/438 938/687/306 935/685/439
f 926/407/440 938/687/307 937/687/441
f 936/407/306 929/638/442 938/687/443
f 929/638/444 935/685/307 938/687/445
f 941/688/446 947/566/447 946/566/448
f 945/566/449 950/566/450 947/566/307
f 942/566/307 950/566/306 949/566/307
f 948/566/306 953/638/306 950/566/306
f 943/638/306 953/638/306 952/638/306
f 951/638/306 956/566/306 953/638/306
f 944/566/306 956/566/306 955/566/306
f 954/638/306 947/566/451 956/566/452
f 947/566/453 953/638/306 956/566/454
f 957/638/306 963/638/306 962/638/306
f 961/638/306 966/407/306 963/638/306
f 958/407/306 966/407/306 965/407/306
f 964/407/307 969/407/306 966/407/306
f 959/407/306 969/407/306 968/407/307
f 967/407/306 972/638/306 969/407/306
f 960/638/306 972/638/306 971/638/306
f 970/638/306 963/638/306 972/638/306
f 963/638/306 969/407/306 972/638/306
f 973/689/455 975/690/307 1008/691/456
f 974/692/457 975/690/458 977/693/459
f 980/638/306 986/638/306 985/638/306
f 984/638/306 989/638/306 986/638/306
f 981/638/306 989/638/306 988/638/306
f 987/638/306 992/407/306 989/638/306
f 982/407/307 992/407/306 991/407/306
f 990/407/307 995/407/306 992/407/306
f 983/566/306 995/694/306 994/566/307
f 993/566/306 986/638/306 995/694/306
f 986/638/306 992/638/306 995/694/306
f 1000/695/460 999/638/306 998/638/461
f 996/638/462 1002/638/463 1000/695/464
f 1001/638/465 1005/696/307 1002/638/466
f 997/638/467 1005/696/468 1004/638/306
f 1003/696/306 999/638/306 1005/696/306
f 999/638/306 1002/638/306 1005/696/306
f 1006/638/307 1012/638/306 1011/638/306
f 1010/638/307 1014/638/306 1012/638/306
f 1007/697/469 1014/698/470 1013/699/471
f 1009/638/306 1016/700/306 1008/638/306
f 1015/638/306 1012/638/306 1016/700/306
f 1012/638/306 1008/638/306 1016/700/306
f 1017/638/306 1022/638/307 1021/638/306
f 1020/638/472 1024/85/307 1022/638/307
f 1018/85/473 1024/85/307 1023/85/307
f 1025/701/311 1030/702/311 1027/703/311
f 1019/85/474 1030/702/306 1029/702/475
f 1028/85/307 1022/638/476 1030/702/477
f 1022/638/478 1027/703/311 1030/702/311
f 1035/238/320 1040/238/306 1037/704/319
f 1032/238/333 1040/238/306 1039/238/334
f 1038/238/306 1043/638/319 1040/238/320
f 1033/638/306 1043/638/306 1042/638/306
f 1041/638/319 1045/638/307 1043/638/306
f 1034/238/319 1045/638/307 1044/238/306
f 1037/704/334 1043/638/333 1045/638/307
f 1047/638/306 1053/638/306 1052/638/306
f 1051/638/306 1056/85/306 1053/638/306
f 1048/85/306 1056/85/306 1055/85/306
f 1054/85/306 1059/85/306 1056/85/306
f 1049/85/306 1059/85/306 1058/85/306
f 1057/85/306 1062/638/306 1059/85/306
f 1050/638/306 1062/638/306 1061/638/306
f 1060/638/306 1053/638/306 1062/638/306
f 1053/638/306 1059/85/306 1062/638/306
f 1065/705/479 1063/706/480 1067/707/481
f 1070/638/306 1076/638/306 1075/638/306
f 1074/638/306 1079/638/306 1076/638/306
f 1071/638/306 1079/638/306 1078/638/306
f 1077/638/306 1082/85/306 1079/638/306
f 1072/85/307 1082/85/306 1081/85/306
f 1080/85/306 1085/85/306 1082/85/306
f 1073/238/306 1085/643/306 1084/238/306
f 1083/238/306 1076/638/306 1085/643/306
f 1076/638/306 1082/638/306 1085/643/306
f 1086/638/306 1092/638/482 1090/708/483
f 1091/638/319 1095/709/320 1092/638/306
f 1087/638/319 1095/709/320 1094/638/306
f 1093/709/306 1089/638/306 1095/709/306
f 1089/638/334 1092/638/333 1095/709/306
f 1096/638/484 1101/638/485 1100/638/307
f 1099/710/311 1103/711/311 1101/710/311
f 1097/712/306 1103/711/486 1102/713/487
f 1098/638/488 1105/714/489 1097/638/490
f 1104/638/491 1101/638/307 1105/714/492
f 1101/710/311 1097/712/311 1105/715/311
f 1106/638/306 1112/638/306 1111/638/306
f 1110/638/334 1115/235/333 1112/638/306
f 1107/235/334 1115/235/333 1114/235/306
f 1113/716/306 1117/717/306 1115/235/306
f 1116/718/493 1113/716/494 1108/719/495
f 1116/718/333 1120/720/306 1117/717/334
f 1109/235/320 1120/720/306 1119/720/319
f 1118/235/306 1112/638/334 1120/720/333
f 1112/638/320 1117/717/306 1120/720/319
f 1125/89/496 1129/89/497 1126/721/498
f 1122/89/307 1129/89/306 1128/89/307
f 1127/89/306 1132/638/306 1129/89/306
f 1123/638/306 1132/638/306 1131/638/306
f 1130/638/499 1134/638/307 1132/638/307
f 1124/89/500 1134/638/307 1133/89/307
f 1126/721/501 1132/638/502 1134/638/377
f 1135/638/306 1141/722/306 1140/638/306
f 1139/638/306 1144/235/306 1141/722/306
f 1136/235/307 1144/235/306 1143/235/306
f 1142/89/306 1147/89/306 1144/89/306
f 1137/89/306 1147/89/306 1146/89/307
f 1145/89/306 1150/638/306 1147/89/306
f 1138/638/306 1150/638/306 1149/638/306
f 1148/638/306 1141/638/306 1150/638/306
f 1141/722/306 1147/235/306 1150/235/306
f 1153/723/503 1151/724/504 1155/725/505
f 1159/638/306 1165/638/306 1164/638/306
f 1163/638/306 1168/638/306 1165/638/306
f 1160/638/306 1168/638/306 1167/638/306
f 1166/638/306 1171/89/306 1168/638/306
f 1161/89/307 1171/89/306 1170/89/306
f 1169/89/307 1174/89/306 1171/89/306
f 1162/89/306 1174/89/306 1173/89/306
f 1172/89/306 1165/638/306 1174/89/306
f 1165/638/306 1171/89/306 1174/89/306
f 1175/726/506 1180/638/307 1179/638/507
f 1176/638/508 1182/638/509 1180/638/510
f 1181/638/511 1185/727/307 1182/638/512
f 1177/638/513 1185/727/514 1184/638/307
f 1183/727/515 1179/638/516 1185/727/307
f 1179/638/516 1182/638/306 1185/727/517
f 1186/638/518 1191/638/519 1190/638/307
f 1189/638/306 1193/728/307 1191/638/307
f 1187/729/520 1193/728/521 1192/730/522
f 1188/638/523 1195/731/524 1187/729/525
f 1194/638/526 1191/638/307 1195/731/527
f 1191/638/528 1187/729/529 1195/731/307
f 1196/732/311 1202/570/311 1201/732/311
f 1200/570/530 1205/570/306 1202/570/531
f 1197/570/306 1205/570/306 1204/570/306
f 1203/570/306 1208/638/306 1205/570/306
f 1198/638/306 1208/638/306 1207/638/306
f 1206/638/306 1211/570/306 1208/638/306
f 1199/570/307 1211/570/306 1210/570/306
f 1209/638/311 1202/570/311 1211/570/311
f 1202/570/311 1208/638/311 1211/570/311
f 1212/638/306 1217/638/306 1216/638/306
f 1215/638/306 1220/404/306 1217/638/306
f 1213/404/306 1220/404/306 1219/404/306
f 1218/404/306 1223/733/532 1220/404/533
f 1221/734/333 1226/735/306 1223/733/334
f 1214/404/533 1226/735/306 1225/735/532
f 1224/404/306 1217/638/430 1226/735/431
f 1217/638/533 1223/733/306 1226/735/532
f 1231/638/306 1237/638/306 1236/638/306
f 1235/638/306 1240/638/306 1237/638/306
f 1232/638/306 1240/638/306 1239/638/306
f 1238/638/306 1243/404/306 1240/638/306
f 1233/404/307 1243/404/306 1242/404/306
f 1241/570/307 1246/736/306 1243/737/306
f 1234/570/306 1246/736/306 1245/570/307
f 1244/570/306 1237/638/306 1246/736/306
f 1237/638/306 1243/737/306 1246/736/306
f 1247/738/311 1253/739/311 1252/739/311
f 1251/738/311 1256/638/311 1253/739/311
f 1248/739/534 1256/638/307 1255/638/535
f 1254/739/536 1258/740/307 1256/638/537
f 1249/739/538 1258/740/539 1257/739/307
f 1250/741/540 1256/638/306 1258/740/541
f 1259/739/542 1265/638/543 1264/739/307
f 1263/739/544 1268/638/545 1265/638/546
f 1260/742/547 1268/743/548 1266/375/549
f 1267/744/550 1268/743/551 1261/745/552
f 1267/744/553 1271/746/307 1268/743/554
f 1262/739/555 1271/747/306 1270/739/556
f 1269/739/557 1265/638/558 1271/747/559
f 1265/638/311 1268/638/311 1271/747/311
f 1272/638/306 1278/638/306 1277/638/306
f 1276/638/306 1281/638/306 1278/638/306
f 1273/638/306 1281/638/306 1280/638/306
f 1279/638/306 1284/404/306 1281/638/306
f 1274/404/307 1284/404/306 1283/404/306
f 1282/404/306 1287/404/306 1284/404/306
f 1275/404/306 1287/404/306 1286/404/307
f 1285/404/306 1278/638/306 1287/404/306
f 1278/638/306 1284/404/306 1287/404/306
f 1288/748/560 1293/749/561 1291/750/306
f 1298/407/306 1299/407/562 1294/751/563
f 1298/407/320 1303/407/306 1300/407/319
f 1295/407/564 1303/407/306 1302/407/565
f 1301/407/306 1306/638/566 1303/407/567
f 1296/638/306 1306/638/307 1305/638/306
f 1304/638/306 1309/407/306 1306/638/307
f 1297/407/306 1309/407/306 1308/407/306
f 1307/638/306 1300/407/565 1309/407/564
f 1300/407/567 1306/638/306 1309/407/566
f 1310/638/306 1316/638/306 1315/638/306
f 1314/638/306 1319/566/306 1316/638/306
f 1311/566/306 1319/566/306 1318/566/306
f 1317/566/311 1322/752/311 1319/566/311
f 1312/753/311 1322/752/311 1321/754/311
f 1320/754/311 1325/755/311 1322/752/311
f 1313/566/311 1325/755/311 1324/755/311
f 1323/566/311 1316/638/311 1325/755/311
f 1316/638/311 1322/752/311 1325/755/311
f 1329/638/306 1335/638/306 1334/638/306
f 1333/638/306 1338/638/306 1335/638/306
f 1330/638/306 1338/638/306 1337/638/306
f 1336/638/306 1341/407/306 1338/638/306
f 1331/407/306 1341/407/306 1340/407/306
f 1339/407/307 1344/407/306 1341/407/306
f 1332/407/306 1344/407/306 1343/407/307
f 1342/407/306 1335/638/306 1344/407/306
f 1335/638/306 1341/407/306 1344/407/306
f 1349/756/306 1348/757/568 1347/757/569
f 1345/757/570 1351/638/306 1349/756/571
f 1350/757/570 1354/758/306 1351/638/571
f 1346/757/572 1354/758/573 1353/757/306
f 1352/758/306 1348/757/307 1354/758/306
f 1349/756/306 1354/758/306 1348/757/307
f 1355/757/565 1360/638/564 1359/757/306
f 1358/638/574 1362/759/575 1360/638/306
f 1387/760/576 1361/761/577 1356/762/578
f 1357/757/306 1364/763/306 1387/760/306
f 1363/757/565 1360/638/564 1364/763/306
f 1360/638/564 1387/760/306 1364/763/565
f 1366/638/306 1372/638/306 1371/638/306
f 1370/638/306 1375/638/306 1372/638/306
f 1367/638/306 1375/638/306 1374/638/306
f 1373/638/306 1378/566/306 1375/638/306
f 1368/566/306 1378/566/306 1377/566/306
f 1376/407/306 1381/764/306 1378/765/306
f 1369/407/306 1381/764/306 1380/407/307
f 1379/407/306 1372/638/306 1381/764/306
f 1372/638/306 1378/765/306 1381/764/306
f 1382/766/579 1387/767/580 1385/768/581
f 1388/85/582 1393/85/307 1400/769/583
f 1392/85/584 1396/85/585 1393/85/306
f 1389/85/307 1396/85/306 1395/85/307
f 1394/85/306 1399/638/306 1396/85/306
f 1390/638/306 1399/638/306 1398/638/306
f 1397/638/586 1402/638/587 1399/638/306
f 1391/85/588 1402/638/587 1401/85/306
f 1400/769/311 1393/85/311 1402/638/311
f 1393/85/589 1399/638/590 1402/638/591
f 1403/638/306 1409/638/306 1408/638/306
f 1407/638/592 1412/238/593 1409/638/306
f 1404/238/594 1412/238/593 1411/238/306
f 1410/770/595 1414/771/306 1412/238/596
f 1413/772/597 1410/770/598 1405/773/599
f 1413/772/600 1417/774/601 1414/771/602
f 1406/238/333 1417/774/306 1416/774/334
f 1415/238/306 1409/638/319 1417/774/320
f 1412/238/603 1417/774/604 1409/638/605
f 1422/638/306 1428/638/306 1427/638/306
f 1426/638/306 1431/638/306 1428/638/306
f 1423/638/306 1431/638/306 1430/638/306
f 1429/638/306 1434/85/306 1431/638/306
f 1424/85/306 1434/85/306 1433/85/306
f 1432/85/306 1437/85/306 1434/85/306
f 1425/85/306 1437/85/306 1436/85/306
f 1435/85/306 1428/638/306 1437/85/306
f 1428/638/306 1434/85/306 1437/85/306
f 1438/775/606 1442/775/607 1441/775/306
f 1438/775/606 1443/776/306 1442/775/607
f 1439/775/307 1445/638/608 1443/776/609
f 1444/775/306 1448/777/306 1445/638/306
f 1440/775/306 1448/777/306 1447/775/306
f 1446/777/610 1442/775/611 1448/777/307
f 1442/775/611 1445/638/306 1448/777/612
f 1449/775/311 1453/638/311 1452/775/311
f 1454/778/613 1453/638/306 1451/638/614
f 1450/775/306 1457/779/615 1455/780/616
f 1456/775/311 1453/638/311 1457/779/311
f 1453/638/617 1455/780/618 1457/779/619
f 1458/638/306 1464/638/306 1463/638/306
f 1462/638/306 1467/638/306 1464/638/306
f 1459/638/306 1467/638/306 1466/638/306
f 1465/638/306 1470/238/306 1467/638/306
f 1460/238/306 1470/238/306 1469/238/306
f 1468/85/306 1473/781/306 1470/521/306
f 1461/85/306 1473/781/306 1472/85/306
f 1471/85/306 1464/638/306 1473/781/306
f 1464/638/306 1470/521/306 1473/781/306
s 1
f 1474/782/620 1418/783/621 1476/784/622
f 1477/785/623 1418/786/621 1475/787/624
f 1476/788/622 1418/786/621 1477/785/623
s 0
f 1482/235/625 1483/235/626 1478/667/627
f 1482/235/628 1487/235/629 1484/235/630
f 1479/235/320 1487/235/306 1486/235/319
f 1485/235/306 1490/638/334 1487/235/333
f 1480/638/306 1490/638/306 1489/638/306
f 1488/638/631 1493/638/632 1490/638/307
f 1481/235/633 1493/638/632 1492/235/307
f 1491/638/306 1484/235/306 1493/638/307
f 1487/235/634 1493/638/307 1484/235/635
f 1494/638/306 1499/638/306 1498/638/306
f 1497/638/636 1502/89/637 1499/638/306
f 1495/89/638 1502/89/637 1501/89/306
f 1500/89/307 1505/789/639 1502/89/640
f 1503/790/306 1508/791/306 1505/789/307
f 1496/89/641 1508/791/306 1507/791/642
f 1506/89/307 1499/638/643 1508/791/644
f 1502/89/645 1508/791/646 1499/638/647
f 1513/638/306 1519/638/306 1518/638/306
f 1517/638/306 1522/638/306 1519/638/306
f 1514/638/306 1522/638/306 1521/638/306
f 1520/638/306 1525/89/306 1522/638/306
f 1515/89/306 1525/89/306 1524/89/306
f 1523/89/306 1528/89/306 1525/89/306
f 1516/235/306 1528/792/306 1527/235/307
f 1526/235/306 1519/638/306 1528/792/306
f 1519/638/306 1525/638/306 1528/792/306
f 1529/793/648 1534/793/649 1533/793/650
f 1530/793/651 1536/638/652 1532/794/653
f 1535/793/654 1539/795/307 1536/638/655
f 1531/793/656 1539/795/657 1538/793/307
f 1537/795/658 1534/793/659 1539/795/307
f 1534/793/659 1536/638/307 1539/795/660
f 1540/793/661 1546/638/662 1545/793/306
f 1544/796/663 1549/797/664 1546/796/307
f 1541/798/665 1549/797/666 1548/799/667
f 1547/800/668 1550/801/669 1549/797/307
f 1543/793/307 1552/802/307 1550/801/307
f 1551/793/670 1546/638/662 1552/802/307
f 1549/797/671 1552/803/672 1546/796/673
f 1553/638/306 1559/638/306 1558/638/306
f 1557/638/306 1562/638/306 1559/638/306
f 1554/638/306 1562/638/306 1561/638/306
f 1560/638/306 1565/89/306 1562/638/306
f 1555/89/307 1565/89/306 1564/89/306
f 1563/89/307 1568/89/306 1565/89/306
f 1556/89/306 1568/89/306 1567/89/307
f 1566/89/306 1559/638/306 1568/89/306
f 1559/638/306 1565/89/306 1568/89/306
f 1569/804/674 1570/805/675 1572/806/676
f 1584/807/677 1585/807/678 1586/807/679
f 1590/808/680 1593/808/681 1591/808/682
f 1592/808/683 1591/808/684 1593/808/685
f 1597/809/333 1600/809/306 1599/809/334
s 1
f 1598/809/686 1601/809/687 1600/809/688
s 0
f 1602/810/689 1600/809/690 1603/810/691
s 1
f 1600/809/688 1601/809/687 1603/810/692
s 0
f 1609/811/693 1613/811/694 1612/811/306
s 1
f 1610/811/695 1611/811/696 1613/811/697
s 0
f 1614/812/698 1618/813/699 1617/812/306
f 1616/813/700 1621/814/701 1618/813/306
f 1619/814/306 1623/814/306 1621/814/307
f 1615/813/702 1623/814/307 1622/814/703
f 1615/813/702 1621/814/307 1623/814/704
s 1
f 713/815/705 595/566/706 599/816/707
f 599/816/707 595/566/706 598/816/708
s 0
f 634/638/306 607/638/306 638/638/306
f 638/638/306 614/85/306 642/85/306
f 642/85/306 605/85/306 635/85/306
s 1
f 604/85/709 617/641/331 612/85/710
f 617/641/331 615/85/711 612/85/710
f 615/85/711 617/641/331 605/85/712
f 650/642/713 645/85/714 652/642/715
f 652/642/715 641/85/716 653/642/332
f 653/642/332 635/85/717 651/640/330
f 654/817/718 656/818/719 655/819/720
f 680/646/721 654/817/718 655/819/720
s 0
f 673/638/307 687/638/306 678/638/306
f 678/638/306 691/638/306 681/638/306
f 681/638/306 685/638/306 674/638/306
s 1
f 684/650/722 656/818/719 685/638/723
f 631/638/724 673/638/725 677/644/726
s 0
f 620/638/306 662/638/306 628/638/306
f 628/638/306 670/238/306 632/238/306
f 632/238/306 660/238/306 621/238/307
f 659/85/727 689/647/728 667/85/306
f 667/85/729 686/647/730 671/85/306
f 671/238/731 683/638/732 660/238/306
f 658/638/306 648/638/306 664/638/306
f 664/638/306 644/85/306 668/85/306
f 668/85/306 636/85/306 659/85/306
s 1
f 684/648/722 650/642/713 617/641/331
f 703/235/733 696/651/734 704/820/735
s 0
f 751/821/736 750/822/306 748/822/737
s 1
f 751/821/738 749/823/739 750/822/740
s 0
f 750/822/741 769/660/742 748/822/306
f 768/660/306 785/660/306 775/660/307
f 775/660/307 790/660/306 779/660/306
f 779/660/306 783/660/307 769/660/306
s 1
f 782/662/391 751/821/738 789/661/743
f 789/661/743 751/821/738 783/660/744
f 773/661/745 723/85/746 772/661/747
f 772/661/748 731/638/749 776/638/750
f 776/638/371 721/85/306 768/660/369
s 0
f 720/638/306 757/638/306 728/638/306
f 728/638/306 765/85/306 732/85/306
f 732/85/306 755/85/306 721/85/306
f 754/85/751 787/661/752 762/85/306
f 762/85/753 784/638/754 766/85/306
f 766/85/755 781/660/756 755/85/306
f 753/638/306 797/638/306 759/638/306
f 759/638/306 805/85/306 763/85/306
f 763/85/306 795/85/306 754/85/307
f 794/238/757 810/666/758 802/238/306
f 802/238/759 812/824/760 806/238/306
f 806/85/761 809/85/762 795/85/306
s 1
f 811/85/763 782/662/391 809/85/764
s 0
f 793/638/306 739/638/306 799/638/306
f 799/638/306 745/238/306 803/238/306
f 803/238/306 737/238/306 794/238/306
f 736/658/765 813/825/766 743/656/306
s 1
f 743/656/767 813/825/768 746/659/769
f 746/659/769 813/825/768 737/238/770
f 704/820/735 821/668/771 818/235/772
f 839/638/773 875/638/774 882/673/775
s 0
f 828/638/306 864/638/306 836/638/306
f 836/638/306 872/404/306 840/404/306
f 840/404/306 862/404/306 829/404/306
f 861/404/776 888/677/777 869/404/307
f 869/404/776 892/638/778 873/404/307
f 873/404/779 887/638/780 862/404/307
f 886/638/306 880/638/306 890/638/306
f 890/638/306 877/638/306 893/638/306
f 893/638/306 875/638/306 887/638/306
f 860/638/306 901/638/306 866/638/306
f 866/638/306 909/404/306 870/404/306
f 870/404/306 899/404/306 861/404/306
f 898/570/781 917/683/782 906/570/307
f 906/570/783 918/670/784 910/570/307
f 910/404/785 915/404/786 899/404/307
s 1
f 885/679/787 916/684/788 914/826/789
f 916/684/788 884/675/790 915/404/791
s 0
f 897/638/306 847/638/306 903/638/306
f 903/638/306 855/570/306 907/570/306
f 907/570/306 845/570/306 898/570/306
f 895/827/307 852/670/307 844/671/792
f 852/670/793 895/827/307 856/672/307
s 1
f 856/672/794 895/827/795 845/570/796
f 921/828/797 923/829/798 920/830/799
f 920/830/799 923/829/798 922/831/800
f 879/674/801 921/828/797 920/830/799
f 885/679/429 923/829/798 886/638/427
s 0
f 957/638/306 928/638/306 961/638/306
f 961/638/306 936/407/306 965/407/306
f 965/407/306 926/407/306 958/407/306
s 1
f 934/832/802 939/833/803 933/686/804
f 933/686/804 939/833/803 937/687/805
f 937/687/805 939/833/803 926/407/806
s 0
f 973/689/807 968/407/808 976/834/307
f 976/834/809 964/407/808 977/693/307
s 1
f 977/693/810 958/407/811 974/692/812
f 978/835/813 939/836/803 979/837/814
f 1003/696/815 978/835/813 979/837/814
s 0
f 996/638/306 1011/638/306 1001/638/306
f 1001/638/306 1015/638/306 1004/638/306
f 1004/638/306 1009/638/306 997/638/306
f 939/836/816 1009/638/306 1008/638/817
s 1
f 954/638/818 996/638/819 1000/695/820
s 0
f 943/638/306 985/638/306 951/638/306
f 951/638/306 993/566/306 955/566/306
f 955/566/306 983/566/306 944/566/306
f 982/407/821 1013/699/822 990/407/306
f 990/407/823 1010/838/824 994/407/306
f 994/566/823 1006/638/825 983/566/306
f 981/638/306 971/638/306 987/638/306
f 987/638/306 967/407/306 991/407/306
f 991/407/306 959/407/306 982/407/307
f 1047/638/306 1021/638/306 1051/638/306
f 1051/638/306 1028/85/306 1055/85/306
f 1055/85/306 1019/85/306 1048/85/306
s 1
f 1026/839/826 1046/840/827 1025/701/828
f 1025/701/828 1046/840/827 1029/702/829
f 1029/702/829 1046/840/827 1019/85/830
f 1064/841/831 1058/85/832 1066/842/833
f 1066/842/834 1054/85/835 1067/707/836
f 1067/707/837 1048/85/838 1065/705/839
f 1068/843/840 1069/844/841 1031/845/842
s 0
f 1086/638/307 1100/638/306 1091/638/306
f 1091/638/306 1104/638/306 1094/638/306
f 1094/638/306 1098/638/306 1087/638/306
s 1
f 1097/638/843 1069/844/841 1098/638/844
f 1037/704/845 1086/638/846 1090/708/847
s 0
f 1033/638/306 1075/638/306 1041/638/306
f 1041/638/306 1083/238/306 1044/238/306
f 1044/238/306 1073/238/306 1034/238/306
f 1072/85/848 1102/713/849 1080/85/306
f 1080/85/850 1099/710/851 1084/85/306
f 1084/238/852 1096/638/853 1073/238/306
f 1071/638/306 1061/638/306 1077/638/306
f 1077/638/306 1057/85/306 1081/85/306
f 1081/85/306 1049/85/306 1072/85/307
s 1
f 1063/706/854 1097/712/843 1064/841/855
s 0
f 1135/638/306 1111/638/306 1139/638/306
f 1139/638/306 1118/235/306 1143/235/306
f 1143/235/306 1109/235/306 1136/235/307
s 1
f 1108/719/856 1156/846/857 1116/718/858
f 1116/718/858 1156/846/857 1119/720/859
f 1119/720/859 1156/846/857 1109/235/860
f 1152/847/861 1146/89/862 1154/848/863
f 1154/848/864 1142/89/865 1155/849/866
f 1155/725/867 1136/235/868 1153/723/869
f 1158/850/870 1121/851/871 1157/852/872
f 1183/727/873 1158/850/870 1157/852/872
s 0
f 1176/638/307 1190/638/306 1181/638/306
f 1181/638/306 1194/638/306 1184/638/306
f 1184/638/306 1188/638/307 1177/638/307
s 1
f 1187/729/874 1121/851/871 1188/638/875
f 1126/721/876 1176/638/877 1180/638/878
s 0
f 1123/638/306 1164/638/306 1130/638/306
f 1130/638/306 1172/89/306 1133/89/306
f 1133/89/306 1162/89/306 1124/89/307
f 1161/89/879 1192/730/880 1169/89/307
f 1169/89/881 1189/638/882 1173/89/307
f 1173/89/883 1186/638/884 1162/89/307
f 1160/638/306 1149/638/306 1166/638/306
f 1166/638/306 1145/89/306 1170/89/306
f 1170/89/306 1137/89/306 1161/89/307
s 1
f 1151/853/885 1187/729/874 1152/847/886
f 1229/854/887 1227/855/888 1230/856/889
f 1250/741/890 1229/854/887 1230/856/889
s 0
f 1248/739/307 1264/739/306 1254/739/307
f 1254/739/307 1269/739/307 1257/739/306
f 1257/739/306 1262/739/307 1249/739/307
s 1
f 1227/857/888 1267/744/891 1261/745/892
f 1227/857/888 1270/375/893 1267/744/891
f 1227/855/888 1262/739/894 1270/739/893
s 0
f 1247/738/895 1201/732/896 1251/738/307
f 1201/732/896 1255/638/307 1251/738/897
s 1
f 1209/638/898 1248/739/899 1255/638/900
s 0
f 1198/638/306 1236/638/306 1206/638/306
f 1206/638/306 1244/570/306 1210/570/306
f 1210/570/306 1234/570/306 1199/570/307
f 1233/404/901 1266/375/902 1241/404/306
f 1241/570/903 1263/739/904 1245/570/306
f 1245/570/903 1259/739/905 1234/570/306
f 1232/638/306 1277/638/306 1238/638/306
f 1238/638/306 1285/404/306 1242/404/306
f 1242/404/306 1275/404/306 1233/404/307
f 1274/404/906 1291/750/907 1282/404/306
f 1282/404/908 1292/858/909 1286/404/306
f 1286/404/910 1290/859/911 1275/404/306
s 1
f 1268/743/912 1290/859/913 1293/749/914
s 0
f 1273/638/306 1216/638/306 1279/638/306
f 1279/638/306 1224/404/306 1283/404/306
f 1283/404/306 1214/404/306 1274/404/307
f 1222/860/915 1228/861/916 1221/734/307
s 1
f 1221/734/917 1228/861/918 1225/735/919
f 1225/735/919 1228/861/918 1214/404/920
f 1327/862/921 1326/863/922 1328/864/923
f 1352/758/924 1327/862/921 1328/864/923
s 0
f 1345/757/306 1359/757/306 1350/757/306
f 1350/757/306 1363/757/306 1353/757/306
f 1353/757/306 1357/757/306 1346/757/306
f 1326/863/925 1357/757/306 1387/760/926
s 1
f 1307/638/927 1345/757/928 1349/756/929
s 0
f 1296/638/306 1334/638/306 1304/638/306
f 1304/638/306 1342/407/306 1308/407/306
f 1308/407/306 1332/407/306 1297/407/306
f 1331/407/930 1361/761/931 1339/407/306
f 1339/407/932 1358/638/933 1343/407/306
f 1343/407/934 1355/757/935 1332/407/306
f 1330/638/306 1371/638/306 1336/638/306
f 1336/638/306 1379/407/306 1340/407/306
f 1340/407/306 1369/407/306 1331/407/306
f 1368/566/936 1385/768/937 1376/566/306
f 1376/407/938 1386/865/939 1380/407/306
f 1380/407/940 1384/866/941 1369/407/306
s 1
f 1387/760/942 1356/762/943 1384/866/944
s 0
f 1367/638/306 1315/638/306 1373/638/306
f 1373/638/306 1323/566/306 1377/566/306
f 1377/566/306 1313/566/306 1368/566/306
s 1
f 1312/753/945 1365/867/946 1320/754/947
f 1320/754/947 1365/867/946 1324/755/948
f 1324/755/948 1365/867/946 1313/566/949
f 1419/868/950 1421/869/951 1420/870/952
f 1446/777/953 1419/868/950 1420/870/952
s 0
f 1439/775/306 1452/775/306 1444/775/306
f 1444/775/306 1456/775/306 1447/775/306
f 1447/775/306 1450/775/306 1440/775/306
s 1
f 1455/780/954 1421/869/951 1450/775/955
f 1400/769/956 1439/775/957 1443/776/958
s 0
f 1390/638/306 1427/638/306 1397/638/306
f 1397/638/306 1435/85/306 1401/85/306
f 1401/85/306 1425/85/306 1391/85/306
f 1424/85/959 1454/778/960 1432/85/307
f 1432/85/961 1451/638/962 1436/85/307
f 1436/85/963 1449/775/964 1425/85/307
f 1423/638/306 1463/638/306 1429/638/306
f 1429/638/306 1471/85/306 1433/85/306
f 1433/85/306 1461/85/306 1424/85/306
f 1460/238/965 1476/784/966 1468/238/306
f 1468/85/967 1477/785/968 1472/85/306
f 1472/85/969 1475/787/970 1461/85/306
s 1
f 1455/780/954 1475/787/624 1418/786/621
s 0
f 1459/638/306 1408/638/306 1465/638/306
f 1465/638/306 1415/238/306 1469/238/306
f 1469/238/306 1406/238/306 1460/238/306
s 1
f 1405/773/971 1418/783/621 1413/772/972
f 1413/772/972 1418/783/621 1416/774/973
f 1416/774/973 1418/783/621 1406/238/974
f 1510/871/975 1512/872/976 1511/873/977
f 1537/795/978 1510/871/975 1511/873/977
s 0
f 1530/793/307 1545/793/306 1535/793/306
f 1535/793/306 1551/793/307 1538/793/306
f 1538/793/306 1543/793/307 1531/793/307
s 1
f 1542/874/979 1512/872/976 1550/801/980
s 0
f 1550/801/981 1512/872/982 1543/793/306
s 1
f 1491/638/983 1530/793/984 1532/794/985
s 0
f 1480/638/306 1518/638/306 1488/638/306
f 1488/638/306 1526/235/306 1492/235/306
f 1492/235/306 1516/235/306 1481/235/306
f 1515/89/986 1548/799/987 1523/89/307
f 1523/89/988 1544/796/989 1527/89/307
f 1527/235/990 1540/793/991 1516/235/307
f 1514/638/306 1558/638/306 1520/638/306
f 1520/638/306 1566/89/306 1524/89/306
f 1524/89/306 1556/89/306 1515/89/306
f 1555/89/992 1572/806/993 1563/89/307
f 1563/89/994 1573/875/995 1567/89/307
f 1567/89/996 1571/876/997 1556/89/307
s 1
f 1570/805/998 1541/798/999 1571/876/1000
s 0
f 1554/638/306 1498/638/306 1560/638/306
f 1560/638/306 1506/89/306 1564/89/306
f 1564/89/306 1496/89/307 1555/89/307
f 1504/877/1001 1509/878/1002 1503/790/306
f 1503/790/1003 1509/878/1002 1507/791/307
s 1
f 1507/791/1004 1509/878/1005 1496/89/1006
f 1587/879/1007 1592/808/1008 1588/879/1009
f 1588/879/1010 1590/808/1011 1587/879/1007
f 1589/880/1012 1590/808/1011 1591/808/1013
f 1594/881/1014 1585/807/1015 1584/807/1016
f 1611/811/696 1608/882/1017 1612/811/1018
s 0
f 1612/811/1019 1607/883/1020 1609/811/307
s 1
f 1624/884/1021 1619/814/1022 1620/814/1023
s 0
f 1619/814/1024 1624/884/1025 1622/814/307
s 1
f 1624/884/1021 1615/813/1026 1622/814/1027
f 1614/812/1028 1606/885/1029 1616/813/1030
f 1606/885/1029 1620/814/1023 1616/813/1030
s 0
f 713/815/1031 613/85/307 609/85/1032
s 1
f 715/886/1033 709/654/1034 707/655/1035
f 713/815/1036 726/85/1037 714/887/1038
f 714/887/1039 722/85/1040 713/815/1041
f 716/888/1042 773/661/1043 770/660/1044
s 0
f 817/235/306 698/235/306 822/235/307
f 822/235/307 695/235/307 825/235/306
f 825/235/306 693/235/307 818/235/307
f 719/85/306 610/85/306 725/85/306
f 725/85/306 606/638/306 729/638/306
f 729/638/306 602/638/306 720/638/306
f 637/638/306 760/638/306 647/638/306
f 647/638/306 756/638/306 639/638/306
f 639/638/306 752/638/306 634/638/306
f 657/638/306 800/638/306 661/638/306
f 661/638/306 796/638/306 665/638/306
f 665/638/306 792/638/306 658/638/306
f 619/238/306 741/238/306 625/238/306
f 625/238/306 738/638/306 629/638/306
f 629/638/306 734/638/306 620/638/306
s 1
f 591/655/1045 708/654/1046 592/654/1047
f 1018/85/1048 949/566/1049 1027/703/1050
f 1311/566/311 1395/85/1051 1317/566/1052
f 1438/775/1053 1365/867/946 1443/776/958
f 1529/793/1054 1418/783/621 1532/794/1055
f 1495/89/1056 1204/570/1057 1500/89/1058
f 1509/878/1059 1252/739/1060 1250/741/890
f 1509/878/1059 1247/738/1061 1252/739/1060
s 0
f 1032/238/306 1411/238/306 1038/238/306
f 1038/238/306 1407/638/306 1042/638/306
f 1042/638/306 1403/638/306 1033/638/306
f 1458/638/306 1078/638/306 1462/638/306
f 1462/638/306 1074/638/306 1466/638/306
f 1466/638/306 1070/638/306 1459/638/306
f 1422/638/306 1052/638/306 1426/638/306
f 1426/638/306 1060/638/306 1430/638/306
f 1430/638/306 1050/638/306 1423/638/306
f 1389/85/307 1023/85/306 1394/85/306
f 1394/85/306 1020/638/306 1398/638/306
f 1398/638/306 1017/638/306 1390/638/306
f 1295/407/306 931/407/306 1301/407/306
f 1301/407/306 927/638/306 1305/638/306
f 1305/638/306 924/638/306 1296/638/306
f 960/638/306 1337/638/306 970/638/306
f 970/638/306 1333/638/306 962/638/306
f 962/638/306 1329/638/306 957/638/306
f 980/638/306 1374/638/306 984/638/306
f 984/638/306 1370/638/306 988/638/306
f 988/638/306 1366/638/306 981/638/306
f 942/566/307 1318/566/306 948/566/306
f 948/566/306 1314/638/306 952/638/306
f 952/638/306 1310/638/306 943/638/306
f 1122/89/307 1501/89/306 1127/89/306
f 1127/89/306 1497/638/306 1131/638/306
f 1131/638/306 1494/638/306 1123/638/306
f 1553/638/306 1167/638/306 1557/638/306
f 1557/638/306 1163/638/306 1561/638/306
f 1561/638/306 1159/638/306 1554/638/306
f 1513/638/306 1140/638/306 1517/638/306
f 1517/638/306 1148/638/306 1521/638/306
f 1521/638/306 1138/638/306 1514/638/306
f 1479/235/306 1114/235/306 1485/235/306
f 1485/235/306 1110/638/306 1489/638/306
f 1489/638/306 1106/638/306 1480/638/306
f 1197/570/306 850/570/306 1203/570/306
f 1203/570/306 846/638/306 1207/638/306
f 1207/638/306 842/638/306 1198/638/306
f 896/638/306 1239/638/306 900/638/306
f 900/638/306 1235/638/306 904/638/306
f 904/638/306 1231/638/306 897/638/306
f 859/638/306 1280/638/306 863/638/306
f 863/638/306 1276/638/306 867/638/306
f 867/638/306 1272/638/306 860/638/306
f 827/404/306 1219/404/306 833/404/306
f 833/404/306 1215/638/306 837/638/306
f 837/638/306 1212/638/306 828/638/306
s 1
f 1586/807/679 1597/809/1062 1584/807/1016
f 1596/889/1063 1617/812/1064 1615/813/1026
s 0
f 1617/812/334 1595/890/1065 1614/812/306
s 1
f 1577/891/1066 1603/810/692 1601/809/687
f 582/892/1067 578/893/1068 583/894/1069
f 585/895/1070 579/896/1071 584/897/1072
f 581/898/1073 582/892/1067 583/894/1069
f 587/899/1074 594/900/1075 593/901/1076
f 617/641/331 589/902/1077 656/85/719
f 594/900/1075 600/903/1078 592/654/1047
f 593/901/1076 594/900/1075 592/654/1047
f 592/654/1047 715/886/1033 707/655/1079
f 715/886/1033 600/903/1078 595/904/706
f 601/905/1080 604/85/709 596/816/1081
f 597/887/1082 719/85/1083 713/815/1084
s 0
f 720/638/306 634/638/306 752/638/306
f 605/85/1085 651/640/1086 635/85/307
s 1
f 705/906/1087 655/819/720 656/818/719
s 0
f 621/238/1088 683/638/307 673/638/1089
f 619/238/319 817/235/320 735/238/306
f 793/638/306 620/638/306 734/638/306
s 1
f 659/85/1090 650/642/713 684/648/722
s 0
f 753/638/306 658/638/306 792/638/306
s 1
f 617/641/331 656/85/719 684/648/722
f 654/817/718 685/638/723 656/818/719
f 705/906/1087 675/645/1091 655/819/720
s 0
f 703/235/1092 818/235/307 693/235/1093
s 1
f 700/653/355 705/906/1087 704/820/735
f 704/89/735 705/907/1087 702/908/1094
f 706/909/1095 923/910/798 712/911/1096
f 706/912/1095 712/913/1096 709/654/1034
f 715/886/1033 706/912/1095 709/654/1034
f 716/888/1042 595/566/706 713/815/705
f 713/815/705 773/661/1043 716/888/1042
s 0
f 721/85/1097 781/660/307 768/660/1098
f 737/238/1099 808/664/1100 794/238/306
s 1
f 815/914/1101 814/915/1102 813/825/1103
f 748/822/1104 783/660/744 751/821/738
f 814/916/1102 1069/917/841 717/918/1105
f 754/85/1106 809/85/1107 782/662/1107
f 813/825/1103 814/915/1102 811/665/763
f 704/89/735 702/908/1094 815/919/1101
s 0
f 829/404/1108 887/638/306 875/638/1109
f 827/404/334 1295/407/333 1213/404/306
f 1273/638/306 828/638/306 1212/638/306
f 1198/638/306 897/638/306 1231/638/306
f 845/570/1110 912/681/1111 898/570/307
f 1122/89/1112 1197/570/1113 1495/89/307
s 1
f 922/831/800 923/829/798 858/920/1114
f 939/833/803 920/830/799 858/920/1114
f 861/404/1115 915/404/1116 884/675/1117
s 0
f 1232/638/306 860/638/306 1272/638/306
s 1
f 921/828/797 886/638/1118 923/829/798
f 939/833/803 882/673/775 920/830/799
f 919/921/1119 913/922/1120 895/827/1121
s 0
f 1296/638/306 957/638/306 1329/638/306
f 926/407/1122 974/692/1123 958/407/306
s 1
f 1069/917/841 979/837/814 940/923/1124
s 0
f 944/566/1125 1006/638/307 996/638/1126
f 942/566/1127 1389/85/1128 1311/566/306
f 1367/638/306 943/638/306 1310/638/306
s 1
f 982/407/1129 973/689/1130 1007/697/1130
s 0
f 1330/638/306 981/638/306 1366/638/306
f 975/690/1131 939/833/816 1008/691/306
s 1
f 978/835/813 1009/638/1132 939/836/803
s 0
f 1047/638/306 1390/638/306 1017/638/306
f 1019/85/1133 1065/705/1134 1048/85/307
f 1034/238/1135 1096/638/307 1086/638/1136
f 1032/238/319 1479/235/320 1404/238/306
f 1033/638/306 1459/638/306 1070/638/306
s 1
f 1046/840/827 1069/917/841 1063/706/854
f 1072/85/1137 1064/841/855 1097/712/843
s 0
f 1071/638/306 1423/638/306 1050/638/306
s 1
f 1063/706/854 1069/917/841 1097/712/843
f 1068/843/840 1098/638/844 1069/844/841
f 1156/846/857 1088/924/1138 1031/845/842
s 0
f 1135/638/306 1480/638/306 1106/638/306
f 1109/235/1139 1153/723/1140 1136/235/307
f 1124/89/1141 1186/638/306 1176/638/1142
f 1123/638/306 1554/638/306 1159/638/306
s 1
f 1156/846/857 1121/925/871 1151/724/885
f 1161/89/1143 1152/847/886 1187/729/874
s 0
f 1160/638/306 1514/638/306 1138/638/306
s 1
f 1121/925/871 1187/926/874 1151/724/885
f 1158/850/870 1188/638/875 1121/851/871
s 0
f 1199/570/1144 1259/739/307 1248/739/1145
f 1214/404/1146 1288/748/1147 1274/404/306
s 1
f 1228/861/1148 1227/857/888 1289/927/1149
f 1227/857/888 1261/745/892 1293/749/914
f 1229/854/887 1262/739/894 1227/855/888
f 1233/404/1150 1290/859/1151 1260/742/1152
s 0
f 1297/407/1153 1355/757/307 1345/757/1154
f 1313/566/1155 1382/766/1156 1368/566/306
s 1
f 1327/862/921 1357/757/1157 1326/863/922
f 1331/407/1158 1384/866/1159 1356/762/1160
f 1365/867/946 1326/928/922 1383/929/1161
s 0
f 1391/85/1162 1449/775/306 1439/775/1163
f 1406/238/1164 1474/782/1165 1460/238/306
s 1
f 1419/868/950 1450/775/955 1421/869/951
f 1418/786/621 1576/930/1166 1421/869/951
f 1424/85/1167 1475/787/624 1455/780/954
s 0
f 1481/235/1168 1540/793/306 1530/793/1169
f 1496/89/1170 1569/804/1171 1555/89/307
s 1
f 1510/871/975 1543/793/1172 1512/872/976
f 1515/89/1173 1571/876/1000 1541/798/999
f 1509/878/1059 1512/931/976 1570/805/998
f 1574/932/1174 1578/933/1175 1580/934/1176
f 1594/881/1014 1576/935/1166 1585/807/1015
f 1589/880/1012 1576/930/1166 1587/879/1007
f 1587/879/1007 1576/930/1166 1594/936/1014
f 1582/937/1177 1579/938/1178 1578/933/1175
f 1604/939/1179 1580/940/1176 1624/884/1021
f 1589/880/1012 1581/941/1180 1583/942/1181
f 1589/943/1012 1594/944/1014 1596/889/1063
f 1594/936/1014 1591/808/1013 1587/879/1007
f 1589/880/1012 1591/808/1013 1594/936/1014
f 1608/882/1017 1611/811/696 1624/884/1021
f 1624/884/1021 1611/811/696 1604/939/1179
f 596/816/1081 713/815/705 599/816/707
s 0
f 602/638/306 606/638/306 608/638/307
f 606/638/306 610/85/308 611/85/309
f 603/85/1182 609/85/307 611/85/1183
f 612/85/311 615/85/311 616/85/311
f 605/85/306 614/85/308 616/85/316
f 614/85/306 607/638/306 608/638/307
f 611/85/307 613/85/307 616/85/307
f 622/238/306 624/238/306 623/238/306
f 622/238/306 626/238/306 627/238/306
f 619/238/306 625/238/325 627/238/324
f 625/238/306 629/638/306 630/638/306
f 620/638/306 628/638/306 630/638/306
f 628/638/306 632/238/325 633/638/326
f 621/238/1184 631/638/307 633/638/1185
f 631/638/307 623/238/306 624/238/306
f 624/238/306 627/238/1186 630/638/329
f 634/638/306 638/638/306 640/638/306
f 638/638/306 642/85/306 643/85/306
f 635/85/306 641/85/306 643/85/306
f 641/85/306 645/85/307 646/85/306
f 636/85/306 644/85/306 646/85/306
f 644/85/306 648/638/306 649/638/306
f 637/638/306 647/638/306 649/638/306
f 647/638/306 639/638/306 640/638/306
f 640/638/306 643/85/306 646/85/306
s 1
f 650/642/713 652/642/715 617/641/331
f 652/642/715 653/642/332 617/641/331
s 0
f 657/638/306 661/638/306 663/638/306
f 661/638/306 665/638/306 666/638/306
f 658/638/306 664/638/306 666/638/306
f 664/638/306 668/85/306 669/85/306
f 659/85/306 667/85/306 669/85/306
f 667/85/306 671/85/306 672/85/306
f 660/238/306 670/238/306 672/643/306
f 670/238/306 662/638/306 663/638/306
f 663/638/306 666/638/306 669/638/306
f 673/638/306 678/638/319 679/638/320
f 678/638/306 681/638/319 682/646/320
f 674/638/333 680/646/306 682/646/334
f 680/646/306 675/645/306 676/638/306
f 676/638/306 677/644/307 679/638/307
f 683/638/1187 686/638/306 688/638/1188
f 686/647/1189 689/647/1190 690/648/1191
f 684/648/306 690/648/1192 689/647/1193
f 685/638/306 691/638/1194 692/649/1195
f 691/638/306 687/638/1196 688/638/336
f 688/647/1197 690/648/306 684/648/1198
f 693/235/307 695/235/1199 697/651/1200
f 695/235/307 698/235/1201 699/235/352
f 694/235/1202 700/653/1203 699/235/1204
f 701/652/1205 696/651/307 697/651/1206
f 697/651/1207 699/235/1208 700/653/1209
f 708/654/306 710/655/359 711/655/360
f 707/655/1210 709/654/358 711/655/357
f 722/85/306 724/85/306 723/85/306
f 722/85/306 726/85/306 727/85/306
f 719/85/306 725/85/306 727/85/306
f 725/85/306 729/638/306 730/638/306
f 720/638/306 728/638/306 730/638/306
f 728/638/306 732/85/306 733/85/306
f 721/85/306 731/638/306 733/85/306
f 731/638/306 723/85/306 724/85/306
f 724/85/306 727/85/306 730/638/306
f 734/638/306 738/638/306 740/638/306
f 738/638/306 741/238/319 742/238/320
f 735/238/1211 744/657/1212 742/238/1213
f 743/656/1214 746/659/306 747/659/1215
f 737/238/306 745/238/319 747/659/320
f 745/238/306 739/638/306 740/638/306
f 742/238/1216 744/657/1217 747/659/306
f 752/638/306 756/638/306 758/638/306
f 756/638/306 760/638/306 761/638/306
f 753/638/306 759/638/306 761/638/306
f 759/638/306 763/85/306 764/85/306
f 754/85/307 762/85/306 764/85/306
f 762/85/306 766/85/306 767/85/306
f 755/85/306 765/85/306 767/85/306
f 765/85/306 757/638/306 758/638/306
f 758/638/306 761/638/306 764/85/306
f 770/660/1218 773/661/1219 774/661/1220
f 773/661/1221 772/661/1222 774/661/377
f 772/661/1223 776/638/1224 777/660/1225
f 768/660/307 775/660/1226 777/660/1227
f 775/660/311 779/660/311 780/660/311
f 769/660/311 778/660/311 780/660/311
f 778/660/1228 770/660/306 771/660/1229
f 771/660/311 774/661/1230 777/660/311
f 781/660/1231 784/638/306 786/638/1232
s 1
f 784/638/1233 787/661/1234 788/661/1235
f 782/662/391 788/661/1235 787/661/1234
f 789/661/743 791/661/306 782/662/391
s 0
f 783/660/307 790/660/1236 791/661/1237
f 790/660/307 785/660/1238 786/638/381
s 1
f 786/638/390 788/661/1235 782/662/391
s 0
f 792/638/306 796/638/306 798/638/306
f 796/638/306 800/638/306 801/638/306
f 793/638/306 799/638/306 801/638/306
f 799/638/306 803/238/306 804/238/306
f 794/238/306 802/238/306 804/238/306
f 802/238/306 806/238/307 807/238/306
f 795/85/306 805/85/306 807/663/306
f 805/85/306 797/638/306 798/638/306
f 798/638/306 801/638/306 804/638/306
f 809/85/1239 812/85/1240 811/85/1241
f 812/824/1242 810/666/1243 811/665/1244
f 819/235/1245 821/668/1246 820/235/307
f 819/235/395 823/235/307 824/235/1247
f 817/235/306 822/235/399 824/235/400
f 822/235/307 825/235/306 826/669/307
f 818/235/399 821/668/400 826/669/306
f 824/235/398 826/669/397 821/668/306
f 830/404/1248 832/404/1249 831/945/306
f 830/404/424 834/404/306 835/404/423
f 827/404/307 833/404/1250 835/404/407
f 833/404/306 837/638/306 838/638/306
f 828/638/306 836/638/306 838/638/306
f 836/638/306 840/404/306 841/404/307
f 829/404/1251 839/638/1252 841/404/307
f 839/638/1253 831/945/1254 832/404/1255
f 832/404/1256 835/404/1257 838/638/1258
f 842/638/306 846/638/306 848/638/307
f 846/638/306 850/570/306 851/570/306
f 843/570/1259 849/570/1260 851/570/306
f 849/570/306 853/570/307 854/570/306
f 852/670/307 854/570/306 853/570/307
f 852/670/307 856/672/307 857/672/307
f 845/570/306 855/570/1261 857/672/418
f 855/570/306 847/638/306 848/638/307
f 848/638/306 851/570/1262 854/570/1263
f 859/638/306 863/638/306 865/638/306
f 863/638/306 867/638/306 868/638/306
f 860/638/306 866/638/306 868/638/306
f 866/638/306 870/404/306 871/404/306
f 861/404/306 869/404/306 871/404/306
f 869/404/306 873/404/306 874/404/306
f 862/404/306 872/404/306 874/404/306
f 872/404/306 864/638/306 865/638/306
f 865/638/306 868/638/306 871/404/306
f 875/638/306 877/638/423 878/638/424
f 877/638/306 880/638/423 881/674/424
f 876/638/421 879/674/306 881/674/422
f 879/674/306 882/673/307 883/638/306
f 882/673/307 878/638/306 881/674/306
s 1
f 884/675/790 885/679/787 889/676/1264
s 0
f 886/638/306 890/638/423 891/678/424
f 890/638/306 893/638/423 894/638/424
f 887/638/421 892/638/306 894/638/422
f 892/638/306 888/677/306 889/676/306
f 889/676/1265 885/679/1266 891/678/307
f 896/638/306 900/638/306 902/638/306
f 900/638/306 904/638/306 905/638/306
f 897/638/306 903/638/306 905/638/306
f 903/638/306 907/570/306 908/570/306
f 898/570/306 906/570/306 908/570/306
f 906/570/306 910/570/306 911/570/306
f 899/404/306 909/404/306 911/680/306
f 909/404/306 901/638/306 902/638/306
f 902/638/306 905/638/306 908/638/306
f 918/670/1267 917/683/1268 916/682/1269
f 924/638/306 927/638/306 929/638/306
f 927/638/306 931/407/306 932/407/307
f 925/407/1270 930/407/1271 932/407/306
f 930/407/1272 934/832/1273 935/685/1274
f 933/686/1275 935/685/1276 934/832/1277
f 933/686/438 937/687/306 938/687/1278
f 926/407/306 936/407/442 938/687/443
f 936/407/306 928/638/306 929/638/306
f 929/638/306 932/407/1279 935/685/1280
f 941/688/1281 945/566/306 947/566/1282
f 945/566/1283 949/566/307 950/566/1284
f 942/566/307 948/566/306 950/566/306
f 948/566/306 952/638/306 953/638/306
f 943/638/306 951/638/306 953/638/306
f 951/638/306 955/566/306 956/566/306
f 944/566/1285 954/638/1286 956/566/306
f 954/638/311 946/566/311 947/566/311
f 947/566/453 950/566/306 953/638/1287
f 957/638/306 961/638/306 963/638/306
f 961/638/306 965/407/306 966/407/306
f 958/407/306 964/407/307 966/407/306
f 964/407/307 968/407/307 969/407/306
f 959/407/306 967/407/306 969/407/306
f 967/407/306 971/638/306 972/638/306
f 960/638/306 970/638/306 972/638/306
f 970/638/306 962/638/306 963/638/306
f 963/638/306 966/407/306 969/407/306
f 973/689/307 976/834/1288 975/690/1289
f 976/834/307 977/693/1290 975/690/1289
f 980/638/306 984/638/306 986/638/306
f 984/638/306 988/638/306 989/638/306
f 981/638/306 987/638/306 989/638/306
f 987/638/306 991/407/306 992/407/306
f 982/407/307 990/407/307 992/407/306
f 990/407/307 994/407/307 995/407/306
f 983/566/306 993/566/306 995/694/306
f 993/566/306 985/638/306 986/638/306
f 986/638/306 989/638/306 992/638/306
f 996/638/306 1001/638/1291 1002/638/1292
f 1001/638/306 1004/638/1293 1005/696/468
f 997/638/1294 1003/696/306 1005/696/1295
f 1003/696/306 998/638/306 999/638/306
f 999/638/1296 1000/695/460 1002/638/306
f 1006/638/307 1010/638/307 1012/638/306
f 1010/638/311 1013/638/311 1014/638/311
f 1007/697/1297 1008/691/306 1014/698/1298
f 1009/638/306 1015/638/306 1016/700/306
f 1015/638/306 1011/638/306 1012/638/306
f 1012/638/306 1014/638/306 1008/638/306
f 1017/638/306 1020/638/306 1022/638/307
f 1020/638/307 1023/85/472 1024/85/307
f 1018/85/1299 1027/703/311 1024/85/311
f 1026/839/311 1025/701/311 1027/703/311
f 1025/701/311 1029/702/311 1030/702/311
f 1019/85/307 1028/85/472 1030/702/477
f 1028/85/306 1021/638/306 1022/638/307
f 1022/638/478 1024/85/311 1027/703/311
f 1035/238/334 1037/704/333 1036/946/306
f 1035/238/320 1039/238/306 1040/238/319
f 1032/238/306 1038/238/319 1040/238/320
f 1038/238/306 1042/638/306 1043/638/306
f 1033/638/306 1041/638/306 1043/638/306
f 1041/638/306 1044/238/319 1045/638/307
f 1034/238/333 1037/704/306 1045/638/307
f 1037/704/306 1040/238/334 1043/638/333
f 1047/638/306 1051/638/306 1053/638/306
f 1051/638/306 1055/85/306 1056/85/306
f 1048/85/306 1054/85/306 1056/85/306
f 1054/85/306 1058/85/306 1059/85/306
f 1049/85/306 1057/85/306 1059/85/306
f 1057/85/306 1061/638/306 1062/638/306
f 1050/638/306 1060/638/306 1062/638/306
f 1060/638/306 1052/638/306 1053/638/306
f 1053/638/306 1056/85/306 1059/85/306
f 1064/841/1300 1066/842/1301 1063/706/1302
f 1066/842/1303 1067/707/1304 1063/706/1305
f 1070/638/306 1074/638/306 1076/638/306
f 1074/638/306 1078/638/306 1079/638/306
f 1071/638/306 1077/638/306 1079/638/306
f 1077/638/306 1081/85/306 1082/85/306
f 1072/85/307 1080/85/306 1082/85/306
f 1080/85/306 1084/85/306 1085/85/306
f 1073/238/306 1083/238/306 1085/643/306
f 1083/238/306 1075/638/306 1076/638/306
f 1076/638/306 1079/638/306 1082/638/306
f 1088/924/1306 1090/708/1307 1089/638/1308
f 1086/638/307 1091/638/306 1092/638/306
f 1091/638/306 1094/638/319 1095/709/320
f 1087/638/333 1093/709/306 1095/709/334
f 1093/709/1309 1088/924/1310 1089/638/306
f 1089/638/1311 1090/708/1312 1092/638/1313
f 1096/638/1314 1099/638/306 1101/638/1315
f 1099/710/1316 1102/713/1317 1103/711/1318
f 1098/638/306 1104/638/1319 1105/714/1320
f 1104/638/307 1100/638/1321 1101/638/485
f 1101/710/311 1103/711/311 1097/712/311
f 1106/638/306 1110/638/306 1112/638/306
f 1110/638/306 1114/235/334 1115/235/333
f 1107/235/320 1113/716/306 1115/235/319
f 1116/718/333 1117/717/306 1113/716/334
f 1116/718/333 1119/720/306 1120/720/334
f 1109/235/306 1118/235/334 1120/720/333
f 1118/235/306 1111/638/306 1112/638/306
f 1112/638/320 1115/235/306 1117/717/319
f 1125/89/1322 1128/89/307 1129/89/1323
f 1122/89/307 1127/89/306 1129/89/306
f 1127/89/306 1131/638/306 1132/638/306
f 1123/638/306 1130/638/306 1132/638/306
f 1130/638/307 1133/89/499 1134/638/307
f 1124/89/1324 1126/721/501 1134/638/1220
f 1126/721/311 1129/89/311 1132/638/311
f 1135/638/306 1139/638/306 1141/722/306
f 1139/638/306 1143/235/306 1144/235/306
f 1136/235/307 1142/235/306 1144/235/306
f 1142/89/306 1146/89/307 1147/89/306
f 1137/89/306 1145/89/306 1147/89/306
f 1145/89/306 1149/638/306 1150/638/306
f 1138/638/306 1148/638/306 1150/638/306
f 1148/638/306 1140/638/306 1141/638/306
f 1141/722/306 1144/235/306 1147/235/306
f 1152/847/1325 1154/848/1326 1151/853/1327
f 1154/848/1328 1155/849/1329 1151/853/1330
f 1159/638/306 1163/638/306 1165/638/306
f 1163/638/306 1167/638/306 1168/638/306
f 1160/638/306 1166/638/306 1168/638/306
f 1166/638/306 1170/89/306 1171/89/306
f 1161/89/307 1169/89/307 1171/89/306
f 1169/89/307 1173/89/306 1174/89/306
f 1162/89/306 1172/89/306 1174/89/306
f 1172/89/306 1164/638/306 1165/638/306
f 1165/638/306 1168/638/306 1171/89/306
f 1175/726/1331 1179/638/1332 1178/947/1333
f 1176/638/307 1181/638/1334 1182/638/1335
f 1181/638/307 1184/638/1336 1185/727/514
f 1177/638/1337 1183/727/307 1185/727/1338
f 1183/727/1339 1178/947/1340 1179/638/1341
f 1179/638/307 1180/638/1342 1182/638/1343
f 1186/638/1344 1189/638/306 1191/638/1345
f 1189/638/1346 1192/730/1347 1193/728/307
f 1188/638/307 1194/638/1348 1195/731/1349
f 1194/638/307 1190/638/1348 1191/638/519
f 1191/638/307 1193/728/1350 1187/729/529
f 1196/732/311 1200/570/311 1202/570/311
f 1200/570/311 1204/570/311 1205/570/311
f 1197/570/306 1203/570/306 1205/570/306
f 1203/570/306 1207/638/306 1208/638/306
f 1198/638/306 1206/638/306 1208/638/306
f 1206/638/306 1210/570/306 1211/570/306
f 1199/570/311 1209/638/311 1211/570/311
f 1209/638/311 1201/732/311 1202/570/311
f 1202/570/311 1205/570/311 1208/638/311
f 1212/638/306 1215/638/306 1217/638/306
f 1215/638/306 1219/404/306 1220/404/306
f 1213/404/430 1218/404/431 1220/404/306
f 1218/404/334 1222/860/333 1223/733/306
f 1221/734/319 1223/733/320 1222/860/306
f 1221/734/333 1225/735/306 1226/735/334
f 1214/404/306 1224/404/430 1226/735/431
f 1224/404/306 1216/638/306 1217/638/306
f 1217/638/306 1220/404/430 1223/733/431
f 1231/638/306 1235/638/306 1237/638/306
f 1235/638/306 1239/638/306 1240/638/306
f 1232/638/306 1238/638/306 1240/638/306
f 1238/638/306 1242/404/306 1243/404/306
f 1233/404/307 1241/404/307 1243/404/306
f 1241/570/307 1245/570/307 1246/736/306
f 1234/570/306 1244/570/306 1246/736/306
f 1244/570/306 1236/638/306 1237/638/306
f 1237/638/306 1240/638/306 1243/737/306
f 1250/741/1351 1252/739/306 1253/739/1352
f 1247/738/311 1251/738/311 1253/739/311
f 1251/738/307 1255/638/307 1256/638/307
f 1248/739/307 1254/739/1353 1256/638/1354
f 1254/739/307 1257/739/1355 1258/740/539
s 1
f 1249/739/1356 1250/741/890 1258/740/1357
s 0
f 1250/741/1358 1253/739/1359 1256/638/1360
f 1259/739/307 1263/739/1361 1265/638/543
f 1263/739/307 1266/739/1362 1268/638/1363
f 1267/744/553 1270/375/307 1271/746/1364
f 1262/739/307 1269/739/1365 1271/747/1366
f 1269/739/307 1264/739/1367 1265/638/543
f 1272/638/306 1276/638/306 1278/638/306
f 1276/638/306 1280/638/306 1281/638/306
f 1273/638/306 1279/638/306 1281/638/306
f 1279/638/306 1283/404/306 1284/404/306
f 1274/404/307 1282/404/306 1284/404/306
f 1282/404/306 1286/404/307 1287/404/306
f 1275/404/306 1285/404/306 1287/404/306
f 1285/404/306 1277/638/306 1278/638/306
f 1278/638/306 1281/638/306 1284/404/306
f 1290/859/311 1292/858/311 1293/749/311
f 1292/858/1368 1291/750/1369 1293/749/1370
f 1298/407/334 1300/407/333 1299/407/306
f 1298/407/320 1302/407/306 1303/407/319
f 1295/407/306 1301/407/566 1303/407/567
f 1301/407/306 1305/638/306 1306/638/307
f 1296/638/306 1304/638/306 1306/638/307
f 1304/638/306 1308/407/306 1309/407/306
f 1297/407/566 1307/638/567 1309/407/306
f 1307/638/319 1299/407/320 1300/407/306
f 1300/407/306 1303/407/565 1306/638/564
f 1310/638/306 1314/638/306 1316/638/306
f 1314/638/306 1318/566/306 1319/566/306
f 1311/566/311 1317/566/311 1319/566/311
f 1317/566/311 1321/754/311 1322/752/311
f 1312/753/311 1320/754/311 1322/752/311
f 1320/754/311 1324/755/311 1325/755/311
f 1313/566/311 1323/566/311 1325/755/311
f 1323/566/306 1315/638/306 1316/638/306
f 1316/638/311 1319/566/311 1322/752/311
f 1329/638/306 1333/638/306 1335/638/306
f 1333/638/306 1337/638/306 1338/638/306
f 1330/638/306 1336/638/306 1338/638/306
f 1336/638/306 1340/407/306 1341/407/306
f 1331/407/306 1339/407/307 1341/407/306
f 1339/407/307 1343/407/307 1344/407/306
f 1332/407/306 1342/407/306 1344/407/306
f 1342/407/306 1334/638/306 1335/638/306
f 1335/638/306 1338/638/306 1341/407/306
f 1345/757/306 1350/757/572 1351/638/573
f 1350/757/306 1353/757/572 1354/758/573
f 1346/757/570 1352/758/306 1354/758/571
f 1352/758/1371 1347/757/569 1348/757/306
f 1349/756/306 1351/638/306 1354/758/306
f 1355/757/567 1358/638/306 1360/638/566
f 1358/638/1372 1361/761/307 1362/759/1373
f 1387/760/1374 1362/759/306 1361/761/1375
f 1357/757/306 1363/757/306 1364/763/306
f 1363/757/306 1359/757/565 1360/638/564
f 1360/638/1376 1362/759/1377 1387/760/1378
f 1366/638/306 1370/638/306 1372/638/306
f 1370/638/306 1374/638/306 1375/638/306
f 1367/638/306 1373/638/306 1375/638/306
f 1373/638/306 1377/566/306 1378/566/306
f 1368/566/306 1376/566/306 1378/566/306
f 1376/407/306 1380/407/307 1381/764/306
f 1369/407/306 1379/407/306 1381/764/306
f 1379/407/306 1371/638/306 1372/638/306
f 1372/638/306 1375/638/306 1378/765/306
f 1384/866/1379 1386/865/1380 1387/760/1381
f 1386/865/307 1385/948/1382 1387/760/1383
f 1388/85/582 1392/85/306 1393/85/1384
f 1392/85/1385 1395/85/307 1396/85/1386
f 1389/85/307 1394/85/306 1396/85/306
f 1394/85/306 1398/638/306 1399/638/306
f 1390/638/306 1397/638/306 1399/638/306
f 1397/638/306 1401/85/586 1402/638/587
f 1391/85/1387 1400/769/1388 1402/638/591
f 1393/85/1389 1396/85/306 1399/638/1390
f 1403/638/306 1407/638/306 1409/638/306
f 1407/638/306 1411/238/592 1412/238/593
f 1404/238/1391 1410/770/1392 1412/238/1393
f 1413/772/1394 1414/771/1395 1410/770/1396
f 1413/772/1397 1416/774/306 1417/774/1398
f 1406/238/306 1415/238/319 1417/774/320
f 1415/238/306 1408/638/306 1409/638/306
f 1412/238/307 1414/771/1399 1417/774/1400
f 1422/638/306 1426/638/306 1428/638/306
f 1426/638/306 1430/638/306 1431/638/306
f 1423/638/306 1429/638/306 1431/638/306
f 1429/638/306 1433/85/306 1434/85/306
f 1424/85/306 1432/85/306 1434/85/306
f 1432/85/306 1436/85/306 1437/85/306
f 1425/85/306 1435/85/306 1437/85/306
f 1435/85/306 1427/638/306 1428/638/306
f 1428/638/306 1431/638/306 1434/85/306
f 1439/775/306 1444/775/306 1445/638/306
f 1444/775/306 1447/775/306 1448/777/306
f 1440/775/306 1446/777/306 1448/777/306
f 1446/777/1401 1441/775/1402 1442/775/1403
f 1442/775/306 1443/776/1404 1445/638/1405
f 1449/775/311 1451/638/311 1453/638/311
f 1454/778/1406 1455/780/1407 1453/638/1408
f 1450/775/306 1456/775/306 1457/779/306
f 1456/775/311 1452/775/311 1453/638/311
f 1458/638/306 1462/638/306 1464/638/306
f 1462/638/306 1466/638/306 1467/638/306
f 1459/638/306 1465/638/306 1467/638/306
f 1465/638/306 1469/238/306 1470/238/306
f 1460/238/306 1468/238/306 1470/238/306
f 1468/85/306 1472/85/306 1473/781/306
f 1461/85/306 1471/85/306 1473/781/306
f 1471/85/306 1463/638/306 1464/638/306
f 1464/638/306 1467/638/306 1470/521/306
f 1482/235/1409 1484/235/1410 1483/235/1411
f 1482/235/1412 1486/235/307 1487/235/1413
f 1479/235/306 1485/235/334 1487/235/333
f 1485/235/306 1489/638/306 1490/638/306
f 1480/638/306 1488/638/306 1490/638/306
f 1488/638/307 1492/235/631 1493/638/632
f 1481/235/1414 1491/638/306 1493/638/1415
f 1491/638/1416 1483/235/1417 1484/235/306
f 1487/235/1418 1490/638/1419 1493/638/1420
f 1494/638/306 1497/638/306 1499/638/306
f 1497/638/306 1501/89/636 1502/89/637
f 1495/89/1421 1500/89/1422 1502/89/1423
f 1500/89/307 1504/877/307 1505/789/307
f 1504/877/307 1503/790/306 1505/789/307
f 1503/790/306 1507/791/307 1508/791/306
f 1496/89/307 1506/89/643 1508/791/644
f 1506/89/306 1498/638/306 1499/638/306
f 1502/89/640 1505/789/307 1508/791/1424
f 1513/638/306 1517/638/306 1519/638/306
f 1517/638/306 1521/638/306 1522/638/306
f 1514/638/306 1520/638/306 1522/638/306
f 1520/638/306 1524/89/306 1525/89/306
f 1515/89/306 1523/89/306 1525/89/306
f 1523/89/306 1527/89/307 1528/89/306
f 1516/235/306 1526/235/306 1528/792/306
f 1526/235/306 1518/638/306 1519/638/306
f 1519/638/306 1522/638/306 1525/638/306
f 1529/793/1425 1532/794/307 1534/793/1426
f 1530/793/307 1535/793/1427 1536/638/1428
f 1535/793/307 1538/793/1429 1539/795/657
f 1531/793/1430 1537/795/307 1539/795/1431
f 1537/795/1432 1533/793/1433 1534/793/1434
f 1534/793/306 1532/794/1435 1536/638/1436
f 1540/793/661 1544/638/307 1546/638/1437
f 1544/796/1438 1548/799/1439 1549/797/1440
f 1541/798/1441 1547/800/307 1549/797/1442
f 1543/793/307 1551/793/307 1552/802/307
f 1551/793/307 1545/793/1220 1546/638/662
f 1549/797/1443 1550/801/307 1552/803/1444
f 1553/638/306 1557/638/306 1559/638/306
f 1557/638/306 1561/638/306 1562/638/306
f 1554/638/306 1560/638/306 1562/638/306
f 1560/638/306 1564/89/306 1565/89/306
f 1555/89/307 1563/89/307 1565/89/306
f 1563/89/307 1567/89/307 1568/89/306
f 1556/89/306 1566/89/306 1568/89/306
f 1566/89/306 1558/638/306 1559/638/306
f 1559/638/306 1562/638/306 1565/89/306
f 1571/876/1445 1573/875/1446 1570/805/1447
f 1573/875/307 1572/806/1448 1570/805/1449
f 1590/808/311 1592/808/311 1593/808/311
f 1597/809/306 1598/809/319 1600/809/320
f 1602/810/320 1599/809/306 1600/809/319
s 1
f 1611/811/696 1612/811/1018 1613/811/697
s 0
f 1609/811/1450 1610/811/1451 1613/811/1452
f 1615/813/1453 1617/812/1454 1618/813/1455
f 1614/812/1456 1616/813/307 1618/813/1457
s 1
f 1616/813/1030 1620/814/1023 1621/814/1458
s 0
f 1620/814/1459 1619/814/306 1621/814/1460
f 1619/814/306 1622/814/307 1623/814/306
f 1615/813/1461 1618/813/1462 1621/814/1463
s 1
f 596/816/1081 599/816/707 601/905/1080
f 599/816/707 598/816/708 601/905/1080
s 0
f 634/638/306 602/638/306 607/638/306
f 638/638/306 607/638/306 614/85/306
f 642/85/306 614/85/306 605/85/306
f 650/642/1464 636/85/307 645/85/1465
f 652/642/1466 645/85/307 641/85/1467
f 653/642/1468 641/85/307 635/85/1469
f 675/645/306 680/646/1470 655/819/1471
s 1
f 680/646/721 674/638/1472 654/817/718
s 0
f 673/638/307 683/638/306 687/638/306
f 678/638/306 687/638/306 691/638/306
f 681/638/306 691/638/306 685/638/306
s 1
f 618/639/1473 623/238/1474 677/644/1475
s 0
f 677/644/1476 623/238/306 631/638/1477
s 1
f 631/638/724 621/238/1478 673/638/725
s 0
f 620/638/306 657/638/306 662/638/306
f 628/638/306 662/638/306 670/238/306
f 632/238/306 670/238/306 660/238/306
s 1
f 659/85/1479 684/648/1480 689/647/1481
f 667/85/1482 689/647/1483 686/647/1484
f 671/238/1485 686/638/1486 683/638/1487
s 0
f 658/638/306 637/638/306 648/638/306
f 664/638/306 648/638/306 644/85/306
f 668/85/306 644/85/306 636/85/306
s 1
f 703/235/733 693/235/1488 696/651/734
f 704/820/735 696/651/734 701/652/353
f 704/820/735 701/652/353 700/653/355
f 750/822/740 749/823/739 717/918/1105
f 750/822/740 770/660/1044 778/660/1489
f 750/822/740 778/660/1489 769/660/1490
s 0
f 768/660/306 781/660/306 785/660/306
f 775/660/307 785/660/306 790/660/306
f 779/660/306 790/660/306 783/660/307
s 1
f 773/661/745 718/85/1491 723/85/746
s 0
f 772/661/1492 723/85/306 731/638/1493
f 776/638/1494 731/638/306 721/85/753
f 720/638/306 752/638/306 757/638/306
f 728/638/306 757/638/306 765/85/306
f 732/85/306 765/85/306 755/85/306
s 1
f 754/85/1495 782/662/391 787/661/1234
f 762/85/1496 787/661/1234 784/638/1233
f 766/85/1497 784/638/1498 781/660/1499
s 0
f 753/638/306 792/638/306 797/638/306
f 759/638/306 797/638/306 805/85/306
f 763/85/306 805/85/306 795/85/306
s 1
f 794/238/1500 808/664/1501 810/666/1502
f 802/238/1503 810/666/1504 812/824/1505
f 806/85/1506 812/85/1507 809/85/1508
s 0
f 793/638/306 734/638/306 739/638/306
f 799/638/306 739/638/306 745/238/306
f 803/238/306 745/238/306 737/238/306
s 1
f 811/665/763 808/664/1509 813/825/1103
f 816/667/1510 820/235/1511 815/914/1101
f 820/235/1511 821/668/771 815/914/1101
f 831/945/1512 839/638/773 882/673/775
f 839/638/773 829/404/1513 875/638/774
s 0
f 828/638/306 859/638/306 864/638/306
f 836/638/306 864/638/306 872/404/306
f 840/404/306 872/404/306 862/404/306
s 1
f 861/404/1115 884/675/1117 888/677/1514
s 0
f 869/404/1515 888/677/306 892/638/1516
s 1
f 873/404/1517 892/638/1518 887/638/1519
s 0
f 886/638/306 876/638/306 880/638/306
f 890/638/306 880/638/306 877/638/306
f 893/638/306 877/638/306 875/638/306
f 860/638/306 896/638/306 901/638/306
f 866/638/306 901/638/306 909/404/306
f 870/404/306 909/404/306 899/404/306
f 898/570/1520 912/681/306 917/683/1521
s 1
f 906/570/1522 917/683/1523 918/670/1524
f 910/404/1525 918/404/1526 915/404/1527
f 916/684/788 885/679/787 884/675/790
s 0
f 897/638/306 842/638/306 847/638/306
f 903/638/306 847/638/306 855/570/306
f 907/570/306 855/570/306 845/570/306
s 1
f 913/922/1120 916/682/788 895/827/1121
f 916/682/788 912/681/1528 895/827/1121
f 919/949/1119 914/826/789 916/684/788
f 919/921/1119 916/682/788 913/922/1120
f 920/830/799 922/831/800 858/920/1114
s 0
f 882/673/307 879/674/1529 920/830/1530
s 1
f 879/674/801 876/638/1531 921/828/797
s 0
f 957/638/306 924/638/306 928/638/306
f 961/638/306 928/638/306 936/407/306
f 965/407/306 936/407/306 926/407/306
s 1
f 975/690/1532 974/692/1533 939/833/1534
s 0
f 973/689/1535 959/407/306 968/407/1536
f 976/834/1537 968/407/306 964/407/1536
f 977/693/1538 964/407/306 958/407/1539
s 1
f 1000/695/820 998/638/1540 979/837/814
s 0
f 998/638/306 1003/696/1541 979/837/1542
s 1
f 1003/696/815 997/638/1543 978/835/813
s 0
f 996/638/306 1006/638/307 1011/638/306
f 1001/638/306 1011/638/306 1015/638/306
f 1004/638/306 1015/638/306 1009/638/306
s 1
f 941/688/1544 946/566/1545 1000/695/820
f 946/566/1545 954/638/818 1000/695/820
f 954/638/818 944/566/1546 996/638/819
s 0
f 943/638/306 980/638/306 985/638/306
f 951/638/306 985/638/306 993/566/306
f 955/566/306 993/566/306 983/566/306
s 1
f 982/407/1547 1007/697/1548 1013/699/1549
f 990/407/1550 1013/699/1551 1010/838/1552
s 0
f 994/566/1553 1010/638/307 1006/638/1554
f 981/638/306 960/638/306 971/638/306
f 987/638/306 971/638/306 967/407/306
f 991/407/306 967/407/306 959/407/306
f 1008/691/1555 1007/697/1556 973/689/1557
f 1047/638/306 1017/638/306 1021/638/306
f 1051/638/306 1021/638/306 1028/85/306
f 1055/85/306 1028/85/306 1019/85/306
s 1
f 1063/706/854 1065/705/1558 1046/840/827
s 0
f 1064/841/1559 1049/85/307 1058/85/1560
f 1066/842/1561 1058/85/307 1054/85/1562
f 1067/707/1563 1054/85/307 1048/85/1564
s 1
f 1088/924/1138 1093/709/1565 1031/845/842
f 713/815/1084 609/85/1566 603/85/1567 597/887/1082
s 0
f 1086/638/307 1096/638/306 1100/638/306
f 1091/638/306 1100/638/306 1104/638/306
f 1094/638/306 1104/638/306 1098/638/306
s 1
f 1036/946/1568 1037/704/845 1090/708/847
f 1037/704/845 1034/238/1569 1086/638/846
s 0
f 1033/638/306 1070/638/306 1075/638/306
f 1041/638/306 1075/638/306 1083/238/306
f 1044/238/306 1083/238/306 1073/238/306
s 1
f 1072/85/1570 1097/712/1571 1102/713/1572
f 1080/85/1573 1102/713/1574 1099/710/1575
f 1084/238/1576 1099/638/1577 1096/638/1578
s 0
f 1071/638/306 1050/638/306 1061/638/306
f 1077/638/306 1061/638/306 1057/85/306
f 1081/85/306 1057/85/306 1049/85/306
f 1135/638/306 1106/638/306 1111/638/306
f 1139/638/306 1111/638/306 1118/235/306
f 1143/235/306 1118/235/306 1109/235/306
s 1
f 1151/724/885 1153/723/1579 1156/846/857
s 0
f 1152/847/1580 1137/89/307 1146/89/1581
f 1154/848/1582 1146/89/307 1142/89/1583
f 1155/725/1584 1142/235/307 1136/235/1585
s 1
f 1175/726/1586 1178/947/1587 1157/852/872
f 1178/947/1587 1183/727/873 1157/852/872
f 1183/727/873 1177/638/1588 1158/850/870
s 0
f 1176/638/307 1186/638/306 1190/638/306
f 1181/638/306 1190/638/306 1194/638/306
f 1184/638/306 1194/638/306 1188/638/307
s 1
f 1126/721/876 1124/89/1589 1176/638/877
s 0
f 1123/638/306 1159/638/306 1164/638/306
f 1130/638/306 1164/638/306 1172/89/306
f 1133/89/306 1172/89/306 1162/89/306
s 1
f 1161/89/1590 1187/729/1591 1192/730/1592
f 1169/89/1593 1192/730/1594 1189/638/1595
f 1173/89/1596 1189/638/1597 1186/638/1598
s 0
f 1160/638/306 1138/638/306 1149/638/306
f 1166/638/306 1149/638/306 1145/89/306
f 1170/89/306 1145/89/306 1137/89/306
s 1
f 1250/741/890 1249/739/1356 1229/854/887
s 0
f 1248/739/307 1259/739/306 1264/739/306
f 1254/739/307 1264/739/306 1269/739/307
f 1257/739/306 1269/739/307 1262/739/307
s 1
f 1247/738/1061 1196/732/1599 1201/732/1600
f 1201/732/1601 1209/638/898 1255/638/900
f 1209/638/898 1199/570/311 1248/739/899
s 0
f 1198/638/306 1231/638/306 1236/638/306
f 1206/638/306 1236/638/306 1244/570/306
f 1210/570/306 1244/570/306 1234/570/306
s 1
f 1233/404/1602 1260/742/1603 1266/375/1604
s 0
f 1241/570/1605 1266/739/307 1263/739/1606
f 1245/570/1605 1263/739/307 1259/739/1607
f 1232/638/306 1272/638/306 1277/638/306
f 1238/638/306 1277/638/306 1285/404/306
f 1242/404/306 1285/404/306 1275/404/306
f 1274/404/1608 1288/748/307 1291/750/1609
s 1
f 1282/404/1610 1291/750/1611 1292/858/1612
s 0
f 1286/404/1613 1292/858/307 1290/859/1614
s 1
f 1293/749/914 1261/745/892 1268/743/912
f 1268/743/912 1260/742/1615 1290/859/913
s 0
f 1273/638/306 1212/638/306 1216/638/306
f 1279/638/306 1216/638/306 1224/404/306
f 1283/404/306 1224/404/306 1214/404/306
s 1
f 1289/927/1149 1293/749/914 1228/861/1148
f 1293/749/914 1288/748/1616 1228/861/1148
f 1227/857/888 1293/749/914 1289/927/1149
f 1349/756/929 1347/757/1617 1328/864/923
f 1347/757/1617 1352/758/924 1328/864/923
f 1352/758/924 1346/757/1618 1327/862/921
s 0
f 1345/757/306 1355/757/307 1359/757/306
f 1350/757/306 1359/757/306 1363/757/306
f 1353/757/306 1363/757/306 1357/757/306
s 1
f 1294/751/1619 1299/407/1620 1349/756/929
f 1299/407/1620 1307/638/927 1349/756/929
f 1307/638/927 1297/407/1621 1345/757/928
s 0
f 1296/638/306 1329/638/306 1334/638/306
f 1304/638/306 1334/638/306 1342/407/306
f 1308/407/306 1342/407/306 1332/407/306
s 1
f 1331/407/1622 1356/762/1623 1361/761/1624
f 1339/407/1625 1361/761/1626 1358/638/1627
f 1343/407/1628 1358/638/1629 1355/757/1630
s 0
f 1330/638/306 1366/638/306 1371/638/306
f 1336/638/306 1371/638/306 1379/407/306
f 1340/407/306 1379/407/306 1369/407/306
s 1
f 1368/566/1631 1382/766/1632 1385/768/1633
s 0
f 1376/407/1634 1385/948/307 1386/865/1635
s 1
f 1380/407/1636 1386/865/1637 1384/866/1638
s 0
f 1367/638/306 1310/638/306 1315/638/306
f 1373/638/306 1315/638/306 1323/566/306
f 1377/566/306 1323/566/306 1313/566/306
s 1
f 1383/929/1161 1387/767/1639 1365/867/946
f 1387/767/1639 1382/766/1640 1365/867/946
f 1326/928/922 1387/767/1639 1383/929/1161
s 0
f 1438/775/306 1441/775/1641 1420/870/1642
s 1
f 1441/775/1643 1446/777/953 1420/870/952
s 0
f 1446/777/306 1440/775/1644 1419/868/1645
f 1439/775/306 1449/775/306 1452/775/306
f 1444/775/306 1452/775/306 1456/775/306
f 1447/775/306 1456/775/306 1450/775/306
s 1
f 1388/85/1646 1400/769/956 1443/776/958
f 1400/769/956 1391/85/1647 1439/775/957
s 0
f 1390/638/306 1422/638/306 1427/638/306
f 1397/638/306 1427/638/306 1435/85/306
f 1401/85/306 1435/85/306 1425/85/306
s 1
f 1424/85/1648 1455/780/1649 1454/778/1650
f 1432/85/1651 1454/778/1652 1451/638/1653
f 1436/85/1654 1451/638/1655 1449/775/1656
s 0
f 1423/638/306 1458/638/306 1463/638/306
f 1429/638/306 1463/638/306 1471/85/306
f 1433/85/306 1471/85/306 1461/85/306
s 1
f 1460/238/1657 1474/782/620 1476/784/622
f 1468/85/1658 1476/788/622 1477/785/623
f 1472/85/1659 1477/785/623 1475/787/624
s 0
f 1459/638/306 1403/638/306 1408/638/306
f 1465/638/306 1408/638/306 1415/238/306
f 1469/238/306 1415/238/306 1406/238/306
s 1
f 1529/793/1054 1533/793/1660 1511/873/977
f 1511/873/977 1533/793/1660 1537/795/978
f 1537/795/978 1531/793/1661 1510/871/975
s 0
f 1530/793/307 1540/793/307 1545/793/306
f 1535/793/306 1545/793/306 1551/793/307
f 1538/793/306 1551/793/307 1543/793/307
s 1
f 1532/794/985 1478/667/1662 1483/235/1663
f 1483/235/1663 1491/638/983 1532/794/985
f 1491/638/983 1481/235/1664 1530/793/984
s 0
f 1480/638/306 1513/638/306 1518/638/306
f 1488/638/306 1518/638/306 1526/235/306
f 1492/235/306 1526/235/306 1516/235/306
s 1
f 1515/89/1665 1541/798/1666 1548/799/1667
f 1523/89/1668 1548/799/1669 1544/796/1670
f 1527/235/1671 1544/638/1672 1540/793/1673
s 0
f 1514/638/306 1553/638/306 1558/638/306
f 1520/638/306 1558/638/306 1566/89/306
f 1524/89/306 1566/89/306 1556/89/306
s 1
f 1555/89/1674 1569/804/1675 1572/806/1676
s 0
f 1563/89/1677 1572/806/307 1573/875/1678
s 1
f 1567/89/1679 1573/875/1680 1571/876/1681
f 1570/805/998 1542/874/979 1550/801/980
f 1570/805/998 1550/801/980 1547/800/1682
f 1570/805/998 1547/800/1682 1541/798/999
s 0
f 1554/638/306 1494/638/306 1498/638/306
f 1560/638/306 1498/638/306 1506/89/306
f 1564/89/306 1506/89/306 1496/89/307
s 1
f 1570/805/998 1569/804/1683 1509/878/1059
f 1587/879/1007 1591/808/1013 1592/808/1008
s 0
f 1588/879/307 1592/808/306 1590/808/1684
s 1
f 1595/890/1685 1596/889/1063 1594/944/1014
f 1606/809/1029 1597/809/1062 1599/809/1686
f 1606/809/1029 1599/809/1686 1602/810/1687
f 1602/810/1687 1603/810/692 1606/809/1029
f 1607/883/1688 1608/882/1017 1605/89/1689
f 1610/811/695 1609/811/1690 1604/939/1179
f 1612/811/1018 1608/882/1017 1607/883/1688
f 1604/939/1179 1611/811/696 1610/811/695
f 604/85/709 613/85/1691 713/815/1692 596/816/1081
f 626/238/1693 700/653/1694 694/235/1695 619/238/1696
s 0
f 677/644/306 675/645/1697 705/906/1698
s 1
f 823/235/1699 744/657/1700 735/238/1701 817/235/1702
s 0
f 626/238/306 622/238/319 700/653/320
f 700/653/1703 622/238/1704 618/639/1705
f 713/815/307 719/85/307 726/85/1706
f 714/887/307 726/85/307 722/85/1707
s 1
f 722/85/1040 718/85/1708 713/815/1041
f 736/658/1709 744/657/1700 819/235/1710 816/667/1510
f 744/657/1700 823/235/1699 819/235/1710
f 591/655/1045 592/654/1047 707/655/1711 710/655/1712
s 0
f 817/235/306 694/235/306 698/235/306
f 822/235/307 698/235/306 695/235/307
f 825/235/306 695/235/307 693/235/307
f 719/85/306 603/85/307 610/85/306
f 725/85/306 610/85/306 606/638/306
f 729/638/306 606/638/306 602/638/306
f 637/638/306 753/638/306 760/638/306
f 647/638/306 760/638/306 756/638/306
f 639/638/306 756/638/306 752/638/306
f 657/638/306 793/638/306 800/638/306
f 661/638/306 800/638/306 796/638/306
f 665/638/306 796/638/306 792/638/306
f 619/238/306 735/238/306 741/238/306
f 625/238/306 741/238/306 738/638/306
f 629/638/306 738/638/306 734/638/306
s 1
f 930/407/1713 925/407/1714 827/404/1715 834/404/1716
s 0
f 591/655/1717 710/655/307 708/654/1718
s 1
f 592/654/1047 708/654/1046 709/654/1034
f 934/832/1719 930/407/1713 834/404/1716 830/404/1720
f 945/566/1721 1026/839/826 1027/703/1050 949/566/1049
s 0
f 830/404/306 831/945/334 934/832/333
f 1018/85/1722 942/566/306 949/566/1723
s 1
f 1039/238/1724 1113/716/1725 1107/235/1726 1032/238/1727
f 1026/839/826 945/566/1721 941/688/1544
f 1156/846/857 1090/708/847 1088/924/1138
f 1036/946/1568 1108/719/856 1113/716/1728 1035/238/1729
s 0
f 1039/238/1730 1035/238/1731 1113/716/1732
s 1
f 1128/89/1733 849/570/1734 843/570/1735 1122/89/1220
f 895/827/1121 1180/638/878 1175/726/1586
f 1125/89/1736 853/570/1737 849/570/1734 1128/89/1733
f 844/671/1738 853/570/1737 1125/89/1736 1126/721/876
f 1302/407/1739 1218/404/1740 1213/404/1741 1295/407/1742
f 1222/860/1743 1218/404/1740 1302/407/1739 1298/407/1744
f 1321/754/1745 1317/566/1052 1395/85/1051 1392/85/1746
f 1298/407/1744 1294/751/1619 1222/860/1743
s 0
f 1311/566/1747 1389/85/307 1395/85/1748
s 1
f 1312/753/945 1321/754/1745 1392/85/1746 1388/85/1646
f 1486/235/1749 1410/770/1750 1404/238/1751 1479/235/1752
f 1478/667/1753 1405/773/1754 1410/770/1750 1482/235/1755
f 1486/235/1749 1482/235/1755 1410/770/1750
f 1504/877/1756 1500/89/1058 1204/570/1057 1200/570/1757
s 0
f 1495/89/1758 1197/570/306 1204/570/1759
s 1
f 1586/807/1760 1585/807/1015 1601/809/687 1598/809/686
f 1504/877/1756 1200/570/1757 1196/732/1599
s 0
f 1032/238/306 1404/238/306 1411/238/306
f 1038/238/306 1411/238/306 1407/638/306
f 1042/638/306 1407/638/306 1403/638/306
f 1458/638/306 1071/638/306 1078/638/306
f 1462/638/306 1078/638/306 1074/638/306
f 1466/638/306 1074/638/306 1070/638/306
f 1422/638/306 1047/638/306 1052/638/306
f 1426/638/306 1052/638/306 1060/638/306
f 1430/638/306 1060/638/306 1050/638/306
f 1389/85/307 1018/85/306 1023/85/306
f 1394/85/306 1023/85/306 1020/638/306
f 1398/638/306 1020/638/306 1017/638/306
f 1295/407/306 925/407/306 931/407/306
f 1301/407/306 931/407/306 927/638/306
f 1305/638/306 927/638/306 924/638/306
f 960/638/306 1330/638/306 1337/638/306
f 970/638/306 1337/638/306 1333/638/306
f 962/638/306 1333/638/306 1329/638/306
f 980/638/306 1367/638/306 1374/638/306
f 984/638/306 1374/638/306 1370/638/306
f 988/638/306 1370/638/306 1366/638/306
f 942/566/307 1311/566/306 1318/566/306
f 948/566/306 1318/566/306 1314/638/306
f 952/638/306 1314/638/306 1310/638/306
f 1122/89/307 1495/89/307 1501/89/306
f 1127/89/306 1501/89/306 1497/638/306
f 1131/638/306 1497/638/306 1494/638/306
f 1553/638/306 1160/638/306 1167/638/306
f 1557/638/306 1167/638/306 1163/638/306
f 1561/638/306 1163/638/306 1159/638/306
f 1513/638/306 1135/638/306 1140/638/306
f 1517/638/306 1140/638/306 1148/638/306
f 1521/638/306 1148/638/306 1138/638/306
f 1479/235/306 1107/235/306 1114/235/306
f 1485/235/306 1114/235/306 1110/638/306
f 1489/638/306 1110/638/306 1106/638/306
f 1197/570/306 843/570/307 850/570/306
f 1203/570/306 850/570/306 846/638/306
f 1207/638/306 846/638/306 842/638/306
f 896/638/306 1232/638/306 1239/638/306
f 900/638/306 1239/638/306 1235/638/306
f 904/638/306 1235/638/306 1231/638/306
f 859/638/306 1273/638/306 1280/638/306
f 863/638/306 1280/638/306 1276/638/306
f 867/638/306 1276/638/306 1272/638/306
f 827/404/306 1213/404/306 1219/404/306
f 833/404/306 1219/404/306 1215/638/306
f 837/638/306 1215/638/306 1212/638/306
s 1
f 588/950/1761 577/951/1762 578/952/1068 589/902/1077
s 0
f 1586/807/1065 1598/809/306 1597/809/334
s 1
f 1617/812/1064 1596/889/1063 1595/890/1685
f 577/951/1762 581/898/1073 583/894/1069 578/952/1068
f 587/899/1074 579/896/1071 577/953/1762 588/954/1761
f 577/953/1762 579/896/1071 585/895/1070 581/898/1073
f 582/892/1067 586/955/1763 580/956/1764 578/893/1068
f 590/957/1765 589/958/1077 578/893/1068 580/956/1764
f 587/959/1074 590/960/1765 580/961/1764 579/962/1071
f 586/955/1763 584/897/1072 579/962/1071 580/961/1764
f 581/898/1073 584/897/1072 586/955/1763 582/892/1067
f 594/900/1075 587/899/1074 588/954/1761 595/904/706
f 581/898/1073 585/895/1070 584/897/1072
f 593/963/1076 702/908/1094 590/960/1765 587/959/1074
f 601/905/1080 588/950/1761 589/902/1077 617/641/331
f 656/818/719 589/958/1077 590/957/1765 705/906/1087
f 588/954/1761 601/964/1080 595/904/706
f 709/654/1034 712/913/1096 593/901/1076 592/654/1047
f 702/908/1094 705/907/1087 590/960/1765
f 592/654/1047 600/903/1078 715/886/1033
f 618/639/1473 677/644/1475 705/906/1087 700/653/355
f 702/908/1094 593/963/1076 712/911/1096
f 594/900/1075 595/904/706 600/903/1078
f 601/905/1080 617/641/331 604/85/709
f 598/816/708 595/566/706 601/905/1080
s 0
f 597/887/1766 603/85/307 719/85/1767
f 720/638/306 602/638/306 634/638/306
s 1
f 605/85/1768 617/641/331 651/640/330
f 939/833/803 858/920/1114 706/912/1095 715/886/1033
s 0
f 621/238/306 660/238/1769 683/638/1770
f 619/238/333 694/235/306 817/235/334
f 793/638/306 657/638/306 620/638/306
f 659/85/307 636/85/1771 650/642/1464
f 753/638/306 637/638/306 658/638/306
f 654/817/1772 674/638/306 685/638/1773
s 1
f 703/235/733 704/820/735 818/235/1774
f 923/910/798 1121/851/871 702/908/1094 712/911/1096
f 706/912/1095 858/920/1114 923/829/798
f 940/923/1124 716/888/1042 717/918/1105 1069/917/841
f 713/815/705 718/85/377 773/661/1043
f 716/888/1042 750/822/740 717/918/1105
f 716/965/1042 940/407/1124 939/833/803 715/886/1033
f 815/914/1101 813/825/1103 736/658/1709 816/667/1510
f 715/886/1033 595/904/706 716/965/1042
f 716/888/1042 770/660/1044 750/822/740
f 749/823/739 751/821/738 717/918/1105
s 0
f 721/85/306 755/85/755 781/660/1775
s 1
f 737/238/1776 813/825/1777 808/664/1777
f 1031/845/842 814/915/1102 815/914/1101 1156/846/857
f 814/916/1102 751/821/738 782/662/391 811/85/763
f 814/915/1102 1031/845/842 1069/844/841
s 0
f 748/822/1778 769/660/306 783/660/1779
s 1
f 814/916/1102 717/918/1105 751/821/738
f 1121/851/871 1156/89/857 815/919/1101 702/908/1094
s 0
f 754/85/306 795/85/1780 809/85/1781
s 1
f 821/668/771 704/820/735 815/914/1101
f 831/945/1512 882/673/775 939/833/803 934/832/802
f 844/671/1738 1126/721/876 1180/638/878 895/827/1121
s 0
f 829/404/307 862/404/779 887/638/780
f 827/404/320 925/407/306 1295/407/319
f 1273/638/306 859/638/306 828/638/306
f 1198/638/306 842/638/306 897/638/306
s 1
f 845/570/1782 895/827/1783 912/681/1783
f 1157/852/872 1121/851/871 923/910/798 919/921/1119
s 0
f 1122/89/1784 843/570/306 1197/570/1785
s 1
f 923/829/798 885/679/429 914/826/1786 919/949/1119
s 0
f 861/404/307 899/404/785 915/404/1787
f 1232/638/306 896/638/306 860/638/306
f 921/828/1788 876/638/307 886/638/1789
s 1
f 1175/726/1586 1157/852/872 919/921/1119 895/827/1121
f 941/688/1544 1000/695/820 1046/840/827 1026/839/826
s 0
f 1296/638/306 924/638/306 957/638/306
s 1
f 926/407/1790 939/833/1534 974/692/1533
f 979/837/814 939/836/803 940/923/1124
f 1000/695/820 979/837/814 1069/917/841 1046/840/827
s 0
f 944/566/306 983/566/1791 1006/638/1792
f 942/566/1793 1018/85/307 1389/85/1794
f 1367/638/306 980/638/306 943/638/306
f 982/407/306 959/407/1539 973/689/1795
f 1330/638/306 960/638/306 981/638/306
f 978/835/1796 997/638/306 1009/638/1797
s 1
f 1036/946/1568 1090/708/847 1156/846/857 1108/719/856
s 0
f 1047/638/306 1422/638/306 1390/638/306
s 1
f 1019/85/1798 1046/840/827 1065/705/1558
f 1227/857/888 1228/861/1148 1328/864/923 1326/863/922
s 0
f 1034/238/306 1073/238/1799 1096/638/1800
f 1032/238/333 1107/235/306 1479/235/334
f 1033/638/306 1403/638/306 1459/638/306
f 1072/85/307 1049/85/1801 1064/841/1559
f 1071/638/306 1458/638/306 1423/638/306
f 1068/843/1802 1087/638/306 1098/638/1803
f 1135/638/306 1513/638/306 1480/638/306
s 1
f 1109/235/1804 1156/846/857 1153/723/1579
s 0
f 1124/89/307 1162/89/1805 1186/638/1806
f 1123/638/306 1494/638/306 1554/638/306
f 1161/89/307 1137/89/1807 1152/847/1580
f 1160/638/306 1553/638/306 1514/638/306
f 1158/850/1808 1177/638/307 1188/638/1809
s 1
f 1574/932/1174 1227/857/888 1326/863/922 1575/966/1810
f 1574/967/1174 1577/968/1066 1509/878/1059 1227/855/888
f 1509/878/1059 1230/856/889 1227/855/888
f 1247/738/1061 1509/878/1059 1504/877/1756 1196/732/1599
f 1349/756/929 1228/861/1148 1222/860/1743 1294/751/1619
s 0
f 1199/570/306 1234/570/1811 1259/739/1812
s 1
f 1214/404/1813 1228/861/1148 1288/748/1616
f 1365/867/946 1312/753/945 1388/85/1646 1443/776/958
f 1349/756/929 1328/864/923 1228/861/1148
s 0
f 1229/854/1814 1249/739/306 1262/739/1815
s 1
f 1509/878/1059 1250/741/890 1230/856/889
s 0
f 1233/404/306 1275/404/1816 1290/859/1817
f 1297/407/306 1332/407/1818 1355/757/1819
s 1
f 1313/566/1820 1365/867/946 1382/766/1640
f 1575/950/1810 1326/928/922 1421/869/951 1576/930/1166
f 1420/870/952 1421/869/951 1326/928/922
f 1326/928/922 1365/867/946 1438/775/1053 1420/870/952
s 0
f 1327/862/1821 1346/757/306 1357/757/1822
f 1331/407/306 1369/407/940 1384/866/1823
s 1
f 1418/783/621 1405/773/971 1478/667/1824 1532/794/1055
s 0
f 1391/85/307 1425/85/1825 1449/775/1826
s 1
f 1406/238/1827 1418/783/621 1474/782/620
f 1576/935/1166 1418/783/621 1512/872/976 1577/891/1066
f 1511/873/977 1512/872/976 1418/783/621
f 1578/933/1175 1574/932/1174 1575/966/1810 1582/937/1177
s 0
f 1419/868/1645 1440/775/307 1450/775/1828
s 1
f 1421/869/951 1455/780/954 1418/786/621
s 0
f 1424/85/306 1461/85/1829 1475/787/970
s 1
f 1529/793/1054 1511/873/977 1418/783/621
s 0
f 1481/235/307 1516/235/1830 1540/793/1831
s 1
f 1496/89/1832 1509/878/1059 1569/804/1683
f 1512/931/976 1509/878/1059 1577/968/1066
s 0
f 1510/871/1833 1531/793/307 1543/793/1834
s 1
f 1542/874/979 1570/805/998 1512/872/976
s 0
f 1515/89/307 1556/89/1835 1571/876/997
s 1
f 1580/940/1176 1604/939/1179 1577/968/1066 1574/967/1174
f 1583/942/1181 1575/950/1810 1576/930/1166 1589/880/1012
f 1585/807/1015 1576/935/1166 1577/891/1066 1601/809/687
f 1575/966/1810 1583/407/1181 1582/937/1177
f 1579/969/1178 1581/970/1180 1589/943/1012 1624/884/1021
f 1605/235/1689 1603/810/692 1577/891/1066
f 1604/939/1179 1605/89/1689 1577/968/1066
f 1579/938/1178 1580/934/1176 1578/933/1175
f 1582/971/1177 1581/970/1180 1579/969/1178
f 1594/881/1014 1584/807/1016 1597/809/1062 1606/809/1029
f 1624/884/1021 1580/940/1176 1579/969/1178
f 1068/843/840 1031/845/842 1093/709/1565 1087/638/1836
f 1583/942/1181 1581/941/1180 1582/566/1177
f 1587/879/1007 1590/808/1011 1589/880/1012
f 1624/884/1021 1589/943/1012 1596/889/1063 1615/813/1026
f 1595/890/1685 1594/944/1014 1606/885/1029 1614/812/1028
f 1608/235/1017 1606/809/1029 1603/810/692 1605/235/1689
f 1609/811/1690 1607/883/1688 1605/89/1689 1604/939/1179
f 1624/884/1021 1620/814/1023 1606/885/1029 1608/882/1017
