# Blender 5.2.2 LTS
# www.blender.org
mtllib rare_bone.mtl
o Ancient_bone
v 2.037631 0.015583 -0.806363
v 2.134725 0.015583 -0.768633
v 2.134725 -0.151471 -0.768633
v 2.279398 -0.234999 -0.610880
v 2.424072 -0.151471 -0.768633
v 2.424072 0.015583 0.726578
v 2.279398 -0.234999 0.568826
v 2.279398 -0.234999 -0.021030
v 2.424072 0.015583 -0.768633
v 2.424072 -0.151471 -0.768633
v 2.528466 -0.151471 -0.798518
v 2.528466 0.015583 -0.798518
v 2.222520 -0.151472 -0.931898
v 2.222520 0.015583 -0.931898
v 2.424072 -0.151472 -0.021030
v 2.279398 -0.234999 0.568826
v 2.134725 -0.151471 0.726578
v 2.134725 -0.151472 -0.021030
v 2.279398 0.099110 -0.021030
v 2.424072 0.015583 0.726578
v 2.279398 0.099110 0.568826
v 2.279398 0.099110 -0.021030
v 2.134725 0.015583 -0.021030
v 2.279398 0.099110 0.568826
v 2.424072 -0.151472 -0.021030
v 2.424071 0.015583 -0.021030
v 2.279398 0.099110 -0.021030
v 2.134725 0.015583 -0.021030
v 2.134725 -0.151472 -0.021030
v 2.279398 -0.234999 -0.021030
v 2.279398 -0.234999 -0.610880
v 2.134725 -0.151471 -0.768633
v 2.134725 -0.151472 -0.021030
v 2.279398 -0.234999 -0.021030
v 2.134725 -0.151471 -0.768633
v 2.134725 0.015583 -0.768633
v 2.737740 0.036836 0.989594
v 2.512990 0.036836 1.157158
v 2.512990 -0.172723 1.157158
v 2.134725 -0.151471 0.726578
v 2.134725 0.015583 0.726578
v 2.134725 0.015583 -0.021030
v 2.424072 -0.151472 -0.021030
v 2.279398 -0.234999 -0.021030
v 2.279398 -0.234999 -0.610880
v 2.424072 -0.151471 -0.768633
v 2.424071 0.015583 -0.021030
v 2.424072 -0.151472 -0.021030
v 2.424072 -0.151471 -0.768633
v 2.424072 0.015583 -0.768633
v 2.279398 0.099110 -0.021030
v 2.424071 0.015583 -0.021030
v 2.424072 0.015583 -0.768633
v 2.279398 0.099110 -0.610880
v 2.134725 0.015583 -0.021030
v 2.279398 0.099110 -0.021030
v 2.279398 0.099110 -0.610880
v 2.134725 0.015583 -0.768633
v 2.134725 -0.151472 -0.021030
v 2.134725 0.015583 -0.021030
v 2.512990 -0.172723 -1.199214
v 2.512990 0.036836 -1.199214
v 2.737740 0.036836 -1.031648
v 2.737741 -0.172723 -1.031648
v 2.134725 -0.151472 -0.021030
v 2.424072 0.015583 -0.768633
v 2.424072 -0.151471 -0.768633
v 2.528466 -0.151471 -0.798518
v 2.061677 0.040217 -1.227453
v 2.061677 -0.176106 -1.227453
v 1.822260 -0.176106 -1.064895
v 1.822260 0.040217 -1.064895
v 2.424071 0.015583 -0.021030
v 2.424072 0.015583 0.726578
v 2.349301 -0.151472 -0.932096
v 2.424071 0.015583 -0.021030
v 2.424072 -0.151472 -0.021030
v 2.424072 -0.151471 0.726578
v 2.349301 -0.151472 -0.932096
v 2.349301 0.015583 -0.932096
v 2.134725 -0.151471 -0.768633
v 2.037631 -0.151471 -0.806363
v 2.222520 -0.151472 -0.931898
v 2.134725 0.015583 0.726578
v 2.424072 -0.151471 0.726578
v 2.279398 0.099110 -0.021030
v 2.528466 0.015583 -0.798518
v 2.424072 0.015583 -0.768633
v 2.134725 0.015583 -0.021030
v 2.134725 0.015583 -0.768633
v 2.222520 0.015583 -0.931898
v 2.349301 0.015583 -0.932096
v 2.061677 -0.176106 1.185399
v 2.061677 0.040217 1.185399
v 2.279398 0.099110 0.568826
v 2.134725 0.015583 0.726578
v 2.037631 -0.151471 -0.806363
v 2.037631 0.015583 -0.806363
v 2.134725 0.015583 -0.768633
v 2.134725 -0.151471 -0.768633
v 2.424071 0.015583 -0.021030
v 2.424072 -0.151472 -0.021030
v 1.822260 0.040217 1.022840
v 1.822260 -0.176106 1.022840
v 2.279398 0.099110 -0.610880
v 2.134725 -0.151472 -0.021030
v 2.279398 -0.234999 -0.021030
v 2.279398 -0.234999 -0.021030
v 2.224790 -0.203705 -1.052949
v 2.224789 0.067816 -1.052949
v 2.222520 0.015583 -0.931898
v 2.222520 -0.151472 -0.931898
v 1.924281 -0.203705 -0.848911
v 2.224790 -0.203705 -1.052949
v 2.222520 -0.151472 -0.931898
v 2.037631 -0.151471 -0.806363
v 1.924281 0.067816 -0.848911
v 1.924281 -0.203705 -0.848911
v 2.037631 -0.151471 -0.806363
v 2.037631 0.015583 -0.806363
v 2.224789 0.067816 -1.052949
v 1.924281 0.067816 -0.848911
v 2.037631 0.015583 -0.806363
v 2.222520 0.015583 -0.931898
v 2.352937 0.063572 -1.044378
v 2.352938 -0.199460 -1.044378
v 2.349301 -0.151472 -0.932096
v 2.349301 0.015583 -0.932096
v 2.635036 0.063572 -0.834056
v 2.352937 0.063572 -1.044378
v 2.349301 0.015583 -0.932096
v 2.528466 0.015583 -0.798518
v 2.635036 -0.199460 -0.834057
v 2.635036 0.063572 -0.834056
v 2.528466 0.015583 -0.798518
v 2.528466 -0.151471 -0.798518
v 2.352938 -0.199460 -1.044378
v 2.635036 -0.199460 -0.834057
v 2.528466 -0.151471 -0.798518
v 2.349301 -0.151472 -0.932096
v 2.127969 -0.203705 -1.195546
v 2.127969 0.067816 -1.195546
v 2.224789 0.067816 -1.052949
v 2.224790 -0.203705 -1.052949
v 1.827460 -0.203705 -0.991508
v 2.127969 -0.203705 -1.195546
v 2.224790 -0.203705 -1.052949
v 1.924281 -0.203705 -0.848911
v 1.827460 0.067816 -0.991509
v 1.827460 -0.203705 -0.991508
v 1.924281 -0.203705 -0.848911
v 1.924281 0.067816 -0.848911
v 2.224789 0.067816 -1.052949
v 1.924281 0.067816 -0.848911
v 1.827460 0.067816 -0.991509
v 2.127969 0.067816 -1.195546
v 2.352938 -0.199460 -1.044378
v 2.635036 -0.199460 -0.834057
v 2.730781 -0.199459 -0.962475
v 2.448682 -0.199459 -1.172797
v 2.635036 -0.199460 -0.834057
v 2.635036 0.063572 -0.834056
v 2.730781 0.063572 -0.962475
v 2.730781 -0.199459 -0.962475
v 2.635036 0.063572 -0.834056
v 2.352937 0.063572 -1.044378
v 2.448681 0.063572 -1.172797
v 2.730781 0.063572 -0.962475
v 2.352937 0.063572 -1.044378
v 2.352938 -0.199460 -1.044378
v 2.448682 -0.199459 -1.172797
v 2.448681 0.063572 -1.172797
v 2.448682 -0.199459 -1.172797
v 2.730781 -0.199459 -0.962475
v 2.737741 -0.172723 -1.031648
v 2.512990 -0.172723 -1.199214
v 2.730781 -0.199459 -0.962475
v 2.730781 0.063572 -0.962475
v 2.737740 0.036836 -1.031648
v 2.737741 -0.172723 -1.031648
v 2.730781 0.063572 -0.962475
v 2.448681 0.063572 -1.172797
v 2.512990 0.036836 -1.199214
v 2.737740 0.036836 -1.031648
v 2.448681 0.063572 -1.172797
v 2.448682 -0.199459 -1.172797
v 2.512990 -0.172723 -1.199214
v 2.512990 0.036836 -1.199214
v 2.127969 0.067816 -1.195546
v 1.827460 0.067816 -0.991509
v 1.822260 0.040217 -1.064895
v 2.061677 0.040217 -1.227453
v 1.827460 0.067816 -0.991509
v 1.827460 -0.203705 -0.991508
v 1.822260 -0.176106 -1.064895
v 1.822260 0.040217 -1.064895
v 1.827460 -0.203705 -0.991508
v 2.127969 -0.203705 -1.195546
v 2.061677 -0.176106 -1.227453
v 1.822260 -0.176106 -1.064895
v 2.127969 -0.203705 -1.195546
v 2.127969 0.067816 -1.195546
v 2.061677 0.040217 -1.227453
v 2.061677 -0.176106 -1.227453
v 2.737741 -0.172723 0.989594
v 2.349301 0.015583 0.890041
v 2.349301 -0.151471 0.890042
v 2.222520 -0.151471 0.889843
v 2.222520 0.015583 0.889843
v 2.424072 0.015583 0.726578
v 2.424072 -0.151471 0.726578
v 2.528466 -0.151471 0.756464
v 2.528466 0.015583 0.756464
v 2.424072 0.015583 0.726578
v 2.528466 0.015583 0.756464
v 2.349301 0.015583 0.890041
v 2.222520 0.015583 0.889843
v 2.037631 0.015583 0.764307
v 2.134725 0.015583 0.726578
v 2.134725 -0.151471 0.726578
v 2.037631 -0.151471 0.764307
v 2.222520 -0.151471 0.889843
v 2.349301 -0.151471 0.890042
v 2.528466 -0.151471 0.756464
v 2.424072 -0.151471 0.726578
v 2.134725 -0.151471 0.726578
v 2.134725 0.015583 0.726578
v 2.037631 0.015583 0.764307
v 2.037631 -0.151471 0.764307
v 2.424072 -0.151471 0.726578
v 2.279398 -0.234999 0.568826
v 2.134725 -0.151471 0.726578
v 2.224790 -0.203705 1.010894
v 2.224789 0.067816 1.010894
v 2.222520 0.015583 0.889843
v 2.222520 -0.151471 0.889843
v 1.924281 -0.203705 0.806856
v 2.224790 -0.203705 1.010894
v 2.222520 -0.151471 0.889843
v 2.037631 -0.151471 0.764307
v 1.924281 0.067816 0.806856
v 1.924281 -0.203705 0.806856
v 2.037631 -0.151471 0.764307
v 2.037631 0.015583 0.764307
v 2.224789 0.067816 1.010894
v 1.924281 0.067816 0.806856
v 2.037631 0.015583 0.764307
v 2.222520 0.015583 0.889843
v 2.352937 0.063572 1.002323
v 2.352938 -0.199460 1.002323
v 2.349301 -0.151471 0.890042
v 2.349301 0.015583 0.890041
v 2.635036 0.063572 0.792000
v 2.352937 0.063572 1.002323
v 2.349301 0.015583 0.890041
v 2.528466 0.015583 0.756464
v 2.635036 -0.199460 0.792002
v 2.635036 0.063572 0.792000
v 2.528466 0.015583 0.756464
v 2.528466 -0.151471 0.756464
v 2.352938 -0.199460 1.002323
v 2.635036 -0.199460 0.792002
v 2.528466 -0.151471 0.756464
v 2.349301 -0.151471 0.890042
v 2.127969 -0.203705 1.153491
v 2.127969 0.067816 1.153492
v 2.224789 0.067816 1.010894
v 2.224790 -0.203705 1.010894
v 1.827460 -0.203705 0.949454
v 2.127969 -0.203705 1.153491
v 2.224790 -0.203705 1.010894
v 1.924281 -0.203705 0.806856
v 1.827460 0.067816 0.949454
v 1.827460 -0.203705 0.949454
v 1.924281 -0.203705 0.806856
v 1.924281 0.067816 0.806856
v 2.127969 0.067816 1.153492
v 1.827460 0.067816 0.949454
v 1.924281 0.067816 0.806856
v 2.224789 0.067816 1.010894
v 2.448682 -0.199459 1.130742
v 2.730781 -0.199459 0.920421
v 2.635036 -0.199460 0.792002
v 2.352938 -0.199460 1.002323
v 2.730781 -0.199459 0.920421
v 2.730781 0.063572 0.920420
v 2.635036 0.063572 0.792000
v 2.635036 -0.199460 0.792002
v 2.730781 0.063572 0.920420
v 2.448681 0.063572 1.130742
v 2.352937 0.063572 1.002323
v 2.635036 0.063572 0.792000
v 2.448681 0.063572 1.130742
v 2.448682 -0.199459 1.130742
v 2.352938 -0.199460 1.002323
v 2.352937 0.063572 1.002323
v 2.512990 -0.172723 1.157158
v 2.737741 -0.172723 0.989594
v 2.730781 -0.199459 0.920421
v 2.448682 -0.199459 1.130742
v 2.737741 -0.172723 0.989594
v 2.737740 0.036836 0.989594
v 2.730781 0.063572 0.920420
v 2.730781 -0.199459 0.920421
v 2.737740 0.036836 0.989594
v 2.512990 0.036836 1.157158
v 2.448681 0.063572 1.130742
v 2.730781 0.063572 0.920420
v 2.512990 0.036836 1.157158
v 2.512990 -0.172723 1.157158
v 2.448682 -0.199459 1.130742
v 2.448681 0.063572 1.130742
v 2.061677 0.040217 1.185399
v 1.822260 0.040217 1.022840
v 1.827460 0.067816 0.949454
v 2.127969 0.067816 1.153492
v 1.822260 0.040217 1.022840
v 1.822260 -0.176106 1.022840
v 1.827460 -0.203705 0.949454
v 1.827460 0.067816 0.949454
v 1.822260 -0.176106 1.022840
v 2.061677 -0.176106 1.185399
v 2.127969 -0.203705 1.153491
v 1.827460 -0.203705 0.949454
v 2.061677 -0.176106 1.185399
v 2.061677 0.040217 1.185399
v 2.127969 0.067816 1.153492
v 2.127969 -0.203705 1.153491
vn -0.0000 0.8838 -0.4679
vn -0.5617 -0.0000 0.8273
vn 0.5000 0.8660 -0.0000
vn -0.5617 -0.0000 -0.8273
vn -0.0000 -0.0000 1.0000
vn -0.5000 -0.8660 -0.0000
vn 0.5977 -0.0000 0.8017
vn 0.5000 -0.8660 -0.0000
vn 1.0000 -0.0000 -0.0000
vn -0.5000 0.8660 -0.0000
vn -1.0000 -0.0000 -0.0000
vn 0.5977 -0.0000 -0.8017
vn -0.0000 -0.0000 -1.0000
vn -0.0016 -0.0000 -1.0000
vn 0.2752 -0.0000 0.9614
vn -0.0000 0.8838 0.4679
vn -0.0000 1.0000 -0.0000
vn -0.0000 -1.0000 -0.0000
vn -0.3622 -0.0000 0.9321
vn -0.0000 -0.8838 -0.4679
vn 0.9998 -0.0000 0.0187
vn 0.2624 -0.8842 0.3865
vn -0.3514 -0.0000 0.9362
vn 0.2624 0.8842 0.3864
vn 0.2624 0.8842 0.3865
vn -0.9995 -0.0000 -0.0324
vn -0.2760 0.8870 0.3702
vn 0.3163 -0.0000 0.9486
vn -0.2760 -0.8870 0.3702
vn 0.8273 -0.0000 -0.5617
vn -0.8273 -0.0000 0.5617
vn 0.8017 -0.0000 0.5977
vn -0.8017 -0.0000 -0.5977
vn 0.2446 -0.9124 -0.3281
vn 0.9950 -0.0000 0.1001
vn 0.2446 0.9124 -0.3281
vn -0.3800 -0.0000 -0.9250
vn -0.2235 0.9174 -0.3292
vn -0.9975 -0.0000 0.0707
vn -0.2235 -0.9174 -0.3292
vn 0.4337 -0.0000 -0.9011
vn -0.0016 -0.0000 1.0000
vn 0.2752 -0.0000 -0.9614
vn -0.3622 -0.0000 -0.9321
vn -0.0000 -0.8838 0.4679
vn 0.9998 -0.0000 -0.0187
vn 0.2624 -0.8842 -0.3865
vn 0.2624 -0.8842 -0.3864
vn -0.3514 -0.0000 -0.9362
vn 0.2624 0.8842 -0.3864
vn -0.9995 -0.0000 0.0324
vn -0.2760 0.8870 -0.3702
vn 0.3163 -0.0000 -0.9486
vn -0.2760 -0.8870 -0.3702
vn 0.8273 -0.0000 0.5617
vn -0.8273 -0.0000 -0.5617
vn 0.8017 -0.0000 -0.5977
vn -0.8017 -0.0000 0.5977
vn 0.2446 -0.9124 0.3281
vn 0.9950 -0.0000 -0.1001
vn 0.2446 0.9124 0.3281
vn -0.3800 -0.0000 0.9250
vn -0.2235 0.9174 0.3292
vn -0.9975 -0.0000 -0.0707
vn -0.2235 -0.9174 0.3292
vn 0.4337 -0.0000 0.9011
vt 0.784566 0.649035
vt 0.784566 0.647016
vt 0.783466 0.648025
vt 0.838260 0.682469
vt 0.825078 0.682469
vt 0.825078 0.694378
vt 0.838260 0.694378
vt 0.774136 0.649035
vt 0.779351 0.649035
vt 0.779351 0.648025
vt 0.775237 0.648025
vt 0.841909 0.682469
vt 0.855090 0.682469
vt 0.855090 0.694378
vt 0.841909 0.694378
vt 0.821429 0.693282
vt 0.821428 0.683565
vt 0.813013 0.678706
vt 0.813013 0.698141
vt 0.804598 0.693282
vt 0.804598 0.683565
vt 0.779351 0.667213
vt 0.784566 0.667213
vt 0.783466 0.668222
vt 0.779351 0.668222
vt 0.821429 0.674327
vt 0.834515 0.674327
vt 0.834515 0.662126
vt 0.821429 0.662126
vt 0.784566 0.669231
vt 0.779351 0.669231
vt 0.796182 0.687483
vt 0.804598 0.687483
vt 0.804598 0.689364
vt 0.796182 0.689364
vt 0.779351 0.647016
vt 0.779351 0.689364
vt 0.787767 0.689364
vt 0.787767 0.687483
vt 0.779351 0.687483
vt 0.851346 0.714722
vt 0.838260 0.714722
vt 0.838260 0.702520
vt 0.851346 0.702520
vt 0.770936 0.689364
vt 0.770936 0.687483
vt 0.829844 0.718338
vt 0.821429 0.713479
vt 0.821429 0.703762
vt 0.838260 0.713479
vt 0.838260 0.703762
vt 0.829844 0.698903
vt 0.774136 0.647016
vt 0.839011 0.658128
vt 0.854339 0.658128
vt 0.854339 0.678325
vt 0.839011 0.678325
vt 0.821113 0.702207
vt 0.813097 0.702207
vt 0.813097 0.715034
vt 0.821113 0.715034
vt 0.774136 0.667213
vt 0.775237 0.668222
vt 0.785705 0.647628
vt 0.784829 0.646339
vt 0.785707 0.648513
vt 0.784775 0.649763
vt 0.785707 0.668710
vt 0.784775 0.669960
vt 0.785705 0.667826
vt 0.784829 0.666536
vt 0.822017 0.654243
vt 0.829239 0.654243
vt 0.829239 0.641816
vt 0.822017 0.641816
vt 0.774136 0.669231
vt 0.812325 0.656696
vt 0.804598 0.653362
vt 0.804598 0.642697
vt 0.812325 0.639363
vt 0.786550 0.667841
vt 0.785126 0.665745
vt 0.837671 0.637931
vt 0.837671 0.658128
vt 0.785126 0.645548
vt 0.786550 0.647644
vt 0.795618 0.638833
vt 0.787767 0.642189
vt 0.787767 0.653870
vt 0.795618 0.657226
vt 0.786490 0.648538
vt 0.785023 0.650506
vt 0.804914 0.718719
vt 0.804914 0.698522
vt 0.785023 0.670703
vt 0.786490 0.668735
vt 0.821429 0.656696
vt 0.821428 0.639363
vt 0.787544 0.667166
vt 0.786121 0.665070
vt 0.798756 0.658128
vt 0.788149 0.658128
vt 0.788149 0.678325
vt 0.798756 0.678325
vt 0.786121 0.644873
vt 0.787544 0.646969
vt 0.785918 0.671371
vt 0.787386 0.669403
vt 0.815288 0.678325
vt 0.805427 0.678325
vt 0.805427 0.658128
vt 0.815288 0.658128
vt 0.787386 0.649206
vt 0.785918 0.651174
vt 0.804598 0.638833
vt 0.804598 0.657226
vt 0.786401 0.671420
vt 0.787570 0.669852
vt 0.820599 0.676272
vt 0.820599 0.660181
vt 0.787570 0.649655
vt 0.786401 0.651223
vt 0.855090 0.700963
vt 0.855090 0.716278
vt 0.786633 0.644836
vt 0.787767 0.646506
vt 0.804215 0.660181
vt 0.804215 0.676272
vt 0.787767 0.666704
vt 0.786633 0.665034
vt 0.838260 0.695898
vt 0.838260 0.680949
vt 0.820677 0.718719
vt 0.805349 0.718719
vt 0.805349 0.738916
vt 0.820677 0.738916
vt 0.829928 0.722404
vt 0.837944 0.722404
vt 0.837944 0.735231
vt 0.829928 0.735231
vt 0.772996 0.648513
vt 0.773928 0.649763
vt 0.772998 0.647628
vt 0.773873 0.646339
vt 0.772998 0.667826
vt 0.773873 0.666536
vt 0.772996 0.668710
vt 0.773928 0.669960
vt 0.846070 0.654243
vt 0.838848 0.654243
vt 0.838848 0.641816
vt 0.846070 0.641816
vt 0.804598 0.734150
vt 0.796870 0.737484
vt 0.796870 0.720151
vt 0.804598 0.723486
vt 0.772153 0.667841
vt 0.773576 0.665745
vt 0.854502 0.637931
vt 0.854502 0.658128
vt 0.773576 0.645548
vt 0.772153 0.647644
vt 0.787767 0.702780
vt 0.779916 0.699425
vt 0.779916 0.717817
vt 0.787767 0.714461
vt 0.772213 0.648538
vt 0.773680 0.650506
vt 0.821745 0.738916
vt 0.821744 0.718719
vt 0.773680 0.670703
vt 0.772213 0.668735
vt 0.787767 0.737484
vt 0.787767 0.720151
vt 0.771159 0.667166
vt 0.772582 0.665070
vt 0.787384 0.718719
vt 0.776777 0.718719
vt 0.776777 0.738916
vt 0.787384 0.738916
vt 0.772582 0.644873
vt 0.771159 0.646969
vt 0.772784 0.671371
vt 0.771317 0.669403
vt 0.803768 0.718719
vt 0.793908 0.718719
vt 0.793908 0.698522
vt 0.803768 0.698522
vt 0.771317 0.649206
vt 0.772784 0.651174
vt 0.770936 0.699425
vt 0.770936 0.717817
vt 0.772302 0.671420
vt 0.771133 0.669852
vt 0.788596 0.716666
vt 0.788596 0.700575
vt 0.771133 0.649655
vt 0.772302 0.651223
vt 0.838260 0.660569
vt 0.838260 0.675884
vt 0.772070 0.644836
vt 0.770936 0.646506
vt 0.771318 0.720772
vt 0.771318 0.736863
vt 0.770936 0.666704
vt 0.772070 0.665034
vt 0.821429 0.695898
vt 0.821429 0.680949
s 1
usemtl ancientbone
f 66/1/1 90/2/1 105/3/1
f 104/4/2 93/5/2 94/6/2
f 103/7/2 104/4/2 94/6/2
f 74/8/3 73/9/3 19/10/3
f 24/11/3 74/8/3 19/10/3
f 70/12/4 71/13/4 72/14/4
f 69/15/4 70/12/4 72/14/4
f 28/16/5 29/17/5 30/18/5
f 27/19/5 28/16/5 30/18/5
f 26/20/5 27/19/5 30/18/5
f 25/21/5 26/20/5 30/18/5
f 33/22/6 32/23/6 31/24/6
f 34/25/6 33/22/6 31/24/6
f 37/26/7 38/27/7 39/28/7
f 205/29/7 37/26/7 39/28/7
f 44/25/8 45/24/8 46/30/8
f 43/31/8 44/25/8 46/30/8
f 48/32/9 49/33/9 50/34/9
f 47/35/9 48/32/9 50/34/9
f 52/9/3 53/1/3 54/3/3
f 51/10/3 52/9/3 54/3/3
f 56/10/10 57/3/10 58/2/10
f 55/36/10 56/10/10 58/2/10
f 60/37/11 36/38/11 35/39/11
f 59/40/11 60/37/11 35/39/11
f 62/41/12 63/42/12 64/43/12
f 61/44/12 62/41/12 64/43/12
f 41/45/11 42/37/11 65/40/11
f 40/46/11 41/45/11 65/40/11
f 86/47/13 101/48/13 102/49/13
f 89/50/13 86/47/13 102/49/13
f 106/51/13 89/50/13 102/49/13
f 107/52/13 106/51/13 102/49/13
f 21/11/10 22/10/10 23/36/10
f 84/53/10 21/11/10 23/36/10
f 79/54/14 13/55/14 14/56/14
f 80/57/14 79/54/14 14/56/14
f 10/58/15 11/59/15 12/60/15
f 9/61/15 10/58/15 12/60/15
f 95/11/16 96/53/16 6/8/16
f 17/62/6 18/22/6 108/25/6
f 16/63/6 17/62/6 108/25/6
f 78/39/9 77/32/9 76/35/9
f 20/38/9 78/39/9 76/35/9
f 91/64/17 1/65/17 2/2/17
f 92/66/17 91/64/17 2/2/17
f 87/67/17 92/66/17 2/2/17
f 88/1/17 87/67/17 2/2/17
f 75/68/18 68/69/18 67/30/18
f 83/70/18 75/68/18 67/30/18
f 82/71/18 83/70/18 67/30/18
f 81/23/18 82/71/18 67/30/18
f 99/72/19 98/73/19 97/74/19
f 100/75/19 99/72/19 97/74/19
f 5/30/20 4/24/20 3/23/20
f 7/63/8 8/25/8 15/31/8
f 85/76/8 7/63/8 15/31/8
f 110/77/21 111/78/21 112/79/21
f 109/80/21 110/77/21 112/79/21
f 114/81/22 115/70/22 116/71/22
f 113/82/22 114/81/22 116/71/22
f 118/83/23 119/74/23 120/73/23
f 117/84/23 118/83/23 120/73/23
f 122/85/24 123/65/25 124/64/24
f 121/86/24 122/85/24 124/64/24
f 126/87/26 127/88/26 128/89/26
f 125/90/26 126/87/26 128/89/26
f 130/91/27 131/66/27 132/67/27
f 129/92/27 130/91/27 132/67/27
f 134/93/28 135/60/28 136/59/28
f 133/94/28 134/93/28 136/59/28
f 138/95/29 139/69/29 140/68/29
f 137/96/29 138/95/29 140/68/29
f 142/97/30 143/77/30 144/80/30
f 141/98/30 142/97/30 144/80/30
f 146/99/18 147/81/18 148/82/18
f 145/100/18 146/99/18 148/82/18
f 150/101/31 151/102/31 152/103/31
f 149/104/31 150/101/31 152/103/31
f 155/105/17 154/85/17 153/86/17
f 156/106/17 155/105/17 153/86/17
f 159/107/18 158/95/18 157/96/18
f 160/108/18 159/107/18 157/96/18
f 163/109/32 162/110/32 161/111/32
f 164/112/32 163/109/32 161/111/32
f 167/113/17 166/91/17 165/92/17
f 168/114/17 167/113/17 165/92/17
f 171/115/33 170/87/33 169/90/33
f 172/116/33 171/115/33 169/90/33
f 175/117/34 174/107/34 173/108/34
f 176/118/34 175/117/34 173/108/34
f 179/119/35 178/109/35 177/112/35
f 180/120/35 179/119/35 177/112/35
f 183/121/36 182/113/36 181/114/36
f 184/122/36 183/121/36 181/114/36
f 187/44/37 186/123/37 185/124/37
f 188/41/37 187/44/37 185/124/37
f 191/125/38 190/105/38 189/106/38
f 192/126/38 191/125/38 189/106/38
f 195/127/39 194/101/39 193/104/39
f 196/128/39 195/127/39 193/104/39
f 199/129/40 198/99/40 197/100/40
f 200/130/40 199/129/40 197/100/40
f 203/15/41 202/131/41 201/132/41
f 204/12/41 203/15/41 201/132/41
f 208/133/42 207/134/42 206/135/42
f 209/136/42 208/133/42 206/135/42
f 212/137/43 211/138/43 210/139/43
f 213/140/43 212/137/43 210/139/43
f 216/141/17 215/142/17 214/8/17
f 217/143/17 216/141/17 214/8/17
f 218/144/17 217/143/17 214/8/17
f 219/53/17 218/144/17 214/8/17
f 222/145/18 221/146/18 220/62/18
f 223/147/18 222/145/18 220/62/18
f 224/148/18 223/147/18 220/62/18
f 225/76/18 224/148/18 220/62/18
f 228/149/44 227/150/44 226/151/44
f 229/152/44 228/149/44 226/151/44
f 232/62/45 231/63/45 230/76/45
f 235/153/46 234/154/46 233/155/46
f 236/156/46 235/153/46 233/155/46
f 239/145/47 238/157/47 237/158/47
f 240/146/48 239/145/47 237/158/47
f 243/152/49 242/159/49 241/160/49
f 244/149/49 243/152/49 241/160/49
f 247/144/50 246/161/50 245/162/50
f 248/143/50 247/144/50 245/162/50
f 251/163/51 250/164/51 249/165/51
f 252/166/51 251/163/51 249/165/51
f 255/141/52 254/167/52 253/168/52
f 256/142/52 255/141/52 253/168/52
f 259/140/53 258/169/53 257/170/53
f 260/137/53 259/140/53 257/170/53
f 263/148/54 262/171/54 261/172/54
f 264/147/54 263/148/54 261/172/54
f 267/154/55 266/173/55 265/174/55
f 268/155/55 267/154/55 265/174/55
f 271/157/18 270/175/18 269/176/18
f 272/158/18 271/157/18 269/176/18
f 275/177/56 274/178/56 273/179/56
f 276/180/56 275/177/56 273/179/56
f 279/161/17 278/181/17 277/182/17
f 280/162/17 279/161/17 277/182/17
f 283/171/18 282/183/18 281/184/18
f 284/172/18 283/171/18 281/184/18
f 287/185/57 286/186/57 285/187/57
f 288/188/57 287/185/57 285/187/57
f 291/167/17 290/189/17 289/190/17
f 292/168/17 291/167/17 289/190/17
f 295/164/58 294/191/58 293/192/58
f 296/165/58 295/164/58 293/192/58
f 299/183/59 298/193/59 297/194/59
f 300/184/59 299/183/59 297/194/59
f 303/186/60 302/195/60 301/196/60
f 304/187/60 303/186/60 301/196/60
f 307/189/61 306/197/61 305/198/61
f 308/190/61 307/189/61 305/198/61
f 311/199/62 310/28/62 309/27/62
f 312/200/62 311/199/62 309/27/62
f 315/181/63 314/201/63 313/202/63
f 316/182/63 315/181/63 313/202/63
f 319/178/64 318/203/64 317/204/64
f 320/179/64 319/178/64 317/204/64
f 323/175/65 322/205/65 321/206/65
f 324/176/65 323/175/65 321/206/65
f 327/207/66 326/6/66 325/5/66
f 328/208/66 327/207/66 325/5/66
o BézierCurve.001
v 2.189293 0.058300 -0.490466
v 2.187847 0.059625 -0.489540
v 2.186537 0.060109 -0.487882
v 2.185713 0.059625 -0.485936
v 2.185596 0.058300 -0.484224
v 2.186217 0.056490 -0.483204
v 2.187410 0.054681 -0.483150
v 2.188855 0.053356 -0.484075
v 2.190165 0.052871 -0.485733
v 2.190989 0.053356 -0.487679
v 2.191107 0.054681 -0.489391
v 2.190486 0.056490 -0.490411
v 2.222721 0.079857 -0.466722
v 2.221205 0.081136 -0.465847
v 2.219697 0.081494 -0.464331
v 2.218600 0.080835 -0.462581
v 2.218208 0.079335 -0.461066
v 2.218627 0.077395 -0.460191
v 2.219743 0.075537 -0.460192
v 2.221259 0.074257 -0.461067
v 2.222767 0.073899 -0.462583
v 2.223864 0.074559 -0.464333
v 2.224256 0.076059 -0.465848
v 2.223837 0.077998 -0.466722
v 2.249760 0.094775 -0.439392
v 2.248183 0.096022 -0.438579
v 2.246482 0.096274 -0.437259
v 2.245112 0.095466 -0.435786
v 2.244440 0.093812 -0.434555
v 2.244646 0.091757 -0.433896
v 2.245675 0.089851 -0.433985
v 2.247252 0.088605 -0.434798
v 2.248953 0.088352 -0.436118
v 2.250323 0.089161 -0.437591
v 2.250995 0.090814 -0.438822
v 2.250789 0.092869 -0.439481
v 2.271538 0.103599 -0.408635
v 2.269920 0.104828 -0.407880
v 2.268059 0.105017 -0.406782
v 2.266456 0.104114 -0.405637
v 2.265538 0.102362 -0.404750
v 2.265552 0.100229 -0.404359
v 2.266494 0.098288 -0.404570
v 2.268112 0.097058 -0.405325
v 2.269973 0.096870 -0.406423
v 2.271576 0.097772 -0.407568
v 2.272494 0.099525 -0.408455
v 2.272480 0.101658 -0.408846
v 2.289204 0.106912 -0.374682
v 2.287566 0.108138 -0.373964
v 2.285600 0.108306 -0.373067
v 2.283831 0.107371 -0.372232
v 2.282734 0.105583 -0.371682
v 2.282603 0.103422 -0.371566
v 2.283472 0.101467 -0.371914
v 2.285110 0.100241 -0.372632
v 2.287076 0.100073 -0.373529
v 2.288845 0.101009 -0.374365
v 2.289942 0.102796 -0.374914
v 2.290073 0.104957 -0.375030
v 2.303970 0.105360 -0.337742
v 2.302330 0.106586 -0.337030
v 2.300305 0.106759 -0.336276
v 2.298437 0.105833 -0.335682
v 2.297227 0.104055 -0.335408
v 2.296999 0.101902 -0.335527
v 2.297814 0.099951 -0.336007
v 2.299454 0.098725 -0.336720
v 2.301479 0.098552 -0.337474
v 2.303347 0.099479 -0.338067
v 2.304558 0.101257 -0.338341
v 2.304785 0.103410 -0.338222
v 2.317084 0.099601 -0.297952
v 2.315452 0.100824 -0.297217
v 2.313400 0.101008 -0.296540
v 2.311480 0.100102 -0.296101
v 2.310205 0.098351 -0.296019
v 2.309916 0.096223 -0.296316
v 2.310692 0.094288 -0.296912
v 2.312325 0.093065 -0.297647
v 2.314376 0.092882 -0.298324
v 2.316296 0.093787 -0.298763
v 2.317572 0.095538 -0.298845
v 2.317860 0.097667 -0.298548
v 2.329789 0.090276 -0.255401
v 2.328171 0.091489 -0.254620
v 2.326114 0.091676 -0.253959
v 2.324171 0.090787 -0.253597
v 2.322860 0.089060 -0.253628
v 2.322535 0.086958 -0.254046
v 2.323282 0.085043 -0.254739
v 2.324900 0.083830 -0.255519
v 2.326957 0.083643 -0.256180
v 2.328900 0.084532 -0.256542
v 2.330210 0.086259 -0.256511
v 2.330536 0.088362 -0.256093
v 2.343316 0.078004 -0.210158
v 2.341717 0.079201 -0.209314
v 2.339669 0.079380 -0.208624
v 2.337722 0.078493 -0.208272
v 2.336397 0.076779 -0.208353
v 2.336049 0.074696 -0.208844
v 2.336771 0.072803 -0.209615
v 2.338371 0.071607 -0.210459
v 2.340418 0.071428 -0.211149
v 2.342365 0.072314 -0.211501
v 2.343690 0.074028 -0.211421
v 2.344038 0.076111 -0.210929
v 2.358879 0.063393 -0.162297
v 2.357305 0.064567 -0.161378
v 2.355280 0.064726 -0.160621
v 2.353346 0.063828 -0.160229
v 2.352022 0.062113 -0.160307
v 2.351662 0.060041 -0.160834
v 2.352364 0.058167 -0.161668
v 2.353938 0.056993 -0.162587
v 2.355963 0.056834 -0.163344
v 2.357897 0.057732 -0.163736
v 2.359221 0.059447 -0.163658
v 2.359581 0.061519 -0.163132
v 2.377691 0.047044 -0.111894
v 2.376148 0.048191 -0.110891
v 2.374158 0.048320 -0.110040
v 2.372254 0.047396 -0.109569
v 2.370947 0.045668 -0.109604
v 2.370585 0.043597 -0.110136
v 2.371267 0.041739 -0.111021
v 2.372810 0.040592 -0.112024
v 2.374800 0.040463 -0.112874
v 2.376704 0.041387 -0.113346
v 2.378012 0.043116 -0.113311
v 2.378373 0.045187 -0.112779
v 2.400958 0.029554 -0.059026
v 2.399454 0.030672 -0.057935
v 2.397514 0.030763 -0.056972
v 2.395658 0.029804 -0.056393
v 2.394382 0.028052 -0.056355
v 2.394029 0.025975 -0.056868
v 2.394694 0.024131 -0.057794
v 2.396197 0.023013 -0.058885
v 2.398137 0.022921 -0.059849
v 2.399993 0.023880 -0.060427
v 2.401269 0.025632 -0.060465
v 2.401622 0.027709 -0.059952
v 2.429891 0.011515 -0.003770
v 2.428434 0.012604 -0.002590
v 2.426558 0.012656 -0.001504
v 2.424766 0.011657 -0.000802
v 2.423538 0.009875 -0.000674
v 2.423203 0.007787 -0.001153
v 2.423850 0.005953 -0.002111
v 2.425307 0.004865 -0.003291
v 2.427182 0.004812 -0.004377
v 2.428974 0.005811 -0.005079
v 2.430203 0.007593 -0.005207
v 2.430538 0.009681 -0.004728
vn 0.2868 0.4730 -0.8331
vn -0.0608 0.7801 -0.6227
vn -0.3945 0.8848 -0.2479
vn -0.6260 0.7547 0.1962
vn -0.6897 0.4196 0.5901
vn -0.5654 -0.0308 0.8243
vn -0.2866 -0.4729 0.8332
vn 0.0705 -0.7858 0.6145
vn 0.4082 -0.8839 0.2280
vn 0.6340 -0.7415 -0.2194
vn 0.6881 -0.4007 -0.6050
vn 0.5599 0.0431 -0.8274
vn 0.3553 0.5160 -0.7794
vn -0.0009 0.8183 -0.5748
vn -0.3580 0.9076 -0.2192
vn -0.6226 0.7574 0.1966
vn -0.7220 0.4027 0.5627
vn -0.6251 -0.0642 0.7779
vn -0.3556 -0.5153 0.7797
vn 0.0121 -0.8242 0.5661
vn 0.3751 -0.9056 0.1979
vn 0.6340 -0.7409 -0.2215
vn 0.7218 -0.3796 -0.5787
vn 0.6191 0.0794 -0.7813
vn 0.4869 0.5887 -0.6453
vn 0.1169 0.8828 -0.4550
vn -0.2847 0.9475 -0.1455
vn -0.6136 0.7627 0.2043
vn -0.7807 0.3719 0.5021
vn -0.7363 -0.1232 0.6653
vn -0.4884 -0.5869 0.6458
vn -0.1050 -0.8882 0.4473
vn 0.3057 -0.9437 0.1263
vn 0.6305 -0.7424 -0.2266
vn 0.7842 -0.3444 -0.5162
vn 0.7306 0.1415 -0.6680
vn 0.6009 0.6354 -0.4850
vn 0.2208 0.9255 -0.3078
vn -0.2179 0.9747 -0.0497
vn -0.6016 0.7671 0.2229
vn -0.8271 0.3526 0.4377
vn -0.8294 -0.1608 0.5351
vn -0.6034 -0.6325 0.4857
vn -0.2104 -0.9298 0.3020
vn 0.2393 -0.9703 0.0358
vn 0.6210 -0.7467 -0.2385
vn 0.8335 -0.3250 -0.4469
vn 0.8248 0.1797 -0.5361
vn 0.6827 0.6519 -0.3301
vn 0.2969 0.9413 -0.1607
vn -0.1675 0.9845 0.0511
vn -0.5897 0.7678 0.2504
vn -0.8568 0.3445 0.3838
vn -0.8934 -0.1746 0.4140
vn -0.6859 -0.6481 0.3310
vn -0.2896 -0.9441 0.1572
vn 0.1852 -0.9809 -0.0594
vn 0.6074 -0.7510 -0.2589
vn 0.8640 -0.3210 -0.3878
vn 0.8903 0.1915 -0.4132
vn 0.7332 0.6479 -0.2065
vn 0.3452 0.9378 -0.0379
vn -0.1343 0.9809 0.1409
vn -0.5796 0.7643 0.2828
vn -0.8719 0.3426 0.3498
vn -0.9305 -0.1732 0.3227
vn -0.7366 -0.6436 0.2079
vn -0.3416 -0.9391 0.0362
vn 0.1462 -0.9786 -0.1451
vn 0.5929 -0.7526 -0.2866
vn 0.8783 -0.3252 -0.3505
vn 0.9285 0.1869 -0.3208
vn 0.7613 0.6365 -0.1233
vn 0.3735 0.9262 0.0512
vn -0.1134 0.9706 0.2121
vn -0.5708 0.7574 0.3171
vn -0.8772 0.3415 0.3376
vn -0.9489 -0.1673 0.2675
vn -0.7648 -0.6321 0.1251
vn -0.3732 -0.9263 -0.0514
vn 0.1195 -0.9695 -0.2140
vn 0.5792 -0.7504 -0.3184
vn 0.8818 -0.3299 -0.3370
vn 0.9477 0.1776 -0.2654
vn 0.7752 0.6269 -0.0780
vn 0.3893 0.9148 0.1078
vn -0.0999 0.9591 0.2649
vn -0.5627 0.7482 0.3515
vn -0.8760 0.3376 0.3445
vn -0.9555 -0.1640 0.2453
vn -0.7786 -0.6224 0.0801
vn -0.3917 -0.9138 -0.1069
vn 0.1011 -0.9589 -0.2652
vn 0.5665 -0.7451 -0.3519
vn 0.8788 -0.3310 -0.3437
vn 0.9547 0.1714 -0.2433
vn 0.7795 0.6231 -0.0637
vn 0.3972 0.9074 0.1375
vn -0.0908 0.9490 0.3018
vn -0.5542 0.7377 0.3855
vn -0.8700 0.3298 0.3665
vn -0.9539 -0.1664 0.2497
vn -0.7829 -0.6187 0.0660
vn -0.4017 -0.9057 -0.1356
vn 0.0880 -0.9495 -0.3011
vn 0.5543 -0.7377 -0.3855
vn 0.8713 -0.3270 -0.3660
vn 0.9535 0.1714 -0.2481
vn 0.7762 0.6261 -0.0738
vn 0.3989 0.9053 0.1457
vn -0.0846 0.9416 0.3259
vn -0.5448 0.7265 0.4188
vn -0.8595 0.3181 0.4001
vn -0.9454 -0.1750 0.2749
vn -0.7794 -0.6218 0.0763
vn -0.4050 -0.9031 -0.1429
vn 0.0787 -0.9427 -0.3241
vn 0.5419 -0.7289 -0.4185
vn 0.8594 -0.3183 -0.4001
vn 0.9452 0.1781 -0.2738
vn 0.7653 0.6354 -0.1028
vn 0.3949 0.9084 0.1371
vn -0.0807 0.9370 0.3397
vn -0.5338 0.7152 0.4511
vn -0.8441 0.3032 0.4423
vn -0.9298 -0.1890 0.3159
vn -0.7684 -0.6312 0.1054
vn -0.4021 -0.9058 -0.1333
vn 0.0725 -0.9387 -0.3369
vn 0.5286 -0.7195 -0.4504
vn 0.8429 -0.3060 -0.4427
vn 0.9297 0.1905 -0.3153
vn 0.7463 0.6494 -0.1457
vn 0.3849 0.9157 0.1157
vn -0.0793 0.9351 0.3455
vn -0.5210 0.7043 0.4822
vn -0.8231 0.2865 0.4903
vn -0.9064 -0.2069 0.3682
vn -0.7493 -0.6454 0.1485
vn -0.3927 -0.9129 -0.1110
vn 0.0694 -0.9373 -0.3415
vn 0.5141 -0.7103 -0.4809
vn 0.8211 -0.2912 -0.4909
vn 0.9064 0.2072 -0.3681
vn 0.7344 0.6571 -0.1701
vn 0.3782 0.9200 0.1023
vn -0.0792 0.9347 0.3466
vn -0.5141 0.6989 0.4973
vn -0.8109 0.2776 0.5152
vn -0.8921 -0.2165 0.3965
vn -0.7372 -0.6532 0.1728
vn -0.3863 -0.9172 -0.0972
vn 0.0687 -0.9372 -0.3419
vn 0.5064 -0.7057 -0.4955
vn 0.8085 -0.2833 -0.5158
vn 0.8922 0.2161 -0.3966
vt 0.000000 1.000000
vt 0.083333 1.000000
vt 0.083333 0.916667
vt 0.000000 0.916667
vt 0.000000 0.083333
vt 0.083333 0.083333
vt 0.083333 0.000000
vt 0.000000 0.000000
vt 0.000000 0.166667
vt 0.083333 0.166667
vt 0.000000 0.250000
vt 0.083333 0.250000
vt 0.000000 0.333333
vt 0.083333 0.333333
vt 0.000000 0.416667
vt 0.083333 0.416667
vt 0.000000 0.500000
vt 0.083333 0.500000
vt 0.000000 0.583333
vt 0.083333 0.583333
vt 0.000000 0.666667
vt 0.083333 0.666667
vt 0.000000 0.750000
vt 0.083333 0.750000
vt 0.000000 0.833333
vt 0.083333 0.833333
vt 0.166667 1.000000
vt 0.166667 0.916667
vt 0.166667 0.083333
vt 0.166667 0.000000
vt 0.166667 0.166667
vt 0.166667 0.250000
vt 0.166667 0.333333
vt 0.166667 0.416667
vt 0.166667 0.500000
vt 0.166667 0.583333
vt 0.166667 0.666667
vt 0.166667 0.750000
vt 0.166667 0.833333
vt 0.250000 1.000000
vt 0.250000 0.916667
vt 0.250000 0.083333
vt 0.250000 0.000000
vt 0.250000 0.166667
vt 0.250000 0.250000
vt 0.250000 0.333333
vt 0.250000 0.416667
vt 0.250000 0.500000
vt 0.250000 0.583333
vt 0.250000 0.666667
vt 0.250000 0.750000
vt 0.250000 0.833333
vt 0.333333 1.000000
vt 0.333333 0.916667
vt 0.333333 0.083333
vt 0.333333 0.000000
vt 0.333333 0.166667
vt 0.333333 0.250000
vt 0.333333 0.333333
vt 0.333333 0.416667
vt 0.333333 0.500000
vt 0.333333 0.583333
vt 0.333333 0.666667
vt 0.333333 0.750000
vt 0.333333 0.833333
vt 0.416667 1.000000
vt 0.416667 0.916667
vt 0.416667 0.083333
vt 0.416667 0.000000
vt 0.416667 0.166667
vt 0.416667 0.250000
vt 0.416667 0.333333
vt 0.416667 0.416667
vt 0.416667 0.500000
vt 0.416667 0.583333
vt 0.416667 0.666667
vt 0.416667 0.750000
vt 0.416667 0.833333
vt 0.500000 1.000000
vt 0.500000 0.916667
vt 0.500000 0.083333
vt 0.500000 0.000000
vt 0.500000 0.166667
vt 0.500000 0.250000
vt 0.500000 0.333333
vt 0.500000 0.416667
vt 0.500000 0.500000
vt 0.500000 0.583333
vt 0.500000 0.666667
vt 0.500000 0.750000
vt 0.500000 0.833333
vt 0.583333 1.000000
vt 0.583333 0.916667
vt 0.583333 0.083333
vt 0.583333 0.000000
vt 0.583333 0.166667
vt 0.583333 0.250000
vt 0.583333 0.333333
vt 0.583333 0.416667
vt 0.583333 0.500000
vt 0.583333 0.583333
vt 0.583333 0.666667
vt 0.583333 0.750000
vt 0.583333 0.833333
vt 0.666667 1.000000
vt 0.666667 0.916667
vt 0.666667 0.083333
vt 0.666667 0.000000
vt 0.666667 0.166667
vt 0.666667 0.250000
vt 0.666667 0.333333
vt 0.666667 0.416667
vt 0.666667 0.500000
vt 0.666667 0.583333
vt 0.666667 0.666667
vt 0.666667 0.750000
vt 0.666667 0.833333
vt 0.750000 1.000000
vt 0.750000 0.916667
vt 0.750000 0.083333
vt 0.750000 0.000000
vt 0.750000 0.166667
vt 0.750000 0.250000
vt 0.750000 0.333333
vt 0.750000 0.416667
vt 0.750000 0.500000
vt 0.750000 0.583333
vt 0.750000 0.666667
vt 0.750000 0.750000
vt 0.750000 0.833333
vt 0.833333 1.000000
vt 0.833333 0.916667
vt 0.833333 0.083333
vt 0.833333 0.000000
vt 0.833333 0.166667
vt 0.833333 0.250000
vt 0.833333 0.333333
vt 0.833333 0.416667
vt 0.833333 0.500000
vt 0.833333 0.583333
vt 0.833333 0.666667
vt 0.833333 0.750000
vt 0.833333 0.833333
vt 0.916667 1.000000
vt 0.916667 0.916667
vt 0.916667 0.083333
vt 0.916667 0.000000
vt 0.916667 0.166667
vt 0.916667 0.250000
vt 0.916667 0.333333
vt 0.916667 0.416667
vt 0.916667 0.500000
vt 0.916667 0.583333
vt 0.916667 0.666667
vt 0.916667 0.750000
vt 0.916667 0.833333
vt 1.000000 1.000000
vt 1.000000 0.916667
vt 1.000000 0.083333
vt 1.000000 0.000000
vt 1.000000 0.166667
vt 1.000000 0.250000
vt 1.000000 0.333333
vt 1.000000 0.416667
vt 1.000000 0.500000
vt 1.000000 0.583333
vt 1.000000 0.666667
vt 1.000000 0.750000
vt 1.000000 0.833333
s 1
usemtl crack
f 329/209/67 341/210/79 352/211/90 340/212/78
f 330/213/68 342/214/80 341/215/79 329/216/67
f 331/217/69 343/218/81 342/214/80 330/213/68
f 332/219/70 344/220/82 343/218/81 331/217/69
f 333/221/71 345/222/83 344/220/82 332/219/70
f 334/223/72 346/224/84 345/222/83 333/221/71
f 335/225/73 347/226/85 346/224/84 334/223/72
f 336/227/74 348/228/86 347/226/85 335/225/73
f 337/229/75 349/230/87 348/228/86 336/227/74
f 338/231/76 350/232/88 349/230/87 337/229/75
f 339/233/77 351/234/89 350/232/88 338/231/76
f 340/212/78 352/211/90 351/234/89 339/233/77
f 341/210/79 353/235/91 364/236/102 352/211/90
f 342/214/80 354/237/92 353/238/91 341/215/79
f 343/218/81 355/239/93 354/237/92 342/214/80
f 344/220/82 356/240/94 355/239/93 343/218/81
f 345/222/83 357/241/95 356/240/94 344/220/82
f 346/224/84 358/242/96 357/241/95 345/222/83
f 347/226/85 359/243/97 358/242/96 346/224/84
f 348/228/86 360/244/98 359/243/97 347/226/85
f 349/230/87 361/245/99 360/244/98 348/228/86
f 350/232/88 362/246/100 361/245/99 349/230/87
f 351/234/89 363/247/101 362/246/100 350/232/88
f 352/211/90 364/236/102 363/247/101 351/234/89
f 353/235/91 365/248/103 376/249/114 364/236/102
f 354/237/92 366/250/104 365/251/103 353/238/91
f 355/239/93 367/252/105 366/250/104 354/237/92
f 356/240/94 368/253/106 367/252/105 355/239/93
f 357/241/95 369/254/107 368/253/106 356/240/94
f 358/242/96 370/255/108 369/254/107 357/241/95
f 359/243/97 371/256/109 370/255/108 358/242/96
f 360/244/98 372/257/110 371/256/109 359/243/97
f 361/245/99 373/258/111 372/257/110 360/244/98
f 362/246/100 374/259/112 373/258/111 361/245/99
f 363/247/101 375/260/113 374/259/112 362/246/100
f 364/236/102 376/249/114 375/260/113 363/247/101
f 365/248/103 377/261/115 388/262/126 376/249/114
f 366/250/104 378/263/116 377/264/115 365/251/103
f 367/252/105 379/265/117 378/263/116 366/250/104
f 368/253/106 380/266/118 379/265/117 367/252/105
f 369/254/107 381/267/119 380/266/118 368/253/106
f 370/255/108 382/268/120 381/267/119 369/254/107
f 371/256/109 383/269/121 382/268/120 370/255/108
f 372/257/110 384/270/122 383/269/121 371/256/109
f 373/258/111 385/271/123 384/270/122 372/257/110
f 374/259/112 386/272/124 385/271/123 373/258/111
f 375/260/113 387/273/125 386/272/124 374/259/112
f 376/249/114 388/262/126 387/273/125 375/260/113
f 377/261/115 389/274/127 400/275/138 388/262/126
f 378/263/116 390/276/128 389/277/127 377/264/115
f 379/265/117 391/278/129 390/276/128 378/263/116
f 380/266/118 392/279/130 391/278/129 379/265/117
f 381/267/119 393/280/131 392/279/130 380/266/118
f 382/268/120 394/281/132 393/280/131 381/267/119
f 383/269/121 395/282/133 394/281/132 382/268/120
f 384/270/122 396/283/134 395/282/133 383/269/121
f 385/271/123 397/284/135 396/283/134 384/270/122
f 386/272/124 398/285/136 397/284/135 385/271/123
f 387/273/125 399/286/137 398/285/136 386/272/124
f 388/262/126 400/275/138 399/286/137 387/273/125
f 389/274/127 401/287/139 412/288/150 400/275/138
f 390/276/128 402/289/140 401/290/139 389/277/127
f 391/278/129 403/291/141 402/289/140 390/276/128
f 392/279/130 404/292/142 403/291/141 391/278/129
f 393/280/131 405/293/143 404/292/142 392/279/130
f 394/281/132 406/294/144 405/293/143 393/280/131
f 395/282/133 407/295/145 406/294/144 394/281/132
f 396/283/134 408/296/146 407/295/145 395/282/133
f 397/284/135 409/297/147 408/296/146 396/283/134
f 398/285/136 410/298/148 409/297/147 397/284/135
f 399/286/137 411/299/149 410/298/148 398/285/136
f 400/275/138 412/288/150 411/299/149 399/286/137
f 401/287/139 413/300/151 424/301/162 412/288/150
f 402/289/140 414/302/152 413/303/151 401/290/139
f 403/291/141 415/304/153 414/302/152 402/289/140
f 404/292/142 416/305/154 415/304/153 403/291/141
f 405/293/143 417/306/155 416/305/154 404/292/142
f 406/294/144 418/307/156 417/306/155 405/293/143
f 407/295/145 419/308/157 418/307/156 406/294/144
f 408/296/146 420/309/158 419/308/157 407/295/145
f 409/297/147 421/310/159 420/309/158 408/296/146
f 410/298/148 422/311/160 421/310/159 409/297/147
f 411/299/149 423/312/161 422/311/160 410/298/148
f 412/288/150 424/301/162 423/312/161 411/299/149
f 413/300/151 425/313/163 436/314/174 424/301/162
f 414/302/152 426/315/164 425/316/163 413/303/151
f 415/304/153 427/317/165 426/315/164 414/302/152
f 416/305/154 428/318/166 427/317/165 415/304/153
f 417/306/155 429/319/167 428/318/166 416/305/154
f 418/307/156 430/320/168 429/319/167 417/306/155
f 419/308/157 431/321/169 430/320/168 418/307/156
f 420/309/158 432/322/170 431/321/169 419/308/157
f 421/310/159 433/323/171 432/322/170 420/309/158
f 422/311/160 434/324/172 433/323/171 421/310/159
f 423/312/161 435/325/173 434/324/172 422/311/160
f 424/301/162 436/314/174 435/325/173 423/312/161
f 425/313/163 437/326/175 448/327/186 436/314/174
f 426/315/164 438/328/176 437/329/175 425/316/163
f 427/317/165 439/330/177 438/328/176 426/315/164
f 428/318/166 440/331/178 439/330/177 427/317/165
f 429/319/167 441/332/179 440/331/178 428/318/166
f 430/320/168 442/333/180 441/332/179 429/319/167
f 431/321/169 443/334/181 442/333/180 430/320/168
f 432/322/170 444/335/182 443/334/181 431/321/169
f 433/323/171 445/336/183 444/335/182 432/322/170
f 434/324/172 446/337/184 445/336/183 433/323/171
f 435/325/173 447/338/185 446/337/184 434/324/172
f 436/314/174 448/327/186 447/338/185 435/325/173
f 437/326/175 449/339/187 460/340/198 448/327/186
f 438/328/176 450/341/188 449/342/187 437/329/175
f 439/330/177 451/343/189 450/341/188 438/328/176
f 440/331/178 452/344/190 451/343/189 439/330/177
f 441/332/179 453/345/191 452/344/190 440/331/178
f 442/333/180 454/346/192 453/345/191 441/332/179
f 443/334/181 455/347/193 454/346/192 442/333/180
f 444/335/182 456/348/194 455/347/193 443/334/181
f 445/336/183 457/349/195 456/348/194 444/335/182
f 446/337/184 458/350/196 457/349/195 445/336/183
f 447/338/185 459/351/197 458/350/196 446/337/184
f 448/327/186 460/340/198 459/351/197 447/338/185
f 449/339/187 461/352/199 472/353/210 460/340/198
f 450/341/188 462/354/200 461/355/199 449/342/187
f 451/343/189 463/356/201 462/354/200 450/341/188
f 452/344/190 464/357/202 463/356/201 451/343/189
f 453/345/191 465/358/203 464/357/202 452/344/190
f 454/346/192 466/359/204 465/358/203 453/345/191
f 455/347/193 467/360/205 466/359/204 454/346/192
f 456/348/194 468/361/206 467/360/205 455/347/193
f 457/349/195 469/362/207 468/361/206 456/348/194
f 458/350/196 470/363/208 469/362/207 457/349/195
f 459/351/197 471/364/209 470/363/208 458/350/196
f 460/340/198 472/353/210 471/364/209 459/351/197
f 461/352/199 473/365/211 484/366/222 472/353/210
f 462/354/200 474/367/212 473/368/211 461/355/199
f 463/356/201 475/369/213 474/367/212 462/354/200
f 464/357/202 476/370/214 475/369/213 463/356/201
f 465/358/203 477/371/215 476/370/214 464/357/202
f 466/359/204 478/372/216 477/371/215 465/358/203
f 467/360/205 479/373/217 478/372/216 466/359/204
f 468/361/206 480/374/218 479/373/217 467/360/205
f 469/362/207 481/375/219 480/374/218 468/361/206
f 470/363/208 482/376/220 481/375/219 469/362/207
f 471/364/209 483/377/221 482/376/220 470/363/208
f 472/353/210 484/366/222 483/377/221 471/364/209
o BézierCurve.001
v 2.189293 0.058300 -0.490466
v 2.187847 0.059625 -0.489540
v 2.186537 0.060109 -0.487882
v 2.185713 0.059625 -0.485936
v 2.185596 0.058300 -0.484224
v 2.186217 0.056490 -0.483204
v 2.187410 0.054681 -0.483150
v 2.188855 0.053356 -0.484075
v 2.190165 0.052871 -0.485733
v 2.190989 0.053356 -0.487679
v 2.191107 0.054681 -0.489391
v 2.190486 0.056490 -0.490411
v 2.222721 0.079857 -0.466722
v 2.221205 0.081136 -0.465847
v 2.219697 0.081494 -0.464331
v 2.218600 0.080835 -0.462581
v 2.218208 0.079335 -0.461066
v 2.218627 0.077395 -0.460191
v 2.219743 0.075537 -0.460192
v 2.221259 0.074257 -0.461067
v 2.222767 0.073899 -0.462583
v 2.223864 0.074559 -0.464333
v 2.224256 0.076059 -0.465848
v 2.223837 0.077998 -0.466722
v 2.249760 0.094775 -0.439392
v 2.248183 0.096022 -0.438579
v 2.246482 0.096274 -0.437259
v 2.245112 0.095466 -0.435786
v 2.244440 0.093812 -0.434555
v 2.244646 0.091757 -0.433896
v 2.245675 0.089851 -0.433985
v 2.247252 0.088605 -0.434798
v 2.248953 0.088352 -0.436118
v 2.250323 0.089161 -0.437591
v 2.250995 0.090814 -0.438822
v 2.250789 0.092869 -0.439481
v 2.271538 0.103599 -0.408635
v 2.269920 0.104828 -0.407880
v 2.268059 0.105017 -0.406782
v 2.266456 0.104114 -0.405637
v 2.265538 0.102362 -0.404750
v 2.265552 0.100229 -0.404359
v 2.266494 0.098288 -0.404570
v 2.268112 0.097058 -0.405325
v 2.269973 0.096870 -0.406423
v 2.271576 0.097772 -0.407568
v 2.272494 0.099525 -0.408455
v 2.272480 0.101658 -0.408846
v 2.289204 0.106912 -0.374682
v 2.287566 0.108138 -0.373964
v 2.285600 0.108306 -0.373067
v 2.283831 0.107371 -0.372232
v 2.282734 0.105583 -0.371682
v 2.282603 0.103422 -0.371566
v 2.283472 0.101467 -0.371914
v 2.285110 0.100241 -0.372632
v 2.287076 0.100073 -0.373529
v 2.288845 0.101009 -0.374365
v 2.289942 0.102796 -0.374914
v 2.290073 0.104957 -0.375030
v 2.303970 0.105360 -0.337742
v 2.302330 0.106586 -0.337030
v 2.300305 0.106759 -0.336276
v 2.298437 0.105833 -0.335682
v 2.297227 0.104055 -0.335408
v 2.296999 0.101902 -0.335527
v 2.297814 0.099951 -0.336007
v 2.299454 0.098725 -0.336720
v 2.301479 0.098552 -0.337474
v 2.303347 0.099479 -0.338067
v 2.304558 0.101257 -0.338341
v 2.304785 0.103410 -0.338222
v 2.317084 0.099601 -0.297952
v 2.315452 0.100824 -0.297217
v 2.313400 0.101008 -0.296540
v 2.311480 0.100102 -0.296101
v 2.310205 0.098351 -0.296019
v 2.309916 0.096223 -0.296316
v 2.310692 0.094288 -0.296912
v 2.312325 0.093065 -0.297647
v 2.314376 0.092882 -0.298324
v 2.316296 0.093787 -0.298763
v 2.317572 0.095538 -0.298845
v 2.317860 0.097667 -0.298548
v 2.329789 0.090276 -0.255401
v 2.328171 0.091489 -0.254620
v 2.326114 0.091676 -0.253959
v 2.324171 0.090787 -0.253597
v 2.322860 0.089060 -0.253628
v 2.322535 0.086958 -0.254046
v 2.323282 0.085043 -0.254739
v 2.324900 0.083830 -0.255519
v 2.326957 0.083643 -0.256180
v 2.328900 0.084532 -0.256542
v 2.330210 0.086259 -0.256511
v 2.330536 0.088362 -0.256093
v 2.343316 0.078004 -0.210158
v 2.341717 0.079201 -0.209314
v 2.339669 0.079380 -0.208624
v 2.337722 0.078493 -0.208272
v 2.336397 0.076779 -0.208353
v 2.336049 0.074696 -0.208844
v 2.336771 0.072803 -0.209615
v 2.338371 0.071607 -0.210459
v 2.340418 0.071428 -0.211149
v 2.342365 0.072314 -0.211501
v 2.343690 0.074028 -0.211421
v 2.344038 0.076111 -0.210929
v 2.358879 0.063393 -0.162297
v 2.357305 0.064567 -0.161378
v 2.355280 0.064726 -0.160621
v 2.353346 0.063828 -0.160229
v 2.352022 0.062113 -0.160307
v 2.351662 0.060041 -0.160834
v 2.352364 0.058167 -0.161668
v 2.353938 0.056993 -0.162587
v 2.355963 0.056834 -0.163344
v 2.357897 0.057732 -0.163736
v 2.359221 0.059447 -0.163658
v 2.359581 0.061519 -0.163132
v 2.377691 0.047044 -0.111894
v 2.376148 0.048191 -0.110891
v 2.374158 0.048320 -0.110040
v 2.372254 0.047396 -0.109569
v 2.370947 0.045668 -0.109604
v 2.370585 0.043597 -0.110136
v 2.371267 0.041739 -0.111021
v 2.372810 0.040592 -0.112024
v 2.374800 0.040463 -0.112874
v 2.376704 0.041387 -0.113346
v 2.378012 0.043116 -0.113311
v 2.378373 0.045187 -0.112779
v 2.400958 0.029554 -0.059026
v 2.399454 0.030672 -0.057935
v 2.397514 0.030763 -0.056972
v 2.395658 0.029804 -0.056393
v 2.394382 0.028052 -0.056355
v 2.394029 0.025975 -0.056868
v 2.394694 0.024131 -0.057794
v 2.396197 0.023013 -0.058885
v 2.398137 0.022921 -0.059849
v 2.399993 0.023880 -0.060427
v 2.401269 0.025632 -0.060465
v 2.401622 0.027709 -0.059952
v 2.429891 0.011515 -0.003770
v 2.428434 0.012604 -0.002590
v 2.426558 0.012656 -0.001504
v 2.424766 0.011657 -0.000802
v 2.423538 0.009875 -0.000674
v 2.423203 0.007787 -0.001153
v 2.423850 0.005953 -0.002111
v 2.425307 0.004865 -0.003291
v 2.427182 0.004812 -0.004377
v 2.428974 0.005811 -0.005079
v 2.430203 0.007593 -0.005207
v 2.430538 0.009681 -0.004728
vn 0.2868 0.4730 -0.8331
vn -0.0608 0.7801 -0.6227
vn -0.3945 0.8848 -0.2479
vn -0.6260 0.7547 0.1962
vn -0.6897 0.4196 0.5901
vn -0.5654 -0.0308 0.8243
vn -0.2866 -0.4729 0.8332
vn 0.0705 -0.7858 0.6145
vn 0.4082 -0.8839 0.2280
vn 0.6340 -0.7415 -0.2194
vn 0.6881 -0.4007 -0.6050
vn 0.5599 0.0431 -0.8274
vn 0.3553 0.5160 -0.7794
vn -0.0009 0.8183 -0.5748
vn -0.3580 0.9076 -0.2192
vn -0.6226 0.7574 0.1966
vn -0.7220 0.4027 0.5627
vn -0.6251 -0.0642 0.7779
vn -0.3556 -0.5153 0.7797
vn 0.0121 -0.8242 0.5661
vn 0.3751 -0.9056 0.1979
vn 0.6340 -0.7409 -0.2215
vn 0.7218 -0.3796 -0.5787
vn 0.6191 0.0794 -0.7813
vn 0.4869 0.5887 -0.6453
vn 0.1169 0.8828 -0.4550
vn -0.2847 0.9475 -0.1455
vn -0.6136 0.7627 0.2043
vn -0.7807 0.3719 0.5021
vn -0.7363 -0.1232 0.6653
vn -0.4884 -0.5869 0.6458
vn -0.1050 -0.8882 0.4473
vn 0.3057 -0.9437 0.1263
vn 0.6305 -0.7424 -0.2266
vn 0.7842 -0.3444 -0.5162
vn 0.7306 0.1415 -0.6680
vn 0.6009 0.6354 -0.4850
vn 0.2208 0.9255 -0.3078
vn -0.2179 0.9747 -0.0497
vn -0.6016 0.7671 0.2229
vn -0.8271 0.3526 0.4377
vn -0.8294 -0.1608 0.5351
vn -0.6034 -0.6325 0.4857
vn -0.2104 -0.9298 0.3020
vn 0.2393 -0.9703 0.0358
vn 0.6210 -0.7467 -0.2385
vn 0.8335 -0.3250 -0.4469
vn 0.8248 0.1797 -0.5361
vn 0.6827 0.6519 -0.3301
vn 0.2969 0.9413 -0.1607
vn -0.1675 0.9845 0.0511
vn -0.5897 0.7678 0.2504
vn -0.8568 0.3445 0.3838
vn -0.8934 -0.1746 0.4140
vn -0.6859 -0.6481 0.3310
vn -0.2896 -0.9441 0.1572
vn 0.1852 -0.9809 -0.0594
vn 0.6074 -0.7510 -0.2589
vn 0.8640 -0.3210 -0.3878
vn 0.8903 0.1915 -0.4132
vn 0.7332 0.6479 -0.2065
vn 0.3452 0.9378 -0.0379
vn -0.1343 0.9809 0.1409
vn -0.5796 0.7643 0.2828
vn -0.8719 0.3426 0.3498
vn -0.9305 -0.1732 0.3227
vn -0.7366 -0.6436 0.2079
vn -0.3416 -0.9391 0.0362
vn 0.1462 -0.9786 -0.1451
vn 0.5929 -0.7526 -0.2866
vn 0.8783 -0.3252 -0.3505
vn 0.9285 0.1869 -0.3208
vn 0.7613 0.6365 -0.1233
vn 0.3735 0.9262 0.0512
vn -0.1134 0.9706 0.2121
vn -0.5708 0.7574 0.3171
vn -0.8772 0.3415 0.3376
vn -0.9489 -0.1673 0.2675
vn -0.7648 -0.6321 0.1251
vn -0.3732 -0.9263 -0.0514
vn 0.1195 -0.9695 -0.2140
vn 0.5792 -0.7504 -0.3184
vn 0.8818 -0.3299 -0.3370
vn 0.9477 0.1776 -0.2654
vn 0.7752 0.6269 -0.0780
vn 0.3893 0.9148 0.1078
vn -0.0999 0.9591 0.2649
vn -0.5627 0.7482 0.3515
vn -0.8760 0.3376 0.3445
vn -0.9555 -0.1640 0.2453
vn -0.7786 -0.6224 0.0801
vn -0.3917 -0.9138 -0.1069
vn 0.1011 -0.9589 -0.2652
vn 0.5665 -0.7451 -0.3519
vn 0.8788 -0.3310 -0.3437
vn 0.9547 0.1714 -0.2433
vn 0.7795 0.6231 -0.0637
vn 0.3972 0.9074 0.1375
vn -0.0908 0.9490 0.3018
vn -0.5542 0.7377 0.3855
vn -0.8700 0.3298 0.3665
vn -0.9539 -0.1664 0.2497
vn -0.7829 -0.6187 0.0660
vn -0.4017 -0.9057 -0.1356
vn 0.0880 -0.9495 -0.3011
vn 0.5543 -0.7377 -0.3855
vn 0.8713 -0.3270 -0.3660
vn 0.9535 0.1714 -0.2481
vn 0.7762 0.6261 -0.0738
vn 0.3989 0.9053 0.1457
vn -0.0846 0.9416 0.3259
vn -0.5448 0.7265 0.4188
vn -0.8595 0.3181 0.4001
vn -0.9454 -0.1750 0.2749
vn -0.7794 -0.6218 0.0763
vn -0.4050 -0.9031 -0.1429
vn 0.0787 -0.9427 -0.3241
vn 0.5419 -0.7289 -0.4185
vn 0.8594 -0.3183 -0.4001
vn 0.9452 0.1781 -0.2738
vn 0.7653 0.6354 -0.1028
vn 0.3949 0.9084 0.1371
vn -0.0807 0.9370 0.3397
vn -0.5338 0.7152 0.4511
vn -0.8441 0.3032 0.4423
vn -0.9298 -0.1890 0.3159
vn -0.7684 -0.6312 0.1054
vn -0.4021 -0.9058 -0.1333
vn 0.0725 -0.9387 -0.3369
vn 0.5286 -0.7195 -0.4504
vn 0.8429 -0.3060 -0.4427
vn 0.9297 0.1905 -0.3153
vn 0.7463 0.6494 -0.1457
vn 0.3849 0.9157 0.1157
vn -0.0793 0.9351 0.3455
vn -0.5210 0.7043 0.4822
vn -0.8231 0.2865 0.4903
vn -0.9064 -0.2069 0.3682
vn -0.7493 -0.6454 0.1485
vn -0.3927 -0.9129 -0.1110
vn 0.0694 -0.9373 -0.3415
vn 0.5141 -0.7103 -0.4809
vn 0.8211 -0.2912 -0.4909
vn 0.9064 0.2072 -0.3681
vn 0.7344 0.6571 -0.1701
vn 0.3782 0.9200 0.1023
vn -0.0792 0.9347 0.3466
vn -0.5141 0.6989 0.4973
vn -0.8109 0.2776 0.5152
vn -0.8921 -0.2165 0.3965
vn -0.7372 -0.6532 0.1728
vn -0.3863 -0.9172 -0.0972
vn 0.0687 -0.9372 -0.3419
vn 0.5064 -0.7057 -0.4955
vn 0.8085 -0.2833 -0.5158
vn 0.8922 0.2161 -0.3966
vt 0.000000 1.000000
vt 0.083333 1.000000
vt 0.083333 0.916667
vt 0.000000 0.916667
vt 0.000000 0.083333
vt 0.083333 0.083333
vt 0.083333 0.000000
vt 0.000000 0.000000
vt 0.000000 0.166667
vt 0.083333 0.166667
vt 0.000000 0.250000
vt 0.083333 0.250000
vt 0.000000 0.333333
vt 0.083333 0.333333
vt 0.000000 0.416667
vt 0.083333 0.416667
vt 0.000000 0.500000
vt 0.083333 0.500000
vt 0.000000 0.583333
vt 0.083333 0.583333
vt 0.000000 0.666667
vt 0.083333 0.666667
vt 0.000000 0.750000
vt 0.083333 0.750000
vt 0.000000 0.833333
vt 0.083333 0.833333
vt 0.166667 1.000000
vt 0.166667 0.916667
vt 0.166667 0.083333
vt 0.166667 0.000000
vt 0.166667 0.166667
vt 0.166667 0.250000
vt 0.166667 0.333333
vt 0.166667 0.416667
vt 0.166667 0.500000
vt 0.166667 0.583333
vt 0.166667 0.666667
vt 0.166667 0.750000
vt 0.166667 0.833333
vt 0.250000 1.000000
vt 0.250000 0.916667
vt 0.250000 0.083333
vt 0.250000 0.000000
vt 0.250000 0.166667
vt 0.250000 0.250000
vt 0.250000 0.333333
vt 0.250000 0.416667
vt 0.250000 0.500000
vt 0.250000 0.583333
vt 0.250000 0.666667
vt 0.250000 0.750000
vt 0.250000 0.833333
vt 0.333333 1.000000
vt 0.333333 0.916667
vt 0.333333 0.083333
vt 0.333333 0.000000
vt 0.333333 0.166667
vt 0.333333 0.250000
vt 0.333333 0.333333
vt 0.333333 0.416667
vt 0.333333 0.500000
vt 0.333333 0.583333
vt 0.333333 0.666667
vt 0.333333 0.750000
vt 0.333333 0.833333
vt 0.416667 1.000000
vt 0.416667 0.916667
vt 0.416667 0.083333
vt 0.416667 0.000000
vt 0.416667 0.166667
vt 0.416667 0.250000
vt 0.416667 0.333333
vt 0.416667 0.416667
vt 0.416667 0.500000
vt 0.416667 0.583333
vt 0.416667 0.666667
vt 0.416667 0.750000
vt 0.416667 0.833333
vt 0.500000 1.000000
vt 0.500000 0.916667
vt 0.500000 0.083333
vt 0.500000 0.000000
vt 0.500000 0.166667
vt 0.500000 0.250000
vt 0.500000 0.333333
vt 0.500000 0.416667
vt 0.500000 0.500000
vt 0.500000 0.583333
vt 0.500000 0.666667
vt 0.500000 0.750000
vt 0.500000 0.833333
vt 0.583333 1.000000
vt 0.583333 0.916667
vt 0.583333 0.083333
vt 0.583333 0.000000
vt 0.583333 0.166667
vt 0.583333 0.250000
vt 0.583333 0.333333
vt 0.583333 0.416667
vt 0.583333 0.500000
vt 0.583333 0.583333
vt 0.583333 0.666667
vt 0.583333 0.750000
vt 0.583333 0.833333
vt 0.666667 1.000000
vt 0.666667 0.916667
vt 0.666667 0.083333
vt 0.666667 0.000000
vt 0.666667 0.166667
vt 0.666667 0.250000
vt 0.666667 0.333333
vt 0.666667 0.416667
vt 0.666667 0.500000
vt 0.666667 0.583333
vt 0.666667 0.666667
vt 0.666667 0.750000
vt 0.666667 0.833333
vt 0.750000 1.000000
vt 0.750000 0.916667
vt 0.750000 0.083333
vt 0.750000 0.000000
vt 0.750000 0.166667
vt 0.750000 0.250000
vt 0.750000 0.333333
vt 0.750000 0.416667
vt 0.750000 0.500000
vt 0.750000 0.583333
vt 0.750000 0.666667
vt 0.750000 0.750000
vt 0.750000 0.833333
vt 0.833333 1.000000
vt 0.833333 0.916667
vt 0.833333 0.083333
vt 0.833333 0.000000
vt 0.833333 0.166667
vt 0.833333 0.250000
vt 0.833333 0.333333
vt 0.833333 0.416667
vt 0.833333 0.500000
vt 0.833333 0.583333
vt 0.833333 0.666667
vt 0.833333 0.750000
vt 0.833333 0.833333
vt 0.916667 1.000000
vt 0.916667 0.916667
vt 0.916667 0.083333
vt 0.916667 0.000000
vt 0.916667 0.166667
vt 0.916667 0.250000
vt 0.916667 0.333333
vt 0.916667 0.416667
vt 0.916667 0.500000
vt 0.916667 0.583333
vt 0.916667 0.666667
vt 0.916667 0.750000
vt 0.916667 0.833333
vt 1.000000 1.000000
vt 1.000000 0.916667
vt 1.000000 0.083333
vt 1.000000 0.000000
vt 1.000000 0.166667
vt 1.000000 0.250000
vt 1.000000 0.333333
vt 1.000000 0.416667
vt 1.000000 0.500000
vt 1.000000 0.583333
vt 1.000000 0.666667
vt 1.000000 0.750000
vt 1.000000 0.833333
s 1
usemtl crack
f 485/378/223 497/379/235 508/380/246 496/381/234
f 486/382/224 498/383/236 497/384/235 485/385/223
f 487/386/225 499/387/237 498/383/236 486/382/224
f 488/388/226 500/389/238 499/387/237 487/386/225
f 489/390/227 501/391/239 500/389/238 488/388/226
f 490/392/228 502/393/240 501/391/239 489/390/227
f 491/394/229 503/395/241 502/393/240 490/392/228
f 492/396/230 504/397/242 503/395/241 491/394/229
f 493/398/231 505/399/243 504/397/242 492/396/230
f 494/400/232 506/401/244 505/399/243 493/398/231
f 495/402/233 507/403/245 506/401/244 494/400/232
f 496/381/234 508/380/246 507/403/245 495/402/233
f 497/379/235 509/404/247 520/405/258 508/380/246
f 498/383/236 510/406/248 509/407/247 497/384/235
f 499/387/237 511/408/249 510/406/248 498/383/236
f 500/389/238 512/409/250 511/408/249 499/387/237
f 501/391/239 513/410/251 512/409/250 500/389/238
f 502/393/240 514/411/252 513/410/251 501/391/239
f 503/395/241 515/412/253 514/411/252 502/393/240
f 504/397/242 516/413/254 515/412/253 503/395/241
f 505/399/243 517/414/255 516/413/254 504/397/242
f 506/401/244 518/415/256 517/414/255 505/399/243
f 507/403/245 519/416/257 518/415/256 506/401/244
f 508/380/246 520/405/258 519/416/257 507/403/245
f 509/404/247 521/417/259 532/418/270 520/405/258
f 510/406/248 522/419/260 521/420/259 509/407/247
f 511/408/249 523/421/261 522/419/260 510/406/248
f 512/409/250 524/422/262 523/421/261 511/408/249
f 513/410/251 525/423/263 524/422/262 512/409/250
f 514/411/252 526/424/264 525/423/263 513/410/251
f 515/412/253 527/425/265 526/424/264 514/411/252
f 516/413/254 528/426/266 527/425/265 515/412/253
f 517/414/255 529/427/267 528/426/266 516/413/254
f 518/415/256 530/428/268 529/427/267 517/414/255
f 519/416/257 531/429/269 530/428/268 518/415/256
f 520/405/258 532/418/270 531/429/269 519/416/257
f 521/417/259 533/430/271 544/431/282 532/418/270
f 522/419/260 534/432/272 533/433/271 521/420/259
f 523/421/261 535/434/273 534/432/272 522/419/260
f 524/422/262 536/435/274 535/434/273 523/421/261
f 525/423/263 537/436/275 536/435/274 524/422/262
f 526/424/264 538/437/276 537/436/275 525/423/263
f 527/425/265 539/438/277 538/437/276 526/424/264
f 528/426/266 540/439/278 539/438/277 527/425/265
f 529/427/267 541/440/279 540/439/278 528/426/266
f 530/428/268 542/441/280 541/440/279 529/427/267
f 531/429/269 543/442/281 542/441/280 530/428/268
f 532/418/270 544/431/282 543/442/281 531/429/269
f 533/430/271 545/443/283 556/444/294 544/431/282
f 534/432/272 546/445/284 545/446/283 533/433/271
f 535/434/273 547/447/285 546/445/284 534/432/272
f 536/435/274 548/448/286 547/447/285 535/434/273
f 537/436/275 549/449/287 548/448/286 536/435/274
f 538/437/276 550/450/288 549/449/287 537/436/275
f 539/438/277 551/451/289 550/450/288 538/437/276
f 540/439/278 552/452/290 551/451/289 539/438/277
f 541/440/279 553/453/291 552/452/290 540/439/278
f 542/441/280 554/454/292 553/453/291 541/440/279
f 543/442/281 555/455/293 554/454/292 542/441/280
f 544/431/282 556/444/294 555/455/293 543/442/281
f 545/443/283 557/456/295 568/457/306 556/444/294
f 546/445/284 558/458/296 557/459/295 545/446/283
f 547/447/285 559/460/297 558/458/296 546/445/284
f 548/448/286 560/461/298 559/460/297 547/447/285
f 549/449/287 561/462/299 560/461/298 548/448/286
f 550/450/288 562/463/300 561/462/299 549/449/287
f 551/451/289 563/464/301 562/463/300 550/450/288
f 552/452/290 564/465/302 563/464/301 551/451/289
f 553/453/291 565/466/303 564/465/302 552/452/290
f 554/454/292 566/467/304 565/466/303 553/453/291
f 555/455/293 567/468/305 566/467/304 554/454/292
f 556/444/294 568/457/306 567/468/305 555/455/293
f 557/456/295 569/469/307 580/470/318 568/457/306
f 558/458/296 570/471/308 569/472/307 557/459/295
f 559/460/297 571/473/309 570/471/308 558/458/296
f 560/461/298 572/474/310 571/473/309 559/460/297
f 561/462/299 573/475/311 572/474/310 560/461/298
f 562/463/300 574/476/312 573/475/311 561/462/299
f 563/464/301 575/477/313 574/476/312 562/463/300
f 564/465/302 576/478/314 575/477/313 563/464/301
f 565/466/303 577/479/315 576/478/314 564/465/302
f 566/467/304 578/480/316 577/479/315 565/466/303
f 567/468/305 579/481/317 578/480/316 566/467/304
f 568/457/306 580/470/318 579/481/317 567/468/305
f 569/469/307 581/482/319 592/483/330 580/470/318
f 570/471/308 582/484/320 581/485/319 569/472/307
f 571/473/309 583/486/321 582/484/320 570/471/308
f 572/474/310 584/487/322 583/486/321 571/473/309
f 573/475/311 585/488/323 584/487/322 572/474/310
f 574/476/312 586/489/324 585/488/323 573/475/311
f 575/477/313 587/490/325 586/489/324 574/476/312
f 576/478/314 588/491/326 587/490/325 575/477/313
f 577/479/315 589/492/327 588/491/326 576/478/314
f 578/480/316 590/493/328 589/492/327 577/479/315
f 579/481/317 591/494/329 590/493/328 578/480/316
f 580/470/318 592/483/330 591/494/329 579/481/317
f 581/482/319 593/495/331 604/496/342 592/483/330
f 582/484/320 594/497/332 593/498/331 581/485/319
f 583/486/321 595/499/333 594/497/332 582/484/320
f 584/487/322 596/500/334 595/499/333 583/486/321
f 585/488/323 597/501/335 596/500/334 584/487/322
f 586/489/324 598/502/336 597/501/335 585/488/323
f 587/490/325 599/503/337 598/502/336 586/489/324
f 588/491/326 600/504/338 599/503/337 587/490/325
f 589/492/327 601/505/339 600/504/338 588/491/326
f 590/493/328 602/506/340 601/505/339 589/492/327
f 591/494/329 603/507/341 602/506/340 590/493/328
f 592/483/330 604/496/342 603/507/341 591/494/329
f 593/495/331 605/508/343 616/509/354 604/496/342
f 594/497/332 606/510/344 605/511/343 593/498/331
f 595/499/333 607/512/345 606/510/344 594/497/332
f 596/500/334 608/513/346 607/512/345 595/499/333
f 597/501/335 609/514/347 608/513/346 596/500/334
f 598/502/336 610/515/348 609/514/347 597/501/335
f 599/503/337 611/516/349 610/515/348 598/502/336
f 600/504/338 612/517/350 611/516/349 599/503/337
f 601/505/339 613/518/351 612/517/350 600/504/338
f 602/506/340 614/519/352 613/518/351 601/505/339
f 603/507/341 615/520/353 614/519/352 602/506/340
f 604/496/342 616/509/354 615/520/353 603/507/341
f 605/508/343 617/521/355 628/522/366 616/509/354
f 606/510/344 618/523/356 617/524/355 605/511/343
f 607/512/345 619/525/357 618/523/356 606/510/344
f 608/513/346 620/526/358 619/525/357 607/512/345
f 609/514/347 621/527/359 620/526/358 608/513/346
f 610/515/348 622/528/360 621/527/359 609/514/347
f 611/516/349 623/529/361 622/528/360 610/515/348
f 612/517/350 624/530/362 623/529/361 611/516/349
f 613/518/351 625/531/363 624/530/362 612/517/350
f 614/519/352 626/532/364 625/531/363 613/518/351
f 615/520/353 627/533/365 626/532/364 614/519/352
f 616/509/354 628/522/366 627/533/365 615/520/353
f 617/521/355 629/534/367 640/535/378 628/522/366
f 618/523/356 630/536/368 629/537/367 617/524/355
f 619/525/357 631/538/369 630/536/368 618/523/356
f 620/526/358 632/539/370 631/538/369 619/525/357
f 621/527/359 633/540/371 632/539/370 620/526/358
f 622/528/360 634/541/372 633/540/371 621/527/359
f 623/529/361 635/542/373 634/541/372 622/528/360
f 624/530/362 636/543/374 635/542/373 623/529/361
f 625/531/363 637/544/375 636/543/374 624/530/362
f 626/532/364 638/545/376 637/544/375 625/531/363
f 627/533/365 639/546/377 638/545/376 626/532/364
f 628/522/366 640/535/378 639/546/377 627/533/365
o BézierCurve.002
v 2.200838 0.051686 0.019559
v 2.199221 0.052906 0.020207
v 2.197706 0.053353 0.021632
v 2.196700 0.052906 0.023451
v 2.196470 0.051686 0.025177
v 2.197080 0.050019 0.026349
v 2.198365 0.048351 0.026651
v 2.199982 0.047131 0.026003
v 2.201497 0.046684 0.024578
v 2.202504 0.047131 0.022759
v 2.202733 0.048351 0.021032
v 2.202123 0.050019 0.019861
v 2.229494 0.075758 0.045086
v 2.227892 0.076991 0.045747
v 2.226268 0.077347 0.047074
v 2.225057 0.076730 0.048709
v 2.224583 0.075306 0.050217
v 2.224974 0.073456 0.051191
v 2.226124 0.071677 0.051372
v 2.227726 0.070444 0.050711
v 2.229350 0.070088 0.049384
v 2.230561 0.070705 0.047749
v 2.231035 0.072129 0.046241
v 2.230644 0.073978 0.045267
v 2.253558 0.091536 0.073082
v 2.251979 0.092783 0.073769
v 2.250244 0.093068 0.074967
v 2.248820 0.092313 0.076354
v 2.248087 0.090721 0.077559
v 2.248242 0.088718 0.078259
v 2.249244 0.086842 0.078266
v 2.250823 0.085595 0.077579
v 2.252558 0.085310 0.076381
v 2.253982 0.086065 0.074994
v 2.254715 0.087657 0.073789
v 2.254560 0.089660 0.073089
v 2.273952 0.099890 0.103526
v 2.272402 0.101149 0.104256
v 2.270574 0.101395 0.105315
v 2.268959 0.100561 0.106420
v 2.267989 0.098872 0.107275
v 2.267926 0.096779 0.107650
v 2.268784 0.094844 0.107445
v 2.270335 0.093585 0.106715
v 2.272163 0.093339 0.105656
v 2.273778 0.094173 0.104551
v 2.274747 0.095862 0.103697
v 2.274811 0.097955 0.103321
v 2.291607 0.101746 0.136337
v 2.290086 0.103009 0.137121
v 2.288193 0.103247 0.138063
v 2.286438 0.102397 0.138910
v 2.285289 0.100686 0.139435
v 2.285054 0.098573 0.139498
v 2.285797 0.096624 0.139082
v 2.287318 0.095361 0.138298
v 2.289211 0.095123 0.137357
v 2.290966 0.095974 0.136510
v 2.292115 0.097684 0.135984
v 2.292350 0.099797 0.135921
v 2.307503 0.098097 0.171465
v 2.306009 0.099354 0.172308
v 2.304082 0.099599 0.173173
v 2.302238 0.098767 0.173829
v 2.300971 0.097080 0.174100
v 2.300622 0.094990 0.173913
v 2.301282 0.093058 0.173319
v 2.302777 0.091801 0.172476
v 2.304704 0.091555 0.171611
v 2.306548 0.092388 0.170955
v 2.307815 0.094075 0.170684
v 2.308164 0.096164 0.170871
v 2.322657 0.089938 0.208931
v 2.321186 0.091183 0.209831
v 2.319246 0.091435 0.210663
v 2.317354 0.090627 0.211205
v 2.316020 0.088974 0.211311
v 2.315600 0.086920 0.210953
v 2.316206 0.085015 0.210226
v 2.317677 0.083770 0.209326
v 2.319618 0.083518 0.208494
v 2.321509 0.084327 0.207952
v 2.322843 0.085980 0.207846
v 2.323263 0.088033 0.208204
v 2.338086 0.078242 0.248799
v 2.336637 0.079471 0.249753
v 2.334698 0.079722 0.250589
v 2.332788 0.078927 0.251085
v 2.331421 0.077298 0.251106
v 2.330961 0.075273 0.250647
v 2.331532 0.073394 0.249832
v 2.332981 0.072164 0.248877
v 2.334920 0.071913 0.248041
v 2.336830 0.072709 0.247545
v 2.338197 0.074337 0.247524
v 2.338657 0.076362 0.247983
v 2.354798 0.063953 0.291143
v 2.353369 0.065166 0.292148
v 2.351443 0.065406 0.293018
v 2.349537 0.064608 0.293521
v 2.348161 0.062986 0.293522
v 2.347684 0.060975 0.293020
v 2.348234 0.059114 0.292151
v 2.349663 0.057901 0.291147
v 2.351589 0.057661 0.290277
v 2.353495 0.058459 0.289774
v 2.354871 0.060081 0.289773
v 2.355348 0.062092 0.290274
v 2.373792 0.048006 0.336038
v 2.372382 0.049203 0.337089
v 2.370480 0.049423 0.338014
v 2.368595 0.048608 0.338567
v 2.367232 0.046975 0.338598
v 2.366756 0.044963 0.338099
v 2.367296 0.043111 0.337205
v 2.368705 0.041914 0.336154
v 2.370607 0.041693 0.335228
v 2.372492 0.042509 0.334676
v 2.373855 0.044141 0.334645
v 2.374331 0.046153 0.335143
v 2.396060 0.031325 0.383548
v 2.394671 0.032507 0.384643
v 2.392802 0.032702 0.385640
v 2.390956 0.031859 0.386274
v 2.389625 0.030203 0.386374
v 2.389168 0.028177 0.385914
v 2.389705 0.026326 0.385016
v 2.391094 0.025144 0.383922
v 2.392963 0.024948 0.382925
v 2.394809 0.025792 0.382291
v 2.396140 0.027448 0.382191
v 2.396597 0.029473 0.382651
v 2.422593 0.014834 0.433740
v 2.421225 0.016003 0.434874
v 2.419401 0.016171 0.435955
v 2.417610 0.015294 0.436694
v 2.416332 0.013606 0.436892
v 2.415909 0.011559 0.436497
v 2.416454 0.009703 0.435614
v 2.417822 0.008534 0.434480
v 2.419646 0.008365 0.433399
v 2.421437 0.009243 0.432660
v 2.422715 0.010931 0.432462
v 2.423138 0.012978 0.432857
v 2.454386 -0.000545 0.486680
v 2.453040 0.000613 0.487851
v 2.451270 0.000756 0.489021
v 2.449550 -0.000156 0.489878
v 2.448341 -0.001877 0.490191
v 2.447967 -0.003947 0.489877
v 2.448528 -0.005811 0.489021
v 2.449874 -0.006970 0.487850
v 2.451644 -0.007112 0.486680
v 2.453364 -0.006201 0.485823
v 2.454573 -0.004479 0.485510
v 2.454947 -0.002409 0.485823
vn 0.3485 0.4545 -0.8198
vn -0.0371 0.7475 -0.6633
vn -0.4140 0.8468 -0.3338
vn -0.6847 0.7237 0.0861
vn -0.7739 0.4055 0.4864
vn -0.6533 -0.0244 0.7567
vn -0.3542 -0.4483 0.8207
vn 0.0417 -0.7497 0.6605
vn 0.4262 -0.8462 0.3198
vn 0.6941 -0.7118 -0.1078
vn 0.7728 -0.3851 -0.5044
vn 0.6447 0.0419 -0.7633
vn 0.4067 0.5004 -0.7643
vn 0.0226 0.7956 -0.6054
vn -0.3679 0.8839 -0.2886
vn -0.6636 0.7406 0.1054
vn -0.7848 0.3993 0.4741
vn -0.6947 -0.0526 0.7174
vn -0.4136 -0.4927 0.7656
vn -0.0176 -0.7979 0.6026
vn 0.3826 -0.8825 0.2735
vn 0.6761 -0.7255 -0.1287
vn 0.7854 -0.3741 -0.4932
vn 0.6856 0.0741 -0.7242
vn 0.5213 0.5757 -0.6299
vn 0.1427 0.8738 -0.4648
vn -0.2733 0.9452 -0.1788
vn -0.6196 0.7694 0.1554
vn -0.8039 0.3880 0.4507
vn -0.7726 -0.1014 0.6267
vn -0.5291 -0.5663 0.6320
vn -0.1382 -0.8759 0.4623
vn 0.2903 -0.9426 0.1649
vn 0.6368 -0.7506 -0.1761
vn 0.8088 -0.3577 -0.4668
vn 0.7650 0.1270 -0.6314
vn 0.6253 0.6187 -0.4756
vn 0.2530 0.9197 -0.3002
vn -0.1854 0.9816 -0.0466
vn -0.5770 0.7864 0.2203
vn -0.8181 0.3812 0.4305
vn -0.8405 -0.1299 0.5261
vn -0.6329 -0.6088 0.4783
vn -0.2499 -0.9212 0.2983
vn 0.2018 -0.9788 0.0361
vn 0.5960 -0.7679 -0.2347
vn 0.8263 -0.3513 -0.4402
vn 0.8353 0.1555 -0.5273
vn 0.7038 0.6278 -0.3325
vn 0.3374 0.9303 -0.1438
vn -0.1174 0.9896 0.0827
vn -0.5428 0.7889 0.2881
vn -0.8263 0.3774 0.4181
vn -0.8892 -0.1381 0.4362
vn -0.7103 -0.6187 0.3356
vn -0.3361 -0.9310 0.1427
vn 0.1303 -0.9874 -0.0893
vn 0.5595 -0.7742 -0.2961
vn 0.8351 -0.3530 -0.4219
vn 0.8864 0.1597 -0.4345
vn 0.7545 0.6169 -0.2240
vn 0.3932 0.9192 -0.0206
vn -0.0716 0.9795 0.1883
vn -0.5186 0.7811 0.3478
vn -0.8291 0.3741 0.4154
vn -0.9185 -0.1351 0.3717
vn -0.7595 -0.6095 0.2271
vn -0.3935 -0.9191 0.0205
vn 0.0798 -0.9782 -0.1917
vn 0.5305 -0.7714 -0.3515
vn 0.8364 -0.3571 -0.4158
vn 0.9172 0.1508 -0.3687
vn 0.7831 0.6019 -0.1563
vn 0.4263 0.9025 0.0618
vn -0.0434 0.9637 0.2633
vn -0.5021 0.7693 0.3952
vn -0.8279 0.3694 0.4220
vn -0.9328 -0.1304 0.3359
vn -0.7869 -0.5963 0.1591
vn -0.4279 -0.9017 -0.0610
vn 0.0470 -0.9632 -0.2647
vn 0.5089 -0.7640 -0.3966
vn 0.8327 -0.3593 -0.4213
vn 0.9323 0.1407 -0.3331
vn 0.7962 0.5920 -0.1245
vn 0.4435 0.8898 0.1072
vn -0.0272 0.9503 0.3102
vn -0.4906 0.7576 0.4306
vn -0.8235 0.3627 0.4362
vn -0.9367 -0.1297 0.3252
vn -0.7989 -0.5879 0.1269
vn -0.4462 -0.8887 -0.1058
vn 0.0270 -0.9503 -0.3102
vn 0.4929 -0.7558 -0.4309
vn 0.8259 -0.3580 -0.4356
vn 0.9365 0.1355 -0.3233
vn 0.7979 0.5904 -0.1217
vn 0.4492 0.8849 0.1228
vn -0.0194 0.9423 0.3342
vn -0.4824 0.7478 0.4561
vn -0.8165 0.3538 0.4563
vn -0.9327 -0.1347 0.3346
vn -0.7998 -0.5875 0.1235
vn -0.4527 -0.8834 -0.1209
vn 0.0161 -0.9428 -0.3330
vn 0.4810 -0.7489 -0.4559
vn 0.8167 -0.3534 -0.4562
vn 0.9326 0.1371 -0.3338
vn 0.7899 0.5967 -0.1414
vn 0.4455 0.8879 0.1150
vn -0.0182 0.9402 0.3402
vn -0.4764 0.7406 0.4739
vn -0.8067 0.3434 0.4809
vn -0.9217 -0.1450 0.3597
vn -0.7912 -0.5947 0.1426
vn -0.4495 -0.8861 -0.1126
vn 0.0126 -0.9411 -0.3380
vn 0.4720 -0.7439 -0.4731
vn 0.8052 -0.3465 -0.4813
vn 0.9218 0.1446 -0.3598
vn 0.7729 0.6090 -0.1782
vn 0.4330 0.8970 0.0891
vn -0.0232 0.9430 0.3321
vn -0.4722 0.7358 0.4855
vn -0.7942 0.3323 0.5088
vn -0.9041 -0.1591 0.3966
vn -0.7736 -0.6078 0.1790
vn -0.4374 -0.8951 -0.0862
vn 0.0158 -0.9443 -0.3288
vn 0.4657 -0.7409 -0.4839
vn 0.7913 -0.3382 -0.5094
vn 0.9042 0.1564 -0.3975
vn 0.7468 0.6247 -0.2279
vn 0.4117 0.9100 0.0495
vn -0.0341 0.9491 0.3132
vn -0.4697 0.7330 0.4920
vn -0.7786 0.3214 0.5389
vn -0.8797 -0.1749 0.4422
vn -0.7472 -0.6242 0.2283
vn -0.4164 -0.9080 -0.0463
vn 0.0256 -0.9508 -0.3089
vn 0.4617 -0.7397 -0.4896
vn 0.7749 -0.3295 -0.5393
vn 0.8798 0.1704 -0.4437
vn 0.7311 0.6327 -0.2553
vn 0.3988 0.9167 0.0268
vn -0.0410 0.9526 0.3014
vn -0.4689 0.7321 0.4942
vn -0.7700 0.3161 0.5542
vn -0.8654 -0.1829 0.4666
vn -0.7312 -0.6325 0.2554
vn -0.4035 -0.9147 -0.0234
vn 0.0321 -0.9545 -0.2965
vn 0.4603 -0.7395 -0.4912
vn 0.7660 -0.3253 -0.5545
vn 0.8656 0.1775 -0.4682
vt 0.000000 1.000000
vt 0.083333 1.000000
vt 0.083333 0.916667
vt 0.000000 0.916667
vt 0.000000 0.083333
vt 0.083333 0.083333
vt 0.083333 0.000000
vt 0.000000 0.000000
vt 0.000000 0.166667
vt 0.083333 0.166667
vt 0.000000 0.250000
vt 0.083333 0.250000
vt 0.000000 0.333333
vt 0.083333 0.333333
vt 0.000000 0.416667
vt 0.083333 0.416667
vt 0.000000 0.500000
vt 0.083333 0.500000
vt 0.000000 0.583333
vt 0.083333 0.583333
vt 0.000000 0.666667
vt 0.083333 0.666667
vt 0.000000 0.750000
vt 0.083333 0.750000
vt 0.000000 0.833333
vt 0.083333 0.833333
vt 0.166667 1.000000
vt 0.166667 0.916667
vt 0.166667 0.083333
vt 0.166667 0.000000
vt 0.166667 0.166667
vt 0.166667 0.250000
vt 0.166667 0.333333
vt 0.166667 0.416667
vt 0.166667 0.500000
vt 0.166667 0.583333
vt 0.166667 0.666667
vt 0.166667 0.750000
vt 0.166667 0.833333
vt 0.250000 1.000000
vt 0.250000 0.916667
vt 0.250000 0.083333
vt 0.250000 0.000000
vt 0.250000 0.166667
vt 0.250000 0.250000
vt 0.250000 0.333333
vt 0.250000 0.416667
vt 0.250000 0.500000
vt 0.250000 0.583333
vt 0.250000 0.666667
vt 0.250000 0.750000
vt 0.250000 0.833333
vt 0.333333 1.000000
vt 0.333333 0.916667
vt 0.333333 0.083333
vt 0.333333 0.000000
vt 0.333333 0.166667
vt 0.333333 0.250000
vt 0.333333 0.333333
vt 0.333333 0.416667
vt 0.333333 0.500000
vt 0.333333 0.583333
vt 0.333333 0.666667
vt 0.333333 0.750000
vt 0.333333 0.833333
vt 0.416667 1.000000
vt 0.416667 0.916667
vt 0.416667 0.083333
vt 0.416667 0.000000
vt 0.416667 0.166667
vt 0.416667 0.250000
vt 0.416667 0.333333
vt 0.416667 0.416667
vt 0.416667 0.500000
vt 0.416667 0.583333
vt 0.416667 0.666667
vt 0.416667 0.750000
vt 0.416667 0.833333
vt 0.500000 1.000000
vt 0.500000 0.916667
vt 0.500000 0.083333
vt 0.500000 0.000000
vt 0.500000 0.166667
vt 0.500000 0.250000
vt 0.500000 0.333333
vt 0.500000 0.416667
vt 0.500000 0.500000
vt 0.500000 0.583333
vt 0.500000 0.666667
vt 0.500000 0.750000
vt 0.500000 0.833333
vt 0.583333 1.000000
vt 0.583333 0.916667
vt 0.583333 0.083333
vt 0.583333 0.000000
vt 0.583333 0.166667
vt 0.583333 0.250000
vt 0.583333 0.333333
vt 0.583333 0.416667
vt 0.583333 0.500000
vt 0.583333 0.583333
vt 0.583333 0.666667
vt 0.583333 0.750000
vt 0.583333 0.833333
vt 0.666667 1.000000
vt 0.666667 0.916667
vt 0.666667 0.083333
vt 0.666667 0.000000
vt 0.666667 0.166667
vt 0.666667 0.250000
vt 0.666667 0.333333
vt 0.666667 0.416667
vt 0.666667 0.500000
vt 0.666667 0.583333
vt 0.666667 0.666667
vt 0.666667 0.750000
vt 0.666667 0.833333
vt 0.750000 1.000000
vt 0.750000 0.916667
vt 0.750000 0.083333
vt 0.750000 0.000000
vt 0.750000 0.166667
vt 0.750000 0.250000
vt 0.750000 0.333333
vt 0.750000 0.416667
vt 0.750000 0.500000
vt 0.750000 0.583333
vt 0.750000 0.666667
vt 0.750000 0.750000
vt 0.750000 0.833333
vt 0.833333 1.000000
vt 0.833333 0.916667
vt 0.833333 0.083333
vt 0.833333 0.000000
vt 0.833333 0.166667
vt 0.833333 0.250000
vt 0.833333 0.333333
vt 0.833333 0.416667
vt 0.833333 0.500000
vt 0.833333 0.583333
vt 0.833333 0.666667
vt 0.833333 0.750000
vt 0.833333 0.833333
vt 0.916667 1.000000
vt 0.916667 0.916667
vt 0.916667 0.083333
vt 0.916667 0.000000
vt 0.916667 0.166667
vt 0.916667 0.250000
vt 0.916667 0.333333
vt 0.916667 0.416667
vt 0.916667 0.500000
vt 0.916667 0.583333
vt 0.916667 0.666667
vt 0.916667 0.750000
vt 0.916667 0.833333
vt 1.000000 1.000000
vt 1.000000 0.916667
vt 1.000000 0.083333
vt 1.000000 0.000000
vt 1.000000 0.166667
vt 1.000000 0.250000
vt 1.000000 0.333333
vt 1.000000 0.416667
vt 1.000000 0.500000
vt 1.000000 0.583333
vt 1.000000 0.666667
vt 1.000000 0.750000
vt 1.000000 0.833333
s 1
usemtl crack
f 641/547/379 653/548/391 664/549/402 652/550/390
f 642/551/380 654/552/392 653/553/391 641/554/379
f 643/555/381 655/556/393 654/552/392 642/551/380
f 644/557/382 656/558/394 655/556/393 643/555/381
f 645/559/383 657/560/395 656/558/394 644/557/382
f 646/561/384 658/562/396 657/560/395 645/559/383
f 647/563/385 659/564/397 658/562/396 646/561/384
f 648/565/386 660/566/398 659/564/397 647/563/385
f 649/567/387 661/568/399 660/566/398 648/565/386
f 650/569/388 662/570/400 661/568/399 649/567/387
f 651/571/389 663/572/401 662/570/400 650/569/388
f 652/550/390 664/549/402 663/572/401 651/571/389
f 653/548/391 665/573/403 676/574/414 664/549/402
f 654/552/392 666/575/404 665/576/403 653/553/391
f 655/556/393 667/577/405 666/575/404 654/552/392
f 656/558/394 668/578/406 667/577/405 655/556/393
f 657/560/395 669/579/407 668/578/406 656/558/394
f 658/562/396 670/580/408 669/579/407 657/560/395
f 659/564/397 671/581/409 670/580/408 658/562/396
f 660/566/398 672/582/410 671/581/409 659/564/397
f 661/568/399 673/583/411 672/582/410 660/566/398
f 662/570/400 674/584/412 673/583/411 661/568/399
f 663/572/401 675/585/413 674/584/412 662/570/400
f 664/549/402 676/574/414 675/585/413 663/572/401
f 665/573/403 677/586/415 688/587/426 676/574/414
f 666/575/404 678/588/416 677/589/415 665/576/403
f 667/577/405 679/590/417 678/588/416 666/575/404
f 668/578/406 680/591/418 679/590/417 667/577/405
f 669/579/407 681/592/419 680/591/418 668/578/406
f 670/580/408 682/593/420 681/592/419 669/579/407
f 671/581/409 683/594/421 682/593/420 670/580/408
f 672/582/410 684/595/422 683/594/421 671/581/409
f 673/583/411 685/596/423 684/595/422 672/582/410
f 674/584/412 686/597/424 685/596/423 673/583/411
f 675/585/413 687/598/425 686/597/424 674/584/412
f 676/574/414 688/587/426 687/598/425 675/585/413
f 677/586/415 689/599/427 700/600/438 688/587/426
f 678/588/416 690/601/428 689/602/427 677/589/415
f 679/590/417 691/603/429 690/601/428 678/588/416
f 680/591/418 692/604/430 691/603/429 679/590/417
f 681/592/419 693/605/431 692/604/430 680/591/418
f 682/593/420 694/606/432 693/605/431 681/592/419
f 683/594/421 695/607/433 694/606/432 682/593/420
f 684/595/422 696/608/434 695/607/433 683/594/421
f 685/596/423 697/609/435 696/608/434 684/595/422
f 686/597/424 698/610/436 697/609/435 685/596/423
f 687/598/425 699/611/437 698/610/436 686/597/424
f 688/587/426 700/600/438 699/611/437 687/598/425
f 689/599/427 701/612/439 712/613/450 700/600/438
f 690/601/428 702/614/440 701/615/439 689/602/427
f 691/603/429 703/616/441 702/614/440 690/601/428
f 692/604/430 704/617/442 703/616/441 691/603/429
f 693/605/431 705/618/443 704/617/442 692/604/430
f 694/606/432 706/619/444 705/618/443 693/605/431
f 695/607/433 707/620/445 706/619/444 694/606/432
f 696/608/434 708/621/446 707/620/445 695/607/433
f 697/609/435 709/622/447 708/621/446 696/608/434
f 698/610/436 710/623/448 709/622/447 697/609/435
f 699/611/437 711/624/449 710/623/448 698/610/436
f 700/600/438 712/613/450 711/624/449 699/611/437
f 701/612/439 713/625/451 724/626/462 712/613/450
f 702/614/440 714/627/452 713/628/451 701/615/439
f 703/616/441 715/629/453 714/627/452 702/614/440
f 704/617/442 716/630/454 715/629/453 703/616/441
f 705/618/443 717/631/455 716/630/454 704/617/442
f 706/619/444 718/632/456 717/631/455 705/618/443
f 707/620/445 719/633/457 718/632/456 706/619/444
f 708/621/446 720/634/458 719/633/457 707/620/445
f 709/622/447 721/635/459 720/634/458 708/621/446
f 710/623/448 722/636/460 721/635/459 709/622/447
f 711/624/449 723/637/461 722/636/460 710/623/448
f 712/613/450 724/626/462 723/637/461 711/624/449
f 713/625/451 725/638/463 736/639/474 724/626/462
f 714/627/452 726/640/464 725/641/463 713/628/451
f 715/629/453 727/642/465 726/640/464 714/627/452
f 716/630/454 728/643/466 727/642/465 715/629/453
f 717/631/455 729/644/467 728/643/466 716/630/454
f 718/632/456 730/645/468 729/644/467 717/631/455
f 719/633/457 731/646/469 730/645/468 718/632/456
f 720/634/458 732/647/470 731/646/469 719/633/457
f 721/635/459 733/648/471 732/647/470 720/634/458
f 722/636/460 734/649/472 733/648/471 721/635/459
f 723/637/461 735/650/473 734/649/472 722/636/460
f 724/626/462 736/639/474 735/650/473 723/637/461
f 725/638/463 737/651/475 748/652/486 736/639/474
f 726/640/464 738/653/476 737/654/475 725/641/463
f 727/642/465 739/655/477 738/653/476 726/640/464
f 728/643/466 740/656/478 739/655/477 727/642/465
f 729/644/467 741/657/479 740/656/478 728/643/466
f 730/645/468 742/658/480 741/657/479 729/644/467
f 731/646/469 743/659/481 742/658/480 730/645/468
f 732/647/470 744/660/482 743/659/481 731/646/469
f 733/648/471 745/661/483 744/660/482 732/647/470
f 734/649/472 746/662/484 745/661/483 733/648/471
f 735/650/473 747/663/485 746/662/484 734/649/472
f 736/639/474 748/652/486 747/663/485 735/650/473
f 737/651/475 749/664/487 760/665/498 748/652/486
f 738/653/476 750/666/488 749/667/487 737/654/475
f 739/655/477 751/668/489 750/666/488 738/653/476
f 740/656/478 752/669/490 751/668/489 739/655/477
f 741/657/479 753/670/491 752/669/490 740/656/478
f 742/658/480 754/671/492 753/670/491 741/657/479
f 743/659/481 755/672/493 754/671/492 742/658/480
f 744/660/482 756/673/494 755/672/493 743/659/481
f 745/661/483 757/674/495 756/673/494 744/660/482
f 746/662/484 758/675/496 757/674/495 745/661/483
f 747/663/485 759/676/497 758/675/496 746/662/484
f 748/652/486 760/665/498 759/676/497 747/663/485
f 749/664/487 761/677/499 772/678/510 760/665/498
f 750/666/488 762/679/500 761/680/499 749/667/487
f 751/668/489 763/681/501 762/679/500 750/666/488
f 752/669/490 764/682/502 763/681/501 751/668/489
f 753/670/491 765/683/503 764/682/502 752/669/490
f 754/671/492 766/684/504 765/683/503 753/670/491
f 755/672/493 767/685/505 766/684/504 754/671/492
f 756/673/494 768/686/506 767/685/505 755/672/493
f 757/674/495 769/687/507 768/686/506 756/673/494
f 758/675/496 770/688/508 769/687/507 757/674/495
f 759/676/497 771/689/509 770/688/508 758/675/496
f 760/665/498 772/678/510 771/689/509 759/676/497
f 761/677/499 773/690/511 784/691/522 772/678/510
f 762/679/500 774/692/512 773/693/511 761/680/499
f 763/681/501 775/694/513 774/692/512 762/679/500
f 764/682/502 776/695/514 775/694/513 763/681/501
f 765/683/503 777/696/515 776/695/514 764/682/502
f 766/684/504 778/697/516 777/696/515 765/683/503
f 767/685/505 779/698/517 778/697/516 766/684/504
f 768/686/506 780/699/518 779/698/517 767/685/505
f 769/687/507 781/700/519 780/699/518 768/686/506
f 770/688/508 782/701/520 781/700/519 769/687/507
f 771/689/509 783/702/521 782/701/520 770/688/508
f 772/678/510 784/691/522 783/702/521 771/689/509
f 773/690/511 785/703/523 796/704/534 784/691/522
f 774/692/512 786/705/524 785/706/523 773/693/511
f 775/694/513 787/707/525 786/705/524 774/692/512
f 776/695/514 788/708/526 787/707/525 775/694/513
f 777/696/515 789/709/527 788/708/526 776/695/514
f 778/697/516 790/710/528 789/709/527 777/696/515
f 779/698/517 791/711/529 790/710/528 778/697/516
f 780/699/518 792/712/530 791/711/529 779/698/517
f 781/700/519 793/713/531 792/712/530 780/699/518
f 782/701/520 794/714/532 793/713/531 781/700/519
f 783/702/521 795/715/533 794/714/532 782/701/520
f 784/691/522 796/704/534 795/715/533 783/702/521
o BézierCurve.002
v 2.200838 0.051686 0.019559
v 2.199221 0.052906 0.020207
v 2.197706 0.053353 0.021632
v 2.196700 0.052906 0.023451
v 2.196470 0.051686 0.025177
v 2.197080 0.050019 0.026349
v 2.198365 0.048351 0.026651
v 2.199982 0.047131 0.026003
v 2.201497 0.046684 0.024578
v 2.202504 0.047131 0.022759
v 2.202733 0.048351 0.021032
v 2.202123 0.050019 0.019861
v 2.229494 0.075758 0.045086
v 2.227892 0.076991 0.045747
v 2.226268 0.077347 0.047074
v 2.225057 0.076730 0.048709
v 2.224583 0.075306 0.050217
v 2.224974 0.073456 0.051191
v 2.226124 0.071677 0.051372
v 2.227726 0.070444 0.050711
v 2.229350 0.070088 0.049384
v 2.230561 0.070705 0.047749
v 2.231035 0.072129 0.046241
v 2.230644 0.073978 0.045267
v 2.253558 0.091536 0.073082
v 2.251979 0.092783 0.073769
v 2.250244 0.093068 0.074967
v 2.248820 0.092313 0.076354
v 2.248087 0.090721 0.077559
v 2.248242 0.088718 0.078259
v 2.249244 0.086842 0.078266
v 2.250823 0.085595 0.077579
v 2.252558 0.085310 0.076381
v 2.253982 0.086065 0.074994
v 2.254715 0.087657 0.073789
v 2.254560 0.089660 0.073089
v 2.273952 0.099890 0.103526
v 2.272402 0.101149 0.104256
v 2.270574 0.101395 0.105315
v 2.268959 0.100561 0.106420
v 2.267989 0.098872 0.107275
v 2.267926 0.096779 0.107650
v 2.268784 0.094844 0.107445
v 2.270335 0.093585 0.106715
v 2.272163 0.093339 0.105656
v 2.273778 0.094173 0.104551
v 2.274747 0.095862 0.103697
v 2.274811 0.097955 0.103321
v 2.291607 0.101746 0.136337
v 2.290086 0.103009 0.137121
v 2.288193 0.103247 0.138063
v 2.286438 0.102397 0.138910
v 2.285289 0.100686 0.139435
v 2.285054 0.098573 0.139498
v 2.285797 0.096624 0.139082
v 2.287318 0.095361 0.138298
v 2.289211 0.095123 0.137357
v 2.290966 0.095974 0.136510
v 2.292115 0.097684 0.135984
v 2.292350 0.099797 0.135921
v 2.307503 0.098097 0.171465
v 2.306009 0.099354 0.172308
v 2.304082 0.099599 0.173173
v 2.302238 0.098767 0.173829
v 2.300971 0.097080 0.174100
v 2.300622 0.094990 0.173913
v 2.301282 0.093058 0.173319
v 2.302777 0.091801 0.172476
v 2.304704 0.091555 0.171611
v 2.306548 0.092388 0.170955
v 2.307815 0.094075 0.170684
v 2.308164 0.096164 0.170871
v 2.322657 0.089938 0.208931
v 2.321186 0.091183 0.209831
v 2.319246 0.091435 0.210663
v 2.317354 0.090627 0.211205
v 2.316020 0.088974 0.211311
v 2.315600 0.086920 0.210953
v 2.316206 0.085015 0.210226
v 2.317677 0.083770 0.209326
v 2.319618 0.083518 0.208494
v 2.321509 0.084327 0.207952
v 2.322843 0.085980 0.207846
v 2.323263 0.088033 0.208204
v 2.338086 0.078242 0.248799
v 2.336637 0.079471 0.249753
v 2.334698 0.079722 0.250589
v 2.332788 0.078927 0.251085
v 2.331421 0.077298 0.251106
v 2.330961 0.075273 0.250647
v 2.331532 0.073394 0.249832
v 2.332981 0.072164 0.248877
v 2.334920 0.071913 0.248041
v 2.336830 0.072709 0.247545
v 2.338197 0.074337 0.247524
v 2.338657 0.076362 0.247983
v 2.354798 0.063953 0.291143
v 2.353369 0.065166 0.292148
v 2.351443 0.065406 0.293018
v 2.349537 0.064608 0.293521
v 2.348161 0.062986 0.293522
v 2.347684 0.060975 0.293020
v 2.348234 0.059114 0.292151
v 2.349663 0.057901 0.291147
v 2.351589 0.057661 0.290277
v 2.353495 0.058459 0.289774
v 2.354871 0.060081 0.289773
v 2.355348 0.062092 0.290274
v 2.373792 0.048006 0.336038
v 2.372382 0.049203 0.337089
v 2.370480 0.049423 0.338014
v 2.368595 0.048608 0.338567
v 2.367232 0.046975 0.338598
v 2.366756 0.044963 0.338099
v 2.367296 0.043111 0.337205
v 2.368705 0.041914 0.336154
v 2.370607 0.041693 0.335228
v 2.372492 0.042509 0.334676
v 2.373855 0.044141 0.334645
v 2.374331 0.046153 0.335143
v 2.396060 0.031325 0.383548
v 2.394671 0.032507 0.384643
v 2.392802 0.032702 0.385640
v 2.390956 0.031859 0.386274
v 2.389625 0.030203 0.386374
v 2.389168 0.028177 0.385914
v 2.389705 0.026326 0.385016
v 2.391094 0.025144 0.383922
v 2.392963 0.024948 0.382925
v 2.394809 0.025792 0.382291
v 2.396140 0.027448 0.382191
v 2.396597 0.029473 0.382651
v 2.422593 0.014834 0.433740
v 2.421225 0.016003 0.434874
v 2.419401 0.016171 0.435955
v 2.417610 0.015294 0.436694
v 2.416332 0.013606 0.436892
v 2.415909 0.011559 0.436497
v 2.416454 0.009703 0.435614
v 2.417822 0.008534 0.434480
v 2.419646 0.008365 0.433399
v 2.421437 0.009243 0.432660
v 2.422715 0.010931 0.432462
v 2.423138 0.012978 0.432857
v 2.454386 -0.000545 0.486680
v 2.453040 0.000613 0.487851
v 2.451270 0.000756 0.489021
v 2.449550 -0.000156 0.489878
v 2.448341 -0.001877 0.490191
v 2.447967 -0.003947 0.489877
v 2.448528 -0.005811 0.489021
v 2.449874 -0.006970 0.487850
v 2.451644 -0.007112 0.486680
v 2.453364 -0.006201 0.485823
v 2.454573 -0.004479 0.485510
v 2.454947 -0.002409 0.485823
vn 0.3485 0.4545 -0.8198
vn -0.0371 0.7475 -0.6633
vn -0.4140 0.8468 -0.3338
vn -0.6847 0.7237 0.0861
vn -0.7739 0.4055 0.4864
vn -0.6533 -0.0244 0.7567
vn -0.3542 -0.4483 0.8207
vn 0.0417 -0.7497 0.6605
vn 0.4262 -0.8462 0.3198
vn 0.6941 -0.7118 -0.1078
vn 0.7728 -0.3851 -0.5044
vn 0.6447 0.0419 -0.7633
vn 0.4067 0.5004 -0.7643
vn 0.0226 0.7956 -0.6054
vn -0.3679 0.8839 -0.2886
vn -0.6636 0.7406 0.1054
vn -0.7848 0.3993 0.4741
vn -0.6947 -0.0526 0.7174
vn -0.4136 -0.4927 0.7656
vn -0.0176 -0.7979 0.6026
vn 0.3826 -0.8825 0.2735
vn 0.6761 -0.7255 -0.1287
vn 0.7854 -0.3741 -0.4932
vn 0.6856 0.0741 -0.7242
vn 0.5213 0.5757 -0.6299
vn 0.1427 0.8738 -0.4648
vn -0.2733 0.9452 -0.1788
vn -0.6196 0.7694 0.1554
vn -0.8039 0.3880 0.4507
vn -0.7726 -0.1014 0.6267
vn -0.5291 -0.5663 0.6320
vn -0.1382 -0.8759 0.4623
vn 0.2903 -0.9426 0.1649
vn 0.6368 -0.7506 -0.1761
vn 0.8088 -0.3577 -0.4668
vn 0.7650 0.1270 -0.6314
vn 0.6253 0.6187 -0.4756
vn 0.2530 0.9197 -0.3002
vn -0.1854 0.9816 -0.0466
vn -0.5770 0.7864 0.2203
vn -0.8181 0.3812 0.4305
vn -0.8405 -0.1299 0.5261
vn -0.6329 -0.6088 0.4783
vn -0.2499 -0.9212 0.2983
vn 0.2018 -0.9788 0.0361
vn 0.5960 -0.7679 -0.2347
vn 0.8263 -0.3513 -0.4402
vn 0.8353 0.1555 -0.5273
vn 0.7038 0.6278 -0.3325
vn 0.3374 0.9303 -0.1438
vn -0.1174 0.9896 0.0827
vn -0.5428 0.7889 0.2881
vn -0.8263 0.3774 0.4181
vn -0.8892 -0.1381 0.4362
vn -0.7103 -0.6187 0.3356
vn -0.3361 -0.9310 0.1427
vn 0.1303 -0.9874 -0.0893
vn 0.5595 -0.7742 -0.2961
vn 0.8351 -0.3530 -0.4219
vn 0.8864 0.1597 -0.4345
vn 0.7545 0.6169 -0.2240
vn 0.3932 0.9192 -0.0206
vn -0.0716 0.9795 0.1883
vn -0.5186 0.7811 0.3478
vn -0.8291 0.3741 0.4154
vn -0.9185 -0.1351 0.3717
vn -0.7595 -0.6095 0.2271
vn -0.3935 -0.9191 0.0205
vn 0.0798 -0.9782 -0.1917
vn 0.5305 -0.7714 -0.3515
vn 0.8364 -0.3571 -0.4158
vn 0.9172 0.1508 -0.3687
vn 0.7831 0.6019 -0.1563
vn 0.4263 0.9025 0.0618
vn -0.0434 0.9637 0.2633
vn -0.5021 0.7693 0.3952
vn -0.8279 0.3694 0.4220
vn -0.9328 -0.1304 0.3359
vn -0.7869 -0.5963 0.1591
vn -0.4279 -0.9017 -0.0610
vn 0.0470 -0.9632 -0.2647
vn 0.5089 -0.7640 -0.3966
vn 0.8327 -0.3593 -0.4213
vn 0.9323 0.1407 -0.3331
vn 0.7962 0.5920 -0.1245
vn 0.4435 0.8898 0.1072
vn -0.0272 0.9503 0.3102
vn -0.4906 0.7576 0.4306
vn -0.8235 0.3627 0.4362
vn -0.9367 -0.1297 0.3252
vn -0.7989 -0.5879 0.1269
vn -0.4462 -0.8887 -0.1058
vn 0.0270 -0.9503 -0.3102
vn 0.4929 -0.7558 -0.4309
vn 0.8259 -0.3580 -0.4356
vn 0.9365 0.1355 -0.3233
vn 0.7979 0.5904 -0.1217
vn 0.4492 0.8849 0.1228
vn -0.0194 0.9423 0.3342
vn -0.4824 0.7478 0.4561
vn -0.8165 0.3538 0.4563
vn -0.9327 -0.1347 0.3346
vn -0.7998 -0.5875 0.1235
vn -0.4527 -0.8834 -0.1209
vn 0.0161 -0.9428 -0.3330
vn 0.4810 -0.7489 -0.4559
vn 0.8167 -0.3534 -0.4562
vn 0.9326 0.1371 -0.3338
vn 0.7899 0.5967 -0.1414
vn 0.4455 0.8879 0.1150
vn -0.0182 0.9402 0.3402
vn -0.4764 0.7406 0.4739
vn -0.8067 0.3434 0.4809
vn -0.9217 -0.1450 0.3597
vn -0.7912 -0.5947 0.1426
vn -0.4495 -0.8861 -0.1126
vn 0.0126 -0.9411 -0.3380
vn 0.4720 -0.7439 -0.4731
vn 0.8052 -0.3465 -0.4813
vn 0.9218 0.1446 -0.3598
vn 0.7729 0.6090 -0.1782
vn 0.4330 0.8970 0.0891
vn -0.0232 0.9430 0.3321
vn -0.4722 0.7358 0.4855
vn -0.7942 0.3323 0.5088
vn -0.9041 -0.1591 0.3966
vn -0.7736 -0.6078 0.1790
vn -0.4374 -0.8951 -0.0862
vn 0.0158 -0.9443 -0.3288
vn 0.4657 -0.7409 -0.4839
vn 0.7913 -0.3382 -0.5094
vn 0.9042 0.1564 -0.3975
vn 0.7468 0.6247 -0.2279
vn 0.4117 0.9100 0.0495
vn -0.0341 0.9491 0.3132
vn -0.4697 0.7330 0.4920
vn -0.7786 0.3214 0.5389
vn -0.8797 -0.1749 0.4422
vn -0.7472 -0.6242 0.2283
vn -0.4164 -0.9080 -0.0463
vn 0.0256 -0.9508 -0.3089
vn 0.4617 -0.7397 -0.4896
vn 0.7749 -0.3295 -0.5393
vn 0.8798 0.1704 -0.4437
vn 0.7311 0.6327 -0.2553
vn 0.3988 0.9167 0.0268
vn -0.0410 0.9526 0.3014
vn -0.4689 0.7321 0.4942
vn -0.7700 0.3161 0.5542
vn -0.8654 -0.1829 0.4666
vn -0.7312 -0.6325 0.2554
vn -0.4035 -0.9147 -0.0234
vn 0.0321 -0.9545 -0.2965
vn 0.4603 -0.7395 -0.4912
vn 0.7660 -0.3253 -0.5545
vn 0.8656 0.1775 -0.4682
vt 0.000000 1.000000
vt 0.083333 1.000000
vt 0.083333 0.916667
vt 0.000000 0.916667
vt 0.000000 0.083333
vt 0.083333 0.083333
vt 0.083333 0.000000
vt 0.000000 0.000000
vt 0.000000 0.166667
vt 0.083333 0.166667
vt 0.000000 0.250000
vt 0.083333 0.250000
vt 0.000000 0.333333
vt 0.083333 0.333333
vt 0.000000 0.416667
vt 0.083333 0.416667
vt 0.000000 0.500000
vt 0.083333 0.500000
vt 0.000000 0.583333
vt 0.083333 0.583333
vt 0.000000 0.666667
vt 0.083333 0.666667
vt 0.000000 0.750000
vt 0.083333 0.750000
vt 0.000000 0.833333
vt 0.083333 0.833333
vt 0.166667 1.000000
vt 0.166667 0.916667
vt 0.166667 0.083333
vt 0.166667 0.000000
vt 0.166667 0.166667
vt 0.166667 0.250000
vt 0.166667 0.333333
vt 0.166667 0.416667
vt 0.166667 0.500000
vt 0.166667 0.583333
vt 0.166667 0.666667
vt 0.166667 0.750000
vt 0.166667 0.833333
vt 0.250000 1.000000
vt 0.250000 0.916667
vt 0.250000 0.083333
vt 0.250000 0.000000
vt 0.250000 0.166667
vt 0.250000 0.250000
vt 0.250000 0.333333
vt 0.250000 0.416667
vt 0.250000 0.500000
vt 0.250000 0.583333
vt 0.250000 0.666667
vt 0.250000 0.750000
vt 0.250000 0.833333
vt 0.333333 1.000000
vt 0.333333 0.916667
vt 0.333333 0.083333
vt 0.333333 0.000000
vt 0.333333 0.166667
vt 0.333333 0.250000
vt 0.333333 0.333333
vt 0.333333 0.416667
vt 0.333333 0.500000
vt 0.333333 0.583333
vt 0.333333 0.666667
vt 0.333333 0.750000
vt 0.333333 0.833333
vt 0.416667 1.000000
vt 0.416667 0.916667
vt 0.416667 0.083333
vt 0.416667 0.000000
vt 0.416667 0.166667
vt 0.416667 0.250000
vt 0.416667 0.333333
vt 0.416667 0.416667
vt 0.416667 0.500000
vt 0.416667 0.583333
vt 0.416667 0.666667
vt 0.416667 0.750000
vt 0.416667 0.833333
vt 0.500000 1.000000
vt 0.500000 0.916667
vt 0.500000 0.083333
vt 0.500000 0.000000
vt 0.500000 0.166667
vt 0.500000 0.250000
vt 0.500000 0.333333
vt 0.500000 0.416667
vt 0.500000 0.500000
vt 0.500000 0.583333
vt 0.500000 0.666667
vt 0.500000 0.750000
vt 0.500000 0.833333
vt 0.583333 1.000000
vt 0.583333 0.916667
vt 0.583333 0.083333
vt 0.583333 0.000000
vt 0.583333 0.166667
vt 0.583333 0.250000
vt 0.583333 0.333333
vt 0.583333 0.416667
vt 0.583333 0.500000
vt 0.583333 0.583333
vt 0.583333 0.666667
vt 0.583333 0.750000
vt 0.583333 0.833333
vt 0.666667 1.000000
vt 0.666667 0.916667
vt 0.666667 0.083333
vt 0.666667 0.000000
vt 0.666667 0.166667
vt 0.666667 0.250000
vt 0.666667 0.333333
vt 0.666667 0.416667
vt 0.666667 0.500000
vt 0.666667 0.583333
vt 0.666667 0.666667
vt 0.666667 0.750000
vt 0.666667 0.833333
vt 0.750000 1.000000
vt 0.750000 0.916667
vt 0.750000 0.083333
vt 0.750000 0.000000
vt 0.750000 0.166667
vt 0.750000 0.250000
vt 0.750000 0.333333
vt 0.750000 0.416667
vt 0.750000 0.500000
vt 0.750000 0.583333
vt 0.750000 0.666667
vt 0.750000 0.750000
vt 0.750000 0.833333
vt 0.833333 1.000000
vt 0.833333 0.916667
vt 0.833333 0.083333
vt 0.833333 0.000000
vt 0.833333 0.166667
vt 0.833333 0.250000
vt 0.833333 0.333333
vt 0.833333 0.416667
vt 0.833333 0.500000
vt 0.833333 0.583333
vt 0.833333 0.666667
vt 0.833333 0.750000
vt 0.833333 0.833333
vt 0.916667 1.000000
vt 0.916667 0.916667
vt 0.916667 0.083333
vt 0.916667 0.000000
vt 0.916667 0.166667
vt 0.916667 0.250000
vt 0.916667 0.333333
vt 0.916667 0.416667
vt 0.916667 0.500000
vt 0.916667 0.583333
vt 0.916667 0.666667
vt 0.916667 0.750000
vt 0.916667 0.833333
vt 1.000000 1.000000
vt 1.000000 0.916667
vt 1.000000 0.083333
vt 1.000000 0.000000
vt 1.000000 0.166667
vt 1.000000 0.250000
vt 1.000000 0.333333
vt 1.000000 0.416667
vt 1.000000 0.500000
vt 1.000000 0.583333
vt 1.000000 0.666667
vt 1.000000 0.750000
vt 1.000000 0.833333
s 1
usemtl crack
f 797/716/535 809/717/547 820/718/558 808/719/546
f 798/720/536 810/721/548 809/722/547 797/723/535
f 799/724/537 811/725/549 810/721/548 798/720/536
f 800/726/538 812/727/550 811/725/549 799/724/537
f 801/728/539 813/729/551 812/727/550 800/726/538
f 802/730/540 814/731/552 813/729/551 801/728/539
f 803/732/541 815/733/553 814/731/552 802/730/540
f 804/734/542 816/735/554 815/733/553 803/732/541
f 805/736/543 817/737/555 816/735/554 804/734/542
f 806/738/544 818/739/556 817/737/555 805/736/543
f 807/740/545 819/741/557 818/739/556 806/738/544
f 808/719/546 820/718/558 819/741/557 807/740/545
f 809/717/547 821/742/559 832/743/570 820/718/558
f 810/721/548 822/744/560 821/745/559 809/722/547
f 811/725/549 823/746/561 822/744/560 810/721/548
f 812/727/550 824/747/562 823/746/561 811/725/549
f 813/729/551 825/748/563 824/747/562 812/727/550
f 814/731/552 826/749/564 825/748/563 813/729/551
f 815/733/553 827/750/565 826/749/564 814/731/552
f 816/735/554 828/751/566 827/750/565 815/733/553
f 817/737/555 829/752/567 828/751/566 816/735/554
f 818/739/556 830/753/568 829/752/567 817/737/555
f 819/741/557 831/754/569 830/753/568 818/739/556
f 820/718/558 832/743/570 831/754/569 819/741/557
f 821/742/559 833/755/571 844/756/582 832/743/570
f 822/744/560 834/757/572 833/758/571 821/745/559
f 823/746/561 835/759/573 834/757/572 822/744/560
f 824/747/562 836/760/574 835/759/573 823/746/561
f 825/748/563 837/761/575 836/760/574 824/747/562
f 826/749/564 838/762/576 837/761/575 825/748/563
f 827/750/565 839/763/577 838/762/576 826/749/564
f 828/751/566 840/764/578 839/763/577 827/750/565
f 829/752/567 841/765/579 840/764/578 828/751/566
f 830/753/568 842/766/580 841/765/579 829/752/567
f 831/754/569 843/767/581 842/766/580 830/753/568
f 832/743/570 844/756/582 843/767/581 831/754/569
f 833/755/571 845/768/583 856/769/594 844/756/582
f 834/757/572 846/770/584 845/771/583 833/758/571
f 835/759/573 847/772/585 846/770/584 834/757/572
f 836/760/574 848/773/586 847/772/585 835/759/573
f 837/761/575 849/774/587 848/773/586 836/760/574
f 838/762/576 850/775/588 849/774/587 837/761/575
f 839/763/577 851/776/589 850/775/588 838/762/576
f 840/764/578 852/777/590 851/776/589 839/763/577
f 841/765/579 853/778/591 852/777/590 840/764/578
f 842/766/580 854/779/592 853/778/591 841/765/579
f 843/767/581 855/780/593 854/779/592 842/766/580
f 844/756/582 856/769/594 855/780/593 843/767/581
f 845/768/583 857/781/595 868/782/606 856/769/594
f 846/770/584 858/783/596 857/784/595 845/771/583
f 847/772/585 859/785/597 858/783/596 846/770/584
f 848/773/586 860/786/598 859/785/597 847/772/585
f 849/774/587 861/787/599 860/786/598 848/773/586
f 850/775/588 862/788/600 861/787/599 849/774/587
f 851/776/589 863/789/601 862/788/600 850/775/588
f 852/777/590 864/790/602 863/789/601 851/776/589
f 853/778/591 865/791/603 864/790/602 852/777/590
f 854/779/592 866/792/604 865/791/603 853/778/591
f 855/780/593 867/793/605 866/792/604 854/779/592
f 856/769/594 868/782/606 867/793/605 855/780/593
f 857/781/595 869/794/607 880/795/618 868/782/606
f 858/783/596 870/796/608 869/797/607 857/784/595
f 859/785/597 871/798/609 870/796/608 858/783/596
f 860/786/598 872/799/610 871/798/609 859/785/597
f 861/787/599 873/800/611 872/799/610 860/786/598
f 862/788/600 874/801/612 873/800/611 861/787/599
f 863/789/601 875/802/613 874/801/612 862/788/600
f 864/790/602 876/803/614 875/802/613 863/789/601
f 865/791/603 877/804/615 876/803/614 864/790/602
f 866/792/604 878/805/616 877/804/615 865/791/603
f 867/793/605 879/806/617 878/805/616 866/792/604
f 868/782/606 880/795/618 879/806/617 867/793/605
f 869/794/607 881/807/619 892/808/630 880/795/618
f 870/796/608 882/809/620 881/810/619 869/797/607
f 871/798/609 883/811/621 882/809/620 870/796/608
f 872/799/610 884/812/622 883/811/621 871/798/609
f 873/800/611 885/813/623 884/812/622 872/799/610
f 874/801/612 886/814/624 885/813/623 873/800/611
f 875/802/613 887/815/625 886/814/624 874/801/612
f 876/803/614 888/816/626 887/815/625 875/802/613
f 877/804/615 889/817/627 888/816/626 876/803/614
f 878/805/616 890/818/628 889/817/627 877/804/615
f 879/806/617 891/819/629 890/818/628 878/805/616
f 880/795/618 892/808/630 891/819/629 879/806/617
f 881/807/619 893/820/631 904/821/642 892/808/630
f 882/809/620 894/822/632 893/823/631 881/810/619
f 883/811/621 895/824/633 894/822/632 882/809/620
f 884/812/622 896/825/634 895/824/633 883/811/621
f 885/813/623 897/826/635 896/825/634 884/812/622
f 886/814/624 898/827/636 897/826/635 885/813/623
f 887/815/625 899/828/637 898/827/636 886/814/624
f 888/816/626 900/829/638 899/828/637 887/815/625
f 889/817/627 901/830/639 900/829/638 888/816/626
f 890/818/628 902/831/640 901/830/639 889/817/627
f 891/819/629 903/832/641 902/831/640 890/818/628
f 892/808/630 904/821/642 903/832/641 891/819/629
f 893/820/631 905/833/643 916/834/654 904/821/642
f 894/822/632 906/835/644 905/836/643 893/823/631
f 895/824/633 907/837/645 906/835/644 894/822/632
f 896/825/634 908/838/646 907/837/645 895/824/633
f 897/826/635 909/839/647 908/838/646 896/825/634
f 898/827/636 910/840/648 909/839/647 897/826/635
f 899/828/637 911/841/649 910/840/648 898/827/636
f 900/829/638 912/842/650 911/841/649 899/828/637
f 901/830/639 913/843/651 912/842/650 900/829/638
f 902/831/640 914/844/652 913/843/651 901/830/639
f 903/832/641 915/845/653 914/844/652 902/831/640
f 904/821/642 916/834/654 915/845/653 903/832/641
f 905/833/643 917/846/655 928/847/666 916/834/654
f 906/835/644 918/848/656 917/849/655 905/836/643
f 907/837/645 919/850/657 918/848/656 906/835/644
f 908/838/646 920/851/658 919/850/657 907/837/645
f 909/839/647 921/852/659 920/851/658 908/838/646
f 910/840/648 922/853/660 921/852/659 909/839/647
f 911/841/649 923/854/661 922/853/660 910/840/648
f 912/842/650 924/855/662 923/854/661 911/841/649
f 913/843/651 925/856/663 924/855/662 912/842/650
f 914/844/652 926/857/664 925/856/663 913/843/651
f 915/845/653 927/858/665 926/857/664 914/844/652
f 916/834/654 928/847/666 927/858/665 915/845/653
f 917/846/655 929/859/667 940/860/678 928/847/666
f 918/848/656 930/861/668 929/862/667 917/849/655
f 919/850/657 931/863/669 930/861/668 918/848/656
f 920/851/658 932/864/670 931/863/669 919/850/657
f 921/852/659 933/865/671 932/864/670 920/851/658
f 922/853/660 934/866/672 933/865/671 921/852/659
f 923/854/661 935/867/673 934/866/672 922/853/660
f 924/855/662 936/868/674 935/867/673 923/854/661
f 925/856/663 937/869/675 936/868/674 924/855/662
f 926/857/664 938/870/676 937/869/675 925/856/663
f 927/858/665 939/871/677 938/870/676 926/857/664
f 928/847/666 940/860/678 939/871/677 927/858/665
f 929/859/667 941/872/679 952/873/690 940/860/678
f 930/861/668 942/874/680 941/875/679 929/862/667
f 931/863/669 943/876/681 942/874/680 930/861/668
f 932/864/670 944/877/682 943/876/681 931/863/669
f 933/865/671 945/878/683 944/877/682 932/864/670
f 934/866/672 946/879/684 945/878/683 933/865/671
f 935/867/673 947/880/685 946/879/684 934/866/672
f 936/868/674 948/881/686 947/880/685 935/867/673
f 937/869/675 949/882/687 948/881/686 936/868/674
f 938/870/676 950/883/688 949/882/687 937/869/675
f 939/871/677 951/884/689 950/883/688 938/870/676
f 940/860/678 952/873/690 951/884/689 939/871/677
o BézierCurve.003
v 2.358785 0.006632 -0.507729
v 2.359398 0.008132 -0.506352
v 2.360332 0.008681 -0.504521
v 2.361336 0.008132 -0.502728
v 2.362140 0.006632 -0.501453
v 2.362531 0.004583 -0.501038
v 2.362402 0.002534 -0.501593
v 2.361789 0.001034 -0.502971
v 2.360855 0.000485 -0.504801
v 2.359852 0.001034 -0.506594
v 2.359047 0.002534 -0.507869
v 2.358656 0.004583 -0.508284
v 2.395813 0.005503 -0.522064
v 2.396316 0.007010 -0.520650
v 2.396713 0.007596 -0.518645
v 2.396898 0.007102 -0.516584
v 2.396821 0.005662 -0.515021
v 2.396503 0.003661 -0.514374
v 2.396030 0.001635 -0.514817
v 2.395527 0.000128 -0.516231
v 2.395130 -0.000458 -0.518236
v 2.394945 0.000036 -0.520297
v 2.395022 0.001476 -0.521860
v 2.395339 0.003477 -0.522507
v 2.421019 -0.004085 -0.519082
v 2.421294 -0.002487 -0.517705
v 2.420859 -0.001571 -0.515836
v 2.419832 -0.001583 -0.513974
v 2.418487 -0.002519 -0.512618
v 2.417184 -0.004129 -0.512132
v 2.416274 -0.005981 -0.512647
v 2.415999 -0.007579 -0.514023
v 2.416434 -0.008495 -0.515893
v 2.417462 -0.008483 -0.517755
v 2.418807 -0.007547 -0.519110
v 2.420109 -0.005937 -0.519596
v 2.434621 -0.019487 -0.500692
v 2.434731 -0.017730 -0.499499
v 2.433816 -0.016349 -0.498166
v 2.432122 -0.015713 -0.497049
v 2.430101 -0.015994 -0.496448
v 2.428296 -0.017116 -0.496525
v 2.427190 -0.018778 -0.497257
v 2.427079 -0.020535 -0.498450
v 2.427994 -0.021917 -0.499784
v 2.429689 -0.022552 -0.500900
v 2.431709 -0.022272 -0.501501
v 2.433515 -0.021150 -0.501425
v 2.438762 -0.037636 -0.470491
v 2.438834 -0.035763 -0.469487
v 2.437834 -0.034125 -0.468570
v 2.436030 -0.033161 -0.467988
v 2.433905 -0.033129 -0.467894
v 2.432029 -0.034039 -0.468316
v 2.430905 -0.035645 -0.469139
v 2.430833 -0.037519 -0.470143
v 2.431833 -0.039157 -0.471060
v 2.433637 -0.040121 -0.471642
v 2.435761 -0.040152 -0.471736
v 2.437637 -0.039243 -0.471314
v 2.436480 -0.056712 -0.430586
v 2.436557 -0.054761 -0.429743
v 2.435565 -0.052999 -0.429084
v 2.433770 -0.051898 -0.428785
v 2.431653 -0.051754 -0.428926
v 2.429780 -0.052604 -0.429469
v 2.428655 -0.054222 -0.430269
v 2.428578 -0.056173 -0.431112
v 2.429570 -0.057935 -0.431771
v 2.431365 -0.059036 -0.432070
v 2.433483 -0.059180 -0.431929
v 2.435355 -0.058330 -0.431386
v 2.430124 -0.074868 -0.382744
v 2.430221 -0.072855 -0.382064
v 2.429252 -0.071021 -0.381597
v 2.427477 -0.069856 -0.381466
v 2.425372 -0.069674 -0.381708
v 2.423500 -0.070522 -0.382257
v 2.422364 -0.072174 -0.382966
v 2.422267 -0.074188 -0.383645
v 2.423236 -0.076022 -0.384112
v 2.425011 -0.077187 -0.384243
v 2.427116 -0.077369 -0.384001
v 2.428988 -0.076521 -0.383453
v 2.421859 -0.090099 -0.328893
v 2.421983 -0.088034 -0.328401
v 2.421039 -0.086151 -0.328107
v 2.419281 -0.084955 -0.328090
v 2.417179 -0.084766 -0.328354
v 2.415296 -0.085635 -0.328828
v 2.414138 -0.087330 -0.329386
v 2.414015 -0.089395 -0.329878
v 2.414958 -0.091278 -0.330171
v 2.416717 -0.092474 -0.330189
v 2.418819 -0.092663 -0.329925
v 2.420701 -0.091794 -0.329451
v 2.413823 -0.100349 -0.271034
v 2.413977 -0.098243 -0.270774
v 2.413057 -0.096329 -0.270662
v 2.411309 -0.095119 -0.270727
v 2.409203 -0.094937 -0.270952
v 2.407301 -0.095832 -0.271277
v 2.406114 -0.097564 -0.271614
v 2.405960 -0.099669 -0.271873
v 2.406879 -0.101584 -0.271986
v 2.408627 -0.102794 -0.271921
v 2.410734 -0.102976 -0.271696
v 2.412636 -0.102081 -0.271371
v 2.408147 -0.103548 -0.211198
v 2.408327 -0.101429 -0.211236
v 2.407425 -0.099505 -0.211332
v 2.405683 -0.098292 -0.211459
v 2.403567 -0.098114 -0.211585
v 2.401645 -0.099020 -0.211675
v 2.400431 -0.100766 -0.211704
v 2.400251 -0.102885 -0.211666
v 2.401153 -0.104809 -0.211571
v 2.402895 -0.106022 -0.211443
v 2.405011 -0.106200 -0.211318
v 2.406933 -0.105294 -0.211228
v 2.406956 -0.097630 -0.151427
v 2.407140 -0.095552 -0.151841
v 2.406241 -0.093654 -0.152180
v 2.404499 -0.092446 -0.152354
v 2.402382 -0.092251 -0.152316
v 2.400456 -0.093121 -0.152077
v 2.399237 -0.094823 -0.151700
v 2.399053 -0.096902 -0.151287
v 2.399952 -0.098799 -0.150948
v 2.401694 -0.100007 -0.150774
v 2.403812 -0.100202 -0.150811
v 2.405738 -0.099332 -0.151051
v 2.412368 -0.080536 -0.093754
v 2.412508 -0.078590 -0.094602
v 2.411581 -0.076775 -0.095209
v 2.409836 -0.075576 -0.095413
v 2.407741 -0.075315 -0.095160
v 2.405856 -0.076061 -0.094516
v 2.404688 -0.077616 -0.093655
v 2.404548 -0.079561 -0.092807
v 2.405474 -0.081376 -0.092199
v 2.407219 -0.082575 -0.091995
v 2.409315 -0.082836 -0.092249
v 2.411199 -0.082090 -0.092893
v 2.426503 -0.050193 -0.040175
v 2.426530 -0.048489 -0.041447
v 2.425535 -0.046818 -0.042308
v 2.423786 -0.045628 -0.042529
v 2.421751 -0.045239 -0.042049
v 2.419976 -0.045753 -0.040998
v 2.418935 -0.047034 -0.039656
v 2.418909 -0.048739 -0.038384
v 2.419903 -0.050410 -0.037523
v 2.421652 -0.051599 -0.037302
v 2.423687 -0.051989 -0.037782
v 2.425463 -0.051474 -0.038834
vn -0.2974 0.5088 -0.8078
vn -0.1624 0.8585 -0.4863
vn 0.0157 0.9992 -0.0366
vn 0.1956 0.8783 0.4362
vn 0.3258 0.5104 0.7958
vn 0.3653 0.0009 0.9309
vn 0.3047 -0.5019 0.8095
vn 0.1615 -0.8674 0.4707
vn -0.0278 -0.9996 -0.0010
vn -0.2108 -0.8526 -0.4783
vn -0.3321 -0.4681 -0.8189
vn -0.3605 0.0311 -0.9322
vn -0.0215 0.4741 -0.8802
vn 0.0955 0.8278 -0.5528
vn 0.1898 0.9781 -0.0854
vn 0.2364 0.8804 0.4112
vn 0.2222 0.5454 0.8082
vn 0.1488 0.0506 0.9876
vn 0.0319 -0.4660 0.8842
vn -0.0975 -0.8478 0.5213
vn -0.1980 -0.9802 0.0099
vn -0.2379 -0.8359 -0.4946
vn -0.2116 -0.4730 -0.8553
vn -0.1325 0.0034 -0.9912
vn 0.5771 0.2334 -0.7826
vn 0.6436 0.6092 -0.4634
vn 0.5510 0.8340 -0.0310
vn 0.3216 0.8528 0.4115
vn 0.0034 0.6516 0.7585
vn -0.3305 0.2599 0.9073
vn -0.5771 -0.2258 0.7848
vn -0.6429 -0.6432 0.4158
vn -0.5140 -0.8553 -0.0650
vn -0.2508 -0.8240 -0.5081
vn 0.0682 -0.5829 -0.8096
vn 0.3677 -0.1997 -0.9082
vn 0.9028 -0.0843 -0.4218
vn 0.9336 0.3283 -0.1437
vn 0.7286 0.6625 0.1739
vn 0.3284 0.8292 0.4524
vn -0.1701 0.7732 0.6109
vn -0.6268 0.5012 0.5965
vn -0.9065 0.0875 0.4131
vn -0.9291 -0.3512 0.1156
vn -0.6914 -0.6904 -0.2128
vn -0.2659 -0.8347 -0.4822
vn 0.2238 -0.7519 -0.6202
vn 0.6470 -0.4761 -0.5956
vn 0.9551 -0.2447 -0.1670
vn 0.9763 0.2038 0.0734
vn 0.7415 0.6020 0.2963
vn 0.3063 0.8431 0.4420
vn -0.2155 0.8570 0.4681
vn -0.6799 0.6359 0.3652
vn -0.9572 0.2400 0.1621
vn -0.9715 -0.2211 -0.0848
vn -0.7210 -0.6208 -0.3079
vn -0.2768 -0.8505 -0.4472
vn 0.2381 -0.8517 -0.4668
vn 0.6867 -0.6293 -0.3639
vn 0.9508 -0.3071 -0.0406
vn 0.9728 0.1645 0.1634
vn 0.7358 0.5942 0.3247
vn 0.3000 0.8663 0.3995
vn -0.2187 0.9045 0.3661
vn -0.6787 0.6965 0.2330
vn -0.9536 0.2990 0.0365
vn -0.9692 -0.1788 -0.1694
vn -0.7236 -0.6068 -0.3290
vn -0.2854 -0.8709 -0.4001
vn 0.2269 -0.9030 -0.3648
vn 0.6782 -0.6968 -0.2334
vn 0.9425 -0.3333 0.0249
vn 0.9694 0.1552 0.1902
vn 0.7364 0.6038 0.3052
vn 0.3038 0.8908 0.3380
vn -0.2120 0.9365 0.2792
vn -0.6703 0.7279 0.1445
vn -0.9462 0.3223 -0.0291
vn -0.9663 -0.1689 -0.1943
vn -0.7277 -0.6133 -0.3070
vn -0.2963 -0.8934 -0.3378
vn 0.2127 -0.9364 -0.2791
vn 0.6654 -0.7320 -0.1466
vn 0.9371 -0.3444 0.0579
vn 0.9712 0.1581 0.1782
vn 0.7436 0.6198 0.2508
vn 0.3136 0.9145 0.2556
vn -0.2020 0.9606 0.1908
vn -0.6622 0.7456 0.0743
vn -0.9421 0.3297 -0.0620
vn -0.9681 -0.1732 -0.1811
vn -0.7363 -0.6281 -0.2516
vn -0.3104 -0.9157 -0.2553
vn 0.1972 -0.9614 -0.1917
vn 0.6532 -0.7532 -0.0773
vn 0.9347 -0.3486 0.0690
vn 0.9774 0.1646 0.1329
vn 0.7552 0.6353 0.1611
vn 0.3265 0.9340 0.1453
vn -0.1915 0.9774 0.0898
vn -0.6561 0.7546 0.0100
vn -0.9416 0.3290 -0.0721
vn -0.9740 -0.1825 -0.1345
vn -0.7484 -0.6434 -0.1610
vn -0.3264 -0.9340 -0.1452
vn 0.1813 -0.9792 -0.0911
vn 0.6424 -0.7662 -0.0129
vn 0.9342 -0.3514 0.0616
vn 0.9847 0.1662 0.0527
vn 0.7669 0.6411 0.0295
vn 0.3378 0.9412 -0.0020
vn -0.1839 0.9824 -0.0329
vn -0.6533 0.7551 -0.0547
vn -0.9436 0.3254 -0.0615
vn -0.9808 -0.1882 -0.0519
vn -0.7597 -0.6496 -0.0286
vn -0.3407 -0.9402 0.0020
vn 0.1676 -0.9853 0.0322
vn 0.6338 -0.7716 0.0540
vn 0.9331 -0.3578 0.0366
vn 0.9865 0.1507 -0.0648
vn 0.7693 0.6213 -0.1490
vn 0.3383 0.9212 -0.1922
vn -0.1856 0.9656 -0.1823
vn -0.6558 0.7450 -0.1223
vn -0.9452 0.3252 -0.0297
vn -0.9817 -0.1773 0.0700
vn -0.7614 -0.6305 0.1508
vn -0.3442 -0.9190 0.1923
vn 0.1628 -0.9694 0.1840
vn 0.6299 -0.7662 0.1274
vn 0.9277 -0.3734 -0.0032
vn 0.9717 0.1031 -0.2125
vn 0.7476 0.5550 -0.3648
vn 0.3139 0.8536 -0.4158
vn -0.2061 0.9135 -0.3509
vn -0.6656 0.7218 -0.1899
vn -0.9411 0.3376 0.0207
vn -0.9656 -0.1321 0.2239
vn -0.7391 -0.5644 0.3676
vn -0.3226 -0.8502 0.4161
vn 0.1779 -0.9169 0.3573
vn 0.6350 -0.7448 0.2050
vn 0.9231 -0.3835 -0.0263
vn 0.9542 0.0693 -0.2909
vn 0.7218 0.5031 -0.4753
vn 0.2908 0.7977 -0.5284
vn -0.2209 0.8725 -0.4358
vn -0.6717 0.7065 -0.2229
vn -0.9360 0.3484 0.0496
vn -0.9472 -0.0977 0.3053
vn -0.7135 -0.5120 0.4783
vn -0.3005 -0.7937 0.5289
vn 0.1914 -0.8749 0.4450
vn 0.6403 -0.7285 0.2436
vt 0.000000 1.000000
vt 0.083333 1.000000
vt 0.083333 0.916667
vt 0.000000 0.916667
vt 0.000000 0.083333
vt 0.083333 0.083333
vt 0.083333 0.000000
vt 0.000000 0.000000
vt 0.000000 0.166667
vt 0.083333 0.166667
vt 0.000000 0.250000
vt 0.083333 0.250000
vt 0.000000 0.333333
vt 0.083333 0.333333
vt 0.000000 0.416667
vt 0.083333 0.416667
vt 0.000000 0.500000
vt 0.083333 0.500000
vt 0.000000 0.583333
vt 0.083333 0.583333
vt 0.000000 0.666667
vt 0.083333 0.666667
vt 0.000000 0.750000
vt 0.083333 0.750000
vt 0.000000 0.833333
vt 0.083333 0.833333
vt 0.166667 1.000000
vt 0.166667 0.916667
vt 0.166667 0.083333
vt 0.166667 0.000000
vt 0.166667 0.166667
vt 0.166667 0.250000
vt 0.166667 0.333333
vt 0.166667 0.416667
vt 0.166667 0.500000
vt 0.166667 0.583333
vt 0.166667 0.666667
vt 0.166667 0.750000
vt 0.166667 0.833333
vt 0.250000 1.000000
vt 0.250000 0.916667
vt 0.250000 0.083333
vt 0.250000 0.000000
vt 0.250000 0.166667
vt 0.250000 0.250000
vt 0.250000 0.333333
vt 0.250000 0.416667
vt 0.250000 0.500000
vt 0.250000 0.583333
vt 0.250000 0.666667
vt 0.250000 0.750000
vt 0.250000 0.833333
vt 0.333333 1.000000
vt 0.333333 0.916667
vt 0.333333 0.083333
vt 0.333333 0.000000
vt 0.333333 0.166667
vt 0.333333 0.250000
vt 0.333333 0.333333
vt 0.333333 0.416667
vt 0.333333 0.500000
vt 0.333333 0.583333
vt 0.333333 0.666667
vt 0.333333 0.750000
vt 0.333333 0.833333
vt 0.416667 1.000000
vt 0.416667 0.916667
vt 0.416667 0.083333
vt 0.416667 0.000000
vt 0.416667 0.166667
vt 0.416667 0.250000
vt 0.416667 0.333333
vt 0.416667 0.416667
vt 0.416667 0.500000
vt 0.416667 0.583333
vt 0.416667 0.666667
vt 0.416667 0.750000
vt 0.416667 0.833333
vt 0.500000 1.000000
vt 0.500000 0.916667
vt 0.500000 0.083333
vt 0.500000 0.000000
vt 0.500000 0.166667
vt 0.500000 0.250000
vt 0.500000 0.333333
vt 0.500000 0.416667
vt 0.500000 0.500000
vt 0.500000 0.583333
vt 0.500000 0.666667
vt 0.500000 0.750000
vt 0.500000 0.833333
vt 0.583333 1.000000
vt 0.583333 0.916667
vt 0.583333 0.083333
vt 0.583333 0.000000
vt 0.583333 0.166667
vt 0.583333 0.250000
vt 0.583333 0.333333
vt 0.583333 0.416667
vt 0.583333 0.500000
vt 0.583333 0.583333
vt 0.583333 0.666667
vt 0.583333 0.750000
vt 0.583333 0.833333
vt 0.666667 1.000000
vt 0.666667 0.916667
vt 0.666667 0.083333
vt 0.666667 0.000000
vt 0.666667 0.166667
vt 0.666667 0.250000
vt 0.666667 0.333333
vt 0.666667 0.416667
vt 0.666667 0.500000
vt 0.666667 0.583333
vt 0.666667 0.666667
vt 0.666667 0.750000
vt 0.666667 0.833333
vt 0.750000 1.000000
vt 0.750000 0.916667
vt 0.750000 0.083333
vt 0.750000 0.000000
vt 0.750000 0.166667
vt 0.750000 0.250000
vt 0.750000 0.333333
vt 0.750000 0.416667
vt 0.750000 0.500000
vt 0.750000 0.583333
vt 0.750000 0.666667
vt 0.750000 0.750000
vt 0.750000 0.833333
vt 0.833333 1.000000
vt 0.833333 0.916667
vt 0.833333 0.083333
vt 0.833333 0.000000
vt 0.833333 0.166667
vt 0.833333 0.250000
vt 0.833333 0.333333
vt 0.833333 0.416667
vt 0.833333 0.500000
vt 0.833333 0.583333
vt 0.833333 0.666667
vt 0.833333 0.750000
vt 0.833333 0.833333
vt 0.916667 1.000000
vt 0.916667 0.916667
vt 0.916667 0.083333
vt 0.916667 0.000000
vt 0.916667 0.166667
vt 0.916667 0.250000
vt 0.916667 0.333333
vt 0.916667 0.416667
vt 0.916667 0.500000
vt 0.916667 0.583333
vt 0.916667 0.666667
vt 0.916667 0.750000
vt 0.916667 0.833333
vt 1.000000 1.000000
vt 1.000000 0.916667
vt 1.000000 0.083333
vt 1.000000 0.000000
vt 1.000000 0.166667
vt 1.000000 0.250000
vt 1.000000 0.333333
vt 1.000000 0.416667
vt 1.000000 0.500000
vt 1.000000 0.583333
vt 1.000000 0.666667
vt 1.000000 0.750000
vt 1.000000 0.833333
s 1
usemtl crack
f 953/885/691 965/886/703 976/887/714 964/888/702
f 954/889/692 966/890/704 965/891/703 953/892/691
f 955/893/693 967/894/705 966/890/704 954/889/692
f 956/895/694 968/896/706 967/894/705 955/893/693
f 957/897/695 969/898/707 968/896/706 956/895/694
f 958/899/696 970/900/708 969/898/707 957/897/695
f 959/901/697 971/902/709 970/900/708 958/899/696
f 960/903/698 972/904/710 971/902/709 959/901/697
f 961/905/699 973/906/711 972/904/710 960/903/698
f 962/907/700 974/908/712 973/906/711 961/905/699
f 963/909/701 975/910/713 974/908/712 962/907/700
f 964/888/702 976/887/714 975/910/713 963/909/701
f 965/886/703 977/911/715 988/912/726 976/887/714
f 966/890/704 978/913/716 977/914/715 965/891/703
f 967/894/705 979/915/717 978/913/716 966/890/704
f 968/896/706 980/916/718 979/915/717 967/894/705
f 969/898/707 981/917/719 980/916/718 968/896/706
f 970/900/708 982/918/720 981/917/719 969/898/707
f 971/902/709 983/919/721 982/918/720 970/900/708
f 972/904/710 984/920/722 983/919/721 971/902/709
f 973/906/711 985/921/723 984/920/722 972/904/710
f 974/908/712 986/922/724 985/921/723 973/906/711
f 975/910/713 987/923/725 986/922/724 974/908/712
f 976/887/714 988/912/726 987/923/725 975/910/713
f 977/911/715 989/924/727 1000/925/738 988/912/726
f 978/913/716 990/926/728 989/927/727 977/914/715
f 979/915/717 991/928/729 990/926/728 978/913/716
f 980/916/718 992/929/730 991/928/729 979/915/717
f 981/917/719 993/930/731 992/929/730 980/916/718
f 982/918/720 994/931/732 993/930/731 981/917/719
f 983/919/721 995/932/733 994/931/732 982/918/720
f 984/920/722 996/933/734 995/932/733 983/919/721
f 985/921/723 997/934/735 996/933/734 984/920/722
f 986/922/724 998/935/736 997/934/735 985/921/723
f 987/923/725 999/936/737 998/935/736 986/922/724
f 988/912/726 1000/925/738 999/936/737 987/923/725
f 989/924/727 1001/937/739 1012/938/750 1000/925/738
f 990/926/728 1002/939/740 1001/940/739 989/927/727
f 991/928/729 1003/941/741 1002/939/740 990/926/728
f 992/929/730 1004/942/742 1003/941/741 991/928/729
f 993/930/731 1005/943/743 1004/942/742 992/929/730
f 994/931/732 1006/944/744 1005/943/743 993/930/731
f 995/932/733 1007/945/745 1006/944/744 994/931/732
f 996/933/734 1008/946/746 1007/945/745 995/932/733
f 997/934/735 1009/947/747 1008/946/746 996/933/734
f 998/935/736 1010/948/748 1009/947/747 997/934/735
f 999/936/737 1011/949/749 1010/948/748 998/935/736
f 1000/925/738 1012/938/750 1011/949/749 999/936/737
f 1001/937/739 1013/950/751 1024/951/762 1012/938/750
f 1002/939/740 1014/952/752 1013/953/751 1001/940/739
f 1003/941/741 1015/954/753 1014/952/752 1002/939/740
f 1004/942/742 1016/955/754 1015/954/753 1003/941/741
f 1005/943/743 1017/956/755 1016/955/754 1004/942/742
f 1006/944/744 1018/957/756 1017/956/755 1005/943/743
f 1007/945/745 1019/958/757 1018/957/756 1006/944/744
f 1008/946/746 1020/959/758 1019/958/757 1007/945/745
f 1009/947/747 1021/960/759 1020/959/758 1008/946/746
f 1010/948/748 1022/961/760 1021/960/759 1009/947/747
f 1011/949/749 1023/962/761 1022/961/760 1010/948/748
f 1012/938/750 1024/951/762 1023/962/761 1011/949/749
f 1013/950/751 1025/963/763 1036/964/774 1024/951/762
f 1014/952/752 1026/965/764 1025/966/763 1013/953/751
f 1015/954/753 1027/967/765 1026/965/764 1014/952/752
f 1016/955/754 1028/968/766 1027/967/765 1015/954/753
f 1017/956/755 1029/969/767 1028/968/766 1016/955/754
f 1018/957/756 1030/970/768 1029/969/767 1017/956/755
f 1019/958/757 1031/971/769 1030/970/768 1018/957/756
f 1020/959/758 1032/972/770 1031/971/769 1019/958/757
f 1021/960/759 1033/973/771 1032/972/770 1020/959/758
f 1022/961/760 1034/974/772 1033/973/771 1021/960/759
f 1023/962/761 1035/975/773 1034/974/772 1022/961/760
f 1024/951/762 1036/964/774 1035/975/773 1023/962/761
f 1025/963/763 1037/976/775 1048/977/786 1036/964/774
f 1026/965/764 1038/978/776 1037/979/775 1025/966/763
f 1027/967/765 1039/980/777 1038/978/776 1026/965/764
f 1028/968/766 1040/981/778 1039/980/777 1027/967/765
f 1029/969/767 1041/982/779 1040/981/778 1028/968/766
f 1030/970/768 1042/983/780 1041/982/779 1029/969/767
f 1031/971/769 1043/984/781 1042/983/780 1030/970/768
f 1032/972/770 1044/985/782 1043/984/781 1031/971/769
f 1033/973/771 1045/986/783 1044/985/782 1032/972/770
f 1034/974/772 1046/987/784 1045/986/783 1033/973/771
f 1035/975/773 1047/988/785 1046/987/784 1034/974/772
f 1036/964/774 1048/977/786 1047/988/785 1035/975/773
f 1037/976/775 1049/989/787 1060/990/798 1048/977/786
f 1038/978/776 1050/991/788 1049/992/787 1037/979/775
f 1039/980/777 1051/993/789 1050/991/788 1038/978/776
f 1040/981/778 1052/994/790 1051/993/789 1039/980/777
f 1041/982/779 1053/995/791 1052/994/790 1040/981/778
f 1042/983/780 1054/996/792 1053/995/791 1041/982/779
f 1043/984/781 1055/997/793 1054/996/792 1042/983/780
f 1044/985/782 1056/998/794 1055/997/793 1043/984/781
f 1045/986/783 1057/999/795 1056/998/794 1044/985/782
f 1046/987/784 1058/1000/796 1057/999/795 1045/986/783
f 1047/988/785 1059/1001/797 1058/1000/796 1046/987/784
f 1048/977/786 1060/990/798 1059/1001/797 1047/988/785
f 1049/989/787 1061/1002/799 1072/1003/810 1060/990/798
f 1050/991/788 1062/1004/800 1061/1005/799 1049/992/787
f 1051/993/789 1063/1006/801 1062/1004/800 1050/991/788
f 1052/994/790 1064/1007/802 1063/1006/801 1051/993/789
f 1053/995/791 1065/1008/803 1064/1007/802 1052/994/790
f 1054/996/792 1066/1009/804 1065/1008/803 1053/995/791
f 1055/997/793 1067/1010/805 1066/1009/804 1054/996/792
f 1056/998/794 1068/1011/806 1067/1010/805 1055/997/793
f 1057/999/795 1069/1012/807 1068/1011/806 1056/998/794
f 1058/1000/796 1070/1013/808 1069/1012/807 1057/999/795
f 1059/1001/797 1071/1014/809 1070/1013/808 1058/1000/796
f 1060/990/798 1072/1003/810 1071/1014/809 1059/1001/797
f 1061/1002/799 1073/1015/811 1084/1016/822 1072/1003/810
f 1062/1004/800 1074/1017/812 1073/1018/811 1061/1005/799
f 1063/1006/801 1075/1019/813 1074/1017/812 1062/1004/800
f 1064/1007/802 1076/1020/814 1075/1019/813 1063/1006/801
f 1065/1008/803 1077/1021/815 1076/1020/814 1064/1007/802
f 1066/1009/804 1078/1022/816 1077/1021/815 1065/1008/803
f 1067/1010/805 1079/1023/817 1078/1022/816 1066/1009/804
f 1068/1011/806 1080/1024/818 1079/1023/817 1067/1010/805
f 1069/1012/807 1081/1025/819 1080/1024/818 1068/1011/806
f 1070/1013/808 1082/1026/820 1081/1025/819 1069/1012/807
f 1071/1014/809 1083/1027/821 1082/1026/820 1070/1013/808
f 1072/1003/810 1084/1016/822 1083/1027/821 1071/1014/809
f 1073/1015/811 1085/1028/823 1096/1029/834 1084/1016/822
f 1074/1017/812 1086/1030/824 1085/1031/823 1073/1018/811
f 1075/1019/813 1087/1032/825 1086/1030/824 1074/1017/812
f 1076/1020/814 1088/1033/826 1087/1032/825 1075/1019/813
f 1077/1021/815 1089/1034/827 1088/1033/826 1076/1020/814
f 1078/1022/816 1090/1035/828 1089/1034/827 1077/1021/815
f 1079/1023/817 1091/1036/829 1090/1035/828 1078/1022/816
f 1080/1024/818 1092/1037/830 1091/1036/829 1079/1023/817
f 1081/1025/819 1093/1038/831 1092/1037/830 1080/1024/818
f 1082/1026/820 1094/1039/832 1093/1038/831 1081/1025/819
f 1083/1027/821 1095/1040/833 1094/1039/832 1082/1026/820
f 1084/1016/822 1096/1029/834 1095/1040/833 1083/1027/821
f 1085/1028/823 1097/1041/835 1108/1042/846 1096/1029/834
f 1086/1030/824 1098/1043/836 1097/1044/835 1085/1031/823
f 1087/1032/825 1099/1045/837 1098/1043/836 1086/1030/824
f 1088/1033/826 1100/1046/838 1099/1045/837 1087/1032/825
f 1089/1034/827 1101/1047/839 1100/1046/838 1088/1033/826
f 1090/1035/828 1102/1048/840 1101/1047/839 1089/1034/827
f 1091/1036/829 1103/1049/841 1102/1048/840 1090/1035/828
f 1092/1037/830 1104/1050/842 1103/1049/841 1091/1036/829
f 1093/1038/831 1105/1051/843 1104/1050/842 1092/1037/830
f 1094/1039/832 1106/1052/844 1105/1051/843 1093/1038/831
f 1095/1040/833 1107/1053/845 1106/1052/844 1094/1039/832
f 1096/1029/834 1108/1042/846 1107/1053/845 1095/1040/833
o BézierCurve.003
v 2.358785 0.006632 -0.507729
v 2.359398 0.008132 -0.506352
v 2.360332 0.008681 -0.504521
v 2.361336 0.008132 -0.502728
v 2.362140 0.006632 -0.501453
v 2.362531 0.004583 -0.501038
v 2.362402 0.002534 -0.501593
v 2.361789 0.001034 -0.502971
v 2.360855 0.000485 -0.504801
v 2.359852 0.001034 -0.506594
v 2.359047 0.002534 -0.507869
v 2.358656 0.004583 -0.508284
v 2.395813 0.005503 -0.522064
v 2.396316 0.007010 -0.520650
v 2.396713 0.007596 -0.518645
v 2.396898 0.007102 -0.516584
v 2.396821 0.005662 -0.515021
v 2.396503 0.003661 -0.514374
v 2.396030 0.001635 -0.514817
v 2.395527 0.000128 -0.516231
v 2.395130 -0.000458 -0.518236
v 2.394945 0.000036 -0.520297
v 2.395022 0.001476 -0.521860
v 2.395339 0.003477 -0.522507
v 2.421019 -0.004085 -0.519082
v 2.421294 -0.002487 -0.517705
v 2.420859 -0.001571 -0.515836
v 2.419832 -0.001583 -0.513974
v 2.418487 -0.002519 -0.512618
v 2.417184 -0.004129 -0.512132
v 2.416274 -0.005981 -0.512647
v 2.415999 -0.007579 -0.514023
v 2.416434 -0.008495 -0.515893
v 2.417462 -0.008483 -0.517755
v 2.418807 -0.007547 -0.519110
v 2.420109 -0.005937 -0.519596
v 2.434621 -0.019487 -0.500692
v 2.434731 -0.017730 -0.499499
v 2.433816 -0.016349 -0.498166
v 2.432122 -0.015713 -0.497049
v 2.430101 -0.015994 -0.496448
v 2.428296 -0.017116 -0.496525
v 2.427190 -0.018778 -0.497257
v 2.427079 -0.020535 -0.498450
v 2.427994 -0.021917 -0.499784
v 2.429689 -0.022552 -0.500900
v 2.431709 -0.022272 -0.501501
v 2.433515 -0.021150 -0.501425
v 2.438762 -0.037636 -0.470491
v 2.438834 -0.035763 -0.469487
v 2.437834 -0.034125 -0.468570
v 2.436030 -0.033161 -0.467988
v 2.433905 -0.033129 -0.467894
v 2.432029 -0.034039 -0.468316
v 2.430905 -0.035645 -0.469139
v 2.430833 -0.037519 -0.470143
v 2.431833 -0.039157 -0.471060
v 2.433637 -0.040121 -0.471642
v 2.435761 -0.040152 -0.471736
v 2.437637 -0.039243 -0.471314
v 2.436480 -0.056712 -0.430586
v 2.436557 -0.054761 -0.429743
v 2.435565 -0.052999 -0.429084
v 2.433770 -0.051898 -0.428785
v 2.431653 -0.051754 -0.428926
v 2.429780 -0.052604 -0.429469
v 2.428655 -0.054222 -0.430269
v 2.428578 -0.056173 -0.431112
v 2.429570 -0.057935 -0.431771
v 2.431365 -0.059036 -0.432070
v 2.433483 -0.059180 -0.431929
v 2.435355 -0.058330 -0.431386
v 2.430124 -0.074868 -0.382744
v 2.430221 -0.072855 -0.382064
v 2.429252 -0.071021 -0.381597
v 2.427477 -0.069856 -0.381466
v 2.425372 -0.069674 -0.381708
v 2.423500 -0.070522 -0.382257
v 2.422364 -0.072174 -0.382966
v 2.422267 -0.074188 -0.383645
v 2.423236 -0.076022 -0.384112
v 2.425011 -0.077187 -0.384243
v 2.427116 -0.077369 -0.384001
v 2.428988 -0.076521 -0.383453
v 2.421859 -0.090099 -0.328893
v 2.421983 -0.088034 -0.328401
v 2.421039 -0.086151 -0.328107
v 2.419281 -0.084955 -0.328090
v 2.417179 -0.084766 -0.328354
v 2.415296 -0.085635 -0.328828
v 2.414138 -0.087330 -0.329386
v 2.414015 -0.089395 -0.329878
v 2.414958 -0.091278 -0.330171
v 2.416717 -0.092474 -0.330189
v 2.418819 -0.092663 -0.329925
v 2.420701 -0.091794 -0.329451
v 2.413823 -0.100349 -0.271034
v 2.413977 -0.098243 -0.270774
v 2.413057 -0.096329 -0.270662
v 2.411309 -0.095119 -0.270727
v 2.409203 -0.094937 -0.270952
v 2.407301 -0.095832 -0.271277
v 2.406114 -0.097564 -0.271614
v 2.405960 -0.099669 -0.271873
v 2.406879 -0.101584 -0.271986
v 2.408627 -0.102794 -0.271921
v 2.410734 -0.102976 -0.271696
v 2.412636 -0.102081 -0.271371
v 2.408147 -0.103548 -0.211198
v 2.408327 -0.101429 -0.211236
v 2.407425 -0.099505 -0.211332
v 2.405683 -0.098292 -0.211459
v 2.403567 -0.098114 -0.211585
v 2.401645 -0.099020 -0.211675
v 2.400431 -0.100766 -0.211704
v 2.400251 -0.102885 -0.211666
v 2.401153 -0.104809 -0.211571
v 2.402895 -0.106022 -0.211443
v 2.405011 -0.106200 -0.211318
v 2.406933 -0.105294 -0.211228
v 2.406956 -0.097630 -0.151427
v 2.407140 -0.095552 -0.151841
v 2.406241 -0.093654 -0.152180
v 2.404499 -0.092446 -0.152354
v 2.402382 -0.092251 -0.152316
v 2.400456 -0.093121 -0.152077
v 2.399237 -0.094823 -0.151700
v 2.399053 -0.096902 -0.151287
v 2.399952 -0.098799 -0.150948
v 2.401694 -0.100007 -0.150774
v 2.403812 -0.100202 -0.150811
v 2.405738 -0.099332 -0.151051
v 2.412368 -0.080536 -0.093754
v 2.412508 -0.078590 -0.094602
v 2.411581 -0.076775 -0.095209
v 2.409836 -0.075576 -0.095413
v 2.407741 -0.075315 -0.095160
v 2.405856 -0.076061 -0.094516
v 2.404688 -0.077616 -0.093655
v 2.404548 -0.079561 -0.092807
v 2.405474 -0.081376 -0.092199
v 2.407219 -0.082575 -0.091995
v 2.409315 -0.082836 -0.092249
v 2.411199 -0.082090 -0.092893
v 2.426503 -0.050193 -0.040175
v 2.426530 -0.048489 -0.041447
v 2.425535 -0.046818 -0.042308
v 2.423786 -0.045628 -0.042529
v 2.421751 -0.045239 -0.042049
v 2.419976 -0.045753 -0.040998
v 2.418935 -0.047034 -0.039656
v 2.418909 -0.048739 -0.038384
v 2.419903 -0.050410 -0.037523
v 2.421652 -0.051599 -0.037302
v 2.423687 -0.051989 -0.037782
v 2.425463 -0.051474 -0.038834
vn -0.2974 0.5088 -0.8078
vn -0.1624 0.8585 -0.4863
vn 0.0157 0.9992 -0.0366
vn 0.1956 0.8783 0.4362
vn 0.3258 0.5104 0.7958
vn 0.3653 0.0009 0.9309
vn 0.3047 -0.5019 0.8095
vn 0.1615 -0.8674 0.4707
vn -0.0278 -0.9996 -0.0010
vn -0.2108 -0.8526 -0.4783
vn -0.3321 -0.4681 -0.8189
vn -0.3605 0.0311 -0.9322
vn -0.0215 0.4741 -0.8802
vn 0.0955 0.8278 -0.5528
vn 0.1898 0.9781 -0.0854
vn 0.2364 0.8804 0.4112
vn 0.2222 0.5454 0.8082
vn 0.1488 0.0506 0.9876
vn 0.0319 -0.4660 0.8842
vn -0.0975 -0.8478 0.5213
vn -0.1980 -0.9802 0.0099
vn -0.2379 -0.8359 -0.4946
vn -0.2116 -0.4730 -0.8553
vn -0.1325 0.0034 -0.9912
vn 0.5771 0.2334 -0.7826
vn 0.6436 0.6092 -0.4634
vn 0.5510 0.8340 -0.0310
vn 0.3216 0.8528 0.4115
vn 0.0034 0.6516 0.7585
vn -0.3305 0.2599 0.9073
vn -0.5771 -0.2258 0.7848
vn -0.6429 -0.6432 0.4158
vn -0.5140 -0.8553 -0.0650
vn -0.2508 -0.8240 -0.5081
vn 0.0682 -0.5829 -0.8096
vn 0.3677 -0.1997 -0.9082
vn 0.9028 -0.0843 -0.4218
vn 0.9336 0.3283 -0.1437
vn 0.7286 0.6625 0.1739
vn 0.3284 0.8292 0.4524
vn -0.1701 0.7732 0.6109
vn -0.6268 0.5012 0.5965
vn -0.9065 0.0875 0.4131
vn -0.9291 -0.3512 0.1156
vn -0.6914 -0.6904 -0.2128
vn -0.2659 -0.8347 -0.4822
vn 0.2238 -0.7519 -0.6202
vn 0.6470 -0.4761 -0.5956
vn 0.9551 -0.2447 -0.1670
vn 0.9763 0.2038 0.0734
vn 0.7415 0.6020 0.2963
vn 0.3063 0.8431 0.4420
vn -0.2155 0.8570 0.4681
vn -0.6799 0.6359 0.3652
vn -0.9572 0.2400 0.1621
vn -0.9715 -0.2211 -0.0848
vn -0.7210 -0.6208 -0.3079
vn -0.2768 -0.8505 -0.4472
vn 0.2381 -0.8517 -0.4668
vn 0.6867 -0.6293 -0.3639
vn 0.9508 -0.3071 -0.0406
vn 0.9728 0.1645 0.1634
vn 0.7358 0.5942 0.3247
vn 0.3000 0.8663 0.3995
vn -0.2187 0.9045 0.3661
vn -0.6787 0.6965 0.2330
vn -0.9536 0.2990 0.0365
vn -0.9692 -0.1788 -0.1694
vn -0.7236 -0.6068 -0.3290
vn -0.2854 -0.8709 -0.4001
vn 0.2269 -0.9030 -0.3648
vn 0.6782 -0.6968 -0.2334
vn 0.9425 -0.3333 0.0249
vn 0.9694 0.1552 0.1902
vn 0.7364 0.6038 0.3052
vn 0.3038 0.8908 0.3380
vn -0.2120 0.9365 0.2792
vn -0.6703 0.7279 0.1445
vn -0.9462 0.3223 -0.0291
vn -0.9663 -0.1689 -0.1943
vn -0.7277 -0.6133 -0.3070
vn -0.2963 -0.8934 -0.3378
vn 0.2127 -0.9364 -0.2791
vn 0.6654 -0.7320 -0.1466
vn 0.9371 -0.3444 0.0579
vn 0.9712 0.1581 0.1782
vn 0.7436 0.6198 0.2508
vn 0.3136 0.9145 0.2556
vn -0.2020 0.9606 0.1908
vn -0.6622 0.7456 0.0743
vn -0.9421 0.3297 -0.0620
vn -0.9681 -0.1732 -0.1811
vn -0.7363 -0.6281 -0.2516
vn -0.3104 -0.9157 -0.2553
vn 0.1972 -0.9614 -0.1917
vn 0.6532 -0.7532 -0.0773
vn 0.9347 -0.3486 0.0690
vn 0.9774 0.1646 0.1329
vn 0.7552 0.6353 0.1611
vn 0.3265 0.9340 0.1453
vn -0.1915 0.9774 0.0898
vn -0.6561 0.7546 0.0100
vn -0.9416 0.3290 -0.0721
vn -0.9740 -0.1825 -0.1345
vn -0.7484 -0.6434 -0.1610
vn -0.3264 -0.9340 -0.1452
vn 0.1813 -0.9792 -0.0911
vn 0.6424 -0.7662 -0.0129
vn 0.9342 -0.3514 0.0616
vn 0.9847 0.1662 0.0527
vn 0.7669 0.6411 0.0295
vn 0.3378 0.9412 -0.0020
vn -0.1839 0.9824 -0.0329
vn -0.6533 0.7551 -0.0547
vn -0.9436 0.3254 -0.0615
vn -0.9808 -0.1882 -0.0519
vn -0.7597 -0.6496 -0.0286
vn -0.3407 -0.9402 0.0020
vn 0.1676 -0.9853 0.0322
vn 0.6338 -0.7716 0.0540
vn 0.9331 -0.3578 0.0366
vn 0.9865 0.1507 -0.0648
vn 0.7693 0.6213 -0.1490
vn 0.3383 0.9212 -0.1922
vn -0.1856 0.9656 -0.1823
vn -0.6558 0.7450 -0.1223
vn -0.9452 0.3252 -0.0297
vn -0.9817 -0.1773 0.0700
vn -0.7614 -0.6305 0.1508
vn -0.3442 -0.9190 0.1923
vn 0.1628 -0.9694 0.1840
vn 0.6299 -0.7662 0.1274
vn 0.9277 -0.3734 -0.0032
vn 0.9717 0.1031 -0.2125
vn 0.7476 0.5550 -0.3648
vn 0.3139 0.8536 -0.4158
vn -0.2061 0.9135 -0.3509
vn -0.6656 0.7218 -0.1899
vn -0.9411 0.3376 0.0207
vn -0.9656 -0.1321 0.2239
vn -0.7391 -0.5644 0.3676
vn -0.3226 -0.8502 0.4161
vn 0.1779 -0.9169 0.3573
vn 0.6350 -0.7448 0.2050
vn 0.9231 -0.3835 -0.0263
vn 0.9542 0.0693 -0.2909
vn 0.7218 0.5031 -0.4753
vn 0.2908 0.7977 -0.5284
vn -0.2209 0.8725 -0.4358
vn -0.6717 0.7065 -0.2229
vn -0.9360 0.3484 0.0496
vn -0.9472 -0.0977 0.3053
vn -0.7135 -0.5120 0.4783
vn -0.3005 -0.7937 0.5289
vn 0.1914 -0.8749 0.4450
vn 0.6403 -0.7285 0.2436
vt 0.000000 1.000000
vt 0.083333 1.000000
vt 0.083333 0.916667
vt 0.000000 0.916667
vt 0.000000 0.083333
vt 0.083333 0.083333
vt 0.083333 0.000000
vt 0.000000 0.000000
vt 0.000000 0.166667
vt 0.083333 0.166667
vt 0.000000 0.250000
vt 0.083333 0.250000
vt 0.000000 0.333333
vt 0.083333 0.333333
vt 0.000000 0.416667
vt 0.083333 0.416667
vt 0.000000 0.500000
vt 0.083333 0.500000
vt 0.000000 0.583333
vt 0.083333 0.583333
vt 0.000000 0.666667
vt 0.083333 0.666667
vt 0.000000 0.750000
vt 0.083333 0.750000
vt 0.000000 0.833333
vt 0.083333 0.833333
vt 0.166667 1.000000
vt 0.166667 0.916667
vt 0.166667 0.083333
vt 0.166667 0.000000
vt 0.166667 0.166667
vt 0.166667 0.250000
vt 0.166667 0.333333
vt 0.166667 0.416667
vt 0.166667 0.500000
vt 0.166667 0.583333
vt 0.166667 0.666667
vt 0.166667 0.750000
vt 0.166667 0.833333
vt 0.250000 1.000000
vt 0.250000 0.916667
vt 0.250000 0.083333
vt 0.250000 0.000000
vt 0.250000 0.166667
vt 0.250000 0.250000
vt 0.250000 0.333333
vt 0.250000 0.416667
vt 0.250000 0.500000
vt 0.250000 0.583333
vt 0.250000 0.666667
vt 0.250000 0.750000
vt 0.250000 0.833333
vt 0.333333 1.000000
vt 0.333333 0.916667
vt 0.333333 0.083333
vt 0.333333 0.000000
vt 0.333333 0.166667
vt 0.333333 0.250000
vt 0.333333 0.333333
vt 0.333333 0.416667
vt 0.333333 0.500000
vt 0.333333 0.583333
vt 0.333333 0.666667
vt 0.333333 0.750000
vt 0.333333 0.833333
vt 0.416667 1.000000
vt 0.416667 0.916667
vt 0.416667 0.083333
vt 0.416667 0.000000
vt 0.416667 0.166667
vt 0.416667 0.250000
vt 0.416667 0.333333
vt 0.416667 0.416667
vt 0.416667 0.500000
vt 0.416667 0.583333
vt 0.416667 0.666667
vt 0.416667 0.750000
vt 0.416667 0.833333
vt 0.500000 1.000000
vt 0.500000 0.916667
vt 0.500000 0.083333
vt 0.500000 0.000000
vt 0.500000 0.166667
vt 0.500000 0.250000
vt 0.500000 0.333333
vt 0.500000 0.416667
vt 0.500000 0.500000
vt 0.500000 0.583333
vt 0.500000 0.666667
vt 0.500000 0.750000
vt 0.500000 0.833333
vt 0.583333 1.000000
vt 0.583333 0.916667
vt 0.583333 0.083333
vt 0.583333 0.000000
vt 0.583333 0.166667
vt 0.583333 0.250000
vt 0.583333 0.333333
vt 0.583333 0.416667
vt 0.583333 0.500000
vt 0.583333 0.583333
vt 0.583333 0.666667
vt 0.583333 0.750000
vt 0.583333 0.833333
vt 0.666667 1.000000
vt 0.666667 0.916667
vt 0.666667 0.083333
vt 0.666667 0.000000
vt 0.666667 0.166667
vt 0.666667 0.250000
vt 0.666667 0.333333
vt 0.666667 0.416667
vt 0.666667 0.500000
vt 0.666667 0.583333
vt 0.666667 0.666667
vt 0.666667 0.750000
vt 0.666667 0.833333
vt 0.750000 1.000000
vt 0.750000 0.916667
vt 0.750000 0.083333
vt 0.750000 0.000000
vt 0.750000 0.166667
vt 0.750000 0.250000
vt 0.750000 0.333333
vt 0.750000 0.416667
vt 0.750000 0.500000
vt 0.750000 0.583333
vt 0.750000 0.666667
vt 0.750000 0.750000
vt 0.750000 0.833333
vt 0.833333 1.000000
vt 0.833333 0.916667
vt 0.833333 0.083333
vt 0.833333 0.000000
vt 0.833333 0.166667
vt 0.833333 0.250000
vt 0.833333 0.333333
vt 0.833333 0.416667
vt 0.833333 0.500000
vt 0.833333 0.583333
vt 0.833333 0.666667
vt 0.833333 0.750000
vt 0.833333 0.833333
vt 0.916667 1.000000
vt 0.916667 0.916667
vt 0.916667 0.083333
vt 0.916667 0.000000
vt 0.916667 0.166667
vt 0.916667 0.250000
vt 0.916667 0.333333
vt 0.916667 0.416667
vt 0.916667 0.500000
vt 0.916667 0.583333
vt 0.916667 0.666667
vt 0.916667 0.750000
vt 0.916667 0.833333
vt 1.000000 1.000000
vt 1.000000 0.916667
vt 1.000000 0.083333
vt 1.000000 0.000000
vt 1.000000 0.166667
vt 1.000000 0.250000
vt 1.000000 0.333333
vt 1.000000 0.416667
vt 1.000000 0.500000
vt 1.000000 0.583333
vt 1.000000 0.666667
vt 1.000000 0.750000
vt 1.000000 0.833333
s 1
usemtl crack
f 1109/1054/847 1121/1055/859 1132/1056/870 1120/1057/858
f 1110/1058/848 1122/1059/860 1121/1060/859 1109/1061/847
f 1111/1062/849 1123/1063/861 1122/1059/860 1110/1058/848
f 1112/1064/850 1124/1065/862 1123/1063/861 1111/1062/849
f 1113/1066/851 1125/1067/863 1124/1065/862 1112/1064/850
f 1114/1068/852 1126/1069/864 1125/1067/863 1113/1066/851
f 1115/1070/853 1127/1071/865 1126/1069/864 1114/1068/852
f 1116/1072/854 1128/1073/866 1127/1071/865 1115/1070/853
f 1117/1074/855 1129/1075/867 1128/1073/866 1116/1072/854
f 1118/1076/856 1130/1077/868 1129/1075/867 1117/1074/855
f 1119/1078/857 1131/1079/869 1130/1077/868 1118/1076/856
f 1120/1057/858 1132/1056/870 1131/1079/869 1119/1078/857
f 1121/1055/859 1133/1080/871 1144/1081/882 1132/1056/870
f 1122/1059/860 1134/1082/872 1133/1083/871 1121/1060/859
f 1123/1063/861 1135/1084/873 1134/1082/872 1122/1059/860
f 1124/1065/862 1136/1085/874 1135/1084/873 1123/1063/861
f 1125/1067/863 1137/1086/875 1136/1085/874 1124/1065/862
f 1126/1069/864 1138/1087/876 1137/1086/875 1125/1067/863
f 1127/1071/865 1139/1088/877 1138/1087/876 1126/1069/864
f 1128/1073/866 1140/1089/878 1139/1088/877 1127/1071/865
f 1129/1075/867 1141/1090/879 1140/1089/878 1128/1073/866
f 1130/1077/868 1142/1091/880 1141/1090/879 1129/1075/867
f 1131/1079/869 1143/1092/881 1142/1091/880 1130/1077/868
f 1132/1056/870 1144/1081/882 1143/1092/881 1131/1079/869
f 1133/1080/871 1145/1093/883 1156/1094/894 1144/1081/882
f 1134/1082/872 1146/1095/884 1145/1096/883 1133/1083/871
f 1135/1084/873 1147/1097/885 1146/1095/884 1134/1082/872
f 1136/1085/874 1148/1098/886 1147/1097/885 1135/1084/873
f 1137/1086/875 1149/1099/887 1148/1098/886 1136/1085/874
f 1138/1087/876 1150/1100/888 1149/1099/887 1137/1086/875
f 1139/1088/877 1151/1101/889 1150/1100/888 1138/1087/876
f 1140/1089/878 1152/1102/890 1151/1101/889 1139/1088/877
f 1141/1090/879 1153/1103/891 1152/1102/890 1140/1089/878
f 1142/1091/880 1154/1104/892 1153/1103/891 1141/1090/879
f 1143/1092/881 1155/1105/893 1154/1104/892 1142/1091/880
f 1144/1081/882 1156/1094/894 1155/1105/893 1143/1092/881
f 1145/1093/883 1157/1106/895 1168/1107/906 1156/1094/894
f 1146/1095/884 1158/1108/896 1157/1109/895 1145/1096/883
f 1147/1097/885 1159/1110/897 1158/1108/896 1146/1095/884
f 1148/1098/886 1160/1111/898 1159/1110/897 1147/1097/885
f 1149/1099/887 1161/1112/899 1160/1111/898 1148/1098/886
f 1150/1100/888 1162/1113/900 1161/1112/899 1149/1099/887
f 1151/1101/889 1163/1114/901 1162/1113/900 1150/1100/888
f 1152/1102/890 1164/1115/902 1163/1114/901 1151/1101/889
f 1153/1103/891 1165/1116/903 1164/1115/902 1152/1102/890
f 1154/1104/892 1166/1117/904 1165/1116/903 1153/1103/891
f 1155/1105/893 1167/1118/905 1166/1117/904 1154/1104/892
f 1156/1094/894 1168/1107/906 1167/1118/905 1155/1105/893
f 1157/1106/895 1169/1119/907 1180/1120/918 1168/1107/906
f 1158/1108/896 1170/1121/908 1169/1122/907 1157/1109/895
f 1159/1110/897 1171/1123/909 1170/1121/908 1158/1108/896
f 1160/1111/898 1172/1124/910 1171/1123/909 1159/1110/897
f 1161/1112/899 1173/1125/911 1172/1124/910 1160/1111/898
f 1162/1113/900 1174/1126/912 1173/1125/911 1161/1112/899
f 1163/1114/901 1175/1127/913 1174/1126/912 1162/1113/900
f 1164/1115/902 1176/1128/914 1175/1127/913 1163/1114/901
f 1165/1116/903 1177/1129/915 1176/1128/914 1164/1115/902
f 1166/1117/904 1178/1130/916 1177/1129/915 1165/1116/903
f 1167/1118/905 1179/1131/917 1178/1130/916 1166/1117/904
f 1168/1107/906 1180/1120/918 1179/1131/917 1167/1118/905
f 1169/1119/907 1181/1132/919 1192/1133/930 1180/1120/918
f 1170/1121/908 1182/1134/920 1181/1135/919 1169/1122/907
f 1171/1123/909 1183/1136/921 1182/1134/920 1170/1121/908
f 1172/1124/910 1184/1137/922 1183/1136/921 1171/1123/909
f 1173/1125/911 1185/1138/923 1184/1137/922 1172/1124/910
f 1174/1126/912 1186/1139/924 1185/1138/923 1173/1125/911
f 1175/1127/913 1187/1140/925 1186/1139/924 1174/1126/912
f 1176/1128/914 1188/1141/926 1187/1140/925 1175/1127/913
f 1177/1129/915 1189/1142/927 1188/1141/926 1176/1128/914
f 1178/1130/916 1190/1143/928 1189/1142/927 1177/1129/915
f 1179/1131/917 1191/1144/929 1190/1143/928 1178/1130/916
f 1180/1120/918 1192/1133/930 1191/1144/929 1179/1131/917
f 1181/1132/919 1193/1145/931 1204/1146/942 1192/1133/930
f 1182/1134/920 1194/1147/932 1193/1148/931 1181/1135/919
f 1183/1136/921 1195/1149/933 1194/1147/932 1182/1134/920
f 1184/1137/922 1196/1150/934 1195/1149/933 1183/1136/921
f 1185/1138/923 1197/1151/935 1196/1150/934 1184/1137/922
f 1186/1139/924 1198/1152/936 1197/1151/935 1185/1138/923
f 1187/1140/925 1199/1153/937 1198/1152/936 1186/1139/924
f 1188/1141/926 1200/1154/938 1199/1153/937 1187/1140/925
f 1189/1142/927 1201/1155/939 1200/1154/938 1188/1141/926
f 1190/1143/928 1202/1156/940 1201/1155/939 1189/1142/927
f 1191/1144/929 1203/1157/941 1202/1156/940 1190/1143/928
f 1192/1133/930 1204/1146/942 1203/1157/941 1191/1144/929
f 1193/1145/931 1205/1158/943 1216/1159/954 1204/1146/942
f 1194/1147/932 1206/1160/944 1205/1161/943 1193/1148/931
f 1195/1149/933 1207/1162/945 1206/1160/944 1194/1147/932
f 1196/1150/934 1208/1163/946 1207/1162/945 1195/1149/933
f 1197/1151/935 1209/1164/947 1208/1163/946 1196/1150/934
f 1198/1152/936 1210/1165/948 1209/1164/947 1197/1151/935
f 1199/1153/937 1211/1166/949 1210/1165/948 1198/1152/936
f 1200/1154/938 1212/1167/950 1211/1166/949 1199/1153/937
f 1201/1155/939 1213/1168/951 1212/1167/950 1200/1154/938
f 1202/1156/940 1214/1169/952 1213/1168/951 1201/1155/939
f 1203/1157/941 1215/1170/953 1214/1169/952 1202/1156/940
f 1204/1146/942 1216/1159/954 1215/1170/953 1203/1157/941
f 1205/1158/943 1217/1171/955 1228/1172/966 1216/1159/954
f 1206/1160/944 1218/1173/956 1217/1174/955 1205/1161/943
f 1207/1162/945 1219/1175/957 1218/1173/956 1206/1160/944
f 1208/1163/946 1220/1176/958 1219/1175/957 1207/1162/945
f 1209/1164/947 1221/1177/959 1220/1176/958 1208/1163/946
f 1210/1165/948 1222/1178/960 1221/1177/959 1209/1164/947
f 1211/1166/949 1223/1179/961 1222/1178/960 1210/1165/948
f 1212/1167/950 1224/1180/962 1223/1179/961 1211/1166/949
f 1213/1168/951 1225/1181/963 1224/1180/962 1212/1167/950
f 1214/1169/952 1226/1182/964 1225/1181/963 1213/1168/951
f 1215/1170/953 1227/1183/965 1226/1182/964 1214/1169/952
f 1216/1159/954 1228/1172/966 1227/1183/965 1215/1170/953
f 1217/1171/955 1229/1184/967 1240/1185/978 1228/1172/966
f 1218/1173/956 1230/1186/968 1229/1187/967 1217/1174/955
f 1219/1175/957 1231/1188/969 1230/1186/968 1218/1173/956
f 1220/1176/958 1232/1189/970 1231/1188/969 1219/1175/957
f 1221/1177/959 1233/1190/971 1232/1189/970 1220/1176/958
f 1222/1178/960 1234/1191/972 1233/1190/971 1221/1177/959
f 1223/1179/961 1235/1192/973 1234/1191/972 1222/1178/960
f 1224/1180/962 1236/1193/974 1235/1192/973 1223/1179/961
f 1225/1181/963 1237/1194/975 1236/1193/974 1224/1180/962
f 1226/1182/964 1238/1195/976 1237/1194/975 1225/1181/963
f 1227/1183/965 1239/1196/977 1238/1195/976 1226/1182/964
f 1228/1172/966 1240/1185/978 1239/1196/977 1227/1183/965
f 1229/1184/967 1241/1197/979 1252/1198/990 1240/1185/978
f 1230/1186/968 1242/1199/980 1241/1200/979 1229/1187/967
f 1231/1188/969 1243/1201/981 1242/1199/980 1230/1186/968
f 1232/1189/970 1244/1202/982 1243/1201/981 1231/1188/969
f 1233/1190/971 1245/1203/983 1244/1202/982 1232/1189/970
f 1234/1191/972 1246/1204/984 1245/1203/983 1233/1190/971
f 1235/1192/973 1247/1205/985 1246/1204/984 1234/1191/972
f 1236/1193/974 1248/1206/986 1247/1205/985 1235/1192/973
f 1237/1194/975 1249/1207/987 1248/1206/986 1236/1193/974
f 1238/1195/976 1250/1208/988 1249/1207/987 1237/1194/975
f 1239/1196/977 1251/1209/989 1250/1208/988 1238/1195/976
f 1240/1185/978 1252/1198/990 1251/1209/989 1239/1196/977
f 1241/1197/979 1253/1210/991 1264/1211/1002 1252/1198/990
f 1242/1199/980 1254/1212/992 1253/1213/991 1241/1200/979
f 1243/1201/981 1255/1214/993 1254/1212/992 1242/1199/980
f 1244/1202/982 1256/1215/994 1255/1214/993 1243/1201/981
f 1245/1203/983 1257/1216/995 1256/1215/994 1244/1202/982
f 1246/1204/984 1258/1217/996 1257/1216/995 1245/1203/983
f 1247/1205/985 1259/1218/997 1258/1217/996 1246/1204/984
f 1248/1206/986 1260/1219/998 1259/1218/997 1247/1205/985
f 1249/1207/987 1261/1220/999 1260/1219/998 1248/1206/986
f 1250/1208/988 1262/1221/1000 1261/1220/999 1249/1207/987
f 1251/1209/989 1263/1222/1001 1262/1221/1000 1250/1208/988
f 1252/1198/990 1264/1211/1002 1263/1222/1001 1251/1209/989
o BézierCurve.004
v 2.365453 -0.041182 -0.003776
v 2.366066 -0.039682 -0.002399
v 2.366999 -0.039133 -0.000568
v 2.368003 -0.039682 0.001225
v 2.368808 -0.041182 0.002500
v 2.369198 -0.043231 0.002915
v 2.369069 -0.045280 0.002360
v 2.368456 -0.046780 0.000982
v 2.367522 -0.047329 -0.000848
v 2.366519 -0.046780 -0.002641
v 2.365714 -0.045280 -0.003916
v 2.365324 -0.043231 -0.004331
v 2.402480 -0.042311 -0.018111
v 2.402983 -0.040804 -0.016697
v 2.403380 -0.040219 -0.014692
v 2.403565 -0.040712 -0.012631
v 2.403488 -0.042152 -0.011068
v 2.403171 -0.044153 -0.010421
v 2.402697 -0.046179 -0.010864
v 2.402195 -0.047686 -0.012277
v 2.401798 -0.048272 -0.014283
v 2.401613 -0.047778 -0.016344
v 2.401689 -0.046338 -0.017907
v 2.402007 -0.044337 -0.018554
v 2.427687 -0.051899 -0.015129
v 2.427961 -0.050301 -0.013752
v 2.427526 -0.049385 -0.011883
v 2.426499 -0.049397 -0.010021
v 2.425154 -0.050333 -0.008665
v 2.423852 -0.051943 -0.008179
v 2.422941 -0.053795 -0.008694
v 2.422667 -0.055393 -0.010070
v 2.423101 -0.056309 -0.011940
v 2.424129 -0.056297 -0.013802
v 2.425474 -0.055361 -0.015157
v 2.426776 -0.053751 -0.015643
v 2.441288 -0.067302 0.003261
v 2.441399 -0.065544 0.004454
v 2.440484 -0.064163 0.005787
v 2.438789 -0.063527 0.006904
v 2.436768 -0.063808 0.007505
v 2.434963 -0.064930 0.007429
v 2.433857 -0.066592 0.006696
v 2.433746 -0.068350 0.005503
v 2.434661 -0.069731 0.004169
v 2.436356 -0.070367 0.003053
v 2.438377 -0.070086 0.002452
v 2.440182 -0.068964 0.002528
v 2.445429 -0.085450 0.033462
v 2.445501 -0.083577 0.034466
v 2.444501 -0.081939 0.035383
v 2.442697 -0.080975 0.035965
v 2.440573 -0.080943 0.036059
v 2.438697 -0.081853 0.035637
v 2.437572 -0.083459 0.034814
v 2.437500 -0.085333 0.033810
v 2.438500 -0.086971 0.032893
v 2.440304 -0.087935 0.032311
v 2.442429 -0.087966 0.032217
v 2.444305 -0.087057 0.032639
v 2.443147 -0.104526 0.073367
v 2.443224 -0.102575 0.074210
v 2.442232 -0.100813 0.074869
v 2.440437 -0.099712 0.075168
v 2.438320 -0.099568 0.075027
v 2.436448 -0.100418 0.074484
v 2.435323 -0.102036 0.073684
v 2.435246 -0.103987 0.072841
v 2.436238 -0.105749 0.072182
v 2.438033 -0.106850 0.071883
v 2.440150 -0.106994 0.072024
v 2.442022 -0.106144 0.072567
v 2.436791 -0.122683 0.121209
v 2.436888 -0.120669 0.121889
v 2.435919 -0.118835 0.122356
v 2.434144 -0.117670 0.122487
v 2.432039 -0.117488 0.122245
v 2.430167 -0.118336 0.121697
v 2.429031 -0.119989 0.120987
v 2.428935 -0.122002 0.120308
v 2.429904 -0.123836 0.119841
v 2.431679 -0.125001 0.119710
v 2.433784 -0.125183 0.119952
v 2.435655 -0.124335 0.120500
v 2.428527 -0.137913 0.175060
v 2.428650 -0.135848 0.175552
v 2.427706 -0.133965 0.175846
v 2.425948 -0.132769 0.175863
v 2.423846 -0.132580 0.175600
v 2.421964 -0.133449 0.175125
v 2.420806 -0.135144 0.174567
v 2.420682 -0.137209 0.174076
v 2.421626 -0.139092 0.173782
v 2.423384 -0.140289 0.173764
v 2.425486 -0.140477 0.174028
v 2.427369 -0.139608 0.174502
v 2.420491 -0.148163 0.232919
v 2.420645 -0.146057 0.233179
v 2.419725 -0.144143 0.233291
v 2.417977 -0.142933 0.233226
v 2.415870 -0.142751 0.233001
v 2.413968 -0.143646 0.232676
v 2.412781 -0.145378 0.232339
v 2.412627 -0.147484 0.232080
v 2.413547 -0.149398 0.231967
v 2.415295 -0.150608 0.232032
v 2.417402 -0.150790 0.232257
v 2.419303 -0.149895 0.232582
v 2.414814 -0.151362 0.292755
v 2.414994 -0.149243 0.292717
v 2.414092 -0.147319 0.292621
v 2.412350 -0.146106 0.292494
v 2.410234 -0.145929 0.292368
v 2.408312 -0.146834 0.292279
v 2.407099 -0.148581 0.292249
v 2.406919 -0.150699 0.292287
v 2.407820 -0.152623 0.292382
v 2.409563 -0.153836 0.292510
v 2.411678 -0.154014 0.292635
v 2.413601 -0.153108 0.292725
v 2.413623 -0.145444 0.352526
v 2.413807 -0.143366 0.352112
v 2.412908 -0.141469 0.351773
v 2.411166 -0.140261 0.351599
v 2.409049 -0.140065 0.351637
v 2.407123 -0.140935 0.351876
v 2.405905 -0.142638 0.352253
v 2.405721 -0.144716 0.352666
v 2.406620 -0.146613 0.353005
v 2.408362 -0.147821 0.353179
v 2.410479 -0.148016 0.353142
v 2.412405 -0.147146 0.352902
v 2.419035 -0.128350 0.410199
v 2.419175 -0.126404 0.409351
v 2.418249 -0.124589 0.408744
v 2.416504 -0.123390 0.408540
v 2.414408 -0.123129 0.408793
v 2.412524 -0.123876 0.409437
v 2.411355 -0.125430 0.410298
v 2.411215 -0.127375 0.411146
v 2.412142 -0.129191 0.411754
v 2.413887 -0.130389 0.411958
v 2.415982 -0.130651 0.411704
v 2.417867 -0.129904 0.411061
v 2.433171 -0.098007 0.463778
v 2.433197 -0.096303 0.462506
v 2.432203 -0.094632 0.461645
v 2.430454 -0.093442 0.461424
v 2.428419 -0.093053 0.461904
v 2.426643 -0.093567 0.462956
v 2.425602 -0.094849 0.464297
v 2.425576 -0.096553 0.465569
v 2.426571 -0.098224 0.466430
v 2.428320 -0.099414 0.466651
v 2.430355 -0.099803 0.466171
v 2.432130 -0.099289 0.465120
vn -0.2974 0.5088 -0.8078
vn -0.1624 0.8585 -0.4863
vn 0.0157 0.9992 -0.0366
vn 0.1956 0.8783 0.4362
vn 0.3258 0.5104 0.7958
vn 0.3653 0.0009 0.9309
vn 0.3047 -0.5019 0.8095
vn 0.1615 -0.8674 0.4707
vn -0.0278 -0.9996 -0.0010
vn -0.2108 -0.8525 -0.4783
vn -0.3321 -0.4681 -0.8189
vn -0.3605 0.0311 -0.9322
vn -0.0215 0.4741 -0.8802
vn 0.0955 0.8278 -0.5528
vn 0.1898 0.9781 -0.0854
vn 0.2364 0.8804 0.4112
vn 0.2222 0.5454 0.8082
vn 0.1488 0.0506 0.9876
vn 0.0319 -0.4660 0.8842
vn -0.0975 -0.8478 0.5213
vn -0.1980 -0.9802 0.0099
vn -0.2379 -0.8359 -0.4946
vn -0.2116 -0.4730 -0.8553
vn -0.1325 0.0034 -0.9912
vn 0.5772 0.2334 -0.7826
vn 0.6435 0.6092 -0.4634
vn 0.5510 0.8340 -0.0310
vn 0.3216 0.8528 0.4115
vn 0.0034 0.6516 0.7585
vn -0.3305 0.2599 0.9073
vn -0.5771 -0.2258 0.7848
vn -0.6429 -0.6432 0.4159
vn -0.5140 -0.8553 -0.0650
vn -0.2508 -0.8240 -0.5081
vn 0.0682 -0.5829 -0.8097
vn 0.3677 -0.1997 -0.9082
vn 0.9027 -0.0843 -0.4218
vn 0.9336 0.3283 -0.1437
vn 0.7286 0.6625 0.1739
vn 0.3284 0.8292 0.4524
vn -0.1701 0.7732 0.6109
vn -0.6269 0.5012 0.5965
vn -0.9065 0.0875 0.4131
vn -0.9291 -0.3512 0.1157
vn -0.6915 -0.6904 -0.2128
vn -0.2659 -0.8347 -0.4822
vn 0.2238 -0.7519 -0.6202
vn 0.6470 -0.4761 -0.5956
vn 0.9551 -0.2447 -0.1671
vn 0.9763 0.2038 0.0733
vn 0.7415 0.6020 0.2963
vn 0.3063 0.8431 0.4420
vn -0.2155 0.8570 0.4681
vn -0.6799 0.6359 0.3652
vn -0.9572 0.2400 0.1621
vn -0.9716 -0.2211 -0.0847
vn -0.7210 -0.6208 -0.3079
vn -0.2768 -0.8505 -0.4472
vn 0.2381 -0.8517 -0.4668
vn 0.6867 -0.6293 -0.3639
vn 0.9508 -0.3071 -0.0406
vn 0.9728 0.1645 0.1634
vn 0.7358 0.5942 0.3248
vn 0.3000 0.8663 0.3995
vn -0.2187 0.9045 0.3661
vn -0.6787 0.6965 0.2330
vn -0.9536 0.2990 0.0365
vn -0.9692 -0.1788 -0.1694
vn -0.7236 -0.6068 -0.3290
vn -0.2854 -0.8709 -0.4001
vn 0.2269 -0.9030 -0.3648
vn 0.6782 -0.6968 -0.2334
vn 0.9425 -0.3333 0.0249
vn 0.9694 0.1552 0.1902
vn 0.7364 0.6038 0.3052
vn 0.3038 0.8908 0.3380
vn -0.2120 0.9365 0.2792
vn -0.6703 0.7279 0.1445
vn -0.9462 0.3223 -0.0291
vn -0.9663 -0.1689 -0.1943
vn -0.7277 -0.6133 -0.3070
vn -0.2963 -0.8934 -0.3378
vn 0.2127 -0.9364 -0.2791
vn 0.6654 -0.7320 -0.1466
vn 0.9371 -0.3444 0.0579
vn 0.9712 0.1581 0.1782
vn 0.7436 0.6198 0.2508
vn 0.3136 0.9145 0.2556
vn -0.2020 0.9606 0.1908
vn -0.6622 0.7456 0.0742
vn -0.9421 0.3297 -0.0620
vn -0.9681 -0.1732 -0.1811
vn -0.7363 -0.6281 -0.2516
vn -0.3104 -0.9157 -0.2553
vn 0.1972 -0.9615 -0.1917
vn 0.6532 -0.7532 -0.0773
vn 0.9347 -0.3486 0.0690
vn 0.9774 0.1646 0.1329
vn 0.7552 0.6353 0.1611
vn 0.3265 0.9340 0.1453
vn -0.1915 0.9774 0.0898
vn -0.6561 0.7546 0.0100
vn -0.9416 0.3290 -0.0721
vn -0.9740 -0.1825 -0.1345
vn -0.7484 -0.6434 -0.1610
vn -0.3264 -0.9340 -0.1452
vn 0.1813 -0.9792 -0.0911
vn 0.6424 -0.7662 -0.0129
vn 0.9342 -0.3514 0.0616
vn 0.9847 0.1662 0.0527
vn 0.7669 0.6411 0.0295
vn 0.3378 0.9412 -0.0020
vn -0.1839 0.9824 -0.0329
vn -0.6533 0.7551 -0.0547
vn -0.9436 0.3254 -0.0615
vn -0.9808 -0.1882 -0.0519
vn -0.7597 -0.6496 -0.0286
vn -0.3407 -0.9402 0.0020
vn 0.1676 -0.9853 0.0322
vn 0.6338 -0.7716 0.0540
vn 0.9331 -0.3578 0.0366
vn 0.9865 0.1507 -0.0648
vn 0.7693 0.6213 -0.1490
vn 0.3383 0.9212 -0.1922
vn -0.1856 0.9656 -0.1823
vn -0.6558 0.7450 -0.1223
vn -0.9452 0.3252 -0.0297
vn -0.9817 -0.1773 0.0700
vn -0.7614 -0.6305 0.1508
vn -0.3442 -0.9190 0.1923
vn 0.1628 -0.9693 0.1840
vn 0.6299 -0.7662 0.1274
vn 0.9277 -0.3734 -0.0032
vn 0.9717 0.1031 -0.2125
vn 0.7476 0.5550 -0.3648
vn 0.3139 0.8535 -0.4159
vn -0.2061 0.9135 -0.3509
vn -0.6656 0.7218 -0.1899
vn -0.9411 0.3376 0.0207
vn -0.9656 -0.1321 0.2239
vn -0.7391 -0.5645 0.3676
vn -0.3226 -0.8502 0.4161
vn 0.1779 -0.9169 0.3573
vn 0.6350 -0.7448 0.2050
vn 0.9231 -0.3835 -0.0263
vn 0.9542 0.0693 -0.2910
vn 0.7218 0.5031 -0.4753
vn 0.2907 0.7977 -0.5284
vn -0.2209 0.8725 -0.4358
vn -0.6716 0.7065 -0.2229
vn -0.9360 0.3484 0.0496
vn -0.9472 -0.0977 0.3053
vn -0.7135 -0.5120 0.4783
vn -0.3005 -0.7938 0.5288
vn 0.1914 -0.8749 0.4450
vn 0.6403 -0.7285 0.2436
vt 0.000000 1.000000
vt 0.083333 1.000000
vt 0.083333 0.916667
vt 0.000000 0.916667
vt 0.000000 0.083333
vt 0.083333 0.083333
vt 0.083333 0.000000
vt 0.000000 0.000000
vt 0.000000 0.166667
vt 0.083333 0.166667
vt 0.000000 0.250000
vt 0.083333 0.250000
vt 0.000000 0.333333
vt 0.083333 0.333333
vt 0.000000 0.416667
vt 0.083333 0.416667
vt 0.000000 0.500000
vt 0.083333 0.500000
vt 0.000000 0.583333
vt 0.083333 0.583333
vt 0.000000 0.666667
vt 0.083333 0.666667
vt 0.000000 0.750000
vt 0.083333 0.750000
vt 0.000000 0.833333
vt 0.083333 0.833333
vt 0.166667 1.000000
vt 0.166667 0.916667
vt 0.166667 0.083333
vt 0.166667 0.000000
vt 0.166667 0.166667
vt 0.166667 0.250000
vt 0.166667 0.333333
vt 0.166667 0.416667
vt 0.166667 0.500000
vt 0.166667 0.583333
vt 0.166667 0.666667
vt 0.166667 0.750000
vt 0.166667 0.833333
vt 0.250000 1.000000
vt 0.250000 0.916667
vt 0.250000 0.083333
vt 0.250000 0.000000
vt 0.250000 0.166667
vt 0.250000 0.250000
vt 0.250000 0.333333
vt 0.250000 0.416667
vt 0.250000 0.500000
vt 0.250000 0.583333
vt 0.250000 0.666667
vt 0.250000 0.750000
vt 0.250000 0.833333
vt 0.333333 1.000000
vt 0.333333 0.916667
vt 0.333333 0.083333
vt 0.333333 0.000000
vt 0.333333 0.166667
vt 0.333333 0.250000
vt 0.333333 0.333333
vt 0.333333 0.416667
vt 0.333333 0.500000
vt 0.333333 0.583333
vt 0.333333 0.666667
vt 0.333333 0.750000
vt 0.333333 0.833333
vt 0.416667 1.000000
vt 0.416667 0.916667
vt 0.416667 0.083333
vt 0.416667 0.000000
vt 0.416667 0.166667
vt 0.416667 0.250000
vt 0.416667 0.333333
vt 0.416667 0.416667
vt 0.416667 0.500000
vt 0.416667 0.583333
vt 0.416667 0.666667
vt 0.416667 0.750000
vt 0.416667 0.833333
vt 0.500000 1.000000
vt 0.500000 0.916667
vt 0.500000 0.083333
vt 0.500000 0.000000
vt 0.500000 0.166667
vt 0.500000 0.250000
vt 0.500000 0.333333
vt 0.500000 0.416667
vt 0.500000 0.500000
vt 0.500000 0.583333
vt 0.500000 0.666667
vt 0.500000 0.750000
vt 0.500000 0.833333
vt 0.583333 1.000000
vt 0.583333 0.916667
vt 0.583333 0.083333
vt 0.583333 0.000000
vt 0.583333 0.166667
vt 0.583333 0.250000
vt 0.583333 0.333333
vt 0.583333 0.416667
vt 0.583333 0.500000
vt 0.583333 0.583333
vt 0.583333 0.666667
vt 0.583333 0.750000
vt 0.583333 0.833333
vt 0.666667 1.000000
vt 0.666667 0.916667
vt 0.666667 0.083333
vt 0.666667 0.000000
vt 0.666667 0.166667
vt 0.666667 0.250000
vt 0.666667 0.333333
vt 0.666667 0.416667
vt 0.666667 0.500000
vt 0.666667 0.583333
vt 0.666667 0.666667
vt 0.666667 0.750000
vt 0.666667 0.833333
vt 0.750000 1.000000
vt 0.750000 0.916667
vt 0.750000 0.083333
vt 0.750000 0.000000
vt 0.750000 0.166667
vt 0.750000 0.250000
vt 0.750000 0.333333
vt 0.750000 0.416667
vt 0.750000 0.500000
vt 0.750000 0.583333
vt 0.750000 0.666667
vt 0.750000 0.750000
vt 0.750000 0.833333
vt 0.833333 1.000000
vt 0.833333 0.916667
vt 0.833333 0.083333
vt 0.833333 0.000000
vt 0.833333 0.166667
vt 0.833333 0.250000
vt 0.833333 0.333333
vt 0.833333 0.416667
vt 0.833333 0.500000
vt 0.833333 0.583333
vt 0.833333 0.666667
vt 0.833333 0.750000
vt 0.833333 0.833333
vt 0.916667 1.000000
vt 0.916667 0.916667
vt 0.916667 0.083333
vt 0.916667 0.000000
vt 0.916667 0.166667
vt 0.916667 0.250000
vt 0.916667 0.333333
vt 0.916667 0.416667
vt 0.916667 0.500000
vt 0.916667 0.583333
vt 0.916667 0.666667
vt 0.916667 0.750000
vt 0.916667 0.833333
vt 1.000000 1.000000
vt 1.000000 0.916667
vt 1.000000 0.083333
vt 1.000000 0.000000
vt 1.000000 0.166667
vt 1.000000 0.250000
vt 1.000000 0.333333
vt 1.000000 0.416667
vt 1.000000 0.500000
vt 1.000000 0.583333
vt 1.000000 0.666667
vt 1.000000 0.750000
vt 1.000000 0.833333
s 1
usemtl crack
f 1265/1223/1003 1277/1224/1015 1288/1225/1026 1276/1226/1014
f 1266/1227/1004 1278/1228/1016 1277/1229/1015 1265/1230/1003
f 1267/1231/1005 1279/1232/1017 1278/1228/1016 1266/1227/1004
f 1268/1233/1006 1280/1234/1018 1279/1232/1017 1267/1231/1005
f 1269/1235/1007 1281/1236/1019 1280/1234/1018 1268/1233/1006
f 1270/1237/1008 1282/1238/1020 1281/1236/1019 1269/1235/1007
f 1271/1239/1009 1283/1240/1021 1282/1238/1020 1270/1237/1008
f 1272/1241/1010 1284/1242/1022 1283/1240/1021 1271/1239/1009
f 1273/1243/1011 1285/1244/1023 1284/1242/1022 1272/1241/1010
f 1274/1245/1012 1286/1246/1024 1285/1244/1023 1273/1243/1011
f 1275/1247/1013 1287/1248/1025 1286/1246/1024 1274/1245/1012
f 1276/1226/1014 1288/1225/1026 1287/1248/1025 1275/1247/1013
f 1277/1224/1015 1289/1249/1027 1300/1250/1038 1288/1225/1026
f 1278/1228/1016 1290/1251/1028 1289/1252/1027 1277/1229/1015
f 1279/1232/1017 1291/1253/1029 1290/1251/1028 1278/1228/1016
f 1280/1234/1018 1292/1254/1030 1291/1253/1029 1279/1232/1017
f 1281/1236/1019 1293/1255/1031 1292/1254/1030 1280/1234/1018
f 1282/1238/1020 1294/1256/1032 1293/1255/1031 1281/1236/1019
f 1283/1240/1021 1295/1257/1033 1294/1256/1032 1282/1238/1020
f 1284/1242/1022 1296/1258/1034 1295/1257/1033 1283/1240/1021
f 1285/1244/1023 1297/1259/1035 1296/1258/1034 1284/1242/1022
f 1286/1246/1024 1298/1260/1036 1297/1259/1035 1285/1244/1023
f 1287/1248/1025 1299/1261/1037 1298/1260/1036 1286/1246/1024
f 1288/1225/1026 1300/1250/1038 1299/1261/1037 1287/1248/1025
f 1289/1249/1027 1301/1262/1039 1312/1263/1050 1300/1250/1038
f 1290/1251/1028 1302/1264/1040 1301/1265/1039 1289/1252/1027
f 1291/1253/1029 1303/1266/1041 1302/1264/1040 1290/1251/1028
f 1292/1254/1030 1304/1267/1042 1303/1266/1041 1291/1253/1029
f 1293/1255/1031 1305/1268/1043 1304/1267/1042 1292/1254/1030
f 1294/1256/1032 1306/1269/1044 1305/1268/1043 1293/1255/1031
f 1295/1257/1033 1307/1270/1045 1306/1269/1044 1294/1256/1032
f 1296/1258/1034 1308/1271/1046 1307/1270/1045 1295/1257/1033
f 1297/1259/1035 1309/1272/1047 1308/1271/1046 1296/1258/1034
f 1298/1260/1036 1310/1273/1048 1309/1272/1047 1297/1259/1035
f 1299/1261/1037 1311/1274/1049 1310/1273/1048 1298/1260/1036
f 1300/1250/1038 1312/1263/1050 1311/1274/1049 1299/1261/1037
f 1301/1262/1039 1313/1275/1051 1324/1276/1062 1312/1263/1050
f 1302/1264/1040 1314/1277/1052 1313/1278/1051 1301/1265/1039
f 1303/1266/1041 1315/1279/1053 1314/1277/1052 1302/1264/1040
f 1304/1267/1042 1316/1280/1054 1315/1279/1053 1303/1266/1041
f 1305/1268/1043 1317/1281/1055 1316/1280/1054 1304/1267/1042
f 1306/1269/1044 1318/1282/1056 1317/1281/1055 1305/1268/1043
f 1307/1270/1045 1319/1283/1057 1318/1282/1056 1306/1269/1044
f 1308/1271/1046 1320/1284/1058 1319/1283/1057 1307/1270/1045
f 1309/1272/1047 1321/1285/1059 1320/1284/1058 1308/1271/1046
f 1310/1273/1048 1322/1286/1060 1321/1285/1059 1309/1272/1047
f 1311/1274/1049 1323/1287/1061 1322/1286/1060 1310/1273/1048
f 1312/1263/1050 1324/1276/1062 1323/1287/1061 1311/1274/1049
f 1313/1275/1051 1325/1288/1063 1336/1289/1074 1324/1276/1062
f 1314/1277/1052 1326/1290/1064 1325/1291/1063 1313/1278/1051
f 1315/1279/1053 1327/1292/1065 1326/1290/1064 1314/1277/1052
f 1316/1280/1054 1328/1293/1066 1327/1292/1065 1315/1279/1053
f 1317/1281/1055 1329/1294/1067 1328/1293/1066 1316/1280/1054
f 1318/1282/1056 1330/1295/1068 1329/1294/1067 1317/1281/1055
f 1319/1283/1057 1331/1296/1069 1330/1295/1068 1318/1282/1056
f 1320/1284/1058 1332/1297/1070 1331/1296/1069 1319/1283/1057
f 1321/1285/1059 1333/1298/1071 1332/1297/1070 1320/1284/1058
f 1322/1286/1060 1334/1299/1072 1333/1298/1071 1321/1285/1059
f 1323/1287/1061 1335/1300/1073 1334/1299/1072 1322/1286/1060
f 1324/1276/1062 1336/1289/1074 1335/1300/1073 1323/1287/1061
f 1325/1288/1063 1337/1301/1075 1348/1302/1086 1336/1289/1074
f 1326/1290/1064 1338/1303/1076 1337/1304/1075 1325/1291/1063
f 1327/1292/1065 1339/1305/1077 1338/1303/1076 1326/1290/1064
f 1328/1293/1066 1340/1306/1078 1339/1305/1077 1327/1292/1065
f 1329/1294/1067 1341/1307/1079 1340/1306/1078 1328/1293/1066
f 1330/1295/1068 1342/1308/1080 1341/1307/1079 1329/1294/1067
f 1331/1296/1069 1343/1309/1081 1342/1308/1080 1330/1295/1068
f 1332/1297/1070 1344/1310/1082 1343/1309/1081 1331/1296/1069
f 1333/1298/1071 1345/1311/1083 1344/1310/1082 1332/1297/1070
f 1334/1299/1072 1346/1312/1084 1345/1311/1083 1333/1298/1071
f 1335/1300/1073 1347/1313/1085 1346/1312/1084 1334/1299/1072
f 1336/1289/1074 1348/1302/1086 1347/1313/1085 1335/1300/1073
f 1337/1301/1075 1349/1314/1087 1360/1315/1098 1348/1302/1086
f 1338/1303/1076 1350/1316/1088 1349/1317/1087 1337/1304/1075
f 1339/1305/1077 1351/1318/1089 1350/1316/1088 1338/1303/1076
f 1340/1306/1078 1352/1319/1090 1351/1318/1089 1339/1305/1077
f 1341/1307/1079 1353/1320/1091 1352/1319/1090 1340/1306/1078
f 1342/1308/1080 1354/1321/1092 1353/1320/1091 1341/1307/1079
f 1343/1309/1081 1355/1322/1093 1354/1321/1092 1342/1308/1080
f 1344/1310/1082 1356/1323/1094 1355/1322/1093 1343/1309/1081
f 1345/1311/1083 1357/1324/1095 1356/1323/1094 1344/1310/1082
f 1346/1312/1084 1358/1325/1096 1357/1324/1095 1345/1311/1083
f 1347/1313/1085 1359/1326/1097 1358/1325/1096 1346/1312/1084
f 1348/1302/1086 1360/1315/1098 1359/1326/1097 1347/1313/1085
f 1349/1314/1087 1361/1327/1099 1372/1328/1110 1360/1315/1098
f 1350/1316/1088 1362/1329/1100 1361/1330/1099 1349/1317/1087
f 1351/1318/1089 1363/1331/1101 1362/1329/1100 1350/1316/1088
f 1352/1319/1090 1364/1332/1102 1363/1331/1101 1351/1318/1089
f 1353/1320/1091 1365/1333/1103 1364/1332/1102 1352/1319/1090
f 1354/1321/1092 1366/1334/1104 1365/1333/1103 1353/1320/1091
f 1355/1322/1093 1367/1335/1105 1366/1334/1104 1354/1321/1092
f 1356/1323/1094 1368/1336/1106 1367/1335/1105 1355/1322/1093
f 1357/1324/1095 1369/1337/1107 1368/1336/1106 1356/1323/1094
f 1358/1325/1096 1370/1338/1108 1369/1337/1107 1357/1324/1095
f 1359/1326/1097 1371/1339/1109 1370/1338/1108 1358/1325/1096
f 1360/1315/1098 1372/1328/1110 1371/1339/1109 1359/1326/1097
f 1361/1327/1099 1373/1340/1111 1384/1341/1122 1372/1328/1110
f 1362/1329/1100 1374/1342/1112 1373/1343/1111 1361/1330/1099
f 1363/1331/1101 1375/1344/1113 1374/1342/1112 1362/1329/1100
f 1364/1332/1102 1376/1345/1114 1375/1344/1113 1363/1331/1101
f 1365/1333/1103 1377/1346/1115 1376/1345/1114 1364/1332/1102
f 1366/1334/1104 1378/1347/1116 1377/1346/1115 1365/1333/1103
f 1367/1335/1105 1379/1348/1117 1378/1347/1116 1366/1334/1104
f 1368/1336/1106 1380/1349/1118 1379/1348/1117 1367/1335/1105
f 1369/1337/1107 1381/1350/1119 1380/1349/1118 1368/1336/1106
f 1370/1338/1108 1382/1351/1120 1381/1350/1119 1369/1337/1107
f 1371/1339/1109 1383/1352/1121 1382/1351/1120 1370/1338/1108
f 1372/1328/1110 1384/1341/1122 1383/1352/1121 1371/1339/1109
f 1373/1340/1111 1385/1353/1123 1396/1354/1134 1384/1341/1122
f 1374/1342/1112 1386/1355/1124 1385/1356/1123 1373/1343/1111
f 1375/1344/1113 1387/1357/1125 1386/1355/1124 1374/1342/1112
f 1376/1345/1114 1388/1358/1126 1387/1357/1125 1375/1344/1113
f 1377/1346/1115 1389/1359/1127 1388/1358/1126 1376/1345/1114
f 1378/1347/1116 1390/1360/1128 1389/1359/1127 1377/1346/1115
f 1379/1348/1117 1391/1361/1129 1390/1360/1128 1378/1347/1116
f 1380/1349/1118 1392/1362/1130 1391/1361/1129 1379/1348/1117
f 1381/1350/1119 1393/1363/1131 1392/1362/1130 1380/1349/1118
f 1382/1351/1120 1394/1364/1132 1393/1363/1131 1381/1350/1119
f 1383/1352/1121 1395/1365/1133 1394/1364/1132 1382/1351/1120
f 1384/1341/1122 1396/1354/1134 1395/1365/1133 1383/1352/1121
f 1385/1353/1123 1397/1366/1135 1408/1367/1146 1396/1354/1134
f 1386/1355/1124 1398/1368/1136 1397/1369/1135 1385/1356/1123
f 1387/1357/1125 1399/1370/1137 1398/1368/1136 1386/1355/1124
f 1388/1358/1126 1400/1371/1138 1399/1370/1137 1387/1357/1125
f 1389/1359/1127 1401/1372/1139 1400/1371/1138 1388/1358/1126
f 1390/1360/1128 1402/1373/1140 1401/1372/1139 1389/1359/1127
f 1391/1361/1129 1403/1374/1141 1402/1373/1140 1390/1360/1128
f 1392/1362/1130 1404/1375/1142 1403/1374/1141 1391/1361/1129
f 1393/1363/1131 1405/1376/1143 1404/1375/1142 1392/1362/1130
f 1394/1364/1132 1406/1377/1144 1405/1376/1143 1393/1363/1131
f 1395/1365/1133 1407/1378/1145 1406/1377/1144 1394/1364/1132
f 1396/1354/1134 1408/1367/1146 1407/1378/1145 1395/1365/1133
f 1397/1366/1135 1409/1379/1147 1420/1380/1158 1408/1367/1146
f 1398/1368/1136 1410/1381/1148 1409/1382/1147 1397/1369/1135
f 1399/1370/1137 1411/1383/1149 1410/1381/1148 1398/1368/1136
f 1400/1371/1138 1412/1384/1150 1411/1383/1149 1399/1370/1137
f 1401/1372/1139 1413/1385/1151 1412/1384/1150 1400/1371/1138
f 1402/1373/1140 1414/1386/1152 1413/1385/1151 1401/1372/1139
f 1403/1374/1141 1415/1387/1153 1414/1386/1152 1402/1373/1140
f 1404/1375/1142 1416/1388/1154 1415/1387/1153 1403/1374/1141
f 1405/1376/1143 1417/1389/1155 1416/1388/1154 1404/1375/1142
f 1406/1377/1144 1418/1390/1156 1417/1389/1155 1405/1376/1143
f 1407/1378/1145 1419/1391/1157 1418/1390/1156 1406/1377/1144
f 1408/1367/1146 1420/1380/1158 1419/1391/1157 1407/1378/1145
o BézierCurve.004
v 2.365453 -0.041182 -0.003776
v 2.366066 -0.039682 -0.002399
v 2.366999 -0.039133 -0.000568
v 2.368003 -0.039682 0.001225
v 2.368808 -0.041182 0.002500
v 2.369198 -0.043231 0.002915
v 2.369069 -0.045280 0.002360
v 2.368456 -0.046780 0.000982
v 2.367522 -0.047329 -0.000848
v 2.366519 -0.046780 -0.002641
v 2.365714 -0.045280 -0.003916
v 2.365324 -0.043231 -0.004331
v 2.402480 -0.042311 -0.018111
v 2.402983 -0.040804 -0.016697
v 2.403380 -0.040219 -0.014692
v 2.403565 -0.040712 -0.012631
v 2.403488 -0.042152 -0.011068
v 2.403171 -0.044153 -0.010421
v 2.402697 -0.046179 -0.010864
v 2.402195 -0.047686 -0.012277
v 2.401798 -0.048272 -0.014283
v 2.401613 -0.047778 -0.016344
v 2.401689 -0.046338 -0.017907
v 2.402007 -0.044337 -0.018554
v 2.427687 -0.051899 -0.015129
v 2.427961 -0.050301 -0.013752
v 2.427526 -0.049385 -0.011883
v 2.426499 -0.049397 -0.010021
v 2.425154 -0.050333 -0.008665
v 2.423852 -0.051943 -0.008179
v 2.422941 -0.053795 -0.008694
v 2.422667 -0.055393 -0.010070
v 2.423101 -0.056309 -0.011940
v 2.424129 -0.056297 -0.013802
v 2.425474 -0.055361 -0.015157
v 2.426776 -0.053751 -0.015643
v 2.441288 -0.067302 0.003261
v 2.441399 -0.065544 0.004454
v 2.440484 -0.064163 0.005787
v 2.438789 -0.063527 0.006904
v 2.436768 -0.063808 0.007505
v 2.434963 -0.064930 0.007429
v 2.433857 -0.066592 0.006696
v 2.433746 -0.068350 0.005503
v 2.434661 -0.069731 0.004169
v 2.436356 -0.070367 0.003053
v 2.438377 -0.070086 0.002452
v 2.440182 -0.068964 0.002528
v 2.445429 -0.085450 0.033462
v 2.445501 -0.083577 0.034466
v 2.444501 -0.081939 0.035383
v 2.442697 -0.080975 0.035965
v 2.440573 -0.080943 0.036059
v 2.438697 -0.081853 0.035637
v 2.437572 -0.083459 0.034814
v 2.437500 -0.085333 0.033810
v 2.438500 -0.086971 0.032893
v 2.440304 -0.087935 0.032311
v 2.442429 -0.087966 0.032217
v 2.444305 -0.087057 0.032639
v 2.443147 -0.104526 0.073367
v 2.443224 -0.102575 0.074210
v 2.442232 -0.100813 0.074869
v 2.440437 -0.099712 0.075168
v 2.438320 -0.099568 0.075027
v 2.436448 -0.100418 0.074484
v 2.435323 -0.102036 0.073684
v 2.435246 -0.103987 0.072841
v 2.436238 -0.105749 0.072182
v 2.438033 -0.106850 0.071883
v 2.440150 -0.106994 0.072024
v 2.442022 -0.106144 0.072567
v 2.436791 -0.122683 0.121209
v 2.436888 -0.120669 0.121889
v 2.435919 -0.118835 0.122356
v 2.434144 -0.117670 0.122487
v 2.432039 -0.117488 0.122245
v 2.430167 -0.118336 0.121697
v 2.429031 -0.119989 0.120987
v 2.428935 -0.122002 0.120308
v 2.429904 -0.123836 0.119841
v 2.431679 -0.125001 0.119710
v 2.433784 -0.125183 0.119952
v 2.435655 -0.124335 0.120500
v 2.428527 -0.137913 0.175060
v 2.428650 -0.135848 0.175552
v 2.427706 -0.133965 0.175846
v 2.425948 -0.132769 0.175863
v 2.423846 -0.132580 0.175600
v 2.421964 -0.133449 0.175125
v 2.420806 -0.135144 0.174567
v 2.420682 -0.137209 0.174076
v 2.421626 -0.139092 0.173782
v 2.423384 -0.140289 0.173764
v 2.425486 -0.140477 0.174028
v 2.427369 -0.139608 0.174502
v 2.420491 -0.148163 0.232919
v 2.420645 -0.146057 0.233179
v 2.419725 -0.144143 0.233291
v 2.417977 -0.142933 0.233226
v 2.415870 -0.142751 0.233001
v 2.413968 -0.143646 0.232676
v 2.412781 -0.145378 0.232339
v 2.412627 -0.147484 0.232080
v 2.413547 -0.149398 0.231967
v 2.415295 -0.150608 0.232032
v 2.417402 -0.150790 0.232257
v 2.419303 -0.149895 0.232582
v 2.414814 -0.151362 0.292755
v 2.414994 -0.149243 0.292717
v 2.414092 -0.147319 0.292621
v 2.412350 -0.146106 0.292494
v 2.410234 -0.145929 0.292368
v 2.408312 -0.146834 0.292279
v 2.407099 -0.148581 0.292249
v 2.406919 -0.150699 0.292287
v 2.407820 -0.152623 0.292382
v 2.409563 -0.153836 0.292510
v 2.411678 -0.154014 0.292635
v 2.413601 -0.153108 0.292725
v 2.413623 -0.145444 0.352526
v 2.413807 -0.143366 0.352112
v 2.412908 -0.141469 0.351773
v 2.411166 -0.140261 0.351599
v 2.409049 -0.140065 0.351637
v 2.407123 -0.140935 0.351876
v 2.405905 -0.142638 0.352253
v 2.405721 -0.144716 0.352666
v 2.406620 -0.146613 0.353005
v 2.408362 -0.147821 0.353179
v 2.410479 -0.148016 0.353142
v 2.412405 -0.147146 0.352902
v 2.419035 -0.128350 0.410199
v 2.419175 -0.126404 0.409351
v 2.418249 -0.124589 0.408744
v 2.416504 -0.123390 0.408540
v 2.414408 -0.123129 0.408793
v 2.412524 -0.123876 0.409437
v 2.411355 -0.125430 0.410298
v 2.411215 -0.127375 0.411146
v 2.412142 -0.129191 0.411754
v 2.413887 -0.130389 0.411958
v 2.415982 -0.130651 0.411704
v 2.417867 -0.129904 0.411061
v 2.433171 -0.098007 0.463778
v 2.433197 -0.096303 0.462506
v 2.432203 -0.094632 0.461645
v 2.430454 -0.093442 0.461424
v 2.428419 -0.093053 0.461904
v 2.426643 -0.093567 0.462956
v 2.425602 -0.094849 0.464297
v 2.425576 -0.096553 0.465569
v 2.426571 -0.098224 0.466430
v 2.428320 -0.099414 0.466651
v 2.430355 -0.099803 0.466171
v 2.432130 -0.099289 0.465120
vn -0.2974 0.5088 -0.8078
vn -0.1624 0.8585 -0.4863
vn 0.0157 0.9992 -0.0366
vn 0.1956 0.8783 0.4362
vn 0.3258 0.5104 0.7958
vn 0.3653 0.0009 0.9309
vn 0.3047 -0.5019 0.8095
vn 0.1615 -0.8674 0.4707
vn -0.0278 -0.9996 -0.0010
vn -0.2108 -0.8525 -0.4783
vn -0.3321 -0.4681 -0.8189
vn -0.3605 0.0311 -0.9322
vn -0.0215 0.4741 -0.8802
vn 0.0955 0.8278 -0.5528
vn 0.1898 0.9781 -0.0854
vn 0.2364 0.8804 0.4112
vn 0.2222 0.5454 0.8082
vn 0.1488 0.0506 0.9876
vn 0.0319 -0.4660 0.8842
vn -0.0975 -0.8478 0.5213
vn -0.1980 -0.9802 0.0099
vn -0.2379 -0.8359 -0.4946
vn -0.2116 -0.4730 -0.8553
vn -0.1325 0.0034 -0.9912
vn 0.5772 0.2334 -0.7826
vn 0.6435 0.6092 -0.4634
vn 0.5510 0.8340 -0.0310
vn 0.3216 0.8528 0.4115
vn 0.0034 0.6516 0.7585
vn -0.3305 0.2599 0.9073
vn -0.5771 -0.2258 0.7848
vn -0.6429 -0.6432 0.4159
vn -0.5140 -0.8553 -0.0650
vn -0.2508 -0.8240 -0.5081
vn 0.0682 -0.5829 -0.8097
vn 0.3677 -0.1997 -0.9082
vn 0.9027 -0.0843 -0.4218
vn 0.9336 0.3283 -0.1437
vn 0.7286 0.6625 0.1739
vn 0.3284 0.8292 0.4524
vn -0.1701 0.7732 0.6109
vn -0.6269 0.5012 0.5965
vn -0.9065 0.0875 0.4131
vn -0.9291 -0.3512 0.1157
vn -0.6915 -0.6904 -0.2128
vn -0.2659 -0.8347 -0.4822
vn 0.2238 -0.7519 -0.6202
vn 0.6470 -0.4761 -0.5956
vn 0.9551 -0.2447 -0.1671
vn 0.9763 0.2038 0.0733
vn 0.7415 0.6020 0.2963
vn 0.3063 0.8431 0.4420
vn -0.2155 0.8570 0.4681
vn -0.6799 0.6359 0.3652
vn -0.9572 0.2400 0.1621
vn -0.9716 -0.2211 -0.0847
vn -0.7210 -0.6208 -0.3079
vn -0.2768 -0.8505 -0.4472
vn 0.2381 -0.8517 -0.4668
vn 0.6867 -0.6293 -0.3639
vn 0.9508 -0.3071 -0.0406
vn 0.9728 0.1645 0.1634
vn 0.7358 0.5942 0.3248
vn 0.3000 0.8663 0.3995
vn -0.2187 0.9045 0.3661
vn -0.6787 0.6965 0.2330
vn -0.9536 0.2990 0.0365
vn -0.9692 -0.1788 -0.1694
vn -0.7236 -0.6068 -0.3290
vn -0.2854 -0.8709 -0.4001
vn 0.2269 -0.9030 -0.3648
vn 0.6782 -0.6968 -0.2334
vn 0.9425 -0.3333 0.0249
vn 0.9694 0.1552 0.1902
vn 0.7364 0.6038 0.3052
vn 0.3038 0.8908 0.3380
vn -0.2120 0.9365 0.2792
vn -0.6703 0.7279 0.1445
vn -0.9462 0.3223 -0.0291
vn -0.9663 -0.1689 -0.1943
vn -0.7277 -0.6133 -0.3070
vn -0.2963 -0.8934 -0.3378
vn 0.2127 -0.9364 -0.2791
vn 0.6654 -0.7320 -0.1466
vn 0.9371 -0.3444 0.0579
vn 0.9712 0.1581 0.1782
vn 0.7436 0.6198 0.2508
vn 0.3136 0.9145 0.2556
vn -0.2020 0.9606 0.1908
vn -0.6622 0.7456 0.0742
vn -0.9421 0.3297 -0.0620
vn -0.9681 -0.1732 -0.1811
vn -0.7363 -0.6281 -0.2516
vn -0.3104 -0.9157 -0.2553
vn 0.1972 -0.9615 -0.1917
vn 0.6532 -0.7532 -0.0773
vn 0.9347 -0.3486 0.0690
vn 0.9774 0.1646 0.1329
vn 0.7552 0.6353 0.1611
vn 0.3265 0.9340 0.1453
vn -0.1915 0.9774 0.0898
vn -0.6561 0.7546 0.0100
vn -0.9416 0.3290 -0.0721
vn -0.9740 -0.1825 -0.1345
vn -0.7484 -0.6434 -0.1610
vn -0.3264 -0.9340 -0.1452
vn 0.1813 -0.9792 -0.0911
vn 0.6424 -0.7662 -0.0129
vn 0.9342 -0.3514 0.0616
vn 0.9847 0.1662 0.0527
vn 0.7669 0.6411 0.0295
vn 0.3378 0.9412 -0.0020
vn -0.1839 0.9824 -0.0329
vn -0.6533 0.7551 -0.0547
vn -0.9436 0.3254 -0.0615
vn -0.9808 -0.1882 -0.0519
vn -0.7597 -0.6496 -0.0286
vn -0.3407 -0.9402 0.0020
vn 0.1676 -0.9853 0.0322
vn 0.6338 -0.7716 0.0540
vn 0.9331 -0.3578 0.0366
vn 0.9865 0.1507 -0.0648
vn 0.7693 0.6213 -0.1490
vn 0.3383 0.9212 -0.1922
vn -0.1856 0.9656 -0.1823
vn -0.6558 0.7450 -0.1223
vn -0.9452 0.3252 -0.0297
vn -0.9817 -0.1773 0.0700
vn -0.7614 -0.6305 0.1508
vn -0.3442 -0.9190 0.1923
vn 0.1628 -0.9693 0.1840
vn 0.6299 -0.7662 0.1274
vn 0.9277 -0.3734 -0.0032
vn 0.9717 0.1031 -0.2125
vn 0.7476 0.5550 -0.3648
vn 0.3139 0.8535 -0.4159
vn -0.2061 0.9135 -0.3509
vn -0.6656 0.7218 -0.1899
vn -0.9411 0.3376 0.0207
vn -0.9656 -0.1321 0.2239
vn -0.7391 -0.5645 0.3676
vn -0.3226 -0.8502 0.4161
vn 0.1779 -0.9169 0.3573
vn 0.6350 -0.7448 0.2050
vn 0.9231 -0.3835 -0.0263
vn 0.9542 0.0693 -0.2910
vn 0.7218 0.5031 -0.4753
vn 0.2907 0.7977 -0.5284
vn -0.2209 0.8725 -0.4358
vn -0.6716 0.7065 -0.2229
vn -0.9360 0.3484 0.0496
vn -0.9472 -0.0977 0.3053
vn -0.7135 -0.5120 0.4783
vn -0.3005 -0.7938 0.5288
vn 0.1914 -0.8749 0.4450
vn 0.6403 -0.7285 0.2436
vt 0.000000 1.000000
vt 0.083333 1.000000
vt 0.083333 0.916667
vt 0.000000 0.916667
vt 0.000000 0.083333
vt 0.083333 0.083333
vt 0.083333 0.000000
vt 0.000000 0.000000
vt 0.000000 0.166667
vt 0.083333 0.166667
vt 0.000000 0.250000
vt 0.083333 0.250000
vt 0.000000 0.333333
vt 0.083333 0.333333
vt 0.000000 0.416667
vt 0.083333 0.416667
vt 0.000000 0.500000
vt 0.083333 0.500000
vt 0.000000 0.583333
vt 0.083333 0.583333
vt 0.000000 0.666667
vt 0.083333 0.666667
vt 0.000000 0.750000
vt 0.083333 0.750000
vt 0.000000 0.833333
vt 0.083333 0.833333
vt 0.166667 1.000000
vt 0.166667 0.916667
vt 0.166667 0.083333
vt 0.166667 0.000000
vt 0.166667 0.166667
vt 0.166667 0.250000
vt 0.166667 0.333333
vt 0.166667 0.416667
vt 0.166667 0.500000
vt 0.166667 0.583333
vt 0.166667 0.666667
vt 0.166667 0.750000
vt 0.166667 0.833333
vt 0.250000 1.000000
vt 0.250000 0.916667
vt 0.250000 0.083333
vt 0.250000 0.000000
vt 0.250000 0.166667
vt 0.250000 0.250000
vt 0.250000 0.333333
vt 0.250000 0.416667
vt 0.250000 0.500000
vt 0.250000 0.583333
vt 0.250000 0.666667
vt 0.250000 0.750000
vt 0.250000 0.833333
vt 0.333333 1.000000
vt 0.333333 0.916667
vt 0.333333 0.083333
vt 0.333333 0.000000
vt 0.333333 0.166667
vt 0.333333 0.250000
vt 0.333333 0.333333
vt 0.333333 0.416667
vt 0.333333 0.500000
vt 0.333333 0.583333
vt 0.333333 0.666667
vt 0.333333 0.750000
vt 0.333333 0.833333
vt 0.416667 1.000000
vt 0.416667 0.916667
vt 0.416667 0.083333
vt 0.416667 0.000000
vt 0.416667 0.166667
vt 0.416667 0.250000
vt 0.416667 0.333333
vt 0.416667 0.416667
vt 0.416667 0.500000
vt 0.416667 0.583333
vt 0.416667 0.666667
vt 0.416667 0.750000
vt 0.416667 0.833333
vt 0.500000 1.000000
vt 0.500000 0.916667
vt 0.500000 0.083333
vt 0.500000 0.000000
vt 0.500000 0.166667
vt 0.500000 0.250000
vt 0.500000 0.333333
vt 0.500000 0.416667
vt 0.500000 0.500000
vt 0.500000 0.583333
vt 0.500000 0.666667
vt 0.500000 0.750000
vt 0.500000 0.833333
vt 0.583333 1.000000
vt 0.583333 0.916667
vt 0.583333 0.083333
vt 0.583333 0.000000
vt 0.583333 0.166667
vt 0.583333 0.250000
vt 0.583333 0.333333
vt 0.583333 0.416667
vt 0.583333 0.500000
vt 0.583333 0.583333
vt 0.583333 0.666667
vt 0.583333 0.750000
vt 0.583333 0.833333
vt 0.666667 1.000000
vt 0.666667 0.916667
vt 0.666667 0.083333
vt 0.666667 0.000000
vt 0.666667 0.166667
vt 0.666667 0.250000
vt 0.666667 0.333333
vt 0.666667 0.416667
vt 0.666667 0.500000
vt 0.666667 0.583333
vt 0.666667 0.666667
vt 0.666667 0.750000
vt 0.666667 0.833333
vt 0.750000 1.000000
vt 0.750000 0.916667
vt 0.750000 0.083333
vt 0.750000 0.000000
vt 0.750000 0.166667
vt 0.750000 0.250000
vt 0.750000 0.333333
vt 0.750000 0.416667
vt 0.750000 0.500000
vt 0.750000 0.583333
vt 0.750000 0.666667
vt 0.750000 0.750000
vt 0.750000 0.833333
vt 0.833333 1.000000
vt 0.833333 0.916667
vt 0.833333 0.083333
vt 0.833333 0.000000
vt 0.833333 0.166667
vt 0.833333 0.250000
vt 0.833333 0.333333
vt 0.833333 0.416667
vt 0.833333 0.500000
vt 0.833333 0.583333
vt 0.833333 0.666667
vt 0.833333 0.750000
vt 0.833333 0.833333
vt 0.916667 1.000000
vt 0.916667 0.916667
vt 0.916667 0.083333
vt 0.916667 0.000000
vt 0.916667 0.166667
vt 0.916667 0.250000
vt 0.916667 0.333333
vt 0.916667 0.416667
vt 0.916667 0.500000
vt 0.916667 0.583333
vt 0.916667 0.666667
vt 0.916667 0.750000
vt 0.916667 0.833333
vt 1.000000 1.000000
vt 1.000000 0.916667
vt 1.000000 0.083333
vt 1.000000 0.000000
vt 1.000000 0.166667
vt 1.000000 0.250000
vt 1.000000 0.333333
vt 1.000000 0.416667
vt 1.000000 0.500000
vt 1.000000 0.583333
vt 1.000000 0.666667
vt 1.000000 0.750000
vt 1.000000 0.833333
s 1
usemtl crack
f 1421/1392/1159 1433/1393/1171 1444/1394/1182 1432/1395/1170
f 1422/1396/1160 1434/1397/1172 1433/1398/1171 1421/1399/1159
f 1423/1400/1161 1435/1401/1173 1434/1397/1172 1422/1396/1160
f 1424/1402/1162 1436/1403/1174 1435/1401/1173 1423/1400/1161
f 1425/1404/1163 1437/1405/1175 1436/1403/1174 1424/1402/1162
f 1426/1406/1164 1438/1407/1176 1437/1405/1175 1425/1404/1163
f 1427/1408/1165 1439/1409/1177 1438/1407/1176 1426/1406/1164
f 1428/1410/1166 1440/1411/1178 1439/1409/1177 1427/1408/1165
f 1429/1412/1167 1441/1413/1179 1440/1411/1178 1428/1410/1166
f 1430/1414/1168 1442/1415/1180 1441/1413/1179 1429/1412/1167
f 1431/1416/1169 1443/1417/1181 1442/1415/1180 1430/1414/1168
f 1432/1395/1170 1444/1394/1182 1443/1417/1181 1431/1416/1169
f 1433/1393/1171 1445/1418/1183 1456/1419/1194 1444/1394/1182
f 1434/1397/1172 1446/1420/1184 1445/1421/1183 1433/1398/1171
f 1435/1401/1173 1447/1422/1185 1446/1420/1184 1434/1397/1172
f 1436/1403/1174 1448/1423/1186 1447/1422/1185 1435/1401/1173
f 1437/1405/1175 1449/1424/1187 1448/1423/1186 1436/1403/1174
f 1438/1407/1176 1450/1425/1188 1449/1424/1187 1437/1405/1175
f 1439/1409/1177 1451/1426/1189 1450/1425/1188 1438/1407/1176
f 1440/1411/1178 1452/1427/1190 1451/1426/1189 1439/1409/1177
f 1441/1413/1179 1453/1428/1191 1452/1427/1190 1440/1411/1178
f 1442/1415/1180 1454/1429/1192 1453/1428/1191 1441/1413/1179
f 1443/1417/1181 1455/1430/1193 1454/1429/1192 1442/1415/1180
f 1444/1394/1182 1456/1419/1194 1455/1430/1193 1443/1417/1181
f 1445/1418/1183 1457/1431/1195 1468/1432/1206 1456/1419/1194
f 1446/1420/1184 1458/1433/1196 1457/1434/1195 1445/1421/1183
f 1447/1422/1185 1459/1435/1197 1458/1433/1196 1446/1420/1184
f 1448/1423/1186 1460/1436/1198 1459/1435/1197 1447/1422/1185
f 1449/1424/1187 1461/1437/1199 1460/1436/1198 1448/1423/1186
f 1450/1425/1188 1462/1438/1200 1461/1437/1199 1449/1424/1187
f 1451/1426/1189 1463/1439/1201 1462/1438/1200 1450/1425/1188
f 1452/1427/1190 1464/1440/1202 1463/1439/1201 1451/1426/1189
f 1453/1428/1191 1465/1441/1203 1464/1440/1202 1452/1427/1190
f 1454/1429/1192 1466/1442/1204 1465/1441/1203 1453/1428/1191
f 1455/1430/1193 1467/1443/1205 1466/1442/1204 1454/1429/1192
f 1456/1419/1194 1468/1432/1206 1467/1443/1205 1455/1430/1193
f 1457/1431/1195 1469/1444/1207 1480/1445/1218 1468/1432/1206
f 1458/1433/1196 1470/1446/1208 1469/1447/1207 1457/1434/1195
f 1459/1435/1197 1471/1448/1209 1470/1446/1208 1458/1433/1196
f 1460/1436/1198 1472/1449/1210 1471/1448/1209 1459/1435/1197
f 1461/1437/1199 1473/1450/1211 1472/1449/1210 1460/1436/1198
f 1462/1438/1200 1474/1451/1212 1473/1450/1211 1461/1437/1199
f 1463/1439/1201 1475/1452/1213 1474/1451/1212 1462/1438/1200
f 1464/1440/1202 1476/1453/1214 1475/1452/1213 1463/1439/1201
f 1465/1441/1203 1477/1454/1215 1476/1453/1214 1464/1440/1202
f 1466/1442/1204 1478/1455/1216 1477/1454/1215 1465/1441/1203
f 1467/1443/1205 1479/1456/1217 1478/1455/1216 1466/1442/1204
f 1468/1432/1206 1480/1445/1218 1479/1456/1217 1467/1443/1205
f 1469/1444/1207 1481/1457/1219 1492/1458/1230 1480/1445/1218
f 1470/1446/1208 1482/1459/1220 1481/1460/1219 1469/1447/1207
f 1471/1448/1209 1483/1461/1221 1482/1459/1220 1470/1446/1208
f 1472/1449/1210 1484/1462/1222 1483/1461/1221 1471/1448/1209
f 1473/1450/1211 1485/1463/1223 1484/1462/1222 1472/1449/1210
f 1474/1451/1212 1486/1464/1224 1485/1463/1223 1473/1450/1211
f 1475/1452/1213 1487/1465/1225 1486/1464/1224 1474/1451/1212
f 1476/1453/1214 1488/1466/1226 1487/1465/1225 1475/1452/1213
f 1477/1454/1215 1489/1467/1227 1488/1466/1226 1476/1453/1214
f 1478/1455/1216 1490/1468/1228 1489/1467/1227 1477/1454/1215
f 1479/1456/1217 1491/1469/1229 1490/1468/1228 1478/1455/1216
f 1480/1445/1218 1492/1458/1230 1491/1469/1229 1479/1456/1217
f 1481/1457/1219 1493/1470/1231 1504/1471/1242 1492/1458/1230
f 1482/1459/1220 1494/1472/1232 1493/1473/1231 1481/1460/1219
f 1483/1461/1221 1495/1474/1233 1494/1472/1232 1482/1459/1220
f 1484/1462/1222 1496/1475/1234 1495/1474/1233 1483/1461/1221
f 1485/1463/1223 1497/1476/1235 1496/1475/1234 1484/1462/1222
f 1486/1464/1224 1498/1477/1236 1497/1476/1235 1485/1463/1223
f 1487/1465/1225 1499/1478/1237 1498/1477/1236 1486/1464/1224
f 1488/1466/1226 1500/1479/1238 1499/1478/1237 1487/1465/1225
f 1489/1467/1227 1501/1480/1239 1500/1479/1238 1488/1466/1226
f 1490/1468/1228 1502/1481/1240 1501/1480/1239 1489/1467/1227
f 1491/1469/1229 1503/1482/1241 1502/1481/1240 1490/1468/1228
f 1492/1458/1230 1504/1471/1242 1503/1482/1241 1491/1469/1229
f 1493/1470/1231 1505/1483/1243 1516/1484/1254 1504/1471/1242
f 1494/1472/1232 1506/1485/1244 1505/1486/1243 1493/1473/1231
f 1495/1474/1233 1507/1487/1245 1506/1485/1244 1494/1472/1232
f 1496/1475/1234 1508/1488/1246 1507/1487/1245 1495/1474/1233
f 1497/1476/1235 1509/1489/1247 1508/1488/1246 1496/1475/1234
f 1498/1477/1236 1510/1490/1248 1509/1489/1247 1497/1476/1235
f 1499/1478/1237 1511/1491/1249 1510/1490/1248 1498/1477/1236
f 1500/1479/1238 1512/1492/1250 1511/1491/1249 1499/1478/1237
f 1501/1480/1239 1513/1493/1251 1512/1492/1250 1500/1479/1238
f 1502/1481/1240 1514/1494/1252 1513/1493/1251 1501/1480/1239
f 1503/1482/1241 1515/1495/1253 1514/1494/1252 1502/1481/1240
f 1504/1471/1242 1516/1484/1254 1515/1495/1253 1503/1482/1241
f 1505/1483/1243 1517/1496/1255 1528/1497/1266 1516/1484/1254
f 1506/1485/1244 1518/1498/1256 1517/1499/1255 1505/1486/1243
f 1507/1487/1245 1519/1500/1257 1518/1498/1256 1506/1485/1244
f 1508/1488/1246 1520/1501/1258 1519/1500/1257 1507/1487/1245
f 1509/1489/1247 1521/1502/1259 1520/1501/1258 1508/1488/1246
f 1510/1490/1248 1522/1503/1260 1521/1502/1259 1509/1489/1247
f 1511/1491/1249 1523/1504/1261 1522/1503/1260 1510/1490/1248
f 1512/1492/1250 1524/1505/1262 1523/1504/1261 1511/1491/1249
f 1513/1493/1251 1525/1506/1263 1524/1505/1262 1512/1492/1250
f 1514/1494/1252 1526/1507/1264 1525/1506/1263 1513/1493/1251
f 1515/1495/1253 1527/1508/1265 1526/1507/1264 1514/1494/1252
f 1516/1484/1254 1528/1497/1266 1527/1508/1265 1515/1495/1253
f 1517/1496/1255 1529/1509/1267 1540/1510/1278 1528/1497/1266
f 1518/1498/1256 1530/1511/1268 1529/1512/1267 1517/1499/1255
f 1519/1500/1257 1531/1513/1269 1530/1511/1268 1518/1498/1256
f 1520/1501/1258 1532/1514/1270 1531/1513/1269 1519/1500/1257
f 1521/1502/1259 1533/1515/1271 1532/1514/1270 1520/1501/1258
f 1522/1503/1260 1534/1516/1272 1533/1515/1271 1521/1502/1259
f 1523/1504/1261 1535/1517/1273 1534/1516/1272 1522/1503/1260
f 1524/1505/1262 1536/1518/1274 1535/1517/1273 1523/1504/1261
f 1525/1506/1263 1537/1519/1275 1536/1518/1274 1524/1505/1262
f 1526/1507/1264 1538/1520/1276 1537/1519/1275 1525/1506/1263
f 1527/1508/1265 1539/1521/1277 1538/1520/1276 1526/1507/1264
f 1528/1497/1266 1540/1510/1278 1539/1521/1277 1527/1508/1265
f 1529/1509/1267 1541/1522/1279 1552/1523/1290 1540/1510/1278
f 1530/1511/1268 1542/1524/1280 1541/1525/1279 1529/1512/1267
f 1531/1513/1269 1543/1526/1281 1542/1524/1280 1530/1511/1268
f 1532/1514/1270 1544/1527/1282 1543/1526/1281 1531/1513/1269
f 1533/1515/1271 1545/1528/1283 1544/1527/1282 1532/1514/1270
f 1534/1516/1272 1546/1529/1284 1545/1528/1283 1533/1515/1271
f 1535/1517/1273 1547/1530/1285 1546/1529/1284 1534/1516/1272
f 1536/1518/1274 1548/1531/1286 1547/1530/1285 1535/1517/1273
f 1537/1519/1275 1549/1532/1287 1548/1531/1286 1536/1518/1274
f 1538/1520/1276 1550/1533/1288 1549/1532/1287 1537/1519/1275
f 1539/1521/1277 1551/1534/1289 1550/1533/1288 1538/1520/1276
f 1540/1510/1278 1552/1523/1290 1551/1534/1289 1539/1521/1277
f 1541/1522/1279 1553/1535/1291 1564/1536/1302 1552/1523/1290
f 1542/1524/1280 1554/1537/1292 1553/1538/1291 1541/1525/1279
f 1543/1526/1281 1555/1539/1293 1554/1537/1292 1542/1524/1280
f 1544/1527/1282 1556/1540/1294 1555/1539/1293 1543/1526/1281
f 1545/1528/1283 1557/1541/1295 1556/1540/1294 1544/1527/1282
f 1546/1529/1284 1558/1542/1296 1557/1541/1295 1545/1528/1283
f 1547/1530/1285 1559/1543/1297 1558/1542/1296 1546/1529/1284
f 1548/1531/1286 1560/1544/1298 1559/1543/1297 1547/1530/1285
f 1549/1532/1287 1561/1545/1299 1560/1544/1298 1548/1531/1286
f 1550/1533/1288 1562/1546/1300 1561/1545/1299 1549/1532/1287
f 1551/1534/1289 1563/1547/1301 1562/1546/1300 1550/1533/1288
f 1552/1523/1290 1564/1536/1302 1563/1547/1301 1551/1534/1289
f 1553/1535/1291 1565/1548/1303 1576/1549/1314 1564/1536/1302
f 1554/1537/1292 1566/1550/1304 1565/1551/1303 1553/1538/1291
f 1555/1539/1293 1567/1552/1305 1566/1550/1304 1554/1537/1292
f 1556/1540/1294 1568/1553/1306 1567/1552/1305 1555/1539/1293
f 1557/1541/1295 1569/1554/1307 1568/1553/1306 1556/1540/1294
f 1558/1542/1296 1570/1555/1308 1569/1554/1307 1557/1541/1295
f 1559/1543/1297 1571/1556/1309 1570/1555/1308 1558/1542/1296
f 1560/1544/1298 1572/1557/1310 1571/1556/1309 1559/1543/1297
f 1561/1545/1299 1573/1558/1311 1572/1557/1310 1560/1544/1298
f 1562/1546/1300 1574/1559/1312 1573/1558/1311 1561/1545/1299
f 1563/1547/1301 1575/1560/1313 1574/1559/1312 1562/1546/1300
f 1564/1536/1302 1576/1549/1314 1575/1560/1313 1563/1547/1301
