# Blender 5.2.2 LTS
# www.blender.org
mtllib skull.mtl
o T-RexSkull_Jaw_SimplePolygons__repaired_
v 0.117731 0.194764 0.052472
v 0.117677 0.196896 0.058996
v 0.110875 0.199173 0.056753
v 0.126277 0.198384 0.059638
v 0.135428 0.201450 0.051924
v 0.143896 0.195159 0.058807
v 0.092372 0.197607 0.073866
v 0.083731 0.222075 0.071908
v 0.081019 0.195121 0.079034
v 0.094322 0.201197 0.094298
v 0.079381 0.196064 0.093236
v 0.084223 0.226046 0.085394
v 0.295543 0.343000 0.107375
v 0.322866 0.349531 0.107675
v 0.316049 0.359181 0.115273
v 0.193315 0.224806 0.032739
v 0.163215 0.180071 0.057325
v 0.201850 0.241687 0.095138
v 0.160075 0.214386 0.096768
v 0.171069 0.194280 0.101934
v 0.269022 0.274588 -0.031067
v 0.276483 0.293344 -0.037637
v 0.297168 0.289683 -0.049865
v 0.138235 0.159563 0.109333
v 0.125996 0.152042 0.080682
v 0.114974 0.162857 0.104357
v 0.183566 0.239327 0.017334
v 0.212439 0.264817 0.010688
v 0.193429 0.237937 0.026851
v 0.287622 0.239374 0.132275
v 0.283479 0.256530 0.130080
v 0.303369 0.259401 0.139301
v 0.176156 0.222253 0.035704
v 0.197099 0.249332 0.114821
v 0.241751 0.255476 0.117134
v 0.213723 0.226579 0.120983
v 0.094903 0.198506 0.067502
v 0.295703 0.211093 -0.010446
v 0.291540 0.222018 -0.010599
v 0.319931 0.234472 -0.040982
v 0.271548 0.219991 -0.025259
v 0.281703 0.234385 -0.051508
v 0.266346 0.222768 -0.034991
v 0.145688 0.202680 0.039270
v 0.133861 0.229861 0.035884
v 0.267942 0.263350 0.133093
v 0.224923 0.271912 0.114662
v 0.266811 0.283806 0.134527
v 0.112039 0.201897 0.094470
v 0.130113 0.208767 0.098436
v 0.123778 0.208443 0.102580
v 0.099097 0.203421 0.103441
v 0.273743 0.250064 0.109478
v 0.254027 0.246930 0.109741
v 0.311429 0.243412 0.118249
v 0.158800 0.224719 0.104859
v 0.140018 0.216028 0.103527
v 0.142682 0.167280 0.046258
v 0.131173 0.188865 0.041167
v 0.095933 0.181505 0.057995
v 0.168582 0.203781 0.024489
v 0.211951 0.229271 0.001938
v 0.191122 0.228034 0.008367
v 0.169093 0.226117 0.116603
v 0.169327 0.239407 0.103765
v 0.141947 0.213371 0.111093
v 0.123273 0.239991 0.105548
v 0.126769 0.189369 0.094692
v 0.215038 0.242348 0.021407
v 0.186762 0.182988 0.025805
v 0.160553 0.162849 0.045401
v 0.219271 0.239635 -0.009041
v 0.246457 0.238598 -0.033958
v 0.245126 0.264399 -0.041719
v 0.360894 0.357859 0.102390
v 0.350752 0.328350 0.118513
v 0.368083 0.346218 0.112040
v 0.112339 0.237000 0.097001
v 0.123286 0.209681 0.108370
v 0.246464 0.217593 0.005243
v 0.279779 0.211726 0.002377
v 0.231885 0.220045 0.018365
v 0.170533 0.172816 0.053797
v 0.150920 0.154997 0.063408
v 0.150842 0.164302 0.063873
v 0.227512 0.305154 0.110607
v 0.278103 0.339183 0.119239
v 0.262028 0.321498 0.121666
v 0.186584 0.200895 0.036210
v 0.173356 0.239308 0.022387
v 0.234628 0.184425 0.024020
v 0.196536 0.179298 0.028953
v 0.193956 0.177422 0.041586
v 0.352552 0.327616 -0.095187
v 0.340139 0.298580 -0.093838
v 0.367367 0.285943 -0.094050
v 0.122264 0.184832 0.076217
v 0.135760 0.157989 0.085855
v 0.199418 0.253892 0.000031
v 0.227221 0.271923 -0.028091
v 0.085658 0.198037 0.084859
v 0.115804 0.223763 0.039956
v 0.133964 0.196589 0.046203
v 0.118211 0.231588 0.044218
v 0.120306 0.182328 0.085598
v 0.385634 0.378496 0.109709
v 0.369277 0.365703 0.109553
v 0.245573 0.288726 -0.042060
v 0.242280 0.282854 -0.020872
v 0.211538 0.274660 -0.009034
v 0.106532 0.204107 0.099689
v 0.161094 0.215733 0.035527
v 0.355016 0.281899 -0.092257
v 0.320804 0.285411 -0.085717
v 0.316849 0.281365 -0.071935
v 0.299063 0.300567 0.142524
v 0.303174 0.282108 0.143873
v 0.129899 0.170513 0.114556
v 0.220656 0.266692 0.090661
v 0.211270 0.282366 0.097048
v 0.186068 0.241120 0.096887
v 0.278649 0.189724 0.004698
v 0.286961 0.197170 -0.020400
v 0.264753 0.185557 -0.006908
v 0.217719 0.184358 0.014863
v 0.367326 0.287905 -0.073954
v 0.345002 0.262317 -0.061912
v 0.340289 0.275974 -0.059252
v 0.142243 0.246983 0.100807
v 0.328085 0.305880 -0.091614
v 0.331299 0.313369 -0.086519
v 0.360040 0.371986 0.128972
v 0.335651 0.366182 0.131892
v 0.106011 0.195840 0.073578
v 0.241905 0.243858 0.101936
v 0.223709 0.231173 0.101842
v 0.252070 0.220911 0.106619
v 0.338628 0.374158 0.090034
v 0.315552 0.241942 -0.039476
v 0.309466 0.245921 -0.042456
v 0.312497 0.334482 -0.054247
v 0.301287 0.337378 -0.067250
v 0.321451 0.347212 -0.067381
v 0.227548 0.289189 0.092566
v 0.297101 0.263772 0.129011
v 0.345036 0.294121 0.147941
v 0.364776 0.343154 0.140010
v 0.387237 0.344894 0.141114
v 0.265453 0.282363 0.110124
v 0.259443 0.306900 0.100922
v 0.257868 0.263296 0.105145
v 0.127943 0.203122 0.117611
v 0.342565 0.337668 -0.058956
v 0.348844 0.318756 -0.074074
v 0.342886 0.300316 -0.063973
v 0.360345 0.375337 0.089485
v 0.092196 0.231503 0.090694
v 0.256940 0.229505 0.128333
v 0.301086 0.334101 0.138465
v 0.309339 0.325197 0.139768
v 0.264426 0.305053 0.129796
v 0.281294 0.221305 0.108800
v 0.254560 0.209174 0.114843
v 0.312628 0.246731 0.135392
v 0.165073 0.178440 0.119497
v 0.177807 0.181606 0.112963
v 0.144318 0.162606 0.102060
v 0.359292 0.383696 0.099933
v 0.360567 0.367386 0.107503
v 0.252143 0.225673 0.003004
v 0.250253 0.252508 -0.012260
v 0.262524 0.233031 -0.012018
v 0.287550 0.239701 0.108293
v 0.324705 0.385034 0.094772
v 0.132320 0.152961 0.064784
v 0.095597 0.192037 0.111931
v 0.279877 0.262379 0.115344
v 0.120658 0.248044 0.097873
v 0.238342 0.221474 -0.006471
v 0.228592 0.201932 0.002750
v 0.344261 0.324407 0.140608
v 0.332652 0.307046 0.148483
v 0.308910 0.252204 -0.072610
v 0.283223 0.256436 -0.062672
v 0.356308 0.315890 0.120266
v 0.333165 0.281628 0.122962
v 0.343675 0.283441 0.128104
v 0.214056 0.210487 0.103556
v 0.205330 0.196596 0.110970
v 0.237048 0.206360 0.109752
v 0.291754 0.224821 -0.047952
v 0.319316 0.381452 0.104581
v 0.344255 0.390246 0.095732
v 0.105631 0.162297 0.074494
v 0.091434 0.172173 0.094322
v 0.309957 0.348224 0.131580
v 0.316063 0.364055 0.127838
v 0.082027 0.180663 0.073922
v 0.243393 0.312154 0.104186
v 0.340190 0.339648 -0.071847
v 0.339421 0.322345 -0.071779
v 0.211176 0.282325 0.108011
v 0.225196 0.211039 0.124508
v 0.282223 0.220727 0.130961
v 0.187268 0.249942 0.105533
v 0.291791 0.311569 -0.066975
v 0.310327 0.308999 -0.056695
v 0.277629 0.303510 -0.046176
v 0.170313 0.183315 0.106283
v 0.367414 0.322548 -0.083569
v 0.371806 0.317160 -0.090926
v 0.287712 0.295625 -0.072548
v 0.365123 0.354741 0.139468
v 0.291268 0.219047 0.119404
v 0.307146 0.268882 -0.047144
v 0.328491 0.292036 0.124950
v 0.294805 0.273573 -0.070652
v 0.154626 0.187735 0.121546
v 0.317768 0.262156 -0.075179
v 0.318035 0.235608 -0.064416
v 0.241278 0.225573 -0.018197
v 0.279838 0.280553 -0.071278
v 0.280843 0.307251 0.110178
v 0.272974 0.310728 0.103775
v 0.373628 0.385718 0.121502
v 0.389954 0.377103 0.122942
v 0.356064 0.332090 -0.085188
v 0.323233 0.368518 0.111135
v 0.239240 0.269002 -0.007670
v 0.266092 0.201996 -0.014110
v 0.294509 0.205344 -0.027154
v 0.309615 0.252349 0.113539
v 0.195518 0.219680 0.104691
v 0.331835 0.283384 -0.060421
v 0.188602 0.195035 0.121091
v 0.316953 0.331657 0.113626
v 0.319222 0.312610 0.116980
v 0.367269 0.313675 0.142158
v 0.294986 0.312813 -0.078987
v 0.380747 0.327787 0.122583
v 0.265444 0.195246 0.014671
v 0.205128 0.191700 0.038105
v 0.349551 0.265234 -0.083736
v 0.340218 0.333323 0.128249
v 0.172207 0.255572 0.100108
v 0.303354 0.322683 -0.067090
v 0.398290 0.348830 0.122174
v 0.299782 0.231004 0.133181
v 0.323650 0.384583 0.117285
v 0.301322 0.333927 -0.080153
v 0.360278 0.386381 0.114481
v 0.337881 0.334900 -0.086230
v 0.390390 0.360885 0.082355
v 0.441829 0.374956 0.034820
v 0.422257 0.387916 0.037991
v 0.456856 0.369296 0.005274
v 0.454460 0.373917 0.023266
v 0.496223 0.368461 0.013182
v 0.538849 0.336016 -0.157639
v 0.520695 0.304388 -0.164619
v 0.444173 0.315627 -0.137498
v 0.610622 0.295015 -0.160276
v 0.511420 0.279695 -0.181809
v 0.632963 0.315470 -0.172345
v 0.613779 0.329035 -0.152868
v 0.603628 0.373617 0.205839
v 0.512618 0.384302 0.203094
v 0.543077 0.361285 0.231197
v 0.625681 0.399162 0.210165
v 0.607400 0.401318 0.185120
v 0.461350 0.556515 0.000947
v 0.490766 0.558757 0.051521
v 0.468599 0.508291 0.040080
v 0.600276 0.683141 0.015438
v 0.578606 0.682107 0.006949
v 0.567908 0.703806 -0.053237
v -0.131643 0.417021 0.022816
v -0.158936 0.389599 0.024126
v -0.132377 0.466629 -0.002735
v 0.014163 0.439072 -0.107451
v 0.044554 0.444664 -0.059543
v 0.080089 0.481399 -0.081967
v 0.364814 0.334746 -0.208234
v 0.438749 0.334914 -0.228000
v 0.436841 0.413767 -0.218606
v 0.272067 0.385802 0.131433
v 0.183011 0.380554 0.113317
v 0.188541 0.440618 0.094693
v 0.480069 0.573483 -0.087676
v 0.442975 0.557837 -0.031634
v 0.495012 0.510632 -0.107845
v 0.480558 0.597754 0.022425
v 0.562387 0.411656 0.263518
v 0.597482 0.374252 0.263108
v 0.590988 0.680263 -0.085500
v 0.645181 0.584168 -0.119681
v 0.627846 0.636740 0.011457
v 0.466128 0.623697 0.133367
v 0.463110 0.542397 0.165752
v 0.435518 0.538011 0.182240
v 0.415885 0.437996 -0.129518
v 0.375975 0.431237 -0.136616
v 0.390489 0.408963 -0.154089
v 0.167520 0.428289 -0.030903
v 0.113563 0.450378 -0.043551
v 0.133644 0.478349 -0.060990
v 0.167410 0.441847 0.019525
v 0.172086 0.445995 0.053033
v 0.111718 0.463276 0.017063
v 0.315143 0.306324 -0.149252
v 0.284004 0.331771 -0.118965
v 0.339662 0.302552 -0.123844
v 0.317220 0.377852 0.193235
v 0.330514 0.364256 0.134872
v 0.007238 0.385529 -0.002558
v -0.061970 0.379753 -0.038185
v -0.133367 0.343501 -0.012375
v 0.375099 0.294635 -0.191423
v -0.115652 0.407209 -0.032296
v -0.110988 0.457019 -0.017749
v -0.136382 0.458100 -0.034465
v 0.112473 0.288604 -0.066832
v 0.146244 0.313161 -0.083224
v 0.097573 0.300632 -0.086313
v 0.448387 0.603290 -0.193389
v 0.469007 0.554522 -0.200298
v 0.505038 0.602330 -0.189018
v 0.535426 0.596637 -0.132509
v 0.576166 0.567295 -0.132016
v 0.614653 0.514575 -0.132473
v 0.595753 0.563576 -0.116597
v 0.653356 0.542341 -0.146915
v 0.536592 0.401841 0.014153
v 0.527003 0.465901 0.049269
v 0.584639 0.427056 0.013665
v 0.421043 0.608158 -0.210476
v 0.367108 0.615623 -0.190423
v 0.387806 0.593987 -0.177745
v 0.104997 0.315102 0.107840
v 0.081349 0.335608 0.109852
v 0.118400 0.351808 0.117823
v 0.334298 0.635169 -0.085150
v 0.351492 0.658602 -0.065904
v 0.265292 0.624148 -0.042889
v 0.564152 0.452185 0.238244
v 0.517133 0.445063 0.206650
v 0.560000 0.461858 0.180048
v 0.322031 0.633096 -0.109673
v 0.322086 0.599194 -0.130559
v 0.632689 0.563723 0.166690
v 0.677169 0.546664 0.142270
v 0.635662 0.534480 0.140868
v 0.176768 0.351107 -0.053642
v 0.207616 0.325965 -0.074271
v 0.179529 0.307936 -0.070582
v 0.506992 0.708451 0.067185
v 0.598608 0.665015 0.110412
v 0.511895 0.704938 0.086058
v 0.382396 0.501119 -0.157718
v 0.441180 0.552721 -0.180383
v 0.439213 0.513764 -0.146210
v 0.371052 0.555403 0.109765
v 0.390870 0.540534 0.106496
v 0.432011 0.582450 0.139481
v 0.432057 0.600085 0.093448
v 0.436686 0.652022 0.109625
v 0.578145 0.598349 0.126518
v 0.525880 0.556354 0.121017
v 0.450429 0.585845 -0.112540
v 0.627028 0.369802 -0.175054
v 0.610715 0.341160 -0.217649
v 0.060093 0.331307 0.098365
v 0.096098 0.336224 0.093686
v 0.404296 0.714263 0.043848
v 0.692031 0.492057 -0.198448
v 0.690616 0.498287 -0.177518
v 0.631363 0.593640 -0.193835
v 0.300066 0.591457 0.044287
v 0.297551 0.573043 0.000380
v 0.288065 0.604712 0.030601
v 0.400767 0.496879 0.194678
v 0.397686 0.540951 0.146448
v 0.206482 0.430165 0.030668
v 0.563428 0.335424 -0.232324
v 0.513520 0.317852 -0.237260
v 0.537590 0.287620 -0.218540
v 0.318265 0.657204 0.018533
v 0.311095 0.639178 -0.022425
v 0.363283 0.690856 0.042013
v 0.532585 0.422864 -0.030960
v 0.544493 0.519742 -0.159228
v 0.505698 0.496698 -0.174088
v 0.552703 0.525551 -0.207662
v 0.589499 0.488805 -0.200501
v 0.622452 0.538258 -0.212086
v 0.102168 0.370543 -0.112211
v -0.029284 0.410893 -0.108976
v 0.088530 0.385712 -0.027053
v 0.175847 0.378408 -0.019639
v 0.209133 0.363401 -0.047876
v 0.261186 0.446615 0.130597
v 0.274731 0.408427 0.144322
v 0.300824 0.548887 0.048514
v 0.294189 0.521043 0.096997
v 0.310976 0.492316 0.064974
v 0.203962 0.407190 -0.067889
v 0.268024 0.430193 -0.044320
v 0.484164 0.515378 0.096022
v 0.455569 0.656983 -0.142093
v 0.582343 0.625234 -0.168302
v 0.509407 0.637186 -0.131452
v 0.453513 0.682710 0.023518
v 0.596928 0.661391 0.071270
v 0.300831 0.449217 0.186527
v 0.305153 0.467217 0.131633
v 0.305423 0.489169 0.149827
v -0.043993 0.451951 0.015680
v -0.102422 0.429187 -0.011022
v 0.148825 0.300954 -0.065590
v 0.483658 0.568705 0.137551
v 0.511989 0.574710 0.163634
v 0.513694 0.510722 0.196115
v 0.068996 0.438184 0.029048
v 0.102817 0.448739 0.083139
v 0.354041 0.413572 0.217056
v 0.360787 0.435435 0.223605
v -0.043948 0.399177 0.028962
v -0.028622 0.391186 0.056385
v 0.052682 0.404102 0.032324
v -0.038511 0.502311 0.033773
v 0.047992 0.524395 0.044649
v -0.001028 0.493674 0.066966
v 0.160672 0.353087 0.089180
v 0.144055 0.341805 0.106543
v 0.165312 0.338798 0.110004
v 0.512237 0.431389 0.259372
v 0.482433 0.449207 0.246970
v 0.511056 0.438439 -0.194158
v 0.501017 0.501011 -0.206563
v 0.496418 0.526645 0.139726
v 0.644279 0.622574 0.083637
v 0.669578 0.592934 0.152171
v -0.035093 0.329741 -0.062323
v 0.025625 0.311532 -0.062968
v -0.015991 0.299541 -0.064063
v 0.512767 0.443312 -0.152731
v 0.575162 0.383971 -0.182809
v 0.526866 0.596847 0.154041
v 0.178784 0.576397 0.014341
v 0.163318 0.587955 0.006159
v 0.248460 0.624955 0.009740
v 0.576831 0.397357 -0.215561
v 0.150182 0.337197 -0.098927
v 0.380442 0.646016 -0.107001
v 0.385013 0.581360 -0.146086
v 0.394859 0.602254 -0.102600
v 0.316846 0.440243 -0.163020
v 0.298972 0.447335 -0.132927
v 0.290513 0.406830 -0.137828
v 0.552594 0.411314 -0.142738
v 0.582389 0.503936 -0.146643
v 0.594863 0.405774 -0.149508
v 0.546638 0.650541 0.098073
v 0.588779 0.614589 0.093006
v 0.540207 0.626015 0.047462
v 0.443560 0.662332 -0.194939
v 0.499111 0.660989 -0.172435
v 0.338506 0.466384 -0.089955
v 0.349777 0.447189 -0.139786
v 0.552376 0.521827 0.190538
v 0.469586 0.459741 -0.193599
v 0.456179 0.440738 -0.160854
v 0.476471 0.553755 -0.167677
v 0.440510 0.564068 0.101540
v 0.443274 0.506227 0.126772
v 0.306235 0.468451 0.028819
v 0.310822 0.453713 -0.068062
v 0.335349 0.535888 -0.129621
v 0.425103 0.412326 0.262693
v 0.646752 0.614587 0.065505
v 0.573750 0.592936 0.040329
v 0.604186 0.568069 0.083078
v 0.200048 0.548955 -0.067529
v 0.297870 0.556478 -0.070094
v 0.297726 0.576441 -0.108938
v 0.200911 0.565535 0.000880
v 0.229389 0.397843 -0.109655
v 0.240042 0.446481 0.082135
v 0.482752 0.391510 0.263582
v 0.642474 0.470021 -0.168339
v 0.629777 0.529966 0.163821
v 0.620287 0.491416 0.157829
v 0.000935 0.314582 -0.089156
v 0.042966 0.200843 -0.050450
v 0.420816 0.656888 -0.098024
v 0.032279 0.442317 -0.016369
v 0.036947 0.486995 -0.023247
v 0.047047 0.470680 0.044538
v 0.083370 0.300352 -0.062063
v 0.409752 0.337339 -0.085736
v 0.453592 0.363006 -0.068074
v 0.331192 0.556712 0.084560
v 0.323077 0.614928 0.051557
v 0.347811 0.588982 0.065889
v 0.493913 0.674119 0.100756
v 0.224036 0.371194 0.105755
v -0.072195 0.356057 0.091625
v -0.030623 0.385047 0.109685
v -0.036764 0.343925 0.107920
v 0.080634 0.427997 0.108393
v -0.004810 0.454512 0.090987
v 0.609261 0.272168 -0.212207
v 0.031236 0.377102 -0.053544
v 0.427007 0.307042 -0.232115
v 0.431704 0.265829 -0.197829
v -0.124199 0.359403 0.061294
v -0.096481 0.368247 0.093271
v -0.092076 0.316875 0.077291
v 0.488711 0.385834 -0.194460
v 0.480013 0.399456 -0.143166
v 0.219379 0.481810 -0.002567
v 0.152770 0.479625 -0.018579
v 0.206945 0.484879 -0.027144
v 0.558870 0.648706 -0.006568
v 0.481681 0.660947 -0.011426
v 0.490149 0.685655 -0.042598
v 0.354278 0.592387 0.038966
v 0.382961 0.622801 0.020929
v -0.132774 0.350972 0.022392
v 0.118008 0.424723 -0.002753
v 0.629878 0.601290 -0.165101
v 0.557447 0.635249 -0.076449
v 0.065710 0.308993 -0.094425
v 0.590046 0.575188 -0.085938
v 0.580286 0.531410 -0.091098
v 0.628291 0.598239 -0.042462
v -0.136038 0.357561 -0.052628
v -0.162264 0.374009 -0.024351
v 0.386275 0.446189 -0.075072
v 0.383967 0.477842 -0.013504
v 0.044835 0.320996 0.117760
v 0.040389 0.251629 0.120288
v 0.407222 0.471210 0.041271
v 0.372193 0.485401 0.122373
v 0.346101 0.495519 0.084099
v 0.118731 0.434099 -0.080936
v 0.607615 0.476751 0.226479
v 0.620104 0.442450 0.203592
v 0.603437 0.433008 0.241032
v 0.518560 0.641331 -0.190709
v -0.127645 0.344248 0.042609
v 0.504894 0.455249 0.150399
v 0.444235 0.498655 0.105165
v 0.513962 0.511110 0.136309
v 0.447519 0.270396 -0.165590
v 0.427417 0.626946 0.015964
v 0.367909 0.591487 -0.037581
v 0.471654 0.488484 -0.069567
v 0.423533 0.508687 -0.020420
v 0.439157 0.457953 -0.066285
v 0.367923 0.701832 0.071298
v -0.083493 0.329496 -0.084870
v -0.099178 0.375161 -0.094294
v 0.463851 0.500445 -0.210003
v 0.414323 0.451183 -0.194625
v 0.464713 0.470217 0.145895
v 0.563093 0.470168 -0.028372
v 0.527113 0.431523 -0.072967
v 0.312942 0.638442 0.040024
v 0.363646 0.671088 0.093217
v 0.386233 0.475501 0.145110
v -0.021011 0.288707 -0.081373
v -0.067973 0.316463 -0.077001
v -0.039199 0.270879 -0.077567
v 0.392445 0.667775 -0.166591
v 0.561699 0.439482 -0.207054
v 0.368120 0.367453 -0.040993
v 0.417027 0.381085 -0.012805
v 0.442101 0.366494 -0.012418
v 0.460034 0.358820 -0.038226
v 0.551265 0.688349 -0.056433
v 0.452688 0.385457 0.072415
v 0.482443 0.302920 -0.245547
v 0.401161 0.639317 0.084298
v 0.469130 0.568292 -0.130813
v 0.464509 0.608399 0.051782
v 0.621442 0.663114 0.097856
v 0.632755 0.385184 -0.213933
v 0.131908 0.276476 0.115291
v 0.074136 0.421490 -0.043507
v 0.571010 0.472327 0.210662
v 0.158856 0.371070 0.004936
v -0.048455 0.463273 -0.081104
v -0.086672 0.418210 -0.091255
v -0.002758 0.461973 -0.103407
v 0.323716 0.395224 -0.026343
v 0.284416 0.332510 -0.069198
v 0.491993 0.641845 0.093150
v 0.432549 0.442385 0.242264
v 0.360058 0.479708 0.186144
v 0.424237 0.688981 0.115515
v 0.138602 0.516571 0.008184
v 0.227587 0.338420 -0.097632
v 0.403031 0.407381 -0.199634
v 0.364391 0.400069 -0.192060
v 0.378128 0.679081 -0.027197
v -0.094527 0.317288 -0.053195
v 0.378015 0.360325 0.181284
v 0.436320 0.351054 0.212866
v 0.452124 0.393181 0.157757
v 0.092975 0.506500 0.026826
v 0.611829 0.622686 0.148564
v 0.251473 0.395649 -0.012764
v 0.317490 0.509818 0.133949
v 0.476507 0.618832 0.111157
v 0.362179 0.319498 -0.063594
v 0.099412 0.554572 -0.066874
v 0.098580 0.582140 -0.039265
v -0.008664 0.532439 -0.053159
v -0.012427 0.357984 -0.106428
v -0.094885 0.435672 0.083052
v 0.420461 0.359349 0.243953
v -0.049875 0.436652 -0.037686
v 0.293104 0.367795 0.093414
v -0.093292 0.504277 -0.023828
v -0.038989 0.541055 -0.034205
v 0.021165 0.544816 0.001233
v 0.102694 0.550100 0.019508
v 0.106541 0.404027 -0.100796
v 0.032047 0.260587 0.130908
v 0.087094 0.483236 -0.038318
v 0.152107 0.532345 -0.027784
v 0.082045 0.493063 -0.006962
v -0.049731 0.501600 -0.063845
v 0.597431 0.552025 0.119165
v -0.105771 0.291196 -0.037441
v -0.104548 0.325199 -0.039634
v -0.095245 0.359065 0.052346
v 0.285376 0.391445 0.062849
v 0.358927 0.390958 0.057838
v 0.269991 0.406228 0.018451
v -0.066168 0.288204 0.107738
v -0.027806 0.287527 0.106725
v 0.614372 0.570899 0.028946
v 0.597595 0.521466 0.039750
v 0.571675 0.552382 0.045771
v 0.188500 0.566159 -0.091104
v 0.467562 0.375190 -0.222358
v 0.468278 0.411542 0.091611
v 0.501846 0.437547 0.138419
v 0.550297 0.549618 0.089298
v 0.504445 0.586465 -0.165723
v 0.489144 0.644295 -0.083035
v 0.498917 0.369678 0.228709
v -0.009080 0.271456 0.123988
v 0.010698 0.349481 0.115016
v -0.057901 0.318211 -0.060782
v 0.151716 0.394231 -0.101274
v 0.324411 0.402131 0.006496
v -0.128385 0.329769 -0.026783
v -0.042061 0.519509 0.012197
v 0.556061 0.592110 -0.181984
v 0.609282 0.636078 -0.143782
v 0.544728 0.515854 0.036684
v 0.542668 0.504609 -0.082305
v -0.105691 0.442121 0.055220
v 0.356407 0.557389 -0.110864
v 0.430292 0.405474 0.031864
v 0.438677 0.437025 0.029230
v -0.063648 0.343365 0.082332
v 0.260555 0.599230 -0.102903
v 0.401054 0.680701 0.002375
v 0.197085 0.352799 0.104616
v 0.459768 0.493786 0.208407
v 0.316251 0.363770 -0.189273
v 0.284466 0.387652 -0.156543
v -0.000624 0.338068 0.092836
v -0.035380 0.351593 0.082700
v 0.524348 0.410910 0.181798
v 0.590170 0.464357 0.153027
v 0.402505 0.377100 0.111878
v 0.076938 0.235119 -0.058944
v 0.046201 0.285638 -0.079909
v 0.513132 0.344311 -0.233582
v 0.605316 0.496574 -0.067972
v 0.024213 0.508654 -0.086739
v 0.471555 0.457688 -0.125202
v 0.144773 0.381485 0.064442
v 0.543610 0.440112 -0.122544
v 0.117024 0.520304 -0.078645
v -0.130868 0.336634 -0.019573
v 0.036618 0.359484 0.079747
v -0.050460 0.487243 -0.049859
v 0.010641 0.473424 -0.014359
v 0.321505 0.514242 -0.102623
v 0.295110 0.498678 -0.121182
v -0.060822 0.495066 0.003121
v 0.198531 0.603749 -0.061382
v 0.542295 0.487201 0.126355
v 0.436547 0.702160 -0.055186
v 0.163300 0.522591 -0.055830
v 0.176505 0.389528 0.030836
v 0.279080 0.450932 0.006446
v -0.033825 0.227863 -0.046169
v -0.052973 0.241395 -0.061744
v -0.149363 0.346931 0.004066
v 0.570202 0.478521 0.010377
v 0.294487 0.574481 -0.036702
v 0.506010 0.376256 -0.131098
v 0.533801 0.355241 -0.199335
v 0.586684 0.425876 -0.009696
v 0.621261 0.452418 -0.193888
v -0.121954 0.278382 -0.003780
v -0.013361 0.390666 -0.034321
v 0.581492 0.658985 -0.106652
v 0.414124 0.597091 -0.037102
v 0.139214 0.215643 -0.057097
v 0.029180 0.227333 -0.071022
v 0.405338 0.382148 0.008714
v 0.064573 0.357801 0.118653
v 0.516461 0.416448 0.212058
v 0.605759 0.402924 0.218931
v 0.561409 0.412163 0.213870
v 0.606342 0.407882 0.215680
v 0.515861 0.411558 0.215295
v 0.606898 0.411430 0.210388
v 0.519195 0.416632 0.200444
v 0.524467 0.336248 -0.176335
v 0.614189 0.322566 -0.183204
v 0.613671 0.316674 -0.184261
v 0.523927 0.326422 -0.188785
v 0.538612 0.335170 -0.182934
v 0.418750 0.436002 0.028906
v 0.453329 0.447781 -0.012189
v 0.449296 0.452208 0.009308
v 0.411692 0.451556 0.014697
v 0.402430 0.446796 -0.005347
v 0.440997 0.444041 -0.026826
v 0.414833 0.442636 -0.027517
vn 0.3872 0.8773 -0.2835
vn 0.1763 0.8249 0.5371
vn -0.3686 -0.2028 -0.9072
vn -0.1615 0.2740 0.9481
vn -0.1244 0.5581 -0.8204
vn 0.3007 0.2960 0.9066
vn 0.0926 -0.2000 -0.9754
vn 0.5187 0.0914 0.8501
vn -0.2009 -0.9230 0.3281
vn -0.4619 0.6736 0.5770
vn -0.4222 0.0140 0.9064
vn -0.4056 0.7453 0.5291
vn -0.0789 0.2064 0.9753
vn 0.1937 0.9185 0.3448
vn 0.6509 0.2580 0.7140
vn 0.2530 -0.8862 -0.3881
vn 0.7001 0.3799 0.6046
vn -0.4068 -0.0862 0.9094
vn -0.2682 0.9016 -0.3395
vn -0.3203 0.9452 -0.0627
vn 0.0830 -0.5894 -0.8036
vn -0.3371 0.8037 -0.4903
vn -0.3325 -0.3808 -0.8628
vn -0.2558 -0.3590 -0.8976
vn -0.6718 0.5207 0.5268
vn 0.8194 0.5732 -0.0076
vn 0.1524 0.1619 -0.9750
vn 0.1451 0.4038 0.9033
vn -0.1772 -0.5581 -0.8106
vn -0.6598 -0.2475 -0.7096
vn -0.0925 0.2040 -0.9746
vn 0.2396 -0.5276 -0.8150
vn 0.9283 0.3717 -0.0005
vn 0.1742 0.9847 0.0096
vn 0.4688 -0.0401 0.8824
vn -0.4756 0.5288 0.7029
vn 0.5663 0.1801 0.8043
vn 0.7150 -0.1008 0.6918
vn 0.3501 0.6115 0.7096
vn 0.1168 -0.9856 -0.1225
vn -0.0245 -0.0360 -0.9991
vn 0.6256 0.5225 0.5793
vn -0.7480 0.0262 -0.6632
vn -0.0222 -0.6822 -0.7308
vn -0.4714 0.6170 0.6302
vn -0.5698 -0.3090 -0.7615
vn 0.8125 0.3256 0.4835
vn 0.6052 0.2291 -0.7624
vn 0.8027 0.5129 0.3044
vn 0.1131 -0.1326 -0.9847
vn -0.3839 0.2624 -0.8853
vn -0.1627 0.9571 0.2399
vn 0.1919 -0.1135 -0.9748
vn -0.5134 0.3861 -0.7664
vn -0.1570 -0.9345 -0.3194
vn -0.2482 0.0155 0.9686
vn -0.2483 -0.5645 0.7872
vn -0.3105 0.1934 -0.9307
vn 0.3903 -0.9099 -0.1406
vn -0.1480 -0.8389 -0.5238
vn 0.4796 -0.0054 0.8775
vn 0.1141 -0.0951 -0.9889
vn -0.4604 0.4345 -0.7741
vn -0.4258 -0.3080 0.8508
vn -0.6131 0.6071 -0.5055
vn -0.2573 0.8769 -0.4061
vn 0.4954 0.8079 0.3190
vn 0.4530 0.5198 -0.7243
vn 0.1106 -0.1515 -0.9823
vn 0.0168 -0.5893 -0.8077
vn -0.0627 0.5351 0.8425
vn -0.3772 0.7802 0.4990
vn 0.1858 0.9654 0.1830
vn -0.2609 -0.3512 -0.8992
vn -0.3305 0.1797 -0.9265
vn -0.8685 -0.1050 0.4844
vn -0.0625 0.1838 0.9810
vn 0.7004 -0.0938 -0.7076
vn -0.4552 0.8289 0.3252
vn 0.8981 -0.0509 0.4367
vn 0.7772 -0.3578 -0.5177
vn 0.1018 0.9501 -0.2950
vn 0.3051 -0.1027 -0.9468
vn 0.1776 -0.9745 0.1373
vn 0.4755 0.4629 0.7481
vn 0.3665 0.4577 0.8100
vn -0.1549 0.0885 0.9840
vn -0.1990 -0.0411 0.9791
vn 0.0690 -0.5626 -0.8238
vn -0.5251 0.3909 -0.7559
vn 0.0297 -0.2748 0.9610
vn 0.3831 -0.8635 0.3282
vn -0.4274 0.8975 -0.1089
vn -0.6168 0.5740 -0.5386
vn 0.4742 -0.8800 0.0285
vn 0.6372 0.3907 0.6644
vn 0.9955 0.0907 0.0278
vn 0.5079 0.1260 0.8522
vn 0.6423 0.4127 0.6459
vn -0.7257 0.2645 -0.6352
vn 0.4227 0.0442 0.9052
vn 0.1234 -0.1457 -0.9816
vn 0.3980 -0.6536 0.6438
vn 0.0965 0.4066 0.9085
vn -0.8250 -0.1548 -0.5436
vn 0.1080 0.7221 0.6833
vn -0.3638 -0.6275 -0.6884
vn -0.1385 -0.1006 0.9852
vn 0.4218 0.0683 -0.9041
vn -0.9941 -0.0862 -0.0661
vn -0.3594 -0.2455 -0.9003
vn -0.0978 0.1929 0.9763
vn 0.5966 0.3713 -0.7115
vn -0.2607 0.2800 0.9239
vn -0.0123 0.4199 0.9075
vn -0.5874 -0.3553 -0.7271
vn 0.4057 0.0846 -0.9101
vn -0.3874 -0.3950 -0.8330
vn -0.3465 0.5970 -0.7236
vn 0.4182 -0.0783 -0.9050
vn -0.9981 -0.0612 0.0118
vn -0.9351 0.0325 0.3528
vn 0.4589 -0.3734 -0.8062
vn 0.1308 -0.5295 -0.8381
vn 0.3088 0.0462 0.9500
vn 0.1300 0.9733 0.1892
vn -0.4546 0.8392 0.2986
vn 0.6506 0.3939 0.6493
vn -0.4605 -0.6911 -0.5571
vn -0.4947 -0.2741 -0.8247
vn 0.0553 0.6259 0.7780
vn -0.4714 -0.8764 0.0990
vn -0.3021 -0.3209 -0.8976
vn -0.4241 0.3600 0.8310
vn -0.5323 0.6051 0.5920
vn -0.7462 0.1750 -0.6423
vn -0.0272 0.4662 -0.8843
vn -0.2343 0.0066 -0.9721
vn -0.8130 0.5823 -0.0048
vn -0.7511 0.1586 -0.6409
vn -0.6057 -0.0000 -0.7957
vn 0.0156 -0.9996 -0.0214
vn 0.0970 -0.8802 0.4645
vn 0.3613 0.1473 0.9207
vn 0.1519 0.8163 -0.5573
vn -0.3081 0.6278 0.7148
vn -0.0395 0.1087 0.9933
vn -0.7875 0.4827 -0.3832
vn -0.0522 0.9426 0.3297
vn -0.3609 0.7588 0.5421
vn 0.3149 -0.4989 -0.8074
vn -0.9932 -0.0295 -0.1126
vn 0.4679 -0.0388 0.8829
vn 0.3549 -0.7294 -0.5848
vn -0.1355 0.3901 0.9108
vn 0.5575 0.5265 -0.6418
vn -0.1478 0.9707 -0.1894
vn 0.8887 0.1205 0.4423
vn -0.3447 -0.2980 -0.8902
vn -0.1632 0.2168 0.9625
vn 0.5727 -0.5045 -0.6461
vn 0.3454 -0.8710 0.3494
vn 0.0603 0.0861 0.9945
vn -0.3912 0.9007 0.1888
vn 0.4084 0.3083 0.8591
vn -0.0184 -0.4745 -0.8801
vn 0.2365 0.7087 0.6648
vn 0.0620 0.2141 -0.9748
vn -0.3796 -0.1672 -0.9099
vn -0.5369 -0.1412 -0.8318
vn 0.1411 0.6273 0.7659
vn -0.0594 0.1495 0.9870
vn -0.5048 0.4274 -0.7500
vn -0.2033 -0.1034 0.9737
vn -0.1665 0.0254 -0.9857
vn -0.4676 0.1254 -0.8750
vn -0.3089 0.2321 0.9224
vn -0.2655 -0.5403 -0.7985
vn -0.4891 -0.0420 0.8712
vn -0.5889 -0.5173 -0.6210
vn -0.0867 -0.1703 -0.9816
vn -0.2204 -0.5452 -0.8088
vn -0.4484 -0.3789 -0.8095
vn 0.4243 -0.4676 -0.7755
vn 0.1068 -0.9760 -0.1900
vn -0.8857 -0.0069 0.4642
vn 0.1659 0.4603 0.8721
vn -0.7966 -0.0293 -0.6038
vn 0.0362 0.7052 0.7081
vn -0.0468 0.3480 -0.9363
vn 0.2180 -0.0437 -0.9750
vn -0.1852 0.9806 0.0648
vn -0.5914 0.7928 -0.1470
vn -0.3457 0.6742 0.6527
vn -0.1785 0.9729 -0.1470
vn -0.1312 0.8556 -0.5008
vn 0.9897 -0.1423 0.0159
vn 0.1013 0.3370 0.9361
vn -0.2150 -0.9634 -0.1600
vn 0.6485 0.7446 -0.1582
vn -0.5065 -0.3520 -0.7871
vn 0.1553 0.6635 0.7319
vn -0.4036 -0.6357 -0.6580
vn -0.2138 -0.7270 -0.6525
vn 0.5036 -0.0378 0.8631
vn 0.7626 0.3596 0.5377
vn 0.0783 0.3967 -0.9146
vn -0.7004 0.2647 0.6628
vn -0.8508 -0.1207 -0.5115
vn -0.3406 -0.4416 0.8300
vn -0.3931 0.9034 0.1715
vn -0.2582 0.1281 0.9576
vn 0.4601 -0.3545 -0.8140
vn 0.4969 0.7136 -0.4938
vn 0.2313 0.0529 0.9715
vn -0.2299 0.2899 0.9290
vn 0.3141 -0.9203 -0.2333
vn -0.3746 -0.4036 -0.8347
vn -0.3951 -0.5219 -0.7560
vn -0.2517 -0.0815 0.9644
vn -0.0975 0.9940 -0.0505
vn -0.1062 -0.0973 -0.9896
vn -0.3847 0.3778 -0.8422
vn 0.4561 -0.6996 0.5500
vn -0.0683 0.6931 0.7176
vn -0.2889 -0.3099 -0.9058
vn 0.5444 -0.8319 0.1074
vn -0.5068 -0.2722 -0.8180
vn 0.3501 -0.3981 -0.8479
vn 0.2474 0.0616 -0.9669
vn 0.3578 0.2214 0.9072
vn 0.1860 -0.2810 -0.9415
vn -0.3752 -0.0207 -0.9267
vn -0.0528 0.0482 0.9974
vn -0.0663 -0.1051 0.9923
vn 0.4504 -0.2595 0.8543
vn -0.1615 0.0914 0.9826
vn 0.1754 -0.2998 -0.9377
vn -0.0632 0.0849 0.9944
vn 0.4869 0.2217 0.8448
vn 0.1837 0.6200 0.7628
vn -0.1043 0.2751 -0.9557
vn -0.4400 0.6283 -0.6416
vn 0.4010 -0.1612 -0.9018
vn -0.4330 -0.8789 0.1999
vn 0.3560 0.6794 0.6416
vn -0.1558 0.5970 -0.7870
vn 0.2125 -0.9295 0.3015
vn 0.0284 0.1874 0.9819
vn -0.1513 -0.2036 -0.9673
vn -0.3830 -0.1775 -0.9065
vn 0.2530 -0.3435 -0.9044
vn 0.1711 0.3411 0.9243
vn 0.2744 -0.8310 0.4839
vn 0.3094 0.1226 0.9430
vn 0.1013 -0.3443 -0.9334
vn 0.4023 -0.4637 0.7894
vn 0.2837 -0.8481 -0.4474
vn -0.3202 0.1715 0.9317
vn 0.4700 0.8806 -0.0607
vn -0.5787 -0.0599 -0.8134
vn 0.2405 -0.3154 -0.9180
vn 0.3529 0.0364 0.9349
vn 0.0779 -0.4158 -0.9061
vn 0.0438 0.6175 0.7853
vn 0.3243 -0.5959 -0.7347
vn -0.7887 0.0698 -0.6107
vn -0.8139 0.2237 0.5362
vn 0.4196 -0.6925 0.5868
vn -0.4316 0.3484 0.8321
vn -0.4510 0.0067 -0.8925
vn 0.4814 -0.1669 0.8605
vn -0.6490 0.4178 -0.6358
vn -0.2081 -0.3693 -0.9057
vn 0.4161 0.4554 0.7871
vn -0.2616 0.9440 0.2011
vn 0.4588 0.7158 -0.5264
vn -0.1808 0.5204 0.8346
vn -0.3756 -0.2551 -0.8910
vn -0.6128 -0.7889 -0.0458
vn -0.6680 0.1342 -0.7320
vn 0.6137 0.0322 0.7889
vn 0.3876 0.9192 0.0698
vn 0.8272 -0.0211 0.5615
vn 0.7273 0.0503 -0.6845
vn -0.2404 0.8823 -0.4048
vn -0.1238 -0.3489 -0.9289
vn 0.0221 -0.4609 -0.8872
vn 0.9143 0.3903 -0.1085
vn -0.0531 0.4385 0.8972
vn -0.4654 0.7022 0.5388
vn -0.4916 -0.1588 -0.8562
vn -0.1431 0.1173 0.9827
vn 0.3183 -0.9304 -0.1818
vn 0.3040 -0.9406 0.1514
vn 0.1262 -0.1574 -0.9794
vn 0.6276 0.0497 0.7770
vn -0.9565 0.0930 0.2765
vn 0.0750 -0.0529 -0.9958
vn 0.0065 0.9945 0.1048
vn -0.2419 0.2549 0.9362
vn -0.7364 0.4576 -0.4983
vn -0.7438 -0.3493 0.5699
vn -0.0252 -0.4459 0.8947
vn 0.3146 -0.2163 -0.9242
vn -0.6371 0.6212 -0.4562
vn -0.6516 -0.2600 -0.7126
vn -0.3635 -0.1435 -0.9205
vn -0.4886 0.8092 -0.3263
vn 0.1341 0.4393 0.8883
vn -0.4711 0.6076 0.6395
vn -0.9780 0.0590 0.2001
vn -0.4472 -0.7019 -0.5543
vn 0.2680 0.7791 0.5668
vn -0.1796 0.2991 0.9372
vn 0.1926 -0.1479 -0.9701
vn -0.2379 0.7315 0.6391
vn -0.3439 -0.3531 -0.8701
vn 0.1418 0.4660 0.8734
vn -0.0616 -0.0010 -0.9981
vn 0.3282 0.3113 0.8918
vn 0.1903 -0.1173 -0.9747
vn 0.3091 0.5045 0.8062
vn -0.5281 0.5972 0.6036
vn 0.0005 -0.0108 -0.9999
vn -0.3794 -0.2752 -0.8834
vn 0.1558 0.2878 0.9449
vn -0.5120 0.6784 -0.5268
vn -0.2919 -0.3953 -0.8709
vn -0.1657 0.9843 -0.0613
vn 0.2649 0.0800 0.9610
vn 0.2418 -0.1069 -0.9644
vn -0.0341 -0.1542 -0.9875
vn 0.1889 -0.1147 -0.9753
vn 0.0817 0.9122 0.4015
vn -0.1095 -0.0177 0.9938
vn -0.3892 -0.8976 -0.2067
vn 0.1476 0.4765 0.8667
vn -0.7493 0.5782 0.3228
vn -0.2554 0.5686 0.7820
vn 0.2730 -0.2785 -0.9208
vn 0.4486 -0.0742 -0.8906
vn 0.5115 -0.3146 -0.7996
vn -0.1268 0.1218 -0.9844
vn 0.4076 0.3661 0.8366
vn 0.1751 -0.2442 -0.9538
vn -0.0425 0.3467 -0.9370
vn -0.5943 0.2460 -0.7657
vn 0.0522 -0.9391 0.3397
vn -0.1158 -0.0364 0.9926
vn 0.5108 -0.4983 -0.7005
vn -0.0187 0.1238 -0.9921
vn 0.6576 0.2417 0.7136
vn 0.1665 0.7415 0.6500
vn -0.4677 0.8242 -0.3192
vn -0.0692 -0.2884 0.9550
vn 0.3601 -0.0314 -0.9324
vn -0.6484 0.3413 -0.6805
vn -0.2937 0.2285 0.9282
vn -0.8043 0.5942 -0.0047
vn -0.2287 0.9077 -0.3519
vn -0.5476 -0.3541 -0.7582
vn -0.2077 -0.2742 -0.9390
vn -0.6057 -0.6917 -0.3934
vn 0.1770 -0.3783 -0.9086
vn -0.0284 -0.4574 0.8888
vn 0.0746 -0.9281 -0.3648
vn -0.7094 -0.2031 -0.6749
vn 0.8049 0.3345 -0.4902
vn 0.3268 -0.2900 -0.8995
vn -0.2197 -0.0558 -0.9740
vn 0.4490 0.0186 0.8933
vn 0.6042 0.0536 0.7951
vn 0.1358 0.9744 0.1792
vn -0.0310 0.0476 0.9984
vn 0.2592 -0.9514 0.1661
vn 0.1500 -0.3702 -0.9168
vn -0.4325 0.4964 0.7527
vn -0.1731 0.0946 0.9803
vn -0.9486 0.1362 0.2856
vn -0.0432 0.5101 0.8590
vn 0.1666 0.7433 0.6479
vn -0.4436 0.0066 -0.8962
vn 0.3172 -0.3247 -0.8911
vn 0.4120 -0.7987 0.4386
vn -0.4571 0.1441 0.8776
vn -0.2325 0.0808 -0.9692
vn 0.4596 0.5890 -0.6647
vn 0.5269 0.0722 -0.8468
vn 0.4675 0.2353 0.8521
vn -0.0929 0.6170 -0.7815
vn -0.0980 0.1634 0.9817
vn 0.7754 0.3669 -0.5140
vn 0.1640 0.7998 -0.5774
vn 0.1421 0.9708 0.1931
vn 0.0153 -0.0087 0.9998
vn -0.1708 0.6033 -0.7790
vn 0.3506 0.3447 0.8708
vn -0.8742 -0.4309 0.2238
vn 0.7964 0.5323 0.2871
vn -0.6487 0.0013 -0.7611
vn -0.4618 0.3380 0.8201
vn -0.0385 -0.1975 0.9795
vn 0.5882 0.1729 0.7900
vn 0.1760 -0.1536 -0.9723
vn 0.4181 0.2124 -0.8832
vn -0.4088 0.5317 -0.7418
vn 0.1077 -0.9941 -0.0147
vn 0.2834 0.2325 0.9304
vn -0.5258 -0.6912 -0.4957
vn -0.6574 0.7529 0.0314
vn -0.0651 0.8917 0.4480
vn 0.3273 -0.2439 -0.9129
vn -0.1019 -0.0405 0.9940
vn -0.5004 -0.5133 0.6973
vn -0.2090 -0.7137 -0.6685
vn -0.3433 0.1400 0.9287
vn -0.2036 -0.3920 -0.8972
vn -0.0265 -0.3123 0.9496
vn -0.3862 -0.3494 -0.8536
vn -0.3846 -0.3439 -0.8566
vn -0.6154 0.4024 0.6778
vn 0.3312 -0.8464 0.4170
vn 0.6155 0.0513 0.7865
vn 0.9212 0.2790 -0.2713
vn 0.1898 -0.3732 -0.9081
vn 0.0361 0.2797 -0.9594
vn -0.0201 0.5155 0.8567
vn 0.1889 -0.1098 0.9758
vn 0.1668 -0.1298 0.9774
vn 0.0119 -0.5937 -0.8046
vn -0.1280 0.2496 -0.9598
vn 0.0312 -0.2770 -0.9604
vn -0.4562 0.1427 0.8784
vn 0.5563 -0.4604 -0.6918
vn -0.2247 0.3054 0.9254
vn -0.1796 0.2271 0.9571
vn -0.5634 0.8237 -0.0645
vn -0.4571 0.7842 -0.4197
vn 0.4088 -0.0987 0.9073
vn -0.3412 0.0996 -0.9347
vn -0.1135 0.1147 -0.9869
vn 0.1165 -0.1359 -0.9838
vn -0.2595 -0.5641 -0.7839
vn 0.1394 0.7709 -0.6215
vn 0.4298 0.1275 0.8939
vn 0.2461 -0.9218 0.2996
vn 0.4935 0.3438 0.7989
vn 0.7123 -0.1316 -0.6894
vn -0.1137 0.1601 -0.9805
vn -0.2864 -0.4173 -0.8625
vn 0.5362 -0.8430 -0.0430
vn 0.3926 0.5879 0.7072
vn 0.3348 0.1406 0.9318
vn 0.1286 -0.4419 -0.8878
vn 0.0482 -0.1631 0.9854
vn 0.4392 0.2873 0.8512
vn 0.3629 -0.2606 0.8947
vn 0.8197 0.2274 0.5257
vn 0.3680 0.3525 0.8604
vn -0.2520 -0.8921 -0.3750
vn -0.1881 -0.7225 0.6652
vn -0.5474 0.6905 0.4728
vn 0.1442 0.4702 0.8707
vn -0.0827 -0.0439 -0.9956
vn -0.2766 -0.2133 -0.9370
vn -0.4144 0.9093 0.0386
vn 0.0043 0.8117 0.5841
vn 0.3254 0.2745 0.9049
vn -0.4480 0.7988 -0.4015
vn 0.4449 -0.8946 -0.0420
vn -0.0794 0.9738 -0.2129
vn -0.0866 0.9624 -0.2576
vn -0.0618 0.9823 -0.1770
vn 0.9962 0.0429 -0.0754
vn -0.0754 0.9504 -0.3017
vn -0.9325 -0.1077 0.3447
vn -0.9897 -0.1388 0.0344
vn 0.0887 -0.3582 0.9294
vn 0.0807 -0.3426 0.9360
vn -0.0865 -0.7617 -0.6422
vn -0.0913 -0.7565 -0.6476
vn 0.9886 -0.0445 -0.1440
vn 0.5619 -0.7791 -0.2780
vn -0.1192 -0.7325 -0.6702
vn 0.5836 -0.2828 -0.7612
vn 0.6376 -0.5725 0.5154
vn 0.7916 -0.4943 0.3593
vn 0.8102 -0.5780 0.0969
vn 0.7667 -0.6388 0.0640
vn 0.7746 -0.6277 0.0775
vn 0.7685 -0.6354 0.0753
vn 0.7688 -0.6350 0.0757
vn 0.7794 -0.6075 0.1533
vn 0.7670 -0.6381 0.0681
vn 0.7696 -0.6344 0.0726
vn 0.7687 -0.6351 0.0757
vn 0.7685 -0.6361 0.0694
vn 0.7700 -0.6337 0.0741
vn 0.3406 0.5753 0.7437
vn -0.4777 -0.5548 -0.6812
vn -0.0687 -0.9684 0.2396
vn -0.1460 -0.9867 -0.0708
vn 0.2666 -0.3511 0.8976
vn -0.0969 -0.5439 0.8336
vn 0.6129 -0.2220 0.7583
vn -0.0777 -0.8109 -0.5799
vn 0.6804 -0.4961 -0.5394
vn -0.8395 0.2607 0.4767
vn -0.1855 0.9134 0.3623
vn -0.3813 0.4188 0.8241
vn 0.5938 -0.7509 -0.2890
vn -0.2570 0.1082 -0.9603
vn -0.2071 0.3071 0.9289
vn -0.8312 -0.0193 -0.5556
vn -0.8583 0.1431 0.4929
vn -0.3979 -0.3825 0.8339
vn 0.8527 0.5141 -0.0934
vn 0.4491 0.3162 0.8357
vn 0.0315 0.6295 -0.7763
vn 0.0137 0.5219 0.8529
vn 0.3606 0.9182 -0.1640
vn -0.4261 -0.8590 0.2837
vn -0.3497 -0.9269 0.1363
vn 0.2869 -0.8622 -0.4175
vn -0.1755 -0.9842 0.0233
vn 0.5457 0.1874 -0.8168
vn 0.6389 0.3597 0.6800
vn 0.2305 -0.7393 -0.6327
vn 0.0787 0.1724 -0.9819
vn 0.2130 -0.9765 0.0337
vn -0.3808 -0.5413 -0.7497
vn 0.4251 -0.1264 0.8963
vn 0.2567 -0.4916 0.8321
vn 0.2392 -0.4390 0.8661
vn -0.3335 -0.6933 -0.6388
vn -0.1109 -0.2229 0.9685
vn -0.4332 0.7402 -0.5142
vn -0.2622 0.9487 0.1764
vn -0.7980 0.3152 -0.5137
vn 0.1637 -0.6436 0.7477
vn 0.3264 -0.3271 0.8868
vn 0.4021 0.9133 0.0655
vn -0.2868 0.6399 0.7129
vn 0.2102 0.4688 -0.8579
vn -0.9964 0.0796 0.0295
vn -0.6115 0.7174 0.3338
vn -0.5396 -0.7252 0.4277
vn 0.9119 0.0795 -0.4027
vn 0.1470 -0.9844 0.0966
vn 0.0149 0.9837 0.1792
vn 0.8527 0.5136 -0.0952
vn -0.8328 -0.4918 0.2540
vn -0.5157 0.6158 0.5957
vn 0.3970 0.9170 -0.0385
vn 0.2223 -0.3792 -0.8982
vn -0.4749 0.8331 -0.2835
vn 0.5942 -0.7075 -0.3825
vn -0.5150 0.8570 0.0155
vn -0.0231 -0.2134 -0.9767
vn -0.0054 0.0624 -0.9980
vn -0.1083 -0.9251 0.3640
vn -0.8811 -0.1515 0.4480
vn -0.9316 -0.2452 -0.2683
vn -0.0902 0.8242 -0.5591
vn -0.9119 0.3532 0.2090
vn 0.2857 0.9204 0.2669
vn 0.3342 0.5739 -0.7476
vn -0.9964 0.0608 -0.0585
vn -0.4153 0.8736 0.2537
vn -0.3691 0.9293 0.0154
vn 0.2263 -0.3432 0.9116
vn -0.6777 0.3184 0.6628
vn -0.4755 0.8704 0.1274
vn -0.5381 -0.0851 0.8385
vn 0.0591 -0.9490 -0.3096
vn -0.2721 0.8108 0.5183
vn -0.1801 0.9202 0.3477
vn -0.0255 -0.8269 -0.5617
vn 0.0591 0.6350 0.7703
vn -0.9833 -0.1332 0.1241
vn -0.9385 -0.2738 0.2102
vn 0.9432 0.2098 -0.2574
vn -0.0082 -0.0627 0.9980
vn -0.6549 -0.7469 0.1149
vn -0.1167 0.6294 -0.7683
vn -0.3965 0.5860 -0.7067
vn -0.2003 0.3733 0.9058
vn -0.5751 -0.7466 -0.3344
vn 0.1950 -0.5586 -0.8062
vn -0.4220 0.7399 -0.5239
vn -0.5851 -0.8037 0.1082
vn -0.1753 -0.8713 0.4583
vn -0.8106 0.2342 -0.5367
vn 0.1570 -0.0089 0.9876
vn -0.5601 -0.7154 0.4178
vn -0.0184 0.9943 0.1048
vn 0.1914 0.7249 -0.6617
vn 0.5271 0.8262 -0.1990
vn -0.0475 0.4239 0.9045
vn 0.9425 -0.1512 0.2981
vn 0.9243 -0.1146 -0.3640
vn -0.5087 0.8472 -0.1530
vn 0.5409 0.1821 -0.8211
vn -0.5395 -0.0845 0.8377
vn 0.4136 -0.6276 -0.6596
vn 0.0563 -0.8879 -0.4565
vn 0.0566 -0.6803 0.7307
vn -0.2080 0.9199 -0.3325
vn -0.3586 0.9315 -0.0614
vn -0.1330 0.5286 0.8384
vn 0.5181 -0.1364 0.8444
vn 0.9459 -0.2625 0.1909
vn -0.7293 -0.0370 0.6832
vn 0.2944 0.9265 0.2342
vn 0.9610 -0.0588 0.2700
vn 0.9758 -0.1291 -0.1765
vn 0.8524 0.5145 -0.0931
vn 0.0543 -0.2599 0.9641
vn 0.2079 -0.8991 -0.3853
vn 0.2669 -0.8125 0.5183
vn 0.0155 0.4947 0.8689
vn -0.0975 0.5778 0.8103
vn -0.0735 -0.8015 0.5934
vn -0.4114 0.0223 0.9112
vn 0.1674 0.8581 0.4855
vn 0.0542 -0.9145 0.4009
vn 0.1410 -0.3678 0.9191
vn -0.5045 -0.5854 -0.6346
vn -0.2572 -0.0682 -0.9640
vn -0.6900 -0.2683 0.6723
vn 0.8636 0.5040 0.0126
vn -0.9900 0.1179 0.0774
vn -0.0704 0.9848 0.1586
vn 0.0823 0.7700 0.6327
vn 0.7524 -0.6513 0.0984
vn 0.2836 -0.6220 0.7299
vn -0.1302 -0.3830 0.9145
vn -0.5799 0.3391 0.7408
vn -0.4943 0.5149 0.7004
vn 0.2366 0.9561 -0.1729
vn 0.1431 -0.3521 -0.9250
vn 0.7725 -0.0983 -0.6274
vn -0.6691 -0.7143 -0.2051
vn 0.4592 0.7969 -0.3925
vn 0.3749 -0.8417 0.3886
vn 0.3951 -0.7933 -0.4633
vn 0.7930 -0.0287 0.6086
vn 0.4467 0.8494 -0.2811
vn 0.3670 0.9302 -0.0043
vn 0.2436 0.3291 -0.9123
vn 0.9074 0.0521 0.4171
vn 0.0756 -0.0693 -0.9947
vn -0.8095 -0.3740 0.4527
vn -0.4329 0.2859 0.8549
vn 0.1739 -0.5103 0.8423
vn 0.1320 -0.8877 0.4411
vn -0.5210 0.4785 -0.7068
vn -0.1336 0.1581 -0.9784
vn -0.4727 0.8472 -0.2426
vn -0.6196 -0.3571 -0.6990
vn -0.4955 0.2373 -0.8356
vn 0.0272 -0.2451 -0.9691
vn 0.3380 0.9362 0.0960
vn -0.2784 0.3699 -0.8864
vn 0.8260 -0.5210 -0.2150
vn -0.7299 0.0205 0.6832
vn -0.9563 0.2910 -0.0279
vn -0.9634 0.1643 0.2117
vn 0.2371 -0.3936 0.8882
vn -0.1437 -0.8068 0.5731
vn -0.1352 -0.0730 -0.9881
vn 0.2201 0.4741 -0.8525
vn 0.1426 0.9875 0.0675
vn 0.6378 0.3608 0.6805
vn 0.0800 0.0868 -0.9930
vn -0.3139 -0.5185 0.7954
vn 0.8638 0.4939 -0.0997
vn -0.4371 -0.7278 -0.5285
vn 0.6556 -0.7153 -0.2418
vn -0.1176 0.9339 -0.3376
vn 0.3829 -0.9124 0.1443
vn 0.8526 0.5141 -0.0935
vn -0.2130 0.2299 -0.9496
vn 0.0174 -0.3483 -0.9372
vn -0.2062 -0.4825 0.8513
vn 0.3821 -0.4392 0.8130
vn -0.7196 -0.3086 -0.6220
vn 0.5992 0.5437 -0.5877
vn -0.5215 0.7571 0.3934
vn 0.3036 -0.0718 -0.9501
vn -0.0708 0.5300 0.8450
vn -0.3989 -0.1022 0.9113
vn 0.4165 0.0442 0.9081
vn -0.5427 0.7400 -0.3973
vn -0.4802 0.2703 0.8345
vn -0.3635 -0.2110 -0.9074
vn -0.4090 0.2073 0.8887
vn -0.2181 -0.9660 -0.1389
vn -0.4189 0.8903 0.1786
vn -0.4126 0.1064 0.9047
vn -0.1059 -0.8139 0.5713
vn -0.3680 0.5284 -0.7651
vn -0.3706 0.4918 -0.7879
vn -0.8273 -0.5613 0.0232
vn -0.0589 -0.5378 0.8410
vn 0.4467 -0.2392 0.8621
vn -0.8115 -0.0798 0.5789
vn 0.1148 -0.9688 0.2195
vn -0.5529 0.3015 0.7768
vn 0.3054 -0.8295 0.4677
vn -0.3692 0.4797 0.7960
vn -0.1708 0.1833 -0.9681
vn -0.4267 0.5636 0.7073
vn 0.3351 0.6134 0.7151
vn -0.1112 -0.9937 0.0157
vn -0.1208 -0.9491 -0.2909
vn 0.4656 -0.1692 -0.8687
vn 0.7711 -0.5248 0.3605
vn -0.1861 0.9825 -0.0010
vn -0.4080 0.8927 -0.1916
vn -0.6213 -0.6339 -0.4607
vn 0.1779 -0.8058 -0.5649
vn 0.4201 -0.3676 0.8297
vn 0.1101 0.3274 0.9384
vn 0.7856 0.1055 0.6096
vn -0.2566 0.5860 0.7686
vn -0.6638 -0.7479 -0.0078
vn 0.1079 -0.7936 0.5988
vn -0.3157 0.6874 0.6540
vn 0.8060 -0.5889 -0.0594
vn 0.0060 0.9844 -0.1759
vn -0.5718 -0.1270 -0.8105
vn 0.8570 0.1028 0.5049
vn -0.4025 -0.8309 0.3841
vn 0.5253 -0.8052 0.2752
vn 0.8532 0.5132 -0.0930
vn -0.5528 0.4487 0.7022
vn -0.2281 0.6855 -0.6914
vn -0.1839 -0.2588 -0.9483
vn -0.2750 0.1504 0.9496
vn -0.0728 0.4848 0.8716
vn -0.2461 -0.9573 0.1518
vn 0.3742 -0.8426 0.3873
vn -0.7563 0.5685 0.3238
vn 0.0689 -0.7940 0.6041
vn 0.9732 -0.0526 -0.2239
vn -0.3823 0.7258 0.5719
vn 0.3905 0.0671 0.9182
vn -0.6091 0.5940 -0.5256
vn 0.7751 -0.0267 0.6313
vn -0.0255 -0.1773 0.9838
vn 0.0809 -0.5756 -0.8137
vn -0.6442 0.7483 0.1582
vn -0.5105 0.7941 -0.3299
vn 0.3480 0.0169 0.9373
vn 0.2837 -0.4374 -0.8534
vn 0.8067 0.0091 0.5909
vn -0.2601 -0.5058 -0.8225
vn -0.1549 0.5813 0.7988
vn -0.0272 -0.9512 -0.3073
vn 0.5362 0.8208 0.1971
vn 0.8527 0.5140 -0.0928
vn 0.0261 -0.0170 0.9995
vn 0.3297 0.0934 0.9395
vn -0.0188 -0.8120 -0.5834
vn 0.0791 -0.7082 0.7016
vn 0.9750 0.0502 -0.2163
vn 0.5165 -0.3720 -0.7713
vn 0.6541 -0.7548 -0.0498
vn 0.3640 0.2780 -0.8889
vn 0.3329 -0.9372 0.1040
vn 0.7521 -0.6320 -0.1869
vn 0.2476 0.2205 -0.9434
vn 0.1590 -0.9854 0.0616
vn 0.1876 -0.9210 0.3414
vn 0.9091 0.1246 0.3975
vn -0.0516 -0.2262 0.9727
vn -0.1637 0.1535 0.9745
vn 0.3704 0.7988 0.4741
vn 0.3980 -0.4115 0.8199
vn 0.0419 -0.9958 0.0812
vn 0.8810 0.1799 0.4376
vn 0.3066 0.6215 -0.7210
vn 0.0810 0.9921 0.0960
vn 0.2680 -0.9428 0.1980
vn -0.1758 -0.9626 0.2062
vn -0.4471 -0.6721 -0.5903
vn -0.2658 0.7321 0.6273
vn -0.1335 -0.4089 0.9028
vn -0.0551 -0.6649 -0.7449
vn -0.6553 -0.7477 -0.1076
vn 0.5311 -0.7423 -0.4086
vn 0.7855 0.5864 -0.1980
vn 0.5444 0.7701 0.3326
vn 0.7240 -0.6129 0.3167
vn 0.5945 -0.7116 0.3745
vn -0.9418 0.3348 0.0289
vn -0.5450 0.7452 0.3843
vn 0.0230 -0.6836 -0.7295
vn -0.5345 -0.8123 0.2333
vn 0.1457 -0.5732 0.8063
vn -0.0072 -0.9626 0.2709
vn 0.4191 -0.0092 0.9079
vn -0.2348 0.8157 0.5287
vn -0.9925 -0.1098 0.0539
vn 0.7369 -0.6592 0.1499
vn 0.0207 -0.0886 -0.9958
vn 0.4945 -0.3821 -0.7807
vn -0.3573 0.4895 -0.7955
vn -0.4079 0.7355 0.5410
vn -0.3202 -0.5869 0.7436
vn 0.4942 0.7126 -0.4980
vn -0.1029 0.9938 0.0421
vn -0.0014 0.4526 0.8917
vn -0.1200 0.8811 -0.4575
vn -0.2021 0.9753 -0.0895
vn -0.3181 0.9009 -0.2953
vn 0.2376 -0.9093 -0.3417
vn -0.5966 0.6593 -0.4576
vn 0.1425 0.8876 -0.4380
vn 0.2419 -0.7741 -0.5851
vn 0.8728 0.2093 0.4409
vn 0.0841 0.1949 0.9772
vn 0.4265 0.8956 0.1265
vn -0.4631 0.8721 0.1579
vn -0.5979 0.6213 0.5064
vn 0.0193 -0.9532 0.3018
vn 0.3933 -0.9193 0.0109
vn -0.3394 -0.3663 0.8664
vn 0.2401 -0.1775 0.9544
vn -0.1330 0.3360 -0.9324
vn -0.6255 0.5615 0.5418
vn 0.6913 -0.7180 -0.0807
vn -0.7750 0.2656 -0.5734
vn 0.1663 0.8031 -0.5721
vn 0.8535 0.2153 0.4744
vn 0.9362 -0.2659 -0.2297
vn -0.5552 -0.8317 -0.0079
vn -0.1517 0.5985 0.7867
vn 0.3655 -0.0084 0.9308
vn -0.7864 -0.3402 -0.5155
vn 0.1424 -0.3327 -0.9322
vn -0.0173 -0.4574 -0.8891
vn -0.0313 -0.4169 -0.9084
vn 0.4236 -0.8942 -0.1448
vn -0.3160 0.0724 0.9460
vn -0.7779 0.5871 0.2241
vn 0.1195 -0.0843 -0.9892
vn 0.0059 -0.2179 -0.9760
vn 0.3447 -0.4541 -0.8216
vn 0.1863 0.2426 0.9521
vn -0.1268 -0.4450 -0.8865
vn 0.3154 -0.9181 -0.2400
vn 0.1270 -0.2148 0.9684
vn 0.7464 0.1142 0.6556
vn 0.7952 0.1002 -0.5980
vn -0.0320 0.2994 -0.9536
vn 0.2363 -0.7305 -0.6407
vn 0.6145 -0.0154 0.7888
vn 0.1373 -0.4775 -0.8679
vn -0.0334 -0.2180 0.9754
vn -0.2274 0.6757 -0.7012
vn -0.7695 0.4382 0.4645
vn -0.6570 0.6601 -0.3642
vn -0.0227 -0.8469 -0.5313
vn 0.8097 -0.3020 0.5031
vn -0.4391 0.3530 -0.8262
vn -0.3804 0.7512 -0.5395
vn 0.4054 -0.3455 -0.8463
vn 0.3172 -0.5619 -0.7640
vn 0.5346 -0.0450 0.8439
vn 0.0389 0.3424 -0.9387
vn 0.5124 -0.5255 0.6792
vn 0.6267 0.6372 -0.4487
vn 0.3913 -0.8649 0.3144
vn 0.9183 0.0751 0.3886
vn -0.0293 -0.5679 -0.8226
vn -0.1909 -0.8694 0.4558
vn 0.6958 -0.5817 0.4212
vn 0.0048 -0.5868 -0.8097
vn -0.4643 -0.7169 0.5201
vn -0.9787 0.2028 0.0330
vn -0.0313 -0.1396 0.9897
vn 0.0269 -0.5565 -0.8304
vn -0.0945 -0.9841 -0.1506
vn -0.1302 -0.3205 0.9383
vn 0.4429 -0.1175 0.8888
vn 0.0352 -0.8955 0.4436
vn 0.8782 0.4664 -0.1064
vn -0.5473 0.5575 0.6243
vn 0.2644 0.8481 0.4592
vn -0.5242 0.8447 -0.1082
vn -0.7861 -0.1236 0.6056
vn -0.1395 -0.6520 0.7452
vn 0.4129 0.2451 -0.8772
vn 0.5280 -0.8191 0.2242
vn -0.7081 0.7058 0.0204
vn -0.2654 0.9590 -0.0996
vn 0.1941 0.9790 -0.0625
vn 0.1800 0.2963 -0.9380
vn -0.0878 0.8062 0.5851
vn -0.5338 0.6284 -0.5658
vn 0.1481 -0.6040 -0.7831
vn -0.0258 0.6918 -0.7216
vn -0.1259 0.9686 -0.2142
vn 0.1926 -0.8464 0.4965
vn 0.2165 -0.5586 -0.8007
vn -0.1620 -0.0096 0.9867
vn 0.2201 -0.9404 -0.2591
vn -0.9982 -0.0067 -0.0589
vn -0.7771 0.4236 0.4655
vn 0.3257 -0.8451 0.4239
vn 0.6049 -0.7874 -0.1182
vn -0.5049 0.4881 -0.7119
vn -0.7198 0.2435 -0.6500
vn -0.7222 0.3846 0.5749
vn -0.1731 0.9809 0.0883
vn -0.0521 -0.9464 -0.3187
vn -0.0848 -0.7832 0.6159
vn -0.5014 0.8333 -0.2329
vn 0.9560 -0.2023 -0.2126
vn 0.8927 -0.4255 0.1485
vn -0.3586 0.8000 -0.4810
vn 0.4709 0.8727 -0.1293
vn 0.3149 -0.2699 0.9099
vn -0.1720 -0.9305 -0.3234
vn -0.6517 -0.0513 0.7567
vn 0.2771 -0.8856 0.3727
vn -0.1594 0.9662 -0.2024
vn 0.1741 0.2946 -0.9396
vn 0.0162 -0.5418 -0.8404
vn -0.2300 0.2325 -0.9450
vn 0.3135 0.6879 0.6546
vn 0.0018 0.0982 -0.9952
vn 0.3334 0.6088 0.7199
vn -0.9454 -0.2858 0.1568
vn -0.1731 0.9557 -0.2379
vn -0.2529 0.6225 0.7406
vn -0.1904 -0.9153 0.3549
vn -0.1170 -0.3667 0.9230
vn 0.1111 -0.9742 -0.1963
vn -0.0287 0.2908 -0.9563
vn -0.6878 0.4062 0.6016
vn -0.7889 -0.4392 0.4299
vn -0.8595 0.3616 0.3613
vn 0.1304 -0.8036 0.5808
vn 0.1651 -0.9831 -0.0794
vn 0.5230 -0.5782 -0.6263
vn 0.8393 -0.5385 -0.0750
vn -0.0124 0.1564 0.9876
vn 0.1104 -0.3375 -0.9348
vn 0.6535 0.7525 -0.0816
vn -0.5137 0.4226 0.7467
vn -0.4009 0.1921 -0.8957
vn 0.9342 -0.2395 0.2646
vn -0.2308 -0.7484 -0.6218
vn 0.6442 -0.6931 -0.3235
vn 0.5177 -0.6425 0.5649
vn -0.4004 0.9053 -0.1419
vn -0.3791 0.4476 -0.8099
vn -0.1694 -0.4090 -0.8967
vn 0.3323 0.3020 0.8935
vn 0.9070 -0.2673 -0.3254
vn -0.4549 -0.1195 0.8825
vn -0.2799 0.1801 -0.9430
vn -0.8397 -0.4794 -0.2552
vn 0.1035 0.5186 -0.8487
vn 0.6161 0.2211 0.7560
vn -0.1405 -0.0718 0.9875
vn 0.8542 -0.0307 -0.5190
vn -0.0431 0.4504 0.8918
vn 0.8617 -0.1644 0.4800
vn -0.4334 -0.2417 -0.8682
vn 0.5170 -0.6859 0.5122
vn -0.2053 -0.6929 0.6912
vn -0.0531 0.1355 -0.9894
vn 0.1033 0.7862 0.6093
vn -0.6988 0.1305 -0.7033
vn -0.5752 -0.7066 -0.4122
vn 0.1553 0.7252 0.6708
vn 0.0772 -0.9960 -0.0450
vn 0.6405 -0.6591 0.3941
vn -0.3372 -0.8638 -0.3743
vn 0.4649 -0.8069 -0.3644
vn -0.1862 0.6774 -0.7116
vn -0.2331 0.9467 0.2222
vn 0.5854 0.8063 0.0853
vn 0.5925 0.6359 -0.4945
vn 0.0062 -0.9777 0.2100
vn -0.1306 0.9157 -0.3801
vn 0.2171 -0.8773 -0.4281
vn -0.5056 0.3700 -0.7794
vn -0.4941 0.6948 0.5226
vn -0.0622 -0.9765 0.2065
vn -0.5157 -0.2126 0.8300
vn -0.1532 0.3314 -0.9309
vn 0.0106 0.1632 0.9865
vn 0.2375 -0.8730 -0.4261
vn -0.4964 0.6926 0.5234
vn -0.5635 0.7215 -0.4023
vn -0.1841 0.4238 0.8869
vn 0.9647 -0.1843 0.1881
vn 0.7653 -0.4487 0.4615
vn 0.5492 -0.2949 0.7819
vn 0.0305 -0.8982 0.4385
vn 0.9760 0.1109 0.1876
vn 0.3645 -0.2629 -0.8933
vn -0.9696 -0.1902 -0.1539
vn -0.2840 0.6290 -0.7237
vn -0.1900 -0.2117 -0.9587
vn 0.0983 -0.6913 0.7158
vn -0.5839 0.7005 0.4104
vn 0.2139 0.0092 -0.9768
vn 0.2382 0.4892 0.8390
vn -0.0516 0.9879 -0.1459
vn 0.3487 -0.5920 -0.7266
vn 0.3250 -0.0411 0.9448
vn -0.3988 0.6319 -0.6646
vn 0.7427 0.1996 -0.6392
vn -0.3064 0.3824 -0.8717
vn 0.0986 -0.8905 0.4442
vn 0.3080 0.7799 0.5449
vn 0.9536 0.0131 -0.3008
vn 0.3316 -0.7283 -0.5996
vn -0.4955 0.5012 -0.7094
vn -0.6358 0.3219 0.7015
vn 0.3002 -0.4839 0.8220
vn 0.2251 -0.7454 -0.6275
vn -0.9993 0.0306 0.0194
vn 0.1302 0.7034 0.6987
vn -0.8462 0.2821 -0.4520
vn -0.8699 0.3940 0.2967
vn 0.3973 -0.3328 0.8552
vn -0.1236 -0.7997 -0.5875
vn -0.0691 -0.0606 0.9958
vn 0.6362 -0.7696 0.0555
vn -0.3629 -0.3620 -0.8586
vn -0.8609 0.4884 0.1426
vn -0.2780 0.6403 -0.7160
vn -0.3751 0.8216 0.4294
vn -0.5570 0.8043 -0.2073
vn -0.0544 0.9368 0.3456
vn -0.8450 -0.0609 0.5313
vn 0.0741 -0.5767 0.8136
vn 0.0941 -0.6235 -0.7762
vn -0.5836 -0.7332 0.3490
vn -0.0717 0.5524 0.8305
vn -0.4992 0.1884 -0.8458
vn 0.4304 0.7838 -0.4477
vn 0.5344 -0.7782 0.3299
vn 0.4415 -0.1938 -0.8761
vn -0.2132 -0.2148 -0.9531
vn 0.1826 -0.6209 0.7624
vn -0.2832 0.8289 -0.4824
vn 0.1370 0.3633 -0.9215
vn -0.7850 0.4154 0.4596
vn 0.3683 -0.1878 -0.9105
vn -0.4420 0.8835 -0.1553
vn 0.7760 -0.6109 0.1573
vn -0.5744 -0.6087 -0.5473
vn -0.5456 0.3353 -0.7680
vn 0.3484 0.9367 -0.0345
vn 0.7775 -0.6286 0.0195
vn 0.0628 -0.9402 -0.3348
vn 0.0178 0.0919 0.9956
vn -0.2893 0.9416 0.1727
vn 0.3649 -0.9304 0.0344
vn 0.3537 0.2647 0.8971
vn -0.1101 -0.9361 -0.3342
vn -0.8006 -0.2226 0.5563
vn 0.6546 -0.7190 -0.2335
vn -0.3487 0.8951 -0.2777
vn -0.3020 -0.9522 -0.0468
vn -0.0728 0.9629 -0.2598
vn -0.3530 0.9292 0.1091
vn -0.5866 0.2670 -0.7646
vn -0.2486 0.9558 -0.1567
vn -0.4011 -0.8589 0.3184
vn -0.2687 -0.9591 0.0891
vn 0.9791 -0.1799 0.0948
vn 0.9715 -0.2318 0.0487
vn -0.1083 -0.3962 -0.9118
vn -0.0963 -0.1946 -0.9761
vn -0.7168 0.6908 -0.0952
vn -0.3367 0.5702 0.7493
vn 0.7938 -0.0820 -0.6026
vn 0.3369 0.9225 -0.1884
vn 0.7437 -0.2125 0.6339
vn -0.0194 -0.0406 -0.9990
vn -0.0990 0.3030 0.9478
vn -0.6301 -0.4297 -0.6468
vn 0.2831 0.2865 -0.9153
vn 0.5025 -0.7504 -0.4295
vn -0.9145 -0.3513 -0.2005
vn 0.3746 0.9006 -0.2204
vn -0.4591 0.0875 0.8841
vn -0.7560 -0.5939 -0.2753
vn -0.5127 0.7005 0.4964
vn -0.1273 -0.8305 -0.5422
vn 0.2672 -0.8981 -0.3493
vn 0.0490 -0.5270 0.8485
vn -0.1142 -0.9364 -0.3319
vn 0.7095 0.1447 0.6896
vn 0.5475 0.8271 -0.1268
vn 0.6257 0.7450 -0.2314
vn -0.8528 0.0547 -0.5194
vn -0.4416 -0.8972 -0.0072
vn 0.4821 0.5652 0.6694
vn -0.2392 0.7361 -0.6332
vn 0.4637 -0.8819 0.0851
vn 0.1552 -0.9758 0.1540
vn -0.3971 -0.8851 -0.2427
vn -0.0730 -0.9971 -0.0192
vn -0.5846 -0.1344 -0.8001
vn -0.5421 0.1699 0.8229
vn -0.4316 -0.2617 -0.8633
vn 0.0927 0.2990 -0.9497
vn 0.2669 0.7517 -0.6030
vn -0.8367 -0.2268 0.4984
vn 0.3678 0.8018 -0.4710
vn -0.5740 0.8185 0.0244
vn 0.5898 0.6786 0.4378
vn -0.4682 0.8245 0.3178
vn 0.3557 0.8753 -0.3278
vn -0.2617 0.8452 -0.4659
vn 0.2316 -0.9254 -0.2999
vn 0.2247 0.8357 0.5011
vn 0.3437 -0.8828 -0.3202
vn 0.1285 0.9863 0.1034
vn 0.2227 0.7492 -0.6237
vn 0.3655 0.7431 -0.5606
vn -0.1857 0.2654 -0.9461
vn 0.7466 -0.6213 0.2379
vn 0.3245 0.9321 -0.1607
vn 0.9575 -0.2660 -0.1112
vn -0.4658 0.1992 -0.8622
vn 0.0477 -0.1448 -0.9883
vn -0.5686 -0.4628 -0.6801
vn -0.9261 0.2690 -0.2644
vn 0.2054 -0.6648 0.7182
vn -0.9980 -0.0116 0.0620
vn 0.4084 -0.7894 -0.4583
vn 0.2686 -0.3679 0.8902
vn 0.1016 -0.8777 0.4683
vn -0.3662 -0.1739 -0.9142
vn 0.3504 -0.5233 -0.7768
vn 0.3144 -0.3646 -0.8765
vn 0.1696 0.9046 -0.3911
vn -0.1610 -0.0013 -0.9869
vn -0.2820 -0.9594 0.0073
vn 0.3403 0.2445 -0.9080
vn 0.2467 -0.7734 -0.5839
vn 0.4624 0.3767 0.8027
vn 0.4831 -0.1760 -0.8577
vn -0.4879 0.8175 0.3061
vn -0.0701 0.1066 0.9918
vn 0.0660 -0.1445 -0.9873
vn 0.0244 -0.6489 -0.7605
vn 0.3232 -0.6820 -0.6560
vn -0.9555 0.2541 0.1496
vn -0.2775 0.8182 -0.5036
vn -0.0755 -0.8888 0.4521
vn -0.3477 0.7995 -0.4898
vn 0.6917 -0.6142 0.3799
vn 0.6878 -0.7259 -0.0083
vn 0.5816 -0.3224 0.7469
vn -0.5088 0.2262 -0.8306
vn 0.5211 0.7582 0.3919
vn -0.3030 0.8979 0.3192
vn 0.1273 0.9685 -0.2138
vn 0.1366 0.5117 0.8482
vn -0.1567 -0.0973 -0.9828
vn 0.1928 0.1379 -0.9715
vn -0.3841 -0.5249 -0.7596
vn -0.6263 -0.1266 0.7692
vn 0.2595 -0.5480 -0.7952
vn -0.7530 0.5235 0.3986
vn -0.0244 -0.1402 0.9898
vn 0.2281 -0.8859 -0.4038
vn -0.1055 0.4767 0.8727
vn 0.8203 0.4396 0.3659
vn 0.3646 -0.3343 0.8691
vn -0.4208 0.8889 0.1811
vn 0.3412 -0.2465 -0.9071
vn -0.7584 -0.6346 0.1484
vn -0.0435 -0.0619 -0.9971
vn -0.1024 0.2939 0.9503
vn -0.5163 0.8557 0.0352
vn -0.7661 0.1140 0.6325
vn -0.2316 0.6911 -0.6847
vn -0.3165 -0.4345 -0.8432
vn -0.9837 -0.1075 0.1443
vn 0.5838 -0.2862 -0.7598
vn 0.0174 -0.0416 -0.9990
vn 0.0912 -0.8125 -0.5758
vn -0.6768 -0.0305 0.7355
vn -0.2502 0.2812 0.9265
vn -0.3698 0.4945 -0.7866
vn 0.5744 0.3686 -0.7309
vn -0.7839 -0.3446 -0.5164
vn -0.3190 0.3918 0.8630
vn -0.2291 -0.9633 0.1402
vn -0.6715 0.5521 -0.4943
vn 0.5380 0.4024 0.7407
vn 0.4065 -0.2482 0.8793
vn 0.7534 -0.5577 0.3484
vn 0.7732 -0.1230 -0.6221
vn 0.4901 -0.3928 0.7782
vn 0.0492 0.1382 -0.9892
vn -0.2854 -0.2288 -0.9307
vn 0.0229 0.3839 0.9231
vn -0.7185 -0.4969 0.4867
vn 0.0529 -0.9349 -0.3510
vn -0.7301 -0.1302 0.6708
vn -0.2368 -0.9682 -0.0808
vn -0.2355 -0.9187 0.3171
vn 0.4002 -0.6737 -0.6213
vn 0.3934 -0.9128 0.1097
vn 0.8351 -0.5169 0.1883
vn 0.8266 -0.5603 0.0532
vn -0.2412 0.7209 -0.6497
vn 0.4769 -0.7906 -0.3839
vn -0.5776 -0.5872 -0.5671
vn 0.1764 -0.7801 0.6002
vn 0.2809 -0.9472 0.1544
vn -0.2720 -0.2401 0.9318
vn -0.2404 0.4276 0.8714
vn 0.0812 0.2440 -0.9664
vn -0.4377 -0.0660 0.8967
vn -0.3061 0.9125 0.2715
vn -0.3916 0.7300 -0.5602
vn 0.4465 0.7386 -0.5052
vn -0.3721 0.2208 -0.9016
vn 0.9331 0.3515 0.0756
vn 0.0281 0.1189 -0.9925
vn -0.6317 0.1964 0.7499
vn -0.5233 0.6582 -0.5412
vn -0.2510 0.2440 -0.9367
vn -0.3159 0.9320 -0.1779
vn -0.4108 0.8996 -0.1485
vn -0.2110 0.6079 0.7655
vn -0.4018 -0.1684 -0.9001
vn 0.2508 0.7805 -0.5726
vn -0.5164 -0.0382 0.8555
vn 0.1039 -0.9118 -0.3973
vn -0.1310 -0.6135 0.7787
vn 0.6276 -0.6801 0.3790
vn -0.1661 -0.9860 0.0160
vn -0.3483 -0.9070 0.2368
vn 0.6769 -0.0553 0.7340
vn -0.8593 0.1448 0.4905
vn 0.2585 -0.8542 0.4511
vn 0.0798 -0.8740 0.4793
vn 0.3508 0.5764 -0.7380
vn 0.7248 -0.6374 0.2614
vn 0.3801 -0.9207 -0.0884
vn -0.2426 -0.9556 0.1673
vn -0.2575 0.9041 0.3411
vn -0.1561 0.5996 0.7849
vn 0.2127 -0.8983 0.3846
vn 0.3619 -0.9299 -0.0660
vn -0.7656 -0.6218 0.1650
vn 0.5386 0.7324 -0.4165
vn -0.5507 0.8063 0.2160
vn -0.3728 0.0767 -0.9247
vn -0.4803 0.2870 0.8288
vn -0.4515 0.8697 -0.1996
vn 0.0543 -0.2570 0.9649
vn 0.2797 -0.4503 -0.8479
vn 0.0564 -0.2778 -0.9590
vn 0.2272 0.9374 -0.2639
vn 0.9302 0.3098 -0.1966
vn -0.6948 0.1132 -0.7102
vn -0.1676 0.8482 0.5025
vn -0.3099 0.6111 0.7283
vn -0.4287 -0.7828 -0.4510
vn 0.7893 -0.5166 -0.3317
vn 0.3900 -0.9171 -0.0829
vn -0.0194 -0.2670 -0.9635
vn -0.5730 0.2605 -0.7771
vn -0.2170 0.9758 0.0261
vn 0.3835 -0.4307 -0.8170
vn -0.8411 0.4896 -0.2299
vn -0.4967 0.0650 -0.8655
vn 0.4170 0.8920 0.1745
vn 0.6354 -0.7658 0.0990
vn -0.0485 0.1553 0.9867
vn -0.4447 0.7961 0.4106
vn -0.1964 0.6575 0.7274
vn 0.0375 -0.8348 -0.5493
vn 0.9682 -0.1029 0.2280
vn 0.0164 -0.8399 -0.5426
vn 0.7882 -0.4431 -0.4270
vn 0.0865 0.0029 -0.9962
vn -0.0584 0.9362 0.3465
vn -0.3772 -0.3931 -0.8386
vn -0.4362 0.0711 0.8970
vn 0.4668 -0.2031 0.8607
vn -0.5341 0.2544 -0.8062
vn -0.5503 0.5593 0.6199
vn 0.0861 -0.4042 0.9106
vn 0.0306 0.1377 0.9900
vn -0.0337 0.4462 0.8943
vn 0.0267 -0.5547 -0.8316
vn 0.4489 -0.3541 -0.8204
vn 0.0496 -0.9545 0.2940
vn 0.9441 -0.1644 0.2857
vn 0.9693 -0.2048 -0.1357
vn -0.1509 0.9868 -0.0582
vn -0.1737 0.7322 -0.6586
vn 0.3887 0.6900 -0.6107
vn 0.9454 -0.3105 0.0992
vn -0.7452 -0.4838 0.4589
vn 0.5415 -0.8406 0.0148
vn -0.4651 -0.2305 0.8547
vn -0.3344 0.6581 0.6746
vn 0.1183 0.2280 -0.9664
vn 0.3152 -0.4163 -0.8529
vn -0.9875 -0.0329 -0.1540
vn -0.4105 0.9113 -0.0317
vn -0.3701 0.8542 -0.3652
vn 0.8601 -0.1086 -0.4984
vn -0.4319 0.8855 -0.1713
vn -0.0251 0.2856 0.9580
vn 0.5594 -0.7957 -0.2323
vn -0.0283 -0.9781 0.2063
vn -0.3574 0.1856 0.9153
vn -0.2258 -0.6381 -0.7361
vn -0.9526 -0.3014 -0.0421
vn 0.4838 -0.4918 -0.7239
vn 0.0119 0.1287 0.9916
vn -0.5108 0.7578 0.4060
vn -0.3160 0.8019 0.5070
vn -0.3887 0.4380 -0.8106
vn 0.6914 0.6533 0.3085
vn 0.8082 0.0147 -0.5887
vn 0.2729 -0.1693 0.9470
vn -0.1757 -0.1439 -0.9739
vn -0.1455 -0.0207 0.9891
vn -0.0761 -0.9689 0.2353
vn -0.8181 -0.3861 0.4263
vn -0.2355 0.9642 -0.1222
vn 0.0485 -0.7840 -0.6189
vn 0.3418 -0.8123 0.4726
vn -0.9194 -0.2315 0.3180
vn 0.1228 -0.2396 0.9631
vn 0.1835 -0.9559 0.2294
vn -0.2354 0.9350 -0.2653
vn -0.8886 0.2280 0.3979
vn -0.3134 0.5857 0.7475
vn -0.1112 -0.4560 -0.8830
vn 0.2768 -0.6169 0.7368
vn 0.7467 -0.6594 0.0874
vn -0.1438 -0.2779 -0.9498
vn -0.7769 -0.0139 -0.6294
vn 0.9492 -0.3074 0.0673
vn -0.5749 -0.8011 -0.1665
vn 0.0019 -0.5650 0.8251
vn -0.5516 0.3346 -0.7641
vn -0.3798 0.7046 -0.5993
vn 0.2259 -0.9728 0.0517
vn -0.8511 0.4600 -0.2531
vn -0.4341 0.1970 -0.8790
vn 0.1392 -0.8071 0.5737
vn 0.5138 -0.4077 -0.7549
vn -0.0289 -0.3873 0.9215
vn -0.1055 -0.9841 -0.1432
vn -0.1660 -0.8892 -0.4264
vn -0.2590 0.2366 -0.9364
vn 0.2545 0.6257 0.7374
vn 0.8467 -0.2408 -0.4744
vn -0.5422 -0.4392 -0.7163
vn -0.6131 -0.4446 0.6530
vn -0.0385 -0.9901 -0.1352
vn -0.0049 -0.5761 0.8174
vn 0.8835 -0.0553 -0.4652
vn -0.3508 0.7303 0.5862
vn -0.2870 0.9123 0.2922
vn -0.0872 -0.8223 -0.5623
vn -0.2955 0.6716 -0.6795
vn 0.5953 0.7662 -0.2420
vn 0.4018 0.9152 -0.0319
vn 0.0706 -0.0799 -0.9943
vn 0.0471 -0.4221 -0.9053
vn 0.2169 -0.7791 0.5882
vn 0.5019 -0.2477 0.8287
vn 0.3229 0.1096 0.9401
vn 0.7609 -0.6329 0.1429
vn 0.6852 -0.7257 0.0626
vn 0.6572 -0.7518 -0.0536
vn 0.0883 -0.1752 -0.9806
vn -0.0347 -0.5466 -0.8367
vn -0.8588 -0.1171 0.4987
vn 0.1571 0.2494 -0.9556
vn -0.0784 -0.9604 -0.2673
vn 0.4906 0.7110 -0.5038
vn -0.8375 -0.1796 -0.5160
vn -0.2192 0.9299 0.2954
vn -0.5273 -0.2419 0.8145
vn 0.1051 -0.9001 0.4228
vn 0.1932 0.2290 -0.9541
vn 0.3816 0.7151 0.5857
vn 0.9637 -0.1317 -0.2322
vn 0.5901 -0.5524 -0.5887
vn -0.1067 -0.6631 0.7409
vn 0.2855 0.8270 0.4844
vn -0.6877 0.1082 -0.7179
vn -0.7521 0.3434 0.5625
vn -0.0350 -0.1005 0.9943
vn 0.0880 0.7689 0.6333
vn 0.6955 0.0230 -0.7181
vn 0.1390 0.9865 -0.0867
vn 0.1679 0.8918 -0.4201
vn -0.1472 0.3077 0.9400
vn 0.0956 -0.3942 -0.9141
vn 0.6105 -0.7714 0.1793
vn 0.7273 -0.6588 0.1924
vn 0.7551 0.1893 0.6277
vn 0.2400 -0.8722 0.4262
vn -0.7893 0.5459 0.2811
vn 0.8128 0.3509 0.4650
vn 0.8948 -0.4443 -0.0440
vn 0.0129 -0.5701 0.8215
vn 0.2674 -0.8953 -0.3563
vn 0.1701 -0.8633 0.4752
vn -0.3400 0.1574 -0.9272
vn -0.2883 0.3129 -0.9050
vn 0.2223 -0.5025 0.8355
vn -0.8392 -0.0509 -0.5415
vn 0.5436 0.1823 -0.8193
vn 0.6052 0.1416 0.7834
vn -0.0693 0.0130 0.9975
vn -0.5570 0.5526 0.6200
vn 0.3254 0.1520 0.9333
vn -0.0765 0.0603 0.9952
vn -0.1833 0.5268 0.8300
vn 0.2645 0.9007 0.3446
vn 0.8799 0.4592 -0.1218
vn 0.1208 -0.9862 -0.1133
vn 0.2315 -0.9644 -0.1279
vn 0.2150 -0.8586 0.4654
vn -0.8123 -0.0940 -0.5756
vn -0.9722 0.1668 0.1641
vn -0.2747 0.1469 -0.9502
vn -0.2550 0.9366 -0.2404
vn 0.1092 -0.6965 -0.7093
vn 0.8625 -0.2263 0.4526
vn 0.9409 -0.1906 0.2801
vn 0.0747 0.4022 -0.9125
vn -0.1011 -0.9734 0.2055
vn -0.1193 -0.9817 0.1486
vn -0.9952 0.0828 -0.0522
vn -0.9940 0.0959 -0.0528
vn -0.0184 -0.5468 -0.8371
vn -0.0191 -0.5502 -0.8348
vn -0.0559 -0.9980 -0.0290
vn 0.9928 -0.1196 0.0032
vn 0.0754 0.3999 -0.9134
vn -0.0562 -0.8266 -0.5600
vn -0.0137 0.8312 0.5558
vn 0.0933 0.9949 0.0378
vn 0.7533 -0.3037 -0.5833
vn -0.1427 -0.9849 0.0976
vn 0.0445 0.7386 0.6727
vn -0.1038 -0.9730 0.2061
vn -0.9951 0.0934 -0.0334
vn -0.9943 0.1001 -0.0360
vn -0.0681 -0.1704 0.9830
vn 0.9939 -0.1035 0.0385
vn 0.0458 0.7351 0.6764
vn -0.0744 -0.4651 0.8821
vn -0.1622 -0.9684 -0.1894
vn 0.2205 -0.7703 0.5983
vn -0.2830 -0.1979 -0.9385
vn 0.9694 0.1903 0.1549
vn -0.0207 0.0886 0.9958
vn -0.9818 -0.0941 -0.1648
vn -0.9910 -0.0699 -0.1140
vn -0.6725 -0.1727 -0.7197
vn 0.8849 -0.0233 -0.4651
vn 0.8684 -0.0369 -0.4946
vn 0.9110 -0.0481 -0.4095
vn -0.7719 0.1049 0.6271
vn -0.7736 0.1051 0.6249
vn 0.1218 0.2348 0.9644
vn 0.8727 0.1427 0.4670
vn 0.8751 0.1401 0.4633
vn 0.0470 -0.9766 0.2099
vn 0.0472 -0.9765 0.2101
vn 0.0471 -0.9767 0.2096
vn 0.0469 -0.9766 0.2100
vn -0.0357 0.1821 0.9826
vn -0.4276 -0.2459 -0.8699
vn -0.0904 -0.6937 -0.7145
vn 0.5128 -0.5266 0.6780
vn 0.9698 0.1899 0.1531
vn -0.1010 -0.9734 0.2056
vn 0.0933 0.9949 0.0379
vn 0.0207 -0.0887 -0.9958
s 0
usemtl Material.001
f 1//1 3//1 2//1
f 4//2 6//2 5//2
f 7//3 9//3 8//3
f 10//4 12//4 11//4
f 13//5 15//5 14//5
f 16//6 6//6 17//6
f 18//7 20//7 19//7
f 21//8 23//8 22//8
f 24//9 26//9 25//9
f 27//10 29//10 28//10
f 30//11 32//11 31//11
f 27//12 33//12 29//12
f 34//13 36//13 35//13
f 37//14 2//14 3//14
f 38//15 40//15 39//15
f 41//16 43//16 42//16
f 44//17 45//17 5//17
f 46//18 48//18 47//18
f 49//19 51//19 50//19
f 52//20 10//20 11//20
f 53//21 55//21 54//21
f 56//22 50//22 57//22
f 58//23 60//23 59//23
f 61//24 63//24 62//24
f 64//25 65//25 56//25
f 66//26 57//26 67//26
f 50//27 68//27 49//27
f 69//28 29//28 16//28
f 70//29 71//29 58//29
f 72//30 74//30 73//30
f 19//31 68//31 50//31
f 75//32 77//32 76//32
f 78//33 79//33 51//33
f 80//34 82//34 81//34
f 83//35 85//35 84//35
f 86//36 88//36 87//36
f 17//37 83//37 89//37
f 17//38 89//38 16//38
f 27//39 90//39 33//39
f 91//40 93//40 92//40
f 94//41 96//41 95//41
f 97//42 98//42 85//42
f 27//43 99//43 63//43
f 70//44 92//44 71//44
f 64//45 34//45 65//45
f 72//46 99//46 100//46
f 8//47 101//47 7//47
f 102//48 104//48 103//48
f 97//49 105//49 98//49
f 106//50 77//50 107//50
f 60//51 3//51 1//51
f 108//52 110//52 109//52
f 51//53 111//53 78//53
f 112//54 61//54 44//54
f 113//55 115//55 114//55
f 48//56 117//56 116//56
f 118//57 26//57 24//57
f 119//58 121//58 120//58
f 122//59 124//59 123//59
f 92//60 70//60 125//60
f 126//61 128//61 127//61
f 56//62 57//62 129//62
f 60//63 1//63 59//63
f 35//64 46//64 47//64
f 130//65 131//65 94//65
f 107//66 133//66 132//66
f 134//67 105//67 97//67
f 49//68 68//68 105//68
f 135//69 137//69 136//69
f 75//70 14//70 138//70
f 128//71 140//71 139//71
f 141//72 143//72 142//72
f 80//73 81//73 38//73
f 58//74 59//74 61//74
f 144//75 119//75 120//75
f 117//76 145//76 32//76
f 146//77 148//77 147//77
f 149//78 151//78 150//78
f 152//79 64//79 66//79
f 153//80 155//80 154//80
f 156//81 107//81 75//81
f 111//82 49//82 7//82
f 150//83 151//83 144//83
f 91//84 124//84 122//84
f 4//85 5//85 104//85
f 52//86 111//86 157//86
f 30//87 31//87 158//87
f 159//88 161//88 160//88
f 162//89 163//89 137//89
f 3//90 60//90 37//90
f 146//91 32//91 164//91
f 165//92 167//92 166//92
f 11//93 101//93 9//93
f 59//94 103//94 44//94
f 24//95 25//95 167//95
f 28//96 69//96 82//96
f 168//97 169//97 156//97
f 139//98 40//98 128//98
f 170//99 172//99 171//99
f 100//100 110//100 108//100
f 17//101 97//101 85//101
f 173//102 137//102 135//102
f 31//103 145//103 117//103
f 29//104 33//104 16//104
f 174//105 14//105 15//105
f 105//106 134//106 7//106
f 175//107 60//107 58//107
f 118//108 152//108 176//108
f 149//109 177//109 151//109
f 51//110 79//110 178//110
f 179//111 180//111 62//111
f 64//112 36//112 34//112
f 98//113 105//113 68//113
f 78//114 52//114 79//114
f 160//115 182//115 181//115
f 72//116 62//116 99//116
f 50//117 178//117 57//117
f 42//118 184//118 183//118
f 59//119 1//119 103//119
f 111//120 10//120 157//120
f 1//121 2//121 102//121
f 79//122 67//122 178//122
f 185//123 187//123 186//123
f 188//124 190//124 189//124
f 80//125 38//125 170//125
f 37//126 7//126 134//126
f 66//127 64//127 56//127
f 80//128 28//128 82//128
f 41//129 42//129 191//129
f 14//130 174//130 138//130
f 192//131 168//131 193//131
f 25//132 195//132 194//132
f 58//133 61//133 70//133
f 196//134 197//134 87//134
f 11//135 176//135 52//135
f 198//136 9//136 60//136
f 199//137 150//137 144//137
f 154//138 201//138 200//138
f 86//139 120//139 202//139
f 99//140 110//140 100//140
f 74//141 100//141 108//141
f 91//142 125//142 124//142
f 163//143 204//143 203//143
f 69//144 16//144 82//144
f 135//145 54//145 173//145
f 176//146 79//146 52//146
f 160//147 147//147 159//147
f 121//148 205//148 120//148
f 206//149 208//149 207//149
f 145//150 31//150 32//150
f 137//151 163//151 190//151
f 9//152 198//152 11//152
f 83//153 84//153 93//153
f 209//154 189//154 166//154
f 104//155 2//155 4//155
f 7//156 49//156 105//156
f 111//157 101//157 10//157
f 210//158 126//158 211//158
f 95//159 212//159 130//159
f 213//160 133//160 196//160
f 162//161 55//161 214//161
f 98//162 25//162 84//162
f 160//163 116//163 117//163
f 108//164 109//164 208//164
f 215//165 23//165 21//165
f 75//166 76//166 14//166
f 172//167 39//167 140//167
f 216//168 186//168 177//168
f 183//169 184//169 217//169
f 50//170 51//170 178//170
f 208//171 22//171 207//171
f 218//172 64//172 152//172
f 61//173 59//173 44//173
f 218//174 152//174 118//174
f 95//175 130//175 94//175
f 219//176 115//176 113//176
f 116//177 160//177 161//177
f 183//178 220//178 42//178
f 207//179 141//179 206//179
f 73//180 221//180 72//180
f 113//181 95//181 96//181
f 217//182 222//182 114//182
f 184//183 42//183 73//183
f 223//184 224//184 14//184
f 91//185 92//185 125//185
f 52//186 157//186 10//186
f 225//187 213//187 226//187
f 101//188 11//188 12//188
f 143//189 141//189 153//189
f 193//190 138//190 174//190
f 13//191 224//191 150//191
f 7//192 37//192 9//192
f 94//193 131//193 227//193
f 79//194 176//194 152//194
f 101//195 111//195 7//195
f 51//196 49//196 111//196
f 211//197 126//197 96//197
f 169//198 228//198 15//198
f 41//199 221//199 43//199
f 227//200 210//200 211//200
f 184//201 74//201 222//201
f 109//202 229//202 22//202
f 221//203 73//203 42//203
f 230//204 191//204 231//204
f 22//205 23//205 207//205
f 229//206 170//206 171//206
f 177//207 232//207 53//207
f 141//208 142//208 206//208
f 174//209 15//209 192//209
f 176//210 26//210 118//210
f 5//211 33//211 112//211
f 117//212 182//212 160//212
f 20//213 233//213 209//213
f 211//214 94//214 227//214
f 155//215 207//215 234//215
f 34//216 47//216 202//216
f 84//217 71//217 92//217
f 230//218 180//218 41//218
f 179//219 62//219 72//219
f 117//220 48//220 46//220
f 197//221 133//221 169//221
f 121//222 119//222 18//222
f 65//223 121//223 19//223
f 166//224 235//224 165//224
f 6//225 33//225 5//225
f 61//226 62//226 70//226
f 167//227 165//227 24//227
f 73//228 74//228 184//228
f 236//229 223//229 14//229
f 94//230 211//230 96//230
f 215//231 140//231 234//231
f 237//232 76//232 216//232
f 114//233 212//233 95//233
f 147//234 148//234 213//234
f 146//235 182//235 117//235
f 238//236 148//236 146//236
f 67//237 79//237 66//237
f 119//238 135//238 18//238
f 47//239 34//239 35//239
f 215//240 172//240 140//240
f 109//241 22//241 208//241
f 199//242 13//242 150//242
f 120//243 199//243 144//243
f 162//244 173//244 55//244
f 25//245 26//245 195//245
f 134//246 97//246 4//246
f 19//247 50//247 56//247
f 204//248 163//248 214//248
f 234//249 128//249 155//249
f 76//250 77//250 185//250
f 130//251 212//251 239//251
f 185//252 77//252 240//252
f 140//253 128//253 234//253
f 203//254 189//254 190//254
f 207//255 23//255 234//255
f 14//256 76//256 236//256
f 241//257 91//257 122//257
f 162//258 214//258 163//258
f 48//259 116//259 161//259
f 106//260 225//260 226//260
f 108//261 239//261 212//261
f 240//262 187//262 185//262
f 16//263 89//263 82//263
f 18//264 136//264 233//264
f 6//265 16//265 33//265
f 209//266 188//266 189//266
f 112//267 90//267 61//267
f 101//268 8//268 9//268
f 189//269 235//269 166//269
f 161//270 88//270 86//270
f 52//271 78//271 111//271
f 83//272 93//272 242//272
f 65//273 19//273 56//273
f 220//274 219//274 243//274
f 17//275 6//275 97//275
f 193//276 174//276 192//276
f 193//277 168//277 156//277
f 159//278 213//278 196//278
f 180//279 70//279 62//279
f 195//280 198//280 194//280
f 63//281 61//281 27//281
f 229//282 21//282 22//282
f 153//283 200//283 143//283
f 84//284 85//284 98//284
f 10//285 101//285 12//285
f 206//286 201//286 131//286
f 217//287 184//287 222//287
f 96//288 243//288 113//288
f 200//289 153//289 154//289
f 228//290 192//290 15//290
f 65//291 34//291 205//291
f 180//292 179//292 41//292
f 203//293 36//293 235//293
f 217//294 114//294 115//294
f 160//295 244//295 147//295
f 236//296 76//296 237//296
f 38//297 81//297 122//297
f 57//298 66//298 129//298
f 173//299 162//299 137//299
f 239//300 206//300 131//300
f 65//301 205//301 245//301
f 225//302 107//302 132//302
f 11//303 195//303 176//303
f 118//304 24//304 165//304
f 216//305 177//305 237//305
f 112//306 44//306 5//306
f 72//307 100//307 74//307
f 121//308 65//308 245//308
f 86//309 87//309 199//309
f 29//310 69//310 28//310
f 159//311 196//311 88//311
f 45//312 103//312 5//312
f 175//313 194//313 60//313
f 172//314 170//314 39//314
f 36//315 158//315 35//315
f 223//316 236//316 237//316
f 152//317 66//317 79//317
f 123//318 124//318 230//318
f 89//319 83//319 242//319
f 233//320 188//320 209//320
f 241//321 82//321 242//321
f 149//322 237//322 177//322
f 210//323 227//323 154//323
f 147//324 244//324 181//324
f 206//325 142//325 246//325
f 44//326 103//326 45//326
f 56//327 129//327 66//327
f 86//328 199//328 120//328
f 1//329 102//329 103//329
f 4//330 2//330 134//330
f 170//331 28//331 80//331
f 209//332 167//332 68//332
f 185//333 216//333 76//333
f 149//334 223//334 237//334
f 107//335 156//335 169//335
f 204//336 158//336 203//336
f 194//337 175//337 25//337
f 226//338 213//338 148//338
f 99//339 28//339 110//339
f 90//340 112//340 33//340
f 150//341 224//341 149//341
f 232//342 186//342 187//342
f 223//343 149//343 224//343
f 201//344 206//344 246//344
f 171//345 215//345 21//345
f 135//346 136//346 18//346
f 138//347 193//347 156//347
f 222//348 108//348 212//348
f 163//349 203//349 190//349
f 30//350 158//350 204//350
f 167//351 209//351 166//351
f 224//352 13//352 14//352
f 139//353 39//353 40//353
f 39//354 139//354 140//354
f 197//355 15//355 87//355
f 118//356 165//356 218//356
f 144//357 151//357 119//357
f 60//358 9//358 37//358
f 158//359 31//359 35//359
f 202//360 120//360 205//360
f 15//361 197//361 169//361
f 42//362 43//362 221//362
f 114//363 95//363 113//363
f 179//364 72//364 221//364
f 188//365 137//365 190//365
f 46//366 31//366 117//366
f 71//367 84//367 175//367
f 191//368 230//368 41//368
f 5//369 103//369 104//369
f 247//370 240//370 77//370
f 217//371 219//371 183//371
f 17//372 85//372 83//372
f 128//373 40//373 127//373
f 2//374 37//374 134//374
f 147//375 213//375 159//375
f 55//376 164//376 30//376
f 219//377 220//377 183//377
f 88//378 196//378 87//378
f 158//379 36//379 203//379
f 102//380 2//380 104//380
f 225//381 132//381 213//381
f 6//382 4//382 97//382
f 61//383 90//383 27//383
f 54//384 119//384 151//384
f 248//385 204//385 214//385
f 48//386 161//386 47//386
f 216//387 185//387 186//387
f 205//388 121//388 245//388
f 119//389 54//389 135//389
f 210//390 155//390 126//390
f 123//391 230//391 38//391
f 218//392 36//392 64//392
f 167//393 98//393 68//393
f 201//394 154//394 131//394
f 169//395 133//395 107//395
f 235//396 36//396 218//396
f 239//397 131//397 130//397
f 81//398 82//398 241//398
f 195//399 11//399 198//399
f 67//400 57//400 178//400
f 74//401 108//401 222//401
f 161//402 159//402 88//402
f 117//403 32//403 146//403
f 229//404 171//404 21//404
f 19//405 20//405 68//405
f 151//406 177//406 53//406
f 106//407 107//407 225//407
f 175//408 84//408 25//408
f 182//409 146//409 181//409
f 194//410 198//410 60//410
f 99//411 27//411 28//411
f 110//412 28//412 109//412
f 247//413 77//413 106//413
f 204//414 248//414 30//414
f 26//415 176//415 195//415
f 175//416 58//416 71//416
f 47//417 86//417 202//417
f 243//418 219//418 113//418
f 30//419 164//419 32//419
f 124//420 125//420 180//420
f 180//421 230//421 124//421
f 205//422 34//422 202//422
f 189//423 203//423 235//423
f 241//424 122//424 81//424
f 226//425 247//425 106//425
f 68//426 20//426 209//426
f 177//427 186//427 232//427
f 132//428 133//428 213//428
f 141//429 207//429 155//429
f 153//430 141//430 155//430
f 156//431 75//431 138//431
f 200//432 142//432 143//432
f 151//433 53//433 54//433
f 47//434 161//434 86//434
f 18//435 233//435 20//435
f 197//436 196//436 133//436
f 146//437 147//437 181//437
f 239//438 208//438 206//438
f 87//439 15//439 13//439
f 242//440 93//440 91//440
f 222//441 212//441 114//441
f 121//442 18//442 19//442
f 188//443 136//443 137//443
f 42//444 220//444 191//444
f 54//445 55//445 173//445
f 126//446 155//446 128//446
f 230//447 231//447 38//447
f 28//448 170//448 229//448
f 75//449 107//449 77//449
f 219//450 217//450 115//450
f 125//451 70//451 180//451
f 167//452 25//452 98//452
f 109//453 28//453 229//453
f 170//454 38//454 39//454
f 53//455 232//455 55//455
f 235//456 218//456 165//456
f 171//457 172//457 215//457
f 241//458 242//458 91//458
f 148//459 247//459 226//459
f 210//460 154//460 155//460
f 41//461 179//461 221//461
f 31//462 46//462 35//462
f 227//463 131//463 154//463
f 89//464 242//464 82//464
f 233//465 136//465 188//465
f 99//466 62//466 63//466
f 239//467 108//467 208//467
f 160//468 181//468 244//468
f 23//469 215//469 234//469
f 87//470 13//470 199//470
f 93//471 84//471 92//471
f 168//472 192//472 249//472
f 200//473 250//473 142//473
f 251//474 168//474 249//474
f 251//475 169//475 168//475
f 252//476 250//476 200//476
f 228//477 249//477 192//477
f 246//478 142//478 250//478
f 228//479 251//479 249//479
f 169//480 251//480 228//480
f 246//481 250//481 252//481
f 201//482 246//482 252//482
f 201//483 252//483 200//483
f 220//484 243//484 231//484
f 231//485 191//485 220//485
f 232//486 187//486 55//486
f 146//487 164//487 238//487
f 238//488 247//488 148//488
f 38//489 122//489 123//489
f 127//490 96//490 126//490
f 127//491 243//491 96//491
f 40//492 243//492 127//492
f 40//493 231//493 243//493
f 38//494 231//494 40//494
f 238//495 240//495 247//495
f 238//496 187//496 240//496
f 164//497 187//497 238//497
f 164//498 55//498 187//498
f 55//499 248//499 214//499
f 55//500 30//500 248//500
f 253//501 255//501 254//501
f 256//502 258//502 257//502
f 258//503 254//503 257//503
f 259//504 261//504 260//504
f 262//505 260//505 263//505
f 264//506 265//506 262//506
f 266//507 268//507 267//507
f 269//508 266//508 270//508
f 271//509 273//509 272//509
f 274//510 276//510 275//510
f 277//511 279//511 278//511
f 280//512 282//512 281//512
f 283//513 285//513 284//513
f 286//514 288//514 287//514
f 289//515 291//515 290//515
f 292//516 271//516 272//516
f 268//517 294//517 293//517
f 295//518 297//518 296//518
f 298//519 300//519 299//519
f 301//520 303//520 302//520
f 304//521 306//521 305//521
f 307//522 309//522 308//522
f 310//523 312//523 311//523
f 313//524 286//524 314//524
f 315//525 317//525 316//525
f 318//526 312//526 310//526
f 319//527 321//527 320//527
f 277//528 320//528 279//528
f 322//529 324//529 323//529
f 325//530 327//530 326//530
f 268//531 266//531 294//531
f 328//532 329//532 289//532
f 330//533 332//533 331//533
f 331//534 332//534 296//534
f 333//535 335//535 334//535
f 336//536 338//536 337//536
f 339//537 341//537 340//537
f 342//538 344//538 343//538
f 345//539 347//539 346//539
f 337//540 349//540 348//540
f 350//541 352//541 351//541
f 353//542 355//542 354//542
f 356//543 358//543 357//543
f 359//544 361//544 360//544
f 362//545 364//545 363//545
f 365//546 364//546 366//546
f 272//547 368//547 367//547
f 369//548 338//548 360//548
f 370//549 264//549 371//549
f 372//550 373//550 340//550
f 374//551 358//551 356//551
f 375//552 377//552 376//552
f 378//553 380//553 379//553
f 381//554 300//554 382//554
f 288//555 383//555 308//555
f 384//556 386//556 385//556
f 387//557 389//557 388//557
f 258//558 390//558 333//558
f 391//559 393//559 392//559
f 393//560 395//560 394//560
f 396//561 397//561 280//561
f 398//562 400//562 399//562
f 401//563 286//563 402//563
f 403//564 405//564 404//564
f 406//565 304//565 407//565
f 273//566 408//566 272//566
f 409//567 411//567 410//567
f 412//568 356//568 413//568
f 414//569 416//569 415//569
f 414//570 415//570 401//570
f 417//571 418//571 277//571
f 419//572 355//572 353//572
f 420//573 422//573 421//573
f 423//574 424//574 309//574
f 425//575 426//575 414//575
f 427//576 429//576 428//576
f 430//577 432//577 431//577
f 413//578 274//578 275//578
f 433//579 435//579 434//579
f 345//580 437//580 436//580
f 438//581 392//581 439//581
f 422//582 420//582 440//582
f 441//583 442//583 351//583
f 443//584 445//584 444//584
f 446//585 438//585 447//585
f 448//586 368//586 420//586
f 368//587 448//587 367//587
f 449//588 451//588 450//588
f 452//589 447//589 438//589
f 323//590 324//590 453//590
f 343//591 454//591 342//591
f 382//592 362//592 363//592
f 369//593 456//593 455//593
f 457//594 459//594 458//594
f 460//595 462//595 461//595
f 463//596 465//596 464//596
f 409//597 467//597 466//597
f 412//598 374//598 356//598
f 468//599 302//599 469//599
f 448//600 421//600 470//600
f 471//601 473//601 472//601
f 299//602 475//602 474//602
f 468//603 477//603 476//603
f 469//604 457//604 478//604
f 426//605 425//605 479//605
f 480//606 482//606 481//606
f 483//607 485//607 484//607
f 379//608 380//608 486//608
f 487//609 406//609 407//609
f 488//610 476//610 383//610
f 489//611 293//611 345//611
f 370//612 490//612 462//612
f 491//613 492//613 352//613
f 493//614 494//614 444//614
f 411//615 409//615 495//615
f 281//616 497//616 496//616
f 498//617 496//617 497//617
f 295//618 274//618 297//618
f 353//619 499//619 419//619
f 433//620 434//620 373//620
f 500//621 261//621 501//621
f 502//622 504//622 503//622
f 298//623 505//623 366//623
f 506//624 286//624 287//624
f 507//625 509//625 508//625
f 510//626 498//626 511//626
f 263//627 512//627 262//627
f 513//628 316//628 443//628
f 514//629 515//629 283//629
f 478//630 349//630 455//630
f 516//631 518//631 517//631
f 472//632 520//632 519//632
f 369//633 360//633 361//633
f 521//634 523//634 522//634
f 524//635 526//635 525//635
f 527//636 528//636 504//636
f 315//637 427//637 529//637
f 517//638 507//638 508//638
f 503//639 378//639 502//639
f 530//640 307//640 522//640
f 531//641 411//641 532//641
f 533//642 396//642 324//642
f 534//643 536//643 535//643
f 317//644 538//644 537//644
f 468//645 540//645 539//645
f 331//646 296//646 534//646
f 481//647 297//647 480//647
f 541//648 542//648 372//648
f 539//649 302//649 468//649
f 543//650 545//650 544//650
f 546//651 306//651 406//651
f 547//652 549//652 548//652
f 327//653 325//653 550//653
f 516//654 278//654 551//654
f 552//655 554//655 553//655
f 312//656 555//656 261//656
f 556//657 528//657 557//657
f 558//658 560//658 559//658
f 407//659 304//659 523//659
f 374//660 389//660 561//660
f 537//661 563//661 562//661
f 564//662 285//662 565//662
f 375//663 394//663 395//663
f 346//664 552//664 566//664
f 466//665 336//665 337//665
f 567//666 390//666 568//666
f 503//667 570//667 569//667
f 538//668 278//668 321//668
f 382//669 571//669 381//669
f 341//670 434//670 287//670
f 398//671 513//671 353//671
f 572//672 574//672 573//672
f 309//673 307//673 530//673
f 575//674 409//674 466//674
f 418//675 320//675 277//675
f 439//676 394//676 576//676
f 577//677 579//677 578//677
f 297//678 441//678 480//678
f 349//679 337//679 338//679
f 580//680 501//680 390//680
f 526//681 581//681 495//681
f 582//682 253//682 254//682
f 531//683 295//683 296//683
f 441//618 297//618 274//618
f 284//684 583//684 514//684
f 324//685 396//685 453//685
f 570//686 503//686 584//686
f 361//687 585//687 369//687
f 474//688 365//688 586//688
f 441//689 413//689 587//689
f 540//690 273//690 559//690
f 371//691 384//691 588//691
f 293//692 547//692 345//692
f 339//693 589//693 341//693
f 341//694 589//694 434//694
f 305//695 546//695 590//695
f 392//696 446//696 391//696
f 440//697 368//697 554//697
f 547//698 470//698 591//698
f 499//699 533//699 324//699
f 439//700 392//700 393//700
f 584//701 503//701 504//701
f 592//702 429//702 315//702
f 466//703 337//703 575//703
f 593//704 595//704 594//704
f 278//705 529//705 551//705
f 596//706 597//706 577//706
f 489//707 345//707 436//707
f 414//708 401//708 402//708
f 556//709 584//709 528//709
f 380//710 378//710 503//710
f 292//711 598//711 586//711
f 599//712 381//712 600//712
f 522//713 523//713 304//713
f 561//714 570//714 601//714
f 308//715 602//715 424//715
f 597//716 603//716 311//716
f 583//717 386//717 263//717
f 405//718 403//718 504//718
f 361//719 473//719 585//719
f 604//720 285//720 605//720
f 343//721 344//721 606//721
f 607//722 537//722 562//722
f 608//723 610//723 609//723
f 602//724 449//724 611//724
f 350//725 442//725 612//725
f 331//726 535//726 330//726
f 426//727 479//727 599//727
f 422//728 440//728 554//728
f 400//729 596//729 613//729
f 600//730 614//730 416//730
f 615//731 586//731 598//731
f 545//732 540//732 405//732
f 360//733 325//733 326//733
f 294//734 269//734 549//734
f 311//735 312//735 616//735
f 376//736 490//736 375//736
f 442//737 441//737 587//737
f 465//738 272//738 464//738
f 617//739 619//739 618//739
f 620//740 562//740 563//740
f 508//741 621//741 517//741
f 437//742 479//742 436//742
f 622//743 313//743 608//743
f 534//744 296//744 297//744
f 593//745 594//745 623//745
f 506//746 433//746 624//746
f 326//747 473//747 564//747
f 625//748 627//748 626//748
f 431//749 611//749 628//749
f 546//750 629//750 590//750
f 542//751 541//751 630//751
f 631//752 305//752 632//752
f 633//753 632//753 309//753
f 367//754 612//754 464//754
f 619//755 634//755 321//755
f 462//756 490//756 461//756
f 492//757 635//757 352//757
f 607//758 637//758 636//758
f 518//759 516//759 638//759
f 599//760 479//760 437//760
f 639//761 641//761 640//761
f 281//762 496//762 590//762
f 377//763 531//763 376//763
f 642//764 643//764 509//764
f 644//765 646//765 645//765
f 485//766 483//766 647//766
f 380//767 449//767 486//767
f 648//768 564//768 471//768
f 482//769 441//769 351//769
f 649//770 650//770 610//770
f 282//771 306//771 546//771
f 651//772 646//772 482//772
f 473//773 326//773 652//773
f 581//774 653//774 495//774
f 515//775 263//775 555//775
f 609//776 654//776 622//776
f 299//777 615//777 298//777
f 463//778 505//778 598//778
f 655//779 656//779 509//779
f 410//780 411//780 531//780
f 376//781 330//781 490//781
f 573//782 657//782 607//782
f 549//783 269//783 548//783
f 546//784 406//784 658//784
f 424//785 288//785 308//785
f 317//786 315//786 529//786
f 578//787 659//787 596//787
f 637//788 660//788 537//788
f 430//789 431//789 661//789
f 616//790 577//790 597//790
f 253//791 639//791 640//791
f 395//792 329//792 662//792
f 379//793 527//793 403//793
f 295//794 531//794 663//794
f 274//795 413//795 441//795
f 646//796 651//796 664//796
f 461//797 535//797 665//797
f 278//798 279//798 321//798
f 430//799 666//799 621//799
f 453//800 603//800 355//800
f 585//801 289//801 369//801
f 293//802 489//802 268//802
f 254//803 258//803 582//803
f 498//804 431//804 432//804
f 627//805 661//805 431//805
f 438//806 446//806 392//806
f 456//807 667//807 455//807
f 668//808 669//808 254//808
f 670//809 642//809 518//809
f 349//810 671//810 348//810
f 569//811 387//811 451//811
f 584//812 366//812 570//812
f 469//813 302//813 303//813
f 288//814 401//814 488//814
f 422//815 470//815 421//815
f 539//816 540//816 560//816
f 605//817 303//817 604//817
f 600//818 381//818 571//818
f 455//819 338//819 369//819
f 291//820 329//820 391//820
f 525//821 672//821 412//821
f 435//822 433//822 673//822
f 502//823 614//823 545//823
f 656//824 630//824 541//824
f 571//825 544//825 614//825
f 348//826 671//826 342//826
f 420//827 421//827 448//827
f 633//828 497//828 631//828
f 585//829 328//829 289//829
f 579//830 577//830 616//830
f 673//831 287//831 435//831
f 276//832 532//832 581//832
f 276//833 581//833 524//833
f 281//834 282//834 631//834
f 563//835 537//835 594//835
f 536//836 534//836 297//836
f 519//837 471//837 472//837
f 674//838 475//838 299//838
f 591//839 422//839 554//839
f 674//840 381//840 599//840
f 611//841 431//841 498//841
f 675//842 311//842 676//842
f 677//843 643//843 678//843
f 679//844 680//844 270//844
f 670//845 643//845 642//845
f 681//846 649//846 610//846
f 537//847 636//847 637//847
f 363//848 364//848 365//848
f 662//849 327//849 550//849
f 474//850 363//850 365//850
f 433//851 506//851 673//851
f 517//852 642//852 507//852
f 682//853 683//853 533//853
f 372//854 340//854 541//854
f 259//855 462//855 460//855
f 370//856 265//856 264//856
f 418//857 319//857 320//857
f 648//858 684//858 583//858
f 650//859 267//859 609//859
f 301//860 472//860 361//860
f 665//861 535//861 685//861
f 664//862 645//862 646//862
f 617//863 686//863 619//863
f 569//864 570//864 561//864
f 687//865 560//865 558//865
f 429//866 688//866 428//866
f 665//867 689//867 461//867
f 530//868 423//868 309//868
f 623//869 319//869 418//869
f 602//870 308//870 309//870
f 428//871 678//871 638//871
f 473//872 361//872 472//872
f 686//873 617//873 690//873
f 691//874 316//874 317//874
f 423//875 496//875 498//875
f 253//876 582//876 681//876
f 548//877 491//877 547//877
f 372//878 692//878 373//878
f 654//879 268//879 489//879
f 297//880 481//880 536//880
f 692//881 428//881 688//881
f 693//882 593//882 694//882
f 452//883 384//883 447//883
f 444//884 513//884 443//884
f 692//885 678//885 428//885
f 640//886 659//886 255//886
f 622//887 489//887 479//887
f 350//888 351//888 442//888
f 624//889 286//889 506//889
f 475//890 674//890 566//890
f 382//891 300//891 364//891
f 566//892 552//892 553//892
f 487//893 407//893 477//893
f 414//894 402//894 313//894
f 695//895 484//895 696//895
f 629//896 453//896 396//896
f 693//897 697//897 320//897
f 277//898 278//898 666//898
f 698//899 451//899 344//899
f 411//900 495//900 653//900
f 629//901 396//901 280//901
f 424//902 498//902 510//902
f 321//903 625//903 626//903
f 680//904 679//904 699//904
f 495//905 454//905 700//905
f 302//906 539//906 301//906
f 598//907 292//907 465//907
f 355//908 323//908 453//908
f 435//909 287//909 434//909
f 498//910 497//910 633//910
f 593//911 693//911 634//911
f 430//912 661//912 697//912
f 632//913 701//913 486//913
f 632//914 486//914 602//914
f 559//915 560//915 540//915
f 391//916 446//916 291//916
f 368//917 408//917 554//917
f 393//918 391//918 395//918
f 592//919 398//919 399//919
f 592//920 702//920 429//920
f 561//921 389//921 387//921
f 548//922 492//922 491//922
f 309//923 632//923 602//923
f 540//924 476//924 405//924
f 523//925 521//925 703//925
f 316//926 637//926 443//926
f 386//927 512//927 263//927
f 704//928 657//928 705//928
f 681//929 314//929 253//929
f 488//930 383//930 288//930
f 595//931 282//931 280//931
f 372//932 677//932 692//932
f 605//933 283//933 675//933
f 612//934 442//934 357//934
f 648//935 285//935 564//935
f 674//936 299//936 300//936
f 538//937 706//937 278//937
f 301//938 539//938 560//938
f 600//939 426//939 599//939
f 430//940 697//940 694//940
f 357//941 505//941 463//941
f 608//942 314//942 681//942
f 687//943 520//943 301//943
f 544//944 571//944 363//944
f 309//945 611//945 633//945
f 524//946 413//946 275//946
f 613//947 399//947 400//947
f 641//948 688//948 702//948
f 650//949 699//949 679//949
f 474//950 586//950 615//950
f 657//951 704//951 443//951
f 670//952 678//952 643//952
f 295//953 276//953 274//953
f 292//954 272//954 465//954
f 329//955 291//955 289//955
f 535//956 331//956 534//956
f 255//957 253//957 640//957
f 580//958 390//958 258//958
f 582//959 258//959 333//959
f 451//960 387//960 344//960
f 321//961 626//961 619//961
f 620//962 493//962 573//962
f 293//963 294//963 549//963
f 655//964 677//964 656//964
f 622//965 425//965 313//965
f 690//966 617//966 647//966
f 630//967 677//967 542//967
f 658//968 629//968 546//968
f 335//969 707//969 334//969
f 350//970 448//970 491//970
f 548//971 270//971 680//971
f 358//972 505//972 357//972
f 505//973 298//973 598//973
f 452//974 438//974 439//974
f 582//975 649//975 681//975
f 577//976 578//976 596//976
f 397//977 595//977 280//977
f 581//978 526//978 524//978
f 321//979 594//979 538//979
f 538//980 317//980 706//980
f 547//981 491//981 470//981
f 486//982 708//982 379//982
f 568//983 501//983 709//983
f 338//984 455//984 349//984
f 529//985 427//985 638//985
f 447//986 710//986 520//986
f 347//987 552//987 346//987
f 590//988 629//988 281//988
f 423//989 498//989 424//989
f 529//990 706//990 317//990
f 344//991 387//991 388//991
f 390//992 711//992 333//992
f 457//993 696//993 478//993
f 614//994 502//994 404//994
f 256//995 579//995 258//995
f 584//996 365//996 366//996
f 395//997 662//997 377//997
f 628//998 611//998 449//998
f 583//999 263//999 515//999
f 614//1000 404//1000 416//1000
f 405//1001 476//1001 488//1001
f 381//1002 674//1002 300//1002
f 645//1003 335//1003 536//1003
f 632//1004 305//1004 701//1004
f 667//1005 484//1005 695//1005
f 429//1006 427//1006 315//1006
f 712//1007 370//1007 588//1007
f 385//1008 386//1008 583//1008
f 713//1009 317//1009 660//1009
f 634//1010 619//1010 686//1010
f 363//1011 553//1011 544//1011
f 714//1012 316//1012 513//1012
f 623//1013 694//1013 593//1013
f 394//1014 712//1014 576//1014
f 448//1015 470//1015 491//1015
f 345//1016 346//1016 437//1016
f 550//1017 325//1017 336//1017
f 358//1018 601//1018 366//1018
f 647//1019 698//1019 671//1019
f 471//1020 519//1020 648//1020
f 634//1021 686//1021 593//1021
f 535//1022 461//1022 330//1022
f 409//1023 410//1023 467//1023
f 564//1024 473//1024 471//1024
f 483//1025 701//1025 690//1025
f 405//1026 488//1026 404//1026
f 488//1027 415//1027 404//1027
f 657//1028 443//1028 637//1028
f 670//1029 638//1029 678//1029
f 485//1030 696//1030 484//1030
f 602//1031 611//1031 424//1031
f 276//1032 715//1032 532//1032
f 276//1033 524//1033 275//1033
f 637//1034 316//1034 660//1034
f 624//1035 639//1035 253//1035
f 265//1036 462//1036 259//1036
f 504//1037 403//1037 527//1037
f 636//1038 537//1038 607//1038
f 347//1039 345//1039 591//1039
f 698//1040 647//1040 617//1040
f 451//1041 618//1041 450//1041
f 477//1042 407//1042 703//1042
f 601//1043 358//1043 374//1043
f 657//1044 573//1044 705//1044
f 400//1045 353//1045 354//1045
f 688//1046 624//1046 433//1046
f 463//1047 464//1047 612//1047
f 383//1048 521//1048 307//1048
f 520//1049 687//1049 446//1049
f 413//1050 356//1050 587//1050
f 631//1051 632//1051 633//1051
f 701//1052 306//1052 690//1052
f 338//1053 325//1053 360//1053
f 497//1054 281//1054 631//1054
f 612//1055 367//1055 448//1055
f 653//1056 581//1056 532//1056
f 290//1057 559//1057 271//1057
f 711//1058 390//1058 567//1058
f 476//1059 477//1059 703//1059
f 445//1060 572//1060 493//1060
f 339//1061 340//1061 373//1061
f 666//1062 430//1062 417//1062
f 545//1063 543//1063 540//1063
f 650//1064 334//1064 699//1064
f 639//1065 688//1065 641//1065
f 436//1066 479//1066 489//1066
f 672//1067 700//1067 606//1067
f 500//1068 580//1068 616//1068
f 547//1069 293//1069 549//1069
f 369//1070 289//1070 290//1070
f 313//1071 402//1071 286//1071
f 390//1072 501//1072 568//1072
f 476//1073 703//1073 383//1073
f 312//1074 318//1074 555//1074
f 487//1075 658//1075 406//1075
f 661//1076 627//1076 625//1076
f 676//1077 457//1077 675//1077
f 342//1078 698//1078 344//1078
f 515//1079 555//1079 318//1079
f 693//1080 694//1080 697//1080
f 685//1081 335//1081 711//1081
f 536//1082 335//1082 685//1082
f 620//1083 533//1083 493//1083
f 658//1084 487//1084 603//1084
f 625//1085 321//1085 279//1085
f 357//1086 463//1086 612//1086
f 712//1087 490//1087 370//1087
f 423//1088 590//1088 496//1088
f 461//1089 689//1089 460//1089
f 453//1090 629//1090 658//1090
f 287//1091 288//1091 424//1091
f 676//1092 311//1092 487//1092
f 452//1093 439//1093 576//1093
f 610//1094 650//1094 609//1094
f 424//1095 611//1095 309//1095
f 377//1096 550//1096 531//1096
f 682//1097 499//1097 683//1097
f 716//1098 369//1098 290//1098
f 590//1099 530//1099 305//1099
f 654//1100 267//1100 268//1100
f 635//1101 651//1101 482//1101
f 353//1102 400//1102 398//1102
f 688//1103 429//1103 702//1103
f 265//1104 370//1104 462//1104
f 710//1105 519//1105 520//1105
f 346//1106 566//1106 674//1106
f 696//1107 457//1107 458//1107
f 556//1108 586//1108 584//1108
f 472//1109 301//1109 520//1109
f 295//1110 663//1110 715//1110
f 335//1111 333//1111 711//1111
f 662//1112 328//1112 652//1112
f 499//1113 324//1113 322//1113
f 314//1114 624//1114 253//1114
f 349//1115 478//1115 485//1115
f 569//1116 380//1116 503//1116
f 573//1117 574//1117 705//1117
f 588//1118 452//1118 712//1118
f 457//1119 469//1119 605//1119
f 517//1120 518//1120 642//1120
f 467//1121 410//1121 550//1121
f 487//1122 477//1122 458//1122
f 346//1123 674//1123 437//1123
f 388//1124 672//1124 606//1124
f 281//1125 629//1125 280//1125
f 389//1126 672//1126 388//1126
f 315//1127 316//1127 714//1127
f 305//1128 530//1128 304//1128
f 267//1129 654//1129 609//1129
f 409//1130 575//1130 495//1130
f 412//1131 672//1131 374//1131
f 519//1132 684//1132 648//1132
f 583//1133 284//1133 648//1133
f 334//1134 649//1134 582//1134
f 308//1135 383//1135 307//1135
f 704//1136 572//1136 445//1136
f 564//1137 565//1137 326//1137
f 393//1138 394//1138 439//1138
f 310//1139 675//1139 318//1139
f 303//1140 565//1140 604//1140
f 320//1141 697//1141 279//1141
f 378//1142 379//1142 403//1142
f 427//1143 428//1143 638//1143
f 259//1144 709//1144 261//1144
f 556//1145 557//1145 716//1145
f 603//1146 487//1146 311//1146
f 572//1147 704//1147 574//1147
f 635//1148 680//1148 699//1148
f 684//1149 710//1149 384//1149
f 485//1150 647//1150 671//1150
f 369//1151 716//1151 456//1151
f 395//1152 377//1152 375//1152
f 482//1153 351//1153 352//1153
f 695//1154 477//1154 468//1154
f 545//1155 405//1155 504//1155
f 540//1156 543//1156 273//1156
f 322//1157 717//1157 419//1157
f 339//1158 434//1158 589//1158
f 692//1159 688//1159 433//1159
f 647//1160 483//1160 690//1160
f 458//1161 477//1161 695//1161
f 698//1162 342//1162 671//1162
f 714//1163 513//1163 398//1163
f 343//1164 700//1164 454//1164
f 652//1165 585//1165 473//1165
f 504//1166 528//1166 584//1166
f 582//1167 333//1167 334//1167
f 604//1168 565//1168 285//1168
f 536//1169 481//1169 644//1169
f 554//1170 408//1170 553//1170
f 423//1171 530//1171 590//1171
f 703//1172 521//1172 383//1172
f 397//1173 620//1173 563//1173
f 385//1174 583//1174 684//1174
f 711//1175 567//1175 685//1175
f 335//1176 645//1176 707//1176
f 705//1177 574//1177 704//1177
f 408//1178 368//1178 272//1178
f 444//1179 353//1179 513//1179
f 321//1180 693//1180 320//1180
f 449//1181 450//1181 628//1181
f 332//1182 376//1182 531//1182
f 602//1183 486//1183 449//1183
f 401//1184 415//1184 488//1184
f 306//1185 282//1185 690//1185
f 305//1186 631//1186 282//1186
f 397//1187 396//1187 620//1187
f 511//1188 508//1188 510//1188
f 408//1189 273//1189 543//1189
f 517//1190 621//1190 516//1190
f 619//1191 626//1191 618//1191
f 283//1192 515//1192 318//1192
f 415//1193 416//1193 404//1193
f 683//1194 494//1194 718//1194
f 603//1195 453//1195 658//1195
f 355//1196 419//1196 323//1196
f 303//1197 301//1197 359//1197
f 301//1198 361//1198 359//1198
f 686//1199 595//1199 593//1199
f 712//1200 394//1200 490//1200
f 675//1201 310//1201 311//1201
f 364//1202 298//1202 366//1202
f 622//1203 608//1203 609//1203
f 348//1204 575//1204 337//1204
f 511//1205 498//1205 432//1205
f 460//1206 709//1206 259//1206
f 482//1207 480//1207 441//1207
f 646//1208 481//1208 482//1208
f 689//1209 709//1209 460//1209
f 384//1210 385//1210 684//1210
f 322//1211 323//1211 717//1211
f 470//1212 422//1212 591//1212
f 290//1213 586//1213 556//1213
f 336//1214 325//1214 338//1214
f 643//1215 655//1215 509//1215
f 659//1216 578//1216 719//1216
f 659//1217 719//1217 255//1217
f 650//1218 679//1218 267//1218
f 500//1219 616//1219 312//1219
f 689//1220 568//1220 709//1220
f 305//1221 306//1221 701//1221
f 447//1222 384//1222 710//1222
f 551//1223 529//1223 638//1223
f 584//1224 586//1224 365//1224
f 551//1225 638//1225 516//1225
f 592//1226 613//1226 641//1226
f 570//1227 366//1227 601//1227
f 449//1228 380//1228 451//1228
f 452//1229 588//1229 384//1229
f 288//1230 286//1230 401//1230
f 495//1231 575//1231 454//1231
f 672//1232 389//1232 374//1232
f 710//1233 684//1233 519//1233
f 605//1234 285//1234 283//1234
f 695//1235 468//1235 469//1235
f 284//1236 285//1236 648//1236
f 516//1237 666//1237 278//1237
f 391//1238 329//1238 395//1238
f 514//1239 283//1239 284//1239
f 560//1240 687//1240 301//1240
f 543//1241 553//1241 408//1241
f 628//1242 450//1242 627//1242
f 420//1243 368//1243 440//1243
f 467//1244 550//1244 466//1244
f 425//1245 414//1245 313//1245
f 603//1246 597//1246 354//1246
f 683//1247 499//1247 444//1247
f 501//1248 261//1248 709//1248
f 311//1249 616//1249 597//1249
f 286//1250 624//1250 314//1250
f 334//1251 707//1251 664//1251
f 292//1252 290//1252 271//1252
f 586//1253 290//1253 292//1253
f 708//1254 483//1254 484//1254
f 700//1255 526//1255 495//1255
f 264//1256 262//1256 512//1256
f 610//1257 608//1257 681//1257
f 313//1258 314//1258 608//1258
f 618//1259 626//1259 627//1259
f 437//1260 674//1260 599//1260
f 557//1261 708//1261 667//1261
f 379//1262 708//1262 527//1262
f 282//1263 546//1263 305//1263
f 407//1264 523//1264 703//1264
f 464//1265 272//1265 367//1265
f 520//1266 446//1266 447//1266
f 552//1267 347//1267 554//1267
f 694//1268 623//1268 417//1268
f 499//1269 322//1269 419//1269
f 373//1270 434//1270 339//1270
f 542//1271 677//1271 372//1271
f 413//1272 524//1272 412//1272
f 531//1273 296//1273 332//1273
f 594//1274 537//1274 538//1274
f 431//1275 628//1275 627//1275
f 426//1276 600//1276 414//1276
f 607//1277 562//1277 573//1277
f 327//1278 652//1278 326//1278
f 652//1279 328//1279 585//1279
f 533//1280 620//1280 396//1280
f 360//1281 326//1281 565//1281
f 348//1282 342//1282 454//1282
f 655//1283 643//1283 677//1283
f 676//1284 459//1284 457//1284
f 304//1285 530//1285 522//1285
f 571//1286 614//1286 600//1286
f 611//1287 498//1287 633//1287
f 720//1288 510//1288 508//1288
f 388//1289 606//1289 344//1289
f 522//1290 307//1290 521//1290
f 490//1291 394//1291 375//1291
f 352//1292 350//1292 491//1292
f 685//1293 567//1293 665//1293
f 474//1294 615//1294 299//1294
f 686//1295 690//1295 282//1295
f 374//1296 561//1296 601//1296
f 485//1297 671//1297 349//1297
f 380//1298 569//1298 451//1298
f 332//1299 330//1299 376//1299
f 565//1300 359//1300 360//1300
f 382//1301 364//1301 362//1301
f 279//1302 697//1302 661//1302
f 341//1303 510//1303 720//1303
f 358//1304 366//1304 505//1304
f 678//1305 692//1305 677//1305
f 680//1306 635//1306 492//1306
f 613//1307 596//1307 641//1307
f 568//1308 689//1308 665//1308
f 334//1309 651//1309 699//1309
f 476//1310 540//1310 468//1310
f 295//1311 715//1311 276//1311
f 531//1312 550//1312 410//1312
f 651//1313 334//1313 664//1313
f 290//1314 556//1314 716//1314
f 354//1315 355//1315 603//1315
f 696//1316 458//1316 695//1316
f 414//1317 600//1317 416//1317
f 550//1318 336//1318 466//1318
f 386//1319 384//1319 371//1319
f 378//1320 403//1320 404//1320
f 623//1321 594//1321 319//1321
f 417//1322 277//1322 666//1322
f 499//1323 682//1323 533//1323
f 343//1324 606//1324 700//1324
f 612//1325 448//1325 350//1325
f 501//1326 580//1326 500//1326
f 659//1327 641//1327 596//1327
f 642//1328 509//1328 507//1328
f 515//1329 514//1329 583//1329
f 537//1330 660//1330 317//1330
f 699//1331 651//1331 635//1331
f 510//1332 341//1332 287//1332
f 625//1333 279//1333 661//1333
f 591//1334 345//1334 547//1334
f 687//1335 291//1335 446//1335
f 304//1336 406//1336 306//1336
f 270//1337 548//1337 269//1337
f 720//1338 541//1338 340//1338
f 493//1339 572//1339 573//1339
f 656//1340 508//1340 509//1340
f 579//1341 580//1341 258//1341
f 554//1342 347//1342 591//1342
f 451//1343 698//1343 618//1343
f 688//1344 639//1344 624//1344
f 484//1345 667//1345 708//1345
f 493//1346 718//1346 494//1346
f 673//1347 506//1347 287//1347
f 486//1348 483//1348 708//1348
f 553//1349 543//1349 544//1349
f 666//1350 516//1350 621//1350
f 502//1351 378//1351 404//1351
f 493//1352 533//1352 683//1352
f 260//1353 555//1353 263//1353
f 269//1354 294//1354 266//1354
f 550//1355 377//1355 662//1355
f 531//1356 532//1356 715//1356
f 644//1357 645//1357 536//1357
f 328//1358 662//1358 329//1358
f 596//1359 400//1359 597//1359
f 694//1360 417//1360 430//1360
f 487//1361 459//1361 676//1361
f 557//1362 527//1362 708//1362
f 291//1363 687//1363 558//1363
f 487//1364 458//1364 459//1364
f 657//1365 637//1365 607//1365
f 670//1366 518//1366 638//1366
f 340//1367 341//1367 720//1367
f 640//1368 641//1368 659//1368
f 352//1369 635//1369 482//1369
f 595//1370 397//1370 594//1370
f 510//1371 287//1371 424//1371
f 665//1372 567//1372 568//1372
f 318//1373 675//1373 283//1373
f 706//1374 529//1374 278//1374
f 315//1375 714//1375 398//1375
f 354//1376 597//1376 400//1376
f 371//1377 264//1377 512//1377
f 432//1378 430//1378 621//1378
f 450//1379 618//1379 627//1379
f 327//1380 662//1380 652//1380
f 617//1381 618//1381 698//1381
f 363//1382 475//1382 553//1382
f 545//1383 614//1383 544//1383
f 371//1384 512//1384 386//1384
f 692//1385 433//1385 373//1385
f 622//1386 654//1386 489//1386
f 695//1387 469//1387 667//1387
f 644//1388 481//1388 646//1388
f 557//1389 528//1389 527//1389
f 455//1390 667//1390 478//1390
f 650//1391 649//1391 334//1391
f 683//1392 718//1392 493//1392
f 573//1393 562//1393 620//1393
f 656//1394 677//1394 630//1394
f 712//1395 452//1395 576//1395
f 315//1396 398//1396 592//1396
f 605//1397 469//1397 303//1397
f 715//1398 663//1398 531//1398
f 348//1399 454//1399 575//1399
f 479//1400 425//1400 622//1400
f 465//1401 463//1401 598//1401
f 686//1402 282//1402 595//1402
f 587//1403 357//1403 442//1403
f 323//1404 419//1404 717//1404
f 492//1405 548//1405 680//1405
f 490//1406 330//1406 461//1406
f 672//1407 525//1407 700//1407
f 290//1408 558//1408 559//1408
f 271//1409 559//1409 273//1409
f 353//1410 444//1410 499//1410
f 526//1411 700//1411 525//1411
f 685//1412 535//1412 536//1412
f 532//1413 411//1413 653//1413
f 525//1414 412//1414 524//1414
f 511//1415 621//1415 508//1415
f 475//1416 363//1416 474//1416
f 486//1417 701//1417 483//1417
f 456//1418 557//1418 667//1418
f 444//1419 494//1419 683//1419
f 616//1420 580//1420 579//1420
f 561//1421 387//1421 569//1421
f 319//1422 594//1422 321//1422
f 370//1423 371//1423 588//1423
f 707//1424 645//1424 664//1424
f 445//1425 493//1425 444//1425
f 261//1426 500//1426 312//1426
f 485//1427 478//1427 696//1427
f 675//1428 457//1428 605//1428
f 260//1429 261//1429 555//1429
f 291//1430 558//1430 290//1430
f 469//1431 478//1431 667//1431
f 545//1432 504//1432 502//1432
f 541//1433 720//1433 656//1433
f 300//1434 298//1434 364//1434
f 704//1435 445//1435 443//1435
f 656//1436 720//1436 508//1436
f 432//1437 621//1437 511//1437
f 587//1438 356//1438 357//1438
f 475//1439 566//1439 553//1439
f 716//1440 557//1440 456//1440
f 592//1441 399//1441 613//1441
f 592//1442 641//1442 702//1442
f 303//1443 359//1443 565//1443
f 571//1444 382//1444 363//1444
f 563//1445 594//1445 397//1445
f 623//1446 418//1446 417//1446
f 634//1447 693//1447 321//1447
f 615//1448 598//1448 298//1448
f 721//1449 267//1449 679//1449
f 722//1450 266//1450 267//1450
f 721//1451 270//1451 723//1451
f 270//1452 721//1452 679//1452
f 724//1453 270//1453 722//1453
f 270//1454 266//1454 722//1454
f 724//1455 722//1455 721//1455
f 722//1456 725//1456 721//1456
f 726//1457 721//1457 727//1457
f 725//1458 267//1458 721//1458
f 722//1459 267//1459 725//1459
f 726//1460 724//1460 721//1460
f 726//1461 727//1461 724//1461
f 723//1462 727//1462 721//1462
f 259//1463 260//1463 728//1463
f 729//1464 259//1464 728//1464
f 730//1465 260//1465 262//1465
f 265//1466 259//1466 729//1466
f 729//1467 730//1467 265//1467
f 265//1468 730//1468 262//1468
f 730//1469 729//1469 731//1469
f 260//1470 731//1470 728//1470
f 260//1471 730//1471 731//1471
f 731//1472 729//1472 732//1472
f 729//1473 728//1473 732//1473
f 731//1474 732//1474 728//1474
f 254//1475 255//1475 668//1475
f 317//1476 713//1476 691//1476
f 254//1477 669//1477 733//1477
f 257//1478 735//1478 734//1478
f 256//1479 257//1479 734//1479
f 257//1480 254//1480 735//1480
f 255//1481 736//1481 733//1481
f 719//1482 736//1482 255//1482
f 719//1483 737//1483 736//1483
f 256//1484 734//1484 579//1484
f 579//1485 734//1485 738//1485
f 579//1486 739//1486 578//1486
f 719//1487 578//1487 739//1487
f 719//1488 739//1488 737//1488
f 735//1489 736//1489 734//1489
f 736//1490 737//1490 734//1490
f 737//1491 739//1491 734//1491
f 739//1492 738//1492 734//1492
f 738//1493 739//1493 579//1493
f 735//1494 254//1494 733//1494
f 736//1495 735//1495 733//1495
f 660//1496 316//1496 691//1496
f 691//1497 713//1497 660//1497
f 723//1498 270//1498 724//1498
f 724//1499 727//1499 723//1499
f 733//1500 669//1500 668//1500
f 668//1475 255//1475 733//1475
