# Blender 5.2.2 LTS
# www.blender.org
mtllib Untitled.mtl
o Stegosaurus_Twin_Tail_Spike
v 0.234992 -0.041911 0.080101
v 0.159422 -0.008499 0.051100
v 0.165532 -0.010233 0.053852
v 0.166062 -0.009960 0.054989
v 0.235805 -0.041370 0.075802
v 0.235143 -0.041438 0.075966
v 0.235482 -0.042176 0.078758
v 0.222180 -0.046356 0.085564
v 0.095627 -0.001783 0.037631
v 0.085170 -0.001663 0.035853
v 0.158537 -0.008952 0.049993
v 0.152476 -0.008146 0.056811
v 0.149417 -0.007281 0.055229
v 0.145403 -0.006767 0.053331
v 0.139269 -0.005951 0.049943
v 0.131244 -0.005158 0.048402
v 0.134297 -0.005118 0.049663
v 0.102597 -0.003924 0.039792
v 0.133948 -0.013685 0.052851
v 0.127428 -0.004550 0.047567
v 0.122299 -0.002475 0.042519
v 0.122623 -0.002420 0.042857
v 0.124877 -0.003886 0.047246
v 0.085165 -0.001415 0.036248
v 0.075339 -0.003215 0.032269
v 0.071106 -0.000196 0.034808
v 0.064594 0.000966 0.030550
v 0.074981 -0.000280 0.036811
v 0.070624 0.000953 0.034584
v 0.076030 -0.010681 0.037309
v 0.063488 -0.019121 0.034926
v 0.071298 -0.034509 0.036071
v 0.206683 -0.036414 0.059312
v 0.214614 -0.037187 0.062367
v 0.207251 -0.036828 0.058073
v 0.212248 -0.037286 0.061316
v 0.197459 -0.046645 0.065930
v 0.212322 -0.047049 0.080439
v 0.198345 -0.044317 0.074321
v 0.193731 -0.043636 0.073836
v 0.204025 -0.045189 0.077364
v 0.192626 -0.043191 0.073035
v 0.104443 -0.025587 0.043592
v 0.093769 -0.023577 0.039815
v 0.182753 -0.045725 0.054632
v 0.160099 -0.046280 0.050865
v 0.165135 -0.041815 0.060112
v 0.167573 -0.042371 0.061901
v 0.164065 -0.042670 0.059615
v 0.180403 -0.042653 0.067996
v 0.180103 -0.042682 0.067770
v 0.169548 -0.042742 0.062812
v 0.155375 -0.009417 0.057282
v 0.156340 -0.041179 0.059013
v 0.165100 -0.021357 0.063577
v 0.138734 -0.031305 0.054316
v 0.142765 -0.040435 0.054672
v 0.078942 -0.035626 0.037198
v 0.082329 -0.038137 0.037379
v 0.090185 -0.039821 0.040087
v 0.082143 -0.038085 0.037555
v 0.078729 -0.036077 0.038417
v 0.071870 -0.034427 0.036184
v 0.071195 -0.034410 0.035054
v 0.057739 -0.032617 0.033393
v 0.231286 -0.038826 0.068813
v 0.228121 -0.030256 0.073755
v 0.227331 -0.029859 0.071545
v 0.230450 -0.033219 0.075941
v 0.231963 -0.033459 0.075589
v 0.216701 -0.027063 0.067553
v 0.218259 -0.037711 0.062877
v 0.222794 -0.029035 0.068877
v 0.215481 -0.025434 0.068438
v 0.228332 -0.038134 0.086593
v 0.229929 -0.039243 0.085117
v 0.221387 -0.039699 0.085710
v 0.220924 -0.039288 0.085544
v 0.212600 -0.035681 0.083226
v 0.212620 -0.035201 0.083871
v 0.190621 -0.018941 0.054155
v 0.176580 -0.016392 0.066160
v 0.169042 -0.011720 0.060591
v 0.175654 -0.016084 0.065114
v 0.184374 -0.018236 0.067492
v 0.168452 -0.012510 0.059460
v 0.168324 -0.012025 0.060942
v 0.187883 -0.019642 0.070408
v 0.186963 -0.019697 0.070021
v 0.222335 -0.036801 0.065239
v 0.233886 -0.039889 0.070939
v 0.229637 -0.044250 0.084657
v 0.219371 -0.047884 0.084753
v 0.229294 -0.040732 0.083182
v 0.229641 -0.043716 0.084570
v 0.214507 -0.044554 0.082967
v 0.214251 -0.044716 0.083103
v 0.210938 -0.045414 0.079213
v 0.110675 -0.039785 0.045617
v 0.110851 -0.039508 0.044952
v 0.102706 -0.041335 0.042521
v 0.102524 -0.041433 0.042869
v 0.093466 -0.040449 0.041037
v 0.093348 -0.039394 0.040721
v 0.090148 -0.039648 0.040058
v 0.195376 -0.021764 0.057211
v 0.196390 -0.019594 0.056545
v 0.210630 -0.023354 0.066444
v 0.205464 -0.023437 0.065948
v 0.205144 -0.022901 0.065114
v 0.205589 -0.023110 0.061863
v 0.202182 -0.021694 0.060767
v 0.207317 -0.022571 0.066540
v 0.200962 -0.020988 0.068621
v 0.202218 -0.022025 0.068488
v 0.196364 -0.019185 0.070090
v 0.201909 -0.021037 0.060825
v 0.193061 -0.020551 0.070037
v 0.201328 -0.028146 0.077604
v 0.194156 -0.021311 0.072533
v 0.192843 -0.021744 0.070207
v 0.196673 -0.024625 0.074540
v 0.196648 -0.024492 0.075178
v 0.205776 -0.031354 0.079815
v 0.205783 -0.031363 0.079756
v 0.200918 -0.028220 0.077568
v 0.192571 -0.035206 0.074786
v 0.152482 -0.041942 0.056768
v 0.153797 -0.041536 0.056571
v 0.147331 -0.043621 0.052492
v 0.142765 -0.040772 0.053436
v 0.141303 -0.041058 0.052756
v 0.136508 -0.041209 0.051841
v 0.147753 -0.044050 0.053673
v 0.144901 -0.043261 0.053694
v 0.140755 -0.041559 0.051989
v 0.135944 -0.040790 0.051811
v 0.128751 -0.041708 0.049289
v 0.123842 -0.039111 0.049998
v 0.128384 -0.041810 0.049678
v 0.123773 -0.039114 0.050341
v 0.118430 -0.039858 0.048090
v 0.118597 -0.039579 0.047450
v 0.139338 -0.004768 0.050534
v 0.115726 -0.004908 0.030864
v 0.114386 -0.001631 0.038905
v 0.116128 -0.001668 0.039738
v 0.196078 -0.022231 0.054833
v 0.194794 -0.021091 0.054260
v 0.189411 -0.020266 0.052060
v 0.189529 -0.020001 0.051922
v 0.201833 -0.025912 0.053560
v 0.202495 -0.034603 0.055488
v 0.202434 -0.034870 0.055577
v 0.192625 -0.033068 0.049171
v 0.198786 -0.035130 0.052223
v 0.197959 -0.034441 0.053460
v 0.192530 -0.033035 0.048826
v 0.085644 0.001202 0.031312
v 0.076452 0.000942 0.032225
v 0.085365 0.000395 0.031783
v 0.071386 0.002604 0.031923
v 0.066890 0.003402 0.031652
v 0.107301 -0.002640 0.036414
v 0.104567 -0.002797 0.030943
v 0.107504 -0.001855 0.034774
v 0.102797 -0.004116 0.033997
v 0.107077 -0.001829 0.038062
v 0.104140 -0.003393 0.039762
v 0.095551 -0.001437 0.037901
v 0.101984 -0.001379 0.033537
v 0.094312 -0.000586 0.031917
v 0.094686 -0.000591 0.031805
v 0.137949 -0.040709 0.030861
v 0.165451 -0.039299 0.040811
v 0.151604 -0.038275 0.035669
v 0.151677 -0.038396 0.035545
v 0.144250 -0.042032 0.035468
v 0.144232 -0.042122 0.035368
v 0.164471 -0.022304 0.037214
v 0.164840 -0.022050 0.036705
v 0.156672 -0.029437 0.032933
v 0.148470 -0.018243 0.035130
v 0.148928 -0.024008 0.031801
v 0.149406 -0.023953 0.031958
v 0.150332 -0.023819 0.031577
v 0.145007 -0.023704 0.030002
v 0.143618 -0.024225 0.029375
v 0.145602 -0.023067 0.030328
v 0.156058 -0.012680 0.043735
v 0.155803 -0.013208 0.044160
v 0.152517 -0.012961 0.041413
v 0.150946 -0.013231 0.041170
v 0.135801 -0.016417 0.034790
v 0.148294 -0.017264 0.036500
v 0.148363 -0.015413 0.038038
v 0.143502 -0.007869 0.045224
v 0.065124 -0.010243 0.016476
v 0.088444 -0.010729 0.020923
v 0.095939 -0.027094 0.011846
v 0.084173 -0.026506 0.009092
v 0.083761 -0.026480 0.009184
v 0.070416 -0.036849 0.006552
v 0.078164 -0.024244 0.008457
v 0.073648 -0.025410 0.007493
v 0.072279 -0.025417 0.007827
v 0.073806 -0.025748 0.006876
v 0.071799 -0.027802 0.005452
v 0.071784 -0.026947 0.005105
v 0.066700 -0.027174 0.005192
v 0.136504 -0.041909 0.031386
v 0.132759 -0.043023 0.031463
v 0.123172 -0.046974 0.032127
v 0.122046 -0.047175 0.032390
v 0.134840 -0.046948 0.045047
v 0.120564 -0.050480 0.031749
v 0.118360 -0.051750 0.030746
v 0.104725 -0.047729 0.034356
v 0.130629 -0.024464 0.023631
v 0.130671 -0.024969 0.024282
v 0.120224 -0.034487 0.022029
v 0.107244 -0.021019 0.019666
v 0.120073 -0.025921 0.021385
v 0.120128 -0.025875 0.021201
v 0.128244 -0.009847 0.034381
v 0.120821 -0.013917 0.029988
v 0.181989 -0.018948 0.047507
v 0.175909 -0.018602 0.044262
v 0.181583 -0.019387 0.048194
v 0.175889 -0.018695 0.044381
v 0.167735 -0.013058 0.044910
v 0.186156 -0.033678 0.046327
v 0.185437 -0.033573 0.046667
v 0.177497 -0.035314 0.043987
v 0.104695 -0.008176 0.027012
v 0.105603 -0.013770 0.024046
v 0.105444 -0.014805 0.024384
v 0.104652 -0.007878 0.027238
v 0.114033 -0.027314 0.018779
v 0.114029 -0.027318 0.018790
v 0.108325 -0.028576 0.016303
v 0.107360 -0.028721 0.015756
v 0.107338 -0.028442 0.015693
v 0.107560 -0.020869 0.019055
v 0.099770 -0.025548 0.013255
v 0.077966 -0.023897 0.007583
v 0.100931 -0.029023 0.014910
v 0.100769 -0.027830 0.014144
v 0.092725 -0.027103 0.010851
v 0.097484 -0.027318 0.012350
v 0.096971 -0.026763 0.012319
v 0.176053 -0.035466 0.043405
v 0.170161 -0.037033 0.042037
v 0.166167 -0.038809 0.040980
v 0.084812 -0.050132 0.020425
v 0.090112 -0.050757 0.022670
v 0.079737 -0.050690 0.020087
v 0.080512 -0.052317 0.020253
v 0.086976 -0.046043 0.028230
v 0.087313 -0.049808 0.022062
v 0.072532 -0.051566 0.019597
v 0.071883 -0.050770 0.019817
v 0.066774 -0.050866 0.018000
v 0.094745 -0.039923 0.013711
v 0.108925 -0.051810 0.026661
v 0.104026 -0.051028 0.026044
v 0.101603 -0.051270 0.025536
v 0.090490 -0.050697 0.023264
v -0.207666 -0.017226 -0.028868
v -0.209275 -0.048119 -0.035914
v -0.209219 -0.025436 -0.032436
v -0.206615 -0.029319 -0.034230
v -0.208160 -0.028765 -0.034281
v -0.208243 -0.029353 -0.035104
v -0.132207 -0.040259 -0.042879
v -0.154941 -0.038319 -0.048817
v -0.145580 -0.062044 -0.049464
v -0.146399 -0.063805 -0.044145
v -0.149488 -0.064328 -0.048946
v -0.149751 -0.064614 -0.048857
v -0.150100 -0.064553 -0.048232
v -0.182927 -0.063293 -0.056550
v -0.180195 -0.060654 -0.053300
v -0.193009 -0.063115 -0.057676
v -0.194005 -0.064591 -0.058046
v -0.196450 -0.063600 -0.056732
v -0.157519 -0.038729 -0.020439
v -0.149214 -0.045600 -0.027708
v -0.157583 -0.038970 -0.020250
v -0.181330 -0.044741 -0.036749
v -0.132046 -0.043432 -0.017233
v -0.143287 -0.045341 -0.025415
v -0.139171 -0.044494 -0.022054
v -0.143524 -0.045894 -0.024874
v -0.139304 -0.044499 -0.022017
v -0.148881 -0.046576 -0.027530
v -0.152316 -0.043323 -0.024893
v -0.152306 -0.043271 -0.024930
v -0.213364 -0.020375 -0.063497
v -0.222594 -0.045767 -0.065995
v -0.157629 -0.034822 -0.044442
v -0.160885 -0.055890 -0.054071
v -0.165943 -0.063418 -0.052854
v -0.165398 -0.061566 -0.049619
v -0.161094 -0.065267 -0.051700
v -0.163157 -0.065467 -0.051675
v -0.169548 -0.062223 -0.053210
v -0.172365 -0.062964 -0.054206
v -0.170309 -0.052548 -0.038571
v -0.164807 -0.054978 -0.038902
v -0.164524 -0.058242 -0.041852
v -0.164794 -0.055160 -0.038808
v -0.179538 -0.051219 -0.038336
v -0.175260 -0.053516 -0.041204
v -0.177914 -0.056446 -0.041996
v -0.170515 -0.053785 -0.039955
v -0.180442 -0.053875 -0.042517
v -0.181188 -0.056768 -0.042670
v -0.165056 -0.062690 -0.047902
v -0.165060 -0.062905 -0.047953
v -0.164586 -0.058382 -0.041674
v -0.171828 -0.063103 -0.049657
v -0.172306 -0.063280 -0.049737
v -0.170428 -0.050382 -0.036845
v -0.177476 -0.050619 -0.038383
v -0.197773 -0.045851 -0.063343
v -0.201989 -0.041124 -0.042831
v -0.202317 -0.041133 -0.043140
v -0.206443 -0.023286 -0.030366
v -0.206321 -0.029474 -0.034045
v -0.206585 -0.022315 -0.032406
v -0.195517 -0.039197 -0.041238
v -0.203959 -0.033904 -0.037733
v -0.204027 -0.033623 -0.038288
v -0.187711 -0.055005 -0.044793
v -0.187797 -0.056598 -0.043234
v -0.181383 -0.063100 -0.050455
v -0.184406 -0.063306 -0.050858
v -0.184406 -0.063915 -0.048937
v -0.185539 -0.062264 -0.050703
v -0.188820 -0.061715 -0.051170
v -0.189748 -0.063069 -0.052964
v -0.187670 -0.063741 -0.054002
v -0.189288 -0.063783 -0.053374
v -0.196311 -0.064707 -0.056202
v -0.184160 -0.050709 -0.039587
v -0.194584 -0.051828 -0.038992
v -0.194876 -0.051949 -0.039490
v -0.204753 -0.047496 -0.039327
v -0.204686 -0.047644 -0.039513
v -0.204554 -0.050243 -0.038870
v -0.204242 -0.050376 -0.039096
v -0.215449 -0.059423 -0.063991
v -0.228766 -0.055603 -0.065044
v -0.207310 -0.061605 -0.061466
v -0.217405 -0.060917 -0.063737
v -0.211408 -0.062748 -0.055603
v -0.207281 -0.061011 -0.061308
v -0.220976 -0.061615 -0.062647
v -0.223054 -0.060183 -0.063551
v -0.224669 -0.058289 -0.063705
v -0.131706 -0.063265 -0.041177
v -0.143278 -0.056548 -0.033640
v -0.142839 -0.055416 -0.034620
v -0.145597 -0.052892 -0.031881
v -0.135506 -0.063741 -0.039950
v -0.140152 -0.062514 -0.043061
v -0.137345 -0.062864 -0.041545
v -0.137444 -0.062732 -0.040472
v -0.142341 -0.062834 -0.044527
v -0.147218 -0.063661 -0.044272
v -0.145651 -0.053042 -0.031723
v -0.148233 -0.048148 -0.028278
v -0.148329 -0.048321 -0.028113
v -0.203070 -0.058158 -0.046322
v -0.203903 -0.064315 -0.057532
v -0.204174 -0.064588 -0.057484
v -0.211394 -0.062823 -0.055944
v -0.220898 -0.062523 -0.057778
v -0.220907 -0.063014 -0.057675
v -0.229048 -0.061656 -0.055874
v -0.228977 -0.062114 -0.055796
v -0.224239 -0.057300 -0.046592
v -0.234663 -0.046145 -0.033521
v -0.257583 -0.070561 -0.062777
v -0.254612 -0.063649 -0.046579
v -0.282899 -0.042088 -0.059423
v -0.280980 -0.031177 -0.047970
v -0.276527 -0.072849 -0.078899
v -0.282754 -0.060787 -0.080639
v -0.273392 -0.041798 -0.075022
v -0.280495 -0.051570 -0.078357
v -0.281312 -0.053122 -0.076770
v -0.283257 -0.054084 -0.076150
v -0.287031 -0.056799 -0.073793
v -0.274866 -0.042605 -0.076439
v -0.265977 -0.055462 -0.075873
v -0.247321 -0.013542 -0.073471
v -0.253543 -0.018599 -0.075652
v -0.253198 -0.032880 -0.076248
v -0.239441 -0.036259 -0.068690
v -0.289110 -0.063203 -0.072742
v -0.289936 -0.063697 -0.073663
v -0.286245 -0.052615 -0.058454
v -0.295526 -0.064071 -0.058299
v -0.236859 -0.057237 -0.064962
v -0.244335 -0.059774 -0.066444
v -0.228510 -0.055443 -0.064701
v -0.236601 -0.057027 -0.064735
v -0.273558 -0.032885 -0.062362
v -0.253567 -0.018500 -0.075955
v -0.262901 -0.022574 -0.075591
v -0.262952 -0.022351 -0.076580
v -0.262470 -0.027987 -0.075721
v -0.266228 -0.038918 -0.075512
v -0.262381 -0.027953 -0.075461
v -0.261875 -0.032550 -0.075802
v -0.262912 -0.034276 -0.074102
v -0.264735 -0.037877 -0.076242
v -0.239812 -0.059988 -0.063622
v -0.239775 -0.060153 -0.063734
v -0.238901 -0.061784 -0.057805
v -0.236139 -0.061889 -0.055109
v -0.242230 -0.063050 -0.057555
v -0.236084 -0.061153 -0.054871
v -0.239451 -0.060812 -0.058133
v -0.244900 -0.059867 -0.066077
v -0.246915 -0.062845 -0.063343
v -0.246581 -0.062123 -0.062504
v -0.247286 -0.062823 -0.062913
v -0.247851 -0.063193 -0.058810
v -0.247187 -0.063314 -0.063491
v -0.251215 -0.065730 -0.063366
v -0.251523 -0.065759 -0.062987
v -0.247708 -0.062793 -0.058302
v -0.245209 -0.054847 -0.039374
v -0.266044 -0.070945 -0.069699
v -0.264145 -0.072926 -0.063682
v -0.257597 -0.071358 -0.062568
v -0.263803 -0.073456 -0.063634
v -0.268747 -0.077690 -0.060854
v -0.268518 -0.076271 -0.061929
v -0.280942 -0.081596 -0.071425
v -0.279597 -0.082707 -0.067433
v -0.275718 -0.081286 -0.061946
v -0.270303 -0.077775 -0.060152
v -0.280694 -0.079866 -0.051672
v -0.279055 -0.083136 -0.060878
v -0.279471 -0.082822 -0.061055
v -0.286491 -0.074200 -0.076535
v -0.289378 -0.068821 -0.075564
v -0.286890 -0.078690 -0.073989
v -0.286680 -0.074377 -0.076684
v -0.285908 -0.078058 -0.071848
v -0.286530 -0.078373 -0.072219
v -0.290288 -0.078732 -0.065430
v -0.289561 -0.068949 -0.076016
v -0.280942 -0.080946 -0.071138
v -0.279662 -0.082580 -0.067361
v -0.286491 -0.081279 -0.061961
v -0.291174 -0.077885 -0.064907
v -0.298306 -0.069701 -0.053188
v -0.295110 -0.073340 -0.060650
v -0.295514 -0.073883 -0.060956
v -0.296992 -0.069207 -0.053630
v -0.265251 -0.022649 -0.006452
v -0.269845 -0.026724 -0.015695
v -0.264324 -0.022123 -0.007970
v -0.273268 -0.036333 -0.017911
v -0.276241 -0.039134 -0.017859
v -0.281858 -0.045156 -0.020892
v -0.265910 -0.026889 -0.012567
v -0.269664 -0.027049 -0.015697
v -0.266830 -0.026162 -0.010995
v -0.268894 -0.029054 -0.012786
v -0.269278 -0.030932 -0.019554
v -0.271722 -0.033594 -0.016596
v -0.276784 -0.039180 -0.015527
v -0.278968 -0.038667 -0.019944
v -0.284411 -0.071830 -0.039283
v -0.244121 -0.034995 -0.020184
v -0.265743 -0.039191 -0.020103
v -0.291830 -0.046404 -0.042251
v -0.297008 -0.063135 -0.045477
v -0.295113 -0.067545 -0.049074
v -0.295290 -0.067784 -0.049066
v -0.295849 -0.062821 -0.044963
v -0.293152 -0.061314 -0.036724
v -0.290175 -0.059438 -0.029922
v -0.291976 -0.061026 -0.035484
v -0.289807 -0.059442 -0.030312
v -0.265739 -0.051541 -0.030747
v -0.286527 -0.054576 -0.025340
v -0.285076 -0.053304 -0.027855
v -0.271306 -0.023281 -0.025979
v -0.281682 -0.033276 -0.025231
v -0.271293 -0.023299 -0.025990
v -0.269882 -0.025987 -0.021610
v -0.270562 -0.025360 -0.021165
v -0.270786 -0.029362 -0.019599
v -0.276945 -0.029130 -0.024618
v -0.275877 -0.030163 -0.025635
v -0.280648 -0.034356 -0.025480
v -0.279893 -0.036978 -0.021332
v -0.284930 -0.048169 -0.022278
v -0.280433 -0.035028 -0.021822
v -0.278609 -0.038453 -0.020707
v -0.282863 -0.046928 -0.021753
v 0.063200 0.002969 0.032194
v 0.051146 0.005368 0.030170
v 0.051075 0.006984 0.030398
v 0.041515 0.006687 0.030656
v 0.048654 0.002865 0.031213
v 0.048782 0.003203 0.032517
v 0.049667 0.002335 0.032088
v 0.049029 0.002241 0.032793
v 0.048832 0.001789 0.032801
v 0.044749 0.006048 0.031904
v 0.046471 0.001627 0.033654
v 0.049642 0.000401 0.033048
v 0.050027 0.003712 0.032199
v 0.046956 -0.000735 0.033772
v 0.046129 0.003109 0.032409
v 0.043358 0.003542 0.034658
v 0.036263 0.004154 0.031415
v 0.044276 0.003090 0.034959
v 0.048428 -0.000308 0.034626
v 0.048445 -0.005012 0.033116
v 0.050708 -0.003094 0.033136
v 0.047545 -0.000025 0.035165
v 0.026503 -0.015599 0.029326
v -0.014372 -0.011963 0.025680
v -0.014104 -0.017713 0.023085
v -0.012683 -0.024452 0.022221
v -0.014227 0.012563 0.013941
v 0.013883 0.003714 0.032357
v 0.012705 0.007849 0.025679
v 0.009549 0.010620 0.025606
v 0.006158 0.006792 0.027436
v 0.009380 0.010361 0.026099
v 0.004330 0.011498 0.024660
v 0.004827 0.011383 0.025646
v 0.000813 0.005680 0.029531
v 0.000327 0.005539 0.029895
v -0.006916 0.013929 0.023813
v -0.006441 0.013625 0.023698
v -0.009075 0.006878 0.030451
v -0.014302 0.007319 0.030326
v 0.011616 0.007272 0.029085
v 0.010805 0.007444 0.029377
v 0.007710 0.007764 0.028590
v 0.016873 0.007814 0.029040
v 0.013017 0.003624 0.030886
v 0.010866 0.007569 0.029158
v 0.006621 0.008207 0.028135
v 0.010614 0.005819 0.028480
v 0.009451 0.006045 0.028653
v 0.007047 0.004927 0.032699
v 0.004948 0.004551 0.032700
v -0.009100 0.006937 0.030802
v 0.021594 0.008453 0.026467
v 0.022427 0.008617 0.027281
v 0.015177 0.008646 0.026029
v 0.036466 0.005792 0.031377
v 0.032021 0.007359 0.029784
v 0.032677 0.003112 0.031533
v 0.031871 0.005672 0.031054
v 0.028224 0.007605 0.028825
v 0.019997 0.003267 0.031694
v 0.035300 0.003613 0.033978
v 0.033274 0.003289 0.032216
v 0.027756 0.004083 0.034641
v 0.029750 0.003966 0.033525
v 0.028625 0.004053 0.035426
v 0.030035 -0.000764 0.034627
v 0.030169 -0.000946 0.034907
v 0.029663 -0.005421 0.034547
v 0.020777 0.004137 0.030316
v 0.020060 0.003808 0.032630
v 0.014025 0.003374 0.033762
v 0.018091 0.005227 0.030705
v 0.004646 -0.003505 0.032062
v -0.021060 0.013699 0.014195
v -0.021735 0.013471 0.014881
v -0.028141 0.015135 0.014135
v -0.028074 0.015356 0.014045
v -0.021825 0.015307 0.020848
v -0.024520 0.015849 0.019881
v -0.022096 0.016106 0.020360
v -0.022637 0.015785 0.025161
v -0.029097 0.017775 0.021189
v -0.026315 0.016681 0.019706
v -0.038738 0.018617 0.015854
v -0.030644 0.018269 0.021259
v -0.015634 0.007396 0.030332
v -0.018552 0.007966 0.030975
v -0.021388 0.007567 0.029890
v -0.028321 0.010671 0.029434
v -0.027119 0.010579 0.029118
v -0.028608 0.009791 0.027582
v -0.036190 0.012825 0.028094
v -0.035790 0.011803 0.027693
v -0.020658 0.005372 0.029402
v -0.017624 -0.006722 0.027540
v -0.029411 0.003211 0.027205
v -0.029318 0.003045 0.027540
v -0.031398 -0.007820 0.022133
v -0.031650 -0.003789 0.025056
v -0.030468 -0.003694 0.025982
v 0.030224 -0.010735 0.032790
v 0.029247 -0.011515 0.032235
v 0.029746 -0.005306 0.033899
v 0.027044 -0.020641 0.027936
v 0.026883 -0.021117 0.028686
v 0.026439 -0.027167 0.026862
v 0.026503 -0.027527 0.026408
v 0.025564 -0.032451 0.025885
v -0.017296 -0.007048 0.027381
v -0.014316 -0.011832 0.025392
v -0.034434 -0.016980 0.018134
v -0.030777 -0.008748 0.022623
v -0.012519 -0.024772 0.021974
v -0.014081 -0.018593 0.023118
v 0.046873 -0.018081 0.032227
v 0.049557 -0.011467 0.035044
v 0.047653 -0.013655 0.032195
v 0.046979 -0.018321 0.032249
v 0.047990 -0.008662 0.033922
v 0.046470 -0.027784 0.032167
v 0.051548 -0.030289 0.033049
v 0.051533 -0.030195 0.032858
v 0.041211 -0.023600 0.031051
v 0.041060 -0.023833 0.030467
v 0.041622 -0.028553 0.032319
v 0.041827 -0.028300 0.031164
v -0.053438 -0.012794 0.014128
v -0.037932 -0.030784 0.017745
v -0.123173 0.040414 0.011879
v -0.130065 0.042744 0.010441
v -0.135974 0.045507 0.006761
v -0.136075 0.044821 0.006693
v -0.127256 0.040016 0.005196
v -0.127443 0.039553 0.005501
v -0.125524 0.041574 0.009308
v -0.127535 0.041447 0.008430
v -0.125697 0.034072 -0.001442
v -0.110384 0.036160 0.013035
v -0.128330 0.035671 0.000938
v -0.126848 0.032747 -0.003890
v -0.127440 0.035084 0.000739
v -0.115225 0.036793 0.012471
v -0.115352 0.037612 0.012741
v -0.119748 0.038099 0.012490
v -0.117917 0.037677 0.013083
v -0.118266 0.036684 0.012790
v -0.119648 0.038033 0.012615
v -0.126299 0.040481 0.012919
v -0.121946 0.038394 0.012738
v -0.117546 0.037483 0.013548
v -0.124637 0.038572 0.010906
v -0.130983 0.039593 0.011739
v -0.129285 0.042262 0.010758
v -0.129626 0.031512 0.014301
v -0.129356 0.037677 0.013971
v -0.137253 0.038223 0.014044
v -0.132763 0.038961 0.012196
v -0.133394 0.038907 0.013012
v -0.137495 0.037557 0.013787
v -0.131891 0.032587 0.014624
v -0.129569 0.030376 0.014461
v -0.139044 0.033008 0.014115
v -0.136670 0.033413 0.014868
v -0.087283 0.030565 0.016057
v -0.101699 0.033750 0.013848
v -0.103721 0.033596 0.012717
v -0.099190 0.032874 0.014291
v -0.109884 0.036123 0.012634
v -0.097816 0.030168 0.017703
v -0.092051 0.029203 0.019066
v -0.089517 0.028343 0.018960
v -0.099677 0.029075 0.017086
v -0.100076 0.028542 0.017444
v -0.108985 0.032796 0.016025
v -0.109258 0.031341 0.012777
v -0.072376 -0.001236 0.014673
v -0.073076 -0.004668 0.012410
v -0.073474 -0.008143 0.010887
v -0.074008 -0.012214 0.009961
v -0.077339 -0.003602 0.011574
v -0.082820 -0.003556 0.009601
v -0.073837 -0.007383 0.011413
v -0.083351 -0.003856 0.009200
v -0.091434 -0.005065 0.008864
v -0.085897 -0.020974 0.009375
v -0.089846 -0.016169 0.008198
v -0.071479 -0.032324 0.008798
v -0.077464 -0.017592 0.008999
v -0.076973 -0.016542 0.009113
v -0.075147 -0.022581 0.006734
v -0.075940 -0.023431 0.010717
v -0.079269 -0.022009 0.006741
v -0.079030 -0.016638 0.008181
v -0.080563 -0.022866 0.008812
v -0.084483 -0.022223 0.009415
v -0.001510 -0.045298 0.016154
v 0.007531 -0.044586 0.016523
v -0.010988 -0.038997 0.018349
v -0.012777 -0.031969 0.021804
v -0.012724 -0.031779 0.021404
v -0.010993 -0.039003 0.018363
v 0.007473 -0.045804 0.017308
v -0.001502 -0.044653 0.015703
v -0.011206 -0.044684 0.014433
v -0.010058 -0.044056 0.014731
v -0.010730 -0.044756 0.014565
v -0.030571 -0.044126 0.011687
v -0.032905 -0.043531 0.009939
v -0.034259 -0.045308 0.008747
v -0.036945 -0.043861 0.010618
v -0.088436 -0.042076 -0.004122
v -0.088429 -0.042133 -0.004043
v -0.125624 -0.041375 -0.012517
v -0.125615 -0.041291 -0.012582
v -0.087038 -0.031252 0.006362
v -0.092897 -0.039015 -0.001243
v -0.092575 -0.038447 -0.000717
v -0.094150 -0.039671 -0.001786
v -0.094831 -0.030680 0.004629
v -0.099632 -0.032247 0.002007
v -0.098682 -0.033616 0.001862
v -0.098540 -0.033969 0.001553
v -0.103349 -0.029650 0.002267
v -0.103978 -0.029441 0.002266
v -0.109423 -0.033091 -0.000254
v -0.106576 -0.025268 0.003496
v -0.109545 -0.033392 -0.000023
v -0.115002 -0.036233 -0.003654
v -0.114753 -0.035966 -0.004150
v -0.139752 -0.035560 -0.010427
v -0.121147 -0.038996 -0.008070
v -0.121031 -0.038867 -0.008304
v -0.037955 0.018801 0.015264
v -0.039473 0.018888 0.019306
v -0.040673 0.019445 0.019977
v -0.043865 0.019963 0.019724
v -0.040475 0.019420 0.022511
v -0.043936 0.020134 0.021731
v -0.045811 0.022082 0.019955
v -0.053549 0.022969 0.019942
v -0.052905 0.023833 0.018833
v -0.054651 0.019708 0.023465
v -0.039948 0.015696 0.025646
v -0.038898 0.015391 0.027311
v -0.040447 0.016324 0.022308
v -0.046443 0.017221 0.025482
v -0.047030 0.017524 0.025563
v -0.054861 0.019493 0.023047
v -0.059456 0.020332 0.023853
v -0.060673 0.020767 0.023345
v -0.053216 0.006800 0.025150
v 0.051329 -0.043346 0.022416
v 0.051618 -0.043626 0.023732
v 0.043991 -0.046856 0.020414
v 0.046021 -0.045596 0.022410
v 0.025479 -0.036931 0.025344
v 0.030173 -0.045181 0.019004
v 0.030105 -0.045153 0.019138
v 0.018818 -0.044703 0.019009
v 0.057763 -0.032569 0.033200
v 0.060749 -0.037209 0.031113
v 0.055590 -0.034266 0.031265
v 0.055580 -0.034447 0.030425
v 0.060079 -0.037687 0.031487
v 0.055489 -0.040983 0.028243
v 0.055376 -0.040984 0.028079
v 0.046475 -0.027976 0.032500
v 0.048745 -0.040927 0.026971
v 0.048965 -0.041039 0.026860
v 0.025291 -0.033301 0.027533
v 0.023596 -0.044022 0.020754
v 0.024982 -0.037803 0.026030
v 0.024263 -0.042817 0.021717
v 0.017045 -0.044950 0.018376
v -0.054447 0.022332 0.019227
v -0.053571 0.023520 0.019430
v -0.064063 0.025837 0.019363
v -0.064841 0.022485 0.007970
v -0.065330 0.026171 0.018139
v -0.066453 0.024103 0.022297
v -0.072351 0.027487 0.018022
v -0.087562 0.030565 0.016073
v -0.077139 0.028385 0.017588
v -0.066786 0.022857 0.021623
v -0.066959 0.022833 0.022421
v -0.074905 0.024020 0.021616
v -0.074147 0.023959 0.021897
v -0.043883 -0.047391 0.002937
v -0.046725 -0.046105 0.002175
v -0.037278 -0.043101 0.009960
v -0.068222 -0.041318 0.002347
v -0.074301 -0.027129 0.008592
v -0.071375 -0.032371 0.008780
v -0.076627 -0.030755 0.007965
v -0.075824 -0.030262 0.009184
v -0.087622 -0.031248 0.005931
v -0.068254 -0.041415 0.002464
v -0.071965 0.001336 0.016724
v -0.068307 0.015180 0.023644
v -0.068269 0.015217 0.023850
v -0.070737 0.008872 0.021456
v -0.071084 0.004041 0.018760
v -0.104536 0.010088 0.015918
v -0.098363 0.002779 0.010465
v -0.098306 0.002961 0.010132
v -0.094690 -0.005238 0.009076
v -0.094785 -0.004016 0.007736
v -0.110189 -0.001987 0.006118
v -0.109841 0.002388 0.008000
v -0.109904 0.002211 0.008338
v -0.104347 0.018117 0.018050
v -0.104418 0.017957 0.018116
v -0.118809 0.024782 0.014194
v -0.102913 0.011044 0.014657
v -0.101125 0.007916 0.012054
v -0.101232 0.007898 0.012198
v -0.106783 0.009176 0.013703
v -0.108021 0.006709 0.010201
v -0.106160 0.008993 0.013946
v -0.108187 0.006248 0.010920
v -0.121369 -0.000617 0.004928
v -0.123772 0.004981 0.004411
v -0.141131 0.005460 0.003801
v -0.128244 0.021234 0.011357
v -0.125315 0.014648 0.007954
v -0.128258 0.021317 0.011197
v -0.125343 0.014489 0.008371
v -0.123778 0.004984 0.004545
v -0.090231 -0.004957 0.007794
v -0.091368 -0.012183 0.007515
v -0.091534 -0.011316 0.007975
v -0.090419 -0.015170 0.007932
v -0.114715 -0.006675 0.003436
v -0.110192 -0.001745 0.006568
v -0.113891 -0.006335 0.003638
v -0.112794 -0.016129 0.003430
v -0.105776 -0.026023 0.003556
v -0.117960 -0.006602 0.004624
v -0.121108 -0.000445 0.004205
v -0.118210 -0.008102 0.003908
v -0.117658 -0.009718 0.002683
v -0.132153 -0.017255 -0.000942
v -0.112881 -0.016213 0.003807
v -0.165095 -0.025534 -0.010452
v -0.162092 -0.030401 -0.013222
v -0.162074 -0.030517 -0.013112
v -0.160146 -0.034665 -0.015749
v -0.160095 -0.034505 -0.015914
v -0.165873 -0.027357 -0.010952
v -0.218196 -0.015923 -0.015006
v -0.217845 -0.041285 -0.028431
v -0.244251 0.004435 -0.061547
v -0.243761 0.006025 -0.052323
v -0.244571 0.006235 -0.045483
v -0.244098 0.006575 -0.035919
v -0.244085 0.006443 -0.052256
v -0.254346 -0.001951 -0.044733
v -0.244209 0.005961 -0.045633
v -0.245121 0.007137 -0.037754
v -0.248378 0.003754 -0.034404
v -0.248456 0.002730 -0.034105
v -0.250245 0.000751 -0.033049
v -0.269130 -0.015302 -0.043625
v -0.246212 -0.007174 -0.070941
v -0.257564 -0.009104 -0.067268
v -0.230111 0.020900 -0.058953
v -0.230185 0.019859 -0.054750
v -0.228222 0.025071 -0.052374
v -0.228797 0.024522 -0.052908
v -0.230327 0.023298 -0.055082
v -0.232071 0.022357 -0.055671
v -0.230574 0.010478 -0.063412
v -0.237578 0.013313 -0.062047
v -0.242028 0.008052 -0.065082
v -0.232463 0.016865 -0.060553
v -0.235977 0.018135 -0.057873
v -0.237832 0.014155 -0.062261
v -0.236702 0.015379 -0.060884
v -0.234614 0.019397 -0.057730
v -0.234801 0.021075 -0.047167
v -0.243993 0.005978 -0.066820
v -0.243380 0.008988 -0.038891
v -0.242908 0.008394 -0.040239
v -0.225626 -0.000076 -0.066331
v -0.222283 -0.004725 -0.064515
v -0.232618 0.007292 -0.067544
v -0.232971 0.006632 -0.067475
v -0.233479 0.007199 -0.067390
v -0.236427 0.001710 -0.067470
v -0.236544 0.003990 -0.070562
v -0.230038 -0.000936 -0.067946
v -0.234555 0.000914 -0.070185
v -0.230114 -0.001017 -0.067684
v -0.241666 0.004083 -0.066122
v -0.243141 0.003161 -0.066088
v -0.243935 0.003098 -0.066714
v -0.245622 0.001101 -0.065827
v -0.245029 -0.000367 -0.065681
v -0.244804 0.002446 -0.065212
v -0.244645 0.005075 -0.062107
v -0.239485 -0.011567 -0.069807
v -0.242481 -0.005610 -0.069261
v -0.242676 -0.005875 -0.069825
v -0.245274 -0.007175 -0.071587
v -0.238935 -0.011409 -0.069843
v -0.243085 -0.013257 -0.072798
v -0.243136 -0.013329 -0.072552
v -0.247566 -0.013713 -0.072619
v -0.207430 -0.015699 -0.027164
v -0.132079 -0.009088 -0.036326
v -0.204057 -0.003767 -0.020765
v -0.159931 -0.010775 -0.043183
v -0.152285 -0.010544 -0.041442
v -0.159050 -0.011397 -0.043185
v -0.165697 -0.008096 -0.043634
v -0.166017 -0.011869 -0.045459
v -0.172204 -0.007657 -0.046177
v -0.166236 -0.011809 -0.045031
v -0.171223 -0.009074 -0.046291
v -0.172681 -0.008110 -0.046567
v -0.174417 -0.008430 -0.047425
v -0.178628 -0.010045 -0.049882
v -0.206418 0.039007 -0.032532
v -0.210071 0.038251 -0.040931
v -0.210201 0.035807 -0.039347
v -0.208568 0.035453 -0.038698
v -0.204392 0.037942 -0.036739
v -0.206233 0.038881 -0.032635
v -0.208851 0.037481 -0.038415
v -0.213790 0.035338 -0.041004
v -0.214741 0.036816 -0.041386
v -0.219250 0.034631 -0.040897
v -0.219733 0.034684 -0.040680
v -0.148935 -0.007143 -0.038699
v -0.165722 -0.008128 -0.043543
v -0.176680 0.000593 -0.043471
v -0.212535 0.029101 -0.044864
v -0.222729 0.030871 -0.046515
v -0.222416 0.030279 -0.046198
v -0.230475 0.022209 -0.031606
v -0.177371 0.047756 -0.010125
v -0.197280 0.038078 -0.032833
v -0.203319 0.037985 -0.036357
v -0.200521 0.038427 -0.033474
v -0.192158 0.045516 -0.023789
v -0.196557 0.047158 -0.014506
v -0.205430 0.036295 -0.022346
v -0.184353 0.038037 -0.026878
v -0.183885 0.038098 -0.026069
v -0.191860 0.036868 -0.026457
v -0.191280 0.037669 -0.028060
v -0.196461 0.038214 -0.032949
v -0.202609 0.039610 -0.028211
v -0.202843 0.039753 -0.028248
v -0.205586 0.036123 -0.022591
v -0.131948 0.016873 -0.014714
v -0.138701 0.025198 -0.010927
v -0.149937 0.004192 -0.027493
v -0.149999 0.004117 -0.027316
v -0.134179 0.023272 -0.011682
v -0.141441 0.023403 -0.011692
v -0.144844 0.017673 -0.013020
v -0.144695 0.018318 -0.014028
v -0.153166 0.025970 -0.011182
v -0.148328 0.011252 -0.018966
v -0.147423 0.008135 -0.023052
v -0.148063 0.007019 -0.023792
v -0.146524 0.013491 -0.017202
v -0.146311 0.014422 -0.016903
v -0.159716 0.033729 -0.014504
v -0.163854 0.024777 -0.023347
v -0.161537 0.013619 -0.018245
v -0.165861 0.010860 -0.024125
v -0.177601 0.017826 -0.027197
v -0.198976 0.006479 -0.053553
v -0.221257 -0.005112 -0.065447
v -0.225093 -0.000241 -0.067264
v -0.214346 -0.008750 -0.064155
v -0.200807 -0.013052 -0.059535
v -0.206863 -0.012293 -0.061383
v -0.200810 -0.013423 -0.059245
v -0.205445 -0.011968 -0.060992
v -0.213202 -0.009765 -0.063539
v -0.218253 -0.007744 -0.065602
v -0.148952 0.000274 -0.030629
v -0.132740 -0.008839 -0.036501
v -0.148742 -0.007740 -0.038555
v -0.149205 -0.004438 -0.035042
v -0.149778 -0.004744 -0.032497
v -0.149827 -0.005479 -0.033755
v -0.148387 -0.000997 -0.029276
v -0.151908 -0.003127 -0.030870
v -0.149978 -0.000569 -0.028252
v -0.150053 -0.003567 -0.029951
v -0.149205 -0.002844 -0.029465
v -0.151477 -0.002982 -0.031790
v -0.151829 -0.002744 -0.032146
v -0.149966 -0.002238 -0.028711
v -0.141480 -0.008967 -0.038353
v -0.145493 -0.008872 -0.039278
v -0.147886 -0.008712 -0.039594
v -0.195339 0.016934 -0.046081
v -0.213959 0.027518 -0.050256
v -0.230446 0.010934 -0.063690
v -0.178522 -0.009913 -0.049974
v -0.183340 -0.014335 -0.052139
v -0.183467 -0.015291 -0.051278
v -0.186583 -0.011991 -0.053723
v -0.188809 -0.011609 -0.054053
v -0.195578 -0.012817 -0.057212
v -0.195992 -0.012825 -0.056390
v -0.133736 0.027231 -0.008966
v -0.134688 0.026612 -0.008885
v -0.142433 0.038499 -0.008398
v -0.163373 0.043750 -0.010198
v -0.166526 0.042777 -0.013315
v -0.166353 0.042614 -0.013420
v -0.170641 0.041277 -0.017258
v -0.172056 0.040587 -0.018442
v -0.177066 0.039567 -0.021265
v 0.050871 -0.020904 0.000833
v 0.053706 -0.024720 0.003305
v 0.052585 -0.024191 0.000205
v 0.038574 -0.012587 -0.001424
v 0.029790 -0.013787 -0.004366
v 0.036843 -0.012558 -0.003140
v 0.026813 -0.013371 -0.004717
v 0.021668 -0.016290 -0.006487
v 0.021347 -0.025830 -0.007613
v 0.034772 -0.006302 0.003155
v 0.025062 -0.013568 -0.006038
v 0.052133 -0.036203 0.001624
v -0.016994 -0.005184 -0.011406
v -0.027208 0.002721 -0.006178
v -0.023245 -0.000850 -0.009216
v -0.024004 -0.001067 -0.008974
v -0.017733 -0.004799 -0.011051
v -0.022458 -0.002958 -0.013339
v -0.022605 -0.003810 -0.013091
v 0.009525 -0.007904 -0.005144
v 0.013280 -0.014533 -0.007012
v 0.012012 -0.014093 -0.005988
v 0.007792 -0.011422 -0.007999
v 0.007375 -0.011016 -0.007396
v 0.009535 -0.014244 -0.008931
v 0.004949 -0.009687 -0.008225
v 0.000897 -0.009368 -0.009306
v -0.003878 -0.012048 -0.012195
v 0.016114 -0.015787 -0.008176
v 0.017437 -0.016112 -0.007794
v 0.011597 -0.014454 -0.008676
v 0.005008 -0.014438 -0.011110
v 0.005000 -0.014687 -0.010419
v -0.012772 -0.007450 -0.012448
v -0.003888 -0.012028 -0.012223
v -0.012933 -0.010774 -0.013102
v -0.012616 -0.007316 -0.012770
v -0.012623 -0.010294 -0.014813
v -0.020434 -0.009530 -0.014291
v -0.022357 -0.010882 -0.016183
v -0.024250 -0.007169 -0.016807
v -0.022666 -0.011316 -0.016841
v -0.024893 -0.007502 -0.015422
v -0.030122 -0.008386 -0.017820
v -0.007410 -0.031094 -0.013600
v -0.030114 0.004687 -0.005364
v -0.056858 -0.009873 -0.025590
v 0.008159 -0.001060 0.006903
v 0.041211 0.004369 0.021983
v 0.031907 0.001770 0.012006
v 0.022082 0.008570 0.026235
v 0.019861 0.006764 0.017556
v 0.015850 0.007352 0.015919
v 0.021353 0.007034 0.017240
v 0.026223 0.006373 0.019444
v 0.026144 0.006264 0.019472
v -0.130317 0.030048 -0.006134
v -0.129035 0.030488 -0.005805
v 0.008784 -0.002967 0.002343
v 0.006053 -0.005904 -0.001516
v 0.007410 -0.007441 -0.004718
v 0.008945 -0.003866 0.002550
v 0.006611 -0.006512 -0.003709
v -0.069573 -0.016669 -0.023861
v -0.073255 0.001910 -0.018776
v 0.011642 0.006037 0.012231
v 0.010255 0.002783 0.010075
v 0.010044 0.002826 0.010581
v 0.008118 -0.000649 0.006685
v -0.005905 0.008643 0.009234
v -0.000522 0.004131 0.008591
v -0.001484 0.004035 0.007414
v -0.014620 0.003876 0.003261
v -0.005661 0.008130 0.009799
v -0.004323 0.002014 0.008117
v 0.055423 0.005341 0.030082
v 0.061719 0.002527 0.030683
v 0.055238 0.003937 0.029757
v 0.053113 0.000284 0.019450
v -0.032199 -0.012605 -0.018404
v -0.031824 -0.012164 -0.019733
v -0.030298 -0.008554 -0.017091
v -0.043297 -0.010254 -0.021736
v -0.051152 -0.011049 -0.023658
v -0.039814 -0.011650 -0.021264
v -0.038818 -0.011736 -0.021352
v -0.044034 -0.010389 -0.021842
v -0.054726 -0.021415 -0.025032
v -0.051139 -0.011038 -0.023696
v -0.057010 -0.010271 -0.024993
v -0.064604 -0.011291 -0.026853
v -0.082590 -0.008683 -0.030188
v -0.064664 -0.011386 -0.026589
v -0.071143 -0.011630 -0.025782
v -0.069700 -0.014973 -0.026368
v -0.072276 -0.011480 -0.028165
v -0.070894 -0.016471 -0.026219
v -0.075975 -0.012394 -0.029099
v -0.078098 -0.012259 -0.029368
v -0.068992 -0.017078 -0.027618
v -0.069032 -0.016966 -0.026215
v -0.067424 -0.017767 -0.026132
v -0.091966 -0.013526 -0.030787
v -0.100263 -0.003933 -0.025929
v -0.099115 0.001534 -0.018639
v -0.097261 -0.000776 -0.023084
v -0.097255 -0.001125 -0.022814
v -0.113632 -0.004113 -0.026377
v -0.096823 -0.012863 -0.028990
v -0.098254 -0.009048 -0.028368
v -0.100246 -0.004211 -0.025408
v -0.097967 -0.010273 -0.029206
v -0.102103 0.001948 -0.016892
v -0.100128 -0.016240 -0.033785
v -0.100005 -0.016621 -0.033924
v -0.117665 -0.016198 -0.037264
v -0.118923 -0.025749 -0.039428
v -0.118361 -0.016318 -0.036805
v -0.122387 -0.010361 -0.035281
v -0.122328 -0.010318 -0.035404
v -0.120334 -0.014001 -0.034997
v -0.119812 -0.013259 -0.035337
v -0.033998 -0.031463 -0.017936
v -0.082006 -0.009359 -0.029292
v -0.088686 -0.012853 -0.030499
v -0.088811 -0.012711 -0.031272
v -0.092741 -0.017079 -0.033143
v -0.092229 -0.012486 -0.030752
v -0.092945 -0.017050 -0.032647
v -0.055693 -0.048600 -0.003664
v -0.056699 -0.050044 -0.019299
v -0.056502 -0.050386 -0.019651
v -0.070967 -0.053770 -0.021038
v 0.051073 -0.020839 0.000375
v 0.050138 -0.010885 0.005495
v 0.051104 -0.013549 0.006010
v 0.051791 -0.010959 0.008772
v 0.048541 -0.004384 0.017347
v 0.061906 -0.026062 0.002850
v 0.066681 -0.027218 0.005223
v 0.062015 -0.026249 0.002665
v 0.047716 -0.018181 0.002067
v 0.041456 -0.014528 -0.000813
v 0.048210 -0.017777 0.001323
v 0.056653 -0.023759 0.001075
v -0.109971 0.003795 -0.019548
v -0.079811 0.011230 -0.008350
v -0.053826 0.009865 -0.003993
v -0.060850 -0.036620 -0.023407
v -0.017130 0.002990 0.001317
v -0.019102 0.002332 0.000881
v -0.027249 0.000921 -0.008115
v -0.027476 0.005388 -0.002001
v -0.026143 0.005081 -0.001073
v -0.027689 0.003011 -0.004520
v -0.028254 0.006289 -0.004426
v -0.014439 0.012882 0.013737
v -0.027781 0.013439 0.009988
v -0.028405 0.010590 0.011687
v -0.026185 0.013830 0.013369
v -0.013126 0.003650 0.004796
v -0.119523 -0.061176 -0.036510
v -0.132077 -0.043545 -0.017157
v -0.072077 -0.051615 -0.024523
v -0.065328 -0.047979 -0.006380
v -0.063937 -0.051422 -0.021928
v -0.064024 -0.051229 -0.021755
v -0.071926 -0.051635 -0.024267
v -0.079037 -0.054176 -0.026926
v -0.079202 -0.053285 -0.025921
v -0.094340 -0.055574 -0.030488
v -0.071532 -0.051189 -0.013918
v -0.078689 -0.052692 -0.017100
v -0.085276 -0.052667 -0.018564
v -0.070834 -0.051030 -0.013353
v -0.080489 -0.052854 -0.016970
v -0.070945 -0.050235 -0.010620
v -0.069432 -0.049323 -0.008395
v -0.065372 -0.048148 -0.006351
v -0.068373 -0.045942 -0.003927
v -0.067237 -0.047254 -0.005681
v -0.077533 -0.047589 -0.009453
v -0.077421 -0.047799 -0.009330
v -0.082176 -0.045102 -0.005933
v -0.082377 -0.044807 -0.006111
v -0.106739 0.002978 -0.017736
v -0.091493 0.010769 -0.007823
v -0.102592 0.027797 -0.000330
v -0.108615 0.019883 -0.006979
v -0.117738 0.007416 -0.018580
v -0.112818 0.003550 -0.018736
v -0.124161 0.010773 -0.017393
v -0.124875 0.004801 -0.022696
v -0.133712 0.023431 -0.013625
v -0.131949 0.016965 -0.014817
v -0.111475 0.010184 -0.010390
v -0.117764 0.007493 -0.018733
v -0.125644 0.013880 -0.015920
v -0.127987 0.013650 -0.016708
v -0.127423 0.013321 -0.017262
v -0.125367 0.011115 -0.018372
v 0.028556 -0.046722 0.000577
v 0.030117 -0.047318 0.003947
v 0.032776 -0.047353 0.005880
v 0.028766 -0.046046 0.002486
v 0.022890 -0.046826 0.000620
v 0.022901 -0.046828 0.000654
v 0.018144 -0.047806 -0.002113
v 0.018080 -0.046837 -0.001513
v 0.038342 -0.047963 0.008237
v 0.035371 -0.047304 0.007430
v 0.040760 -0.046560 0.019504
v 0.037843 -0.047321 0.019064
v -0.091470 -0.054878 -0.028489
v -0.092565 -0.056421 -0.027919
v -0.093594 -0.055794 -0.024166
v -0.093598 -0.055514 -0.024302
v -0.094932 -0.055780 -0.029908
v -0.099428 -0.056277 -0.029606
v -0.103740 -0.058077 -0.032236
v -0.100005 -0.057063 -0.027172
v -0.100612 -0.057461 -0.026792
v -0.086092 -0.053491 -0.018867
v -0.123528 -0.050210 -0.023109
v 0.053166 -0.047749 0.017265
v 0.054103 -0.050510 0.011685
v 0.061567 -0.050027 0.016657
v 0.061623 -0.050089 0.017586
v 0.054237 -0.051082 0.011656
v 0.058410 -0.046333 0.021330
v 0.052803 -0.048668 0.017488
v 0.053488 -0.043011 0.022351
v 0.058148 -0.045843 0.021911
v 0.054496 -0.044009 0.021558
v 0.047384 -0.049485 0.010612
v 0.047444 -0.049894 0.010616
v 0.045748 -0.047007 0.018077
v 0.049135 -0.046044 0.019833
v 0.049883 -0.045618 0.019442
v 0.045681 -0.047538 0.018503
v 0.004094 -0.047409 -0.004849
v 0.005641 -0.048025 -0.004253
v -0.003740 -0.047441 -0.007551
v -0.001572 -0.048168 -0.006644
v -0.043209 -0.047572 0.003640
v -0.113163 -0.058844 -0.030611
v -0.112745 -0.059139 -0.030452
v -0.120053 -0.060247 -0.035281
v -0.120412 -0.060635 -0.034555
v -0.133356 -0.063818 -0.041260
v -0.041310 -0.048422 -0.015006
v -0.047751 -0.048796 -0.017535
v -0.032841 -0.048327 -0.012357
v -0.032787 -0.048403 -0.012496
v -0.041266 -0.049038 -0.015357
v -0.047868 -0.048601 -0.017279
v -0.046011 -0.046482 0.002378
v -0.055659 -0.048223 -0.003852
v -0.018340 -0.047129 -0.011311
v -0.016737 -0.047260 -0.011406
v -0.026557 -0.047371 -0.012318
v -0.026509 -0.047441 -0.012268
v -0.213498 -0.001103 0.001435
v -0.211525 -0.004594 -0.000312
v -0.219386 0.017690 0.002448
v -0.195850 0.025707 0.006241
v -0.190514 0.022236 0.008088
v -0.190245 0.022030 0.007974
v -0.199204 0.006979 0.003673
v -0.195748 0.002322 0.004356
v -0.200927 0.007672 0.003383
v -0.203367 0.004098 0.003780
v -0.199916 0.004144 0.003756
v -0.208936 0.000866 0.003418
v -0.215164 -0.002034 0.001917
v -0.207734 0.030814 -0.006392
v -0.222799 0.022031 -0.017534
v -0.215700 0.030574 -0.006996
v -0.216919 0.024929 0.001813
v -0.221707 -0.000630 -0.002898
v -0.211220 -0.005126 -0.000102
v -0.219833 -0.005330 -0.001188
v -0.219418 -0.005497 0.000313
v -0.223480 -0.005947 -0.001700
v -0.222677 -0.006129 -0.000913
v -0.232016 0.003420 -0.005780
v -0.232537 -0.006776 -0.001964
v -0.235958 -0.000876 -0.003179
v -0.236344 -0.001416 -0.003084
v -0.232434 -0.006873 -0.001097
v -0.237138 -0.007183 -0.004942
v -0.237472 -0.007850 -0.003240
v -0.243063 -0.010473 -0.000517
v -0.237603 -0.009128 -0.001584
v -0.249105 -0.022290 -0.007044
v -0.208268 -0.011241 -0.024912
v -0.209209 -0.010420 -0.021223
v -0.214911 -0.015081 -0.015332
v -0.208873 -0.010808 -0.020935
v -0.214483 -0.013746 -0.015662
v -0.218496 -0.013981 -0.005173
v -0.215707 -0.009917 -0.003876
v -0.215046 -0.007164 -0.004406
v -0.234625 0.001828 -0.005662
v -0.216841 -0.014823 -0.010761
v -0.216537 -0.014742 -0.010731
v -0.223574 -0.026993 -0.014017
v -0.218471 -0.013141 -0.004660
v -0.219807 -0.017263 -0.007459
v -0.220139 -0.017193 -0.007360
v -0.197888 0.048614 -0.010841
v -0.199456 0.044666 -0.006387
v -0.195203 0.045139 -0.010790
v -0.198303 0.043376 -0.013255
v -0.198042 0.043304 -0.013290
v -0.200710 0.040495 -0.010373
v -0.199232 0.045343 -0.006987
v -0.201332 0.041125 -0.010892
v -0.202139 0.040039 -0.007743
v -0.202564 0.040293 -0.006277
v -0.208641 0.034176 -0.012501
v -0.207871 0.033110 -0.012607
v -0.202180 0.040452 -0.007472
v -0.207314 0.030503 -0.007127
v -0.188934 0.043610 0.005046
v -0.191457 0.045450 0.003662
v -0.191353 0.044666 0.002300
v -0.195359 0.044653 0.003725
v -0.198684 0.044876 -0.000964
v -0.188916 0.044228 0.005670
v -0.195499 0.043596 0.001538
v -0.201809 0.039379 0.003597
v -0.191810 0.033572 0.008081
v -0.205585 0.035707 -0.006099
v -0.205323 0.035846 -0.005947
v -0.198565 0.021454 0.000883
v -0.219550 0.017458 0.001667
v -0.225154 0.013529 -0.003640
v -0.215081 0.009896 -0.003899
v -0.213902 0.009936 -0.003566
v -0.214531 0.010243 -0.003817
v -0.217652 0.010240 -0.003252
v -0.219795 0.009799 -0.002679
v -0.217602 0.009587 -0.004342
v -0.218546 0.009126 -0.004169
v -0.222826 0.008807 -0.005978
v -0.223359 0.011020 -0.006981
v -0.230565 0.009697 -0.010870
v -0.227968 0.011454 -0.009244
v -0.230178 0.010365 -0.010231
v -0.225622 0.010846 -0.006149
v -0.224577 0.013618 -0.003386
v -0.234611 0.003800 -0.009404
v -0.232593 0.005298 -0.008287
v -0.195415 0.002750 -0.011020
v -0.198948 0.019651 0.002058
v -0.194027 0.025803 0.006853
v -0.198422 0.019083 0.002153
v -0.211713 0.017627 0.002225
v -0.211657 0.017665 0.002038
v -0.199424 0.009328 -0.003921
v -0.195831 0.005046 -0.004398
v -0.196163 0.005790 -0.003548
v -0.197601 0.005828 -0.004561
v -0.198413 0.003602 -0.003140
v -0.199744 0.005389 -0.001957
v -0.196491 0.001622 0.001084
v -0.197760 0.002237 0.001794
v -0.199730 0.009011 -0.003240
v -0.208118 0.009484 -0.004839
v -0.200674 0.006417 -0.002557
v -0.139360 0.044705 0.002776
v -0.145020 0.045122 0.000354
v -0.144967 0.045518 0.000253
v -0.139259 0.044366 0.002636
v -0.157054 0.044862 0.005439
v -0.152520 0.045403 -0.000811
v -0.152476 0.044878 -0.000524
v -0.158141 0.045133 -0.001064
v -0.157934 0.046711 -0.001412
v -0.147517 0.037239 0.013763
v -0.148009 0.037776 0.012293
v -0.162231 0.039200 0.011757
v -0.158727 0.034595 0.011640
v -0.161623 0.039600 0.009991
v -0.148665 0.032052 0.013580
v -0.149531 0.033429 0.014118
v -0.148377 0.031517 0.013960
v -0.156162 0.034582 0.013946
v -0.153243 0.029646 0.014393
v -0.161059 0.035680 0.013513
v -0.165444 0.032438 0.011034
v -0.158619 0.027732 0.012888
v -0.161606 0.027625 0.012300
v -0.163479 0.027360 0.010519
v -0.186917 0.001228 -0.013186
v -0.188761 0.002374 -0.012826
v -0.194462 0.002376 -0.012817
v -0.195519 0.002614 -0.012352
v -0.208096 -0.011988 -0.024455
v -0.204911 -0.004453 -0.020050
v -0.204236 -0.004420 -0.020004
v -0.188874 -0.019472 -0.019889
v -0.195767 -0.018417 -0.026111
v -0.197923 -0.001460 0.001034
v -0.198211 -0.001108 0.000375
v -0.212499 -0.008119 -0.002107
v -0.206609 -0.005474 -0.001263
v -0.207038 -0.004421 -0.001832
v -0.162388 0.043645 -0.009156
v -0.161852 0.043199 -0.007944
v -0.162284 0.045822 -0.001805
v -0.161406 0.047315 -0.001853
v -0.181962 0.046297 0.005488
v -0.182856 0.047802 -0.001233
v -0.173368 0.042839 0.007240
v -0.163460 0.041512 0.008995
v -0.168133 0.041565 0.008354
v -0.180461 0.046040 0.005188
v -0.180543 0.045717 0.005405
v -0.183266 0.046244 0.005850
v -0.163414 0.033869 0.010217
v -0.166929 0.031006 0.008783
v -0.171875 0.033471 0.009013
v -0.171848 0.033491 0.008989
v -0.175557 0.032213 0.008633
v -0.175537 0.032140 0.009026
v -0.166355 0.026945 0.011388
v -0.165330 0.026105 0.009230
v -0.165720 0.023080 0.008193
v -0.194344 0.025790 0.006868
v -0.179530 0.025165 0.007287
v -0.179530 0.025141 0.007406
v -0.184096 0.022606 0.006974
v -0.154073 0.028418 0.014380
v -0.164800 0.007024 0.002337
v -0.157619 -0.006777 -0.002040
v -0.174028 0.004643 -0.004016
v -0.174678 0.004621 -0.005361
v -0.179920 0.003762 -0.008106
v -0.180191 0.004313 -0.009156
v -0.169654 0.008004 -0.000484
v -0.165631 0.018322 0.006478
v -0.184030 0.022439 0.007689
v -0.165151 0.007854 0.003830
v -0.164704 0.006873 0.002211
v -0.169818 0.007239 0.000558
v -0.186802 0.010015 -0.001934
v -0.142994 -0.007766 -0.001609
v -0.153891 -0.008755 -0.005188
v -0.154323 -0.009966 -0.003411
v -0.154042 -0.008650 -0.005323
v -0.155102 -0.011624 -0.003367
v -0.155091 -0.008659 -0.003072
v -0.154607 -0.011294 -0.003505
v -0.160447 -0.008825 -0.002409
v -0.139851 -0.020453 -0.000153
v -0.154187 -0.012301 -0.004472
v -0.154132 -0.012712 -0.004689
v -0.157936 -0.006596 -0.001419
v -0.158595 -0.008261 -0.005170
v -0.165957 -0.012577 -0.006106
v -0.165847 -0.013971 -0.006484
v -0.165919 -0.018877 -0.007144
v -0.166178 -0.019754 -0.008538
v -0.161302 -0.009000 -0.002808
v -0.245232 0.007589 -0.034383
v -0.256821 -0.006269 -0.030484
v -0.261135 -0.008749 -0.029132
v -0.261229 -0.009582 -0.028735
v -0.265077 -0.013462 -0.025929
v -0.265150 -0.013337 -0.025787
v -0.267076 -0.020837 -0.020225
v -0.266633 -0.021182 -0.020454
v -0.248940 -0.011276 -0.002575
v -0.242977 -0.010472 -0.001052
v -0.251446 -0.012791 -0.002232
v -0.252349 -0.013527 -0.004496
v -0.256146 -0.015596 -0.004971
v -0.256884 -0.015391 -0.003567
v -0.250748 -0.000698 -0.028500
v -0.249489 0.001798 -0.032908
v -0.251463 0.000042 -0.028184
v -0.257560 -0.006034 -0.030651
v -0.253583 -0.008648 -0.015365
v -0.247740 -0.002764 -0.007298
v -0.076803 -0.017569 0.008276
v -0.071243 -0.017327 -0.022115
v -0.073783 -0.016704 -0.013949
v -0.073911 -0.017175 -0.002556
v -0.076409 -0.016926 -0.000069
v -0.069714 -0.017532 -0.013080
v -0.071285 -0.016969 -0.009078
v -0.073598 -0.016538 -0.003278
v -0.077942 -0.016916 0.007361
v -0.072310 -0.017002 -0.020773
v -0.074547 -0.016863 -0.010041
v -0.075388 -0.017112 -0.010110
v -0.076761 -0.017205 0.000047
v -0.075730 -0.016911 0.000643
v -0.079384 -0.017112 0.008398
v -0.075783 -0.016738 0.000562
v -0.072314 -0.017505 -0.021042
v -0.077965 -0.018672 0.008443
v -0.078512 -0.018276 0.008154
v -0.151381 -0.008697 -0.017190
v -0.149761 -0.006546 -0.027091
v -0.150133 -0.008047 -0.022920
v -0.151520 -0.006622 -0.022707
v -0.155404 -0.008136 -0.008589
v -0.151490 -0.008913 -0.016965
v -0.151717 -0.003831 -0.021097
v -0.154159 -0.008174 -0.009491
v -0.154099 -0.007871 -0.011065
v -0.150448 0.000003 -0.025235
v 0.202680 -0.047906 0.097459
v 0.134163 -0.018827 0.097881
v 0.139858 -0.020306 0.097958
v 0.140696 -0.019927 0.098544
v 0.201640 -0.048284 0.093879
v 0.201202 -0.048254 0.094261
v 0.202535 -0.048403 0.096337
v 0.195084 -0.049515 0.107162
v 0.080614 -0.010120 0.110564
v 0.072005 -0.009429 0.113151
v 0.133068 -0.019319 0.097486
v 0.131096 -0.016932 0.104628
v 0.128167 -0.016229 0.104439
v 0.124393 -0.015791 0.104445
v 0.118438 -0.015180 0.104088
v 0.111762 -0.014101 0.105807
v 0.114561 -0.014110 0.105583
v 0.086734 -0.012115 0.109962
v 0.115544 -0.020606 0.109741
v 0.108547 -0.013415 0.106503
v 0.102712 -0.012141 0.104299
v 0.103087 -0.012064 0.104416
v 0.106488 -0.012701 0.107093
v 0.072152 -0.009154 0.113396
v 0.063179 -0.010492 0.114500
v 0.060940 -0.007183 0.117369
v 0.054364 -0.006407 0.116444
v 0.064648 -0.007236 0.117409
v 0.060486 -0.006230 0.117159
v 0.065661 -0.015842 0.119418
v 0.055260 -0.022157 0.124017
v 0.061658 -0.035360 0.124944
v 0.173210 -0.044562 0.091674
v 0.180399 -0.045350 0.091103
v 0.173166 -0.045171 0.090629
v 0.178201 -0.045413 0.091235
v 0.168792 -0.051064 0.102015
v 0.185642 -0.050136 0.107216
v 0.172688 -0.047742 0.107413
v 0.169002 -0.046865 0.108653
v 0.178166 -0.048420 0.107697
v 0.167856 -0.046542 0.108390
v 0.089649 -0.029525 0.116311
v 0.080101 -0.027603 0.117137
v 0.153296 -0.051016 0.099022
v 0.134680 -0.050177 0.104850
v 0.142044 -0.045296 0.108904
v 0.144582 -0.045652 0.109418
v 0.141044 -0.045998 0.109106
v 0.156652 -0.045924 0.109154
v 0.156338 -0.045962 0.109106
v 0.146430 -0.045970 0.109421
v 0.133478 -0.018151 0.104136
v 0.134954 -0.044202 0.111268
v 0.143301 -0.027762 0.107467
v 0.119779 -0.035337 0.112476
v 0.122993 -0.043175 0.113013
v 0.067887 -0.036747 0.123127
v 0.070530 -0.039084 0.122482
v 0.077530 -0.040682 0.121861
v 0.070457 -0.038995 0.122671
v 0.068196 -0.036888 0.124193
v 0.062134 -0.035322 0.124797
v 0.061188 -0.035447 0.124213
v 0.050347 -0.033093 0.127685
v 0.195519 -0.047017 0.089923
v 0.195001 -0.038786 0.093076
v 0.193551 -0.038777 0.091665
v 0.197615 -0.041054 0.094394
v 0.198627 -0.041445 0.093614
v 0.183951 -0.036246 0.092162
v 0.183359 -0.046010 0.090214
v 0.189084 -0.038172 0.091238
v 0.183364 -0.034638 0.092953
v 0.200122 -0.043066 0.104004
v 0.200767 -0.044380 0.102534
v 0.194523 -0.043915 0.106264
v 0.194107 -0.043564 0.106235
v 0.186897 -0.040268 0.106941
v 0.187159 -0.039759 0.107316
v 0.159010 -0.029626 0.090476
v 0.152982 -0.024195 0.104093
v 0.145114 -0.020657 0.101901
v 0.151878 -0.024044 0.103610
v 0.159407 -0.026161 0.102514
v 0.144235 -0.021457 0.101443
v 0.144706 -0.020785 0.102488
v 0.163192 -0.027115 0.103622
v 0.162345 -0.027148 0.103693
v 0.187355 -0.045195 0.090249
v 0.198310 -0.047747 0.090723
v 0.200381 -0.048577 0.103284
v 0.192647 -0.050678 0.107917
v 0.199545 -0.045896 0.101637
v 0.200350 -0.048151 0.103114
v 0.188265 -0.047817 0.107772
v 0.188123 -0.047905 0.108001
v 0.184117 -0.048879 0.106511
v 0.095187 -0.041452 0.118246
v 0.095064 -0.041356 0.117636
v 0.087960 -0.042589 0.119256
v 0.087956 -0.042593 0.119600
v 0.080384 -0.041318 0.121454
v 0.080171 -0.040491 0.121059
v 0.077491 -0.040541 0.121820
v 0.163796 -0.031836 0.091498
v 0.164303 -0.030246 0.090202
v 0.178914 -0.032848 0.092895
v 0.174809 -0.032557 0.094483
v 0.174244 -0.032233 0.093884
v 0.173330 -0.033015 0.091361
v 0.170323 -0.031741 0.091554
v 0.176439 -0.031897 0.094055
v 0.172419 -0.029673 0.097663
v 0.173322 -0.030662 0.097297
v 0.169496 -0.027526 0.100117
v 0.170136 -0.031164 0.091570
v 0.166976 -0.028379 0.101584
v 0.176172 -0.034047 0.105549
v 0.168768 -0.028664 0.103163
v 0.166879 -0.029317 0.102025
v 0.171456 -0.031271 0.104347
v 0.171682 -0.031047 0.104801
v 0.180402 -0.036697 0.106139
v 0.180385 -0.036715 0.106095
v 0.175848 -0.034080 0.105691
v 0.168469 -0.039625 0.108138
v 0.131168 -0.044894 0.111209
v 0.132088 -0.044706 0.110491
v 0.125623 -0.046588 0.110317
v 0.122519 -0.043671 0.112168
v 0.121150 -0.043901 0.112271
v 0.117164 -0.043772 0.113424
v 0.126398 -0.046772 0.111114
v 0.124243 -0.045869 0.112045
v 0.120440 -0.044402 0.112009
v 0.116724 -0.043381 0.113532
v 0.110304 -0.043962 0.114550
v 0.106850 -0.041264 0.116406
v 0.110176 -0.043946 0.114995
v 0.106930 -0.041200 0.116685
v 0.102017 -0.041749 0.117175
v 0.101896 -0.041645 0.116586
v 0.118716 -0.014103 0.104266
v 0.093250 -0.015632 0.098648
v 0.095321 -0.011393 0.104437
v 0.096962 -0.011428 0.104405
v 0.163414 -0.032700 0.089573
v 0.162218 -0.031746 0.089409
v 0.157289 -0.030985 0.089645
v 0.157325 -0.030801 0.089447
v 0.167295 -0.036466 0.087197
v 0.168560 -0.043374 0.090071
v 0.168549 -0.043574 0.090212
v 0.158645 -0.042360 0.088815
v 0.164494 -0.044062 0.089158
v 0.164342 -0.043203 0.090246
v 0.158441 -0.042385 0.088590
v 0.070610 -0.007898 0.109065
v 0.063995 -0.007157 0.113236
v 0.070581 -0.008458 0.109675
v 0.060035 -0.005398 0.114588
v 0.056522 -0.004397 0.115918
v 0.088995 -0.012053 0.105456
v 0.084819 -0.012907 0.102479
v 0.088516 -0.011709 0.104017
v 0.084656 -0.013308 0.105652
v 0.089458 -0.011073 0.106596
v 0.087891 -0.011814 0.109257
v 0.080660 -0.009781 0.110724
v 0.083856 -0.011055 0.105082
v 0.077416 -0.010020 0.106610
v 0.077657 -0.010076 0.106388
v 0.110180 -0.047167 0.097319
v 0.134849 -0.046632 0.094064
v 0.122373 -0.045490 0.095266
v 0.122381 -0.045619 0.095170
v 0.116732 -0.047997 0.098612
v 0.116680 -0.048088 0.098562
v 0.132679 -0.033121 0.088452
v 0.132762 -0.033032 0.087889
v 0.125139 -0.039098 0.089618
v 0.119741 -0.028744 0.092122
v 0.118821 -0.034137 0.090625
v 0.119243 -0.034106 0.090551
v 0.119798 -0.034142 0.089896
v 0.115156 -0.033863 0.090710
v 0.113863 -0.034284 0.090870
v 0.115731 -0.033330 0.090603
v 0.128789 -0.023288 0.094532
v 0.128761 -0.023628 0.095044
v 0.125213 -0.023622 0.094202
v 0.123930 -0.023752 0.094666
v 0.110004 -0.026198 0.096266
v 0.120132 -0.027679 0.093007
v 0.120772 -0.025883 0.093752
v 0.119835 -0.017962 0.099397
v 0.049376 -0.018195 0.108063
v 0.068763 -0.019833 0.102691
v 0.070990 -0.035612 0.096392
v 0.061012 -0.034592 0.098659
v 0.060734 -0.034518 0.098876
v 0.049634 -0.042404 0.103971
v 0.056207 -0.032312 0.100002
v 0.052417 -0.033055 0.101213
v 0.051508 -0.032885 0.101974
v 0.052299 -0.033457 0.100765
v 0.050235 -0.035233 0.100870
v 0.050089 -0.034586 0.100453
v 0.046269 -0.034318 0.102468
v 0.109290 -0.047942 0.098483
v 0.106484 -0.048527 0.100162
v 0.099483 -0.050849 0.105021
v 0.098732 -0.050871 0.105677
v 0.113299 -0.049567 0.110165
v 0.097370 -0.053590 0.106406
v 0.095317 -0.054626 0.106742
v 0.086364 -0.049487 0.113731
v 0.101809 -0.034367 0.091554
v 0.102092 -0.034674 0.092117
v 0.093332 -0.042039 0.096238
v 0.082551 -0.030192 0.096727
v 0.092949 -0.035054 0.094142
v 0.092919 -0.035052 0.093978
v 0.104103 -0.020182 0.097513
v 0.096796 -0.023678 0.097855
v 0.149909 -0.030053 0.088814
v 0.144051 -0.029811 0.088634
v 0.149867 -0.030260 0.089558
v 0.144082 -0.029865 0.088747
v 0.138092 -0.024404 0.091092
v 0.152649 -0.042804 0.089265
v 0.152235 -0.042596 0.089764
v 0.145190 -0.043819 0.091107
v 0.083415 -0.018058 0.100585
v 0.082976 -0.023284 0.099153
v 0.082988 -0.024067 0.099665
v 0.083469 -0.017768 0.100710
v 0.087371 -0.036141 0.094760
v 0.087372 -0.036142 0.094770
v 0.082096 -0.037127 0.095322
v 0.081154 -0.037259 0.095309
v 0.081112 -0.037037 0.095217
v 0.082556 -0.030202 0.096129
v 0.074431 -0.034417 0.095691
v 0.055720 -0.032162 0.099364
v 0.075957 -0.037101 0.097156
v 0.075536 -0.036235 0.096418
v 0.068171 -0.035516 0.096865
v 0.072355 -0.035843 0.096227
v 0.071953 -0.035344 0.096288
v 0.143872 -0.043923 0.091249
v 0.138884 -0.044949 0.092757
v 0.135455 -0.046259 0.093824
v 0.065916 -0.052199 0.111399
v 0.070799 -0.052780 0.111189
v 0.061941 -0.052281 0.113163
v 0.062596 -0.053665 0.113313
v 0.070550 -0.047633 0.115541
v 0.068441 -0.051860 0.111604
v 0.056295 -0.052468 0.115675
v 0.055885 -0.051715 0.115925
v 0.051314 -0.051672 0.116520
v 0.070834 -0.045792 0.100726
v 0.086595 -0.054577 0.107282
v 0.082642 -0.053615 0.108511
v 0.080612 -0.053695 0.109092
v 0.071314 -0.052659 0.111473
v -0.174796 -0.008343 0.178313
v -0.178650 -0.034995 0.179770
v -0.177325 -0.015627 0.177872
v -0.176033 -0.019379 0.176333
v -0.177224 -0.018796 0.176767
v -0.177603 -0.019420 0.176306
v -0.122944 -0.036382 0.144191
v -0.142463 -0.033854 0.147960
v -0.135559 -0.054401 0.148616
v -0.134128 -0.054853 0.153190
v -0.138315 -0.055862 0.150912
v -0.138480 -0.056059 0.151132
v -0.138504 -0.055870 0.151712
v -0.166587 -0.053449 0.157645
v -0.163272 -0.050931 0.158499
v -0.174662 -0.052627 0.160561
v -0.175556 -0.053827 0.160950
v -0.176905 -0.052565 0.162642
v -0.133494 -0.028986 0.169929
v -0.129980 -0.036665 0.162800
v -0.133469 -0.029147 0.170139
v -0.157802 -0.034765 0.168012
v -0.112943 -0.034516 0.163660
v -0.124606 -0.036560 0.162217
v -0.120196 -0.035625 0.162985
v -0.124577 -0.036902 0.162813
v -0.120282 -0.035611 0.163064
v -0.129657 -0.037469 0.162997
v -0.131253 -0.034018 0.165593
v -0.131260 -0.033983 0.165552
v -0.192435 -0.016537 0.155537
v -0.200328 -0.037181 0.162128
v -0.142825 -0.029961 0.151509
v -0.148947 -0.048797 0.149756
v -0.152292 -0.054372 0.154023
v -0.150639 -0.052319 0.155841
v -0.148169 -0.056118 0.153418
v -0.149722 -0.056101 0.154249
v -0.155165 -0.053134 0.154880
v -0.157681 -0.053679 0.155347
v -0.150131 -0.042495 0.164063
v -0.146083 -0.045039 0.162231
v -0.146996 -0.048281 0.160589
v -0.146036 -0.045174 0.162332
v -0.157038 -0.040556 0.167438
v -0.154895 -0.043330 0.164168
v -0.157203 -0.045663 0.165154
v -0.150817 -0.043743 0.163362
v -0.159326 -0.043409 0.165214
v -0.159943 -0.045765 0.165948
v -0.149716 -0.052977 0.157200
v -0.149739 -0.053163 0.157205
v -0.146974 -0.048360 0.160771
v -0.155523 -0.053041 0.158526
v -0.155915 -0.053160 0.158681
v -0.149562 -0.040390 0.164957
v -0.155495 -0.040247 0.166512
v -0.180496 -0.038931 0.154791
v -0.175808 -0.031054 0.170568
v -0.176175 -0.031087 0.170465
v -0.174430 -0.013725 0.177936
v -0.175739 -0.019500 0.176390
v -0.175326 -0.013268 0.176296
v -0.170295 -0.029740 0.168938
v -0.175357 -0.024016 0.173652
v -0.175623 -0.023876 0.173213
v -0.165708 -0.044115 0.166484
v -0.165169 -0.045152 0.167977
v -0.163071 -0.052353 0.161521
v -0.165517 -0.052332 0.162398
v -0.164776 -0.052498 0.163933
v -0.166319 -0.051345 0.162733
v -0.168986 -0.050690 0.163512
v -0.170377 -0.052045 0.162802
v -0.169200 -0.052962 0.161389
v -0.170184 -0.052747 0.162467
v -0.176593 -0.053400 0.163197
v -0.161024 -0.039955 0.168149
v -0.168692 -0.039874 0.172717
v -0.169105 -0.040036 0.172483
v -0.176539 -0.035470 0.175436
v -0.176559 -0.035631 0.175302
v -0.176205 -0.037679 0.176235
v -0.176055 -0.037856 0.175978
v -0.194108 -0.048742 0.163599
v -0.204615 -0.044616 0.167070
v -0.186962 -0.050807 0.162834
v -0.195489 -0.049764 0.164812
v -0.187808 -0.050368 0.168918
v -0.186881 -0.050291 0.162824
v -0.197774 -0.049841 0.167092
v -0.199700 -0.048636 0.166925
v -0.200988 -0.046956 0.167045
v -0.121852 -0.055156 0.149762
v -0.127738 -0.047275 0.158343
v -0.127785 -0.046549 0.157234
v -0.128827 -0.043742 0.159794
v -0.124258 -0.055005 0.152185
v -0.128980 -0.054135 0.151393
v -0.126268 -0.054401 0.151527
v -0.125930 -0.054095 0.152330
v -0.131202 -0.054468 0.151196
v -0.134798 -0.054685 0.153375
v -0.128807 -0.043833 0.159960
v -0.129450 -0.038957 0.162510
v -0.129458 -0.039063 0.162702
v -0.177929 -0.045663 0.171734
v -0.182859 -0.052653 0.164988
v -0.183046 -0.052847 0.165179
v -0.187929 -0.050492 0.168676
v -0.195838 -0.049744 0.170830
v -0.195804 -0.050131 0.171005
v -0.201284 -0.047988 0.175120
v -0.201199 -0.048359 0.175241
v -0.194078 -0.043170 0.179307
v -0.196974 -0.030747 0.190669
v -0.225544 -0.054098 0.182477
v -0.217076 -0.045793 0.191951
v -0.243511 -0.027768 0.188871
v -0.237675 -0.016897 0.194458
v -0.246101 -0.057184 0.178144
v -0.251520 -0.046974 0.176835
v -0.242310 -0.031090 0.173748
v -0.248953 -0.039144 0.175867
v -0.248957 -0.040078 0.177646
v -0.250190 -0.040597 0.179022
v -0.252136 -0.042103 0.182706
v -0.243970 -0.031879 0.173414
v -0.236984 -0.043183 0.173015
v -0.222025 -0.009701 0.159583
v -0.227567 -0.013728 0.161298
v -0.227499 -0.025675 0.163525
v -0.214156 -0.028333 0.164599
v -0.253291 -0.047035 0.185514
v -0.254270 -0.047534 0.185242
v -0.245647 -0.036016 0.192901
v -0.252593 -0.044662 0.198738
v -0.210713 -0.045253 0.170485
v -0.216942 -0.046965 0.172693
v -0.204289 -0.044446 0.167195
v -0.210431 -0.045062 0.170514
v -0.237585 -0.021480 0.181399
v -0.227702 -0.013697 0.161064
v -0.234626 -0.016196 0.165631
v -0.235046 -0.016181 0.164877
v -0.234336 -0.020734 0.166433
v -0.237076 -0.029413 0.170136
v -0.234168 -0.020668 0.166584
v -0.233905 -0.024574 0.167043
v -0.234032 -0.025613 0.169024
v -0.236229 -0.028810 0.168834
v -0.212428 -0.047038 0.173119
v -0.212443 -0.047197 0.173055
v -0.209495 -0.047581 0.177417
v -0.206364 -0.047433 0.178389
v -0.211918 -0.048296 0.179098
v -0.206232 -0.046787 0.178400
v -0.210039 -0.046786 0.177191
v -0.217229 -0.046929 0.173193
v -0.217697 -0.048738 0.176548
v -0.217122 -0.048022 0.176900
v -0.217813 -0.048612 0.177000
v -0.216660 -0.048149 0.180309
v -0.217959 -0.049128 0.176632
v -0.220957 -0.050756 0.178709
v -0.221045 -0.050687 0.179109
v -0.216358 -0.047740 0.180551
v -0.207198 -0.038060 0.192013
v -0.234620 -0.054900 0.180622
v -0.230860 -0.055646 0.184734
v -0.225473 -0.054719 0.182792
v -0.230581 -0.056105 0.184745
v -0.233247 -0.058691 0.189477
v -0.233491 -0.057726 0.188321
v -0.246549 -0.062724 0.187023
v -0.243990 -0.063059 0.189678
v -0.238942 -0.061255 0.191991
v -0.234156 -0.058504 0.190595
v -0.238762 -0.057845 0.201153
v -0.241055 -0.062309 0.194392
v -0.241439 -0.062044 0.194356
v -0.252739 -0.057024 0.183888
v -0.254567 -0.052154 0.184634
v -0.252051 -0.060257 0.186794
v -0.252939 -0.057180 0.183884
v -0.250484 -0.059443 0.187880
v -0.251097 -0.059715 0.187902
v -0.251331 -0.058494 0.194387
v -0.254879 -0.052324 0.184395
v -0.246440 -0.062136 0.187107
v -0.244012 -0.062935 0.189731
v -0.247112 -0.060320 0.196018
v -0.251804 -0.057625 0.194939
v -0.252718 -0.048180 0.204651
v -0.253159 -0.052778 0.198664
v -0.253581 -0.053245 0.198696
v -0.251894 -0.047963 0.203736
v -0.209796 -0.003912 0.217499
v -0.216825 -0.008509 0.213205
v -0.209679 -0.003824 0.215929
v -0.220248 -0.016550 0.214736
v -0.222474 -0.018601 0.216438
v -0.227883 -0.023628 0.217487
v -0.212638 -0.008436 0.214067
v -0.216688 -0.008794 0.213199
v -0.212733 -0.007479 0.215429
v -0.214979 -0.010007 0.215449
v -0.217870 -0.012716 0.210971
v -0.218577 -0.014187 0.214590
v -0.221988 -0.018183 0.218369
v -0.225344 -0.018345 0.215832
v -0.236831 -0.048701 0.210108
v -0.199037 -0.018363 0.201867
v -0.215382 -0.019950 0.210857
v -0.243659 -0.027550 0.205725
v -0.248783 -0.041508 0.208564
v -0.248720 -0.045951 0.206064
v -0.248851 -0.046132 0.206184
v -0.247707 -0.041258 0.208446
v -0.242496 -0.038797 0.213214
v -0.237627 -0.036308 0.216745
v -0.241129 -0.038444 0.213631
v -0.237498 -0.036412 0.216321
v -0.219445 -0.032035 0.205426
v -0.233111 -0.031798 0.217803
v -0.232982 -0.031313 0.215155
v -0.221899 -0.007341 0.205498
v -0.229450 -0.014579 0.211897
v -0.221894 -0.007358 0.205488
v -0.219131 -0.008935 0.208714
v -0.219477 -0.008279 0.209174
v -0.219034 -0.011295 0.211196
v -0.225634 -0.011452 0.209761
v -0.225214 -0.012577 0.208812
v -0.228760 -0.015606 0.211537
v -0.226584 -0.017111 0.214825
v -0.230738 -0.026099 0.218207
v -0.227187 -0.015538 0.214284
v -0.225366 -0.018333 0.215093
v -0.228972 -0.025159 0.217577
v 0.053935 -0.004341 0.117787
v 0.044014 -0.001669 0.120346
v 0.044045 -0.000286 0.120225
v 0.036900 0.000341 0.124058
v 0.042534 -0.003340 0.122540
v 0.043132 -0.002843 0.123386
v 0.043640 -0.003713 0.122909
v 0.043428 -0.003611 0.123686
v 0.043283 -0.003967 0.123854
v 0.039832 -0.000249 0.123890
v 0.041822 -0.003747 0.125401
v 0.043995 -0.005142 0.124004
v 0.043952 -0.002586 0.122585
v 0.042241 -0.005722 0.125768
v 0.041080 -0.002711 0.124321
v 0.039845 -0.001718 0.126933
v 0.033218 -0.001167 0.127083
v 0.040657 -0.002118 0.126899
v 0.043684 -0.005346 0.125762
v 0.043128 -0.009504 0.125563
v 0.044845 -0.008110 0.124353
v 0.043221 -0.004941 0.126435
v 0.025066 -0.017029 0.133071
v -0.007324 -0.011127 0.145001
v -0.008105 -0.016362 0.144113
v -0.007344 -0.022211 0.144263
v -0.011793 0.007086 0.131492
v 0.016620 0.000569 0.136258
v 0.013147 0.002919 0.130967
v 0.010720 0.005471 0.131555
v 0.008864 0.002920 0.134925
v 0.010782 0.005358 0.132032
v 0.006398 0.006482 0.132643
v 0.007155 0.006518 0.133205
v 0.005623 0.002830 0.138691
v 0.005395 0.002819 0.139170
v -0.002456 0.009317 0.135760
v -0.002140 0.009004 0.135556
v -0.001520 0.004837 0.142844
v -0.005530 0.005632 0.144626
v 0.013634 0.003134 0.133999
v 0.013131 0.003398 0.134485
v 0.010483 0.003791 0.135003
v 0.017600 0.003120 0.131888
v 0.015398 0.000312 0.135516
v 0.013093 0.003457 0.134276
v 0.009481 0.004172 0.134990
v 0.012646 0.001912 0.134214
v 0.011830 0.002230 0.134733
v 0.011568 0.002224 0.138837
v 0.009979 0.002095 0.139698
v -0.001404 0.004950 0.143100
v 0.020186 0.002788 0.128096
v 0.021130 0.002995 0.128351
v 0.015153 0.003426 0.130142
v 0.033353 0.000163 0.126659
v 0.029367 0.001564 0.126844
v 0.030548 -0.001698 0.128720
v 0.029747 0.000405 0.128167
v 0.026120 0.001928 0.127514
v 0.021000 -0.000445 0.133563
v 0.033476 -0.001081 0.129440
v 0.031263 -0.001483 0.128964
v 0.028013 0.000076 0.132667
v 0.029094 -0.000389 0.131118
v 0.028973 0.000114 0.132925
v 0.029747 -0.004133 0.132750
v 0.029956 -0.004245 0.132942
v 0.029445 -0.007967 0.133742
v 0.021058 -0.000035 0.132085
v 0.021407 0.000161 0.134124
v 0.017270 0.000523 0.137307
v 0.019170 0.001167 0.133166
v 0.009525 -0.004655 0.140918
v -0.016877 0.008661 0.134020
v -0.017124 0.008651 0.134823
v -0.022270 0.010451 0.136350
v -0.022254 0.010612 0.136215
v -0.014900 0.011225 0.138896
v -0.017316 0.011737 0.139088
v -0.015295 0.011824 0.138482
v -0.013856 0.012449 0.142287
v -0.020286 0.013956 0.141392
v -0.018745 0.012550 0.139470
v -0.029648 0.014549 0.140910
v -0.021432 0.014510 0.141927
v -0.006538 0.005812 0.145115
v -0.008504 0.006649 0.146572
v -0.011069 0.006374 0.146913
v -0.016506 0.009461 0.148570
v -0.015717 0.009225 0.147904
v -0.017435 0.008432 0.147485
v -0.022991 0.011688 0.150112
v -0.022840 0.010737 0.149866
v -0.010699 0.004409 0.146710
v -0.009086 -0.006184 0.146566
v -0.018172 0.002993 0.148796
v -0.017972 0.002906 0.149041
v -0.021603 -0.006850 0.147961
v -0.020678 -0.002981 0.149422
v -0.019427 -0.002842 0.149642
v 0.029207 -0.012719 0.133277
v 0.028256 -0.013377 0.133387
v 0.029259 -0.007992 0.133211
v 0.024953 -0.021490 0.132830
v 0.025122 -0.021739 0.133536
v 0.024098 -0.027024 0.133542
v 0.023973 -0.027407 0.133254
v 0.023072 -0.031491 0.134185
v -0.008897 -0.006510 0.146390
v -0.007393 -0.011073 0.144742
v -0.025420 -0.014867 0.147945
v -0.020941 -0.007586 0.148271
v -0.007314 -0.022533 0.144081
v -0.008073 -0.017086 0.144302
v 0.041626 -0.020334 0.128055
v 0.044728 -0.014600 0.127831
v 0.042194 -0.016746 0.126873
v 0.041716 -0.020538 0.128079
v 0.043102 -0.012342 0.127043
v 0.041322 -0.028336 0.130062
v 0.045517 -0.030692 0.129298
v 0.045431 -0.030646 0.129144
v 0.036897 -0.024616 0.130392
v 0.036558 -0.024898 0.130064
v 0.037708 -0.028526 0.132142
v 0.037418 -0.028537 0.131165
v -0.041374 -0.010465 0.151300
v -0.028186 -0.026050 0.151672
v -0.095222 0.039182 0.165381
v -0.101004 0.041453 0.166449
v -0.106905 0.043603 0.165412
v -0.107006 0.043033 0.165534
v -0.100888 0.038033 0.162063
v -0.100911 0.037720 0.162449
v -0.097996 0.039894 0.164140
v -0.099858 0.039809 0.164272
v -0.102246 0.031816 0.157748
v -0.085074 0.034761 0.162269
v -0.103329 0.033784 0.160177
v -0.104057 0.030389 0.156634
v -0.102730 0.033186 0.159812
v -0.088962 0.035604 0.163545
v -0.088956 0.036340 0.163631
v -0.092385 0.037078 0.164999
v -0.090768 0.036676 0.164833
v -0.091143 0.035833 0.164943
v -0.092261 0.037037 0.165068
v -0.097191 0.039691 0.167307
v -0.093957 0.037556 0.165949
v -0.090308 0.036565 0.165075
v -0.096702 0.037615 0.165573
v -0.101193 0.039154 0.168367
v -0.100290 0.041043 0.166485
v -0.099158 0.032802 0.171329
v -0.099096 0.037821 0.169778
v -0.105054 0.038968 0.172687
v -0.102365 0.038866 0.169495
v -0.102528 0.039019 0.170344
v -0.105335 0.038393 0.172718
v -0.100753 0.033944 0.172207
v -0.099050 0.031886 0.171648
v -0.106371 0.034822 0.174432
v -0.104283 0.035084 0.174017
v -0.066389 0.028666 0.156928
v -0.078173 0.032159 0.160083
v -0.080141 0.032008 0.160037
v -0.076099 0.031295 0.159640
v -0.084849 0.034616 0.161793
v -0.073738 0.029538 0.162170
v -0.068842 0.028480 0.161201
v -0.066960 0.027531 0.160341
v -0.075383 0.028686 0.162626
v -0.075546 0.028342 0.163145
v -0.082854 0.032382 0.164607
v -0.084308 0.030632 0.162600
v -0.055546 0.000829 0.156542
v -0.056939 -0.002346 0.155807
v -0.057818 -0.005454 0.155514
v -0.058570 -0.008938 0.155829
v -0.060494 -0.001242 0.156582
v -0.065408 -0.001077 0.157174
v -0.057893 -0.004701 0.155890
v -0.065963 -0.001350 0.157136
v -0.072216 -0.001710 0.160157
v -0.067783 -0.015258 0.161570
v -0.071241 -0.011149 0.161244
v -0.057050 -0.025995 0.157960
v -0.061545 -0.013256 0.157468
v -0.061131 -0.012410 0.157163
v -0.060648 -0.017981 0.155907
v -0.059715 -0.017916 0.159306
v -0.063771 -0.017150 0.157345
v -0.063049 -0.012476 0.157266
v -0.063952 -0.017383 0.159526
v -0.066693 -0.016407 0.161314
v -0.001160 -0.041485 0.139680
v 0.005833 -0.041613 0.136422
v -0.007514 -0.035068 0.143620
v -0.007557 -0.028493 0.145462
v -0.007671 -0.028411 0.145110
v -0.007512 -0.035070 0.143632
v 0.006093 -0.042478 0.137261
v -0.001329 -0.041031 0.139218
v -0.009172 -0.040441 0.141928
v -0.008189 -0.039968 0.141593
v -0.008760 -0.040518 0.141860
v -0.024906 -0.038787 0.147057
v -0.027349 -0.038400 0.146527
v -0.028830 -0.039962 0.146504
v -0.030149 -0.038204 0.148608
v -0.074849 -0.034864 0.156703
v -0.074814 -0.034897 0.156770
v -0.106266 -0.032542 0.164325
v -0.106285 -0.032484 0.164257
v -0.069782 -0.024190 0.161789
v -0.077130 -0.031440 0.159900
v -0.076685 -0.030906 0.160055
v -0.078287 -0.031970 0.160098
v -0.076357 -0.023347 0.163323
v -0.081000 -0.024688 0.163497
v -0.080332 -0.025929 0.163301
v -0.080343 -0.026287 0.163090
v -0.083723 -0.022174 0.164574
v -0.084201 -0.021946 0.164769
v -0.089288 -0.024937 0.165668
v -0.085706 -0.018054 0.165833
v -0.089291 -0.025135 0.165943
v -0.094818 -0.027651 0.165868
v -0.094820 -0.027538 0.165357
v -0.116183 -0.026143 0.170026
v -0.101167 -0.030180 0.165458
v -0.101169 -0.030124 0.165217
v -0.029282 0.014530 0.140146
v -0.028877 0.015443 0.143678
v -0.029529 0.016126 0.144513
v -0.032047 0.016785 0.145423
v -0.028404 0.016533 0.146312
v -0.031329 0.017286 0.146895
v -0.033438 0.018747 0.145908
v -0.039310 0.020147 0.148627
v -0.039251 0.020612 0.147399
v -0.038781 0.018164 0.152276
v -0.026788 0.013957 0.149154
v -0.025352 0.013907 0.150048
v -0.028453 0.013934 0.146758
v -0.031778 0.015751 0.151171
v -0.032192 0.016067 0.151392
v -0.039100 0.017932 0.152089
v -0.042274 0.019164 0.154242
v -0.043394 0.019540 0.154239
v -0.037012 0.007660 0.155507
v 0.041290 -0.043340 0.124097
v 0.042017 -0.043366 0.125013
v 0.034968 -0.045961 0.126060
v 0.037271 -0.044744 0.126524
v 0.022811 -0.035284 0.134695
v 0.023948 -0.043628 0.129875
v 0.023948 -0.043575 0.129994
v 0.015343 -0.042249 0.134044
v 0.050290 -0.033088 0.127524
v 0.051761 -0.037552 0.125774
v 0.047903 -0.034644 0.127245
v 0.047572 -0.034941 0.126665
v 0.051399 -0.037823 0.126394
v 0.046680 -0.040722 0.126370
v 0.046531 -0.040742 0.126291
v 0.041454 -0.028436 0.130342
v 0.041079 -0.040316 0.127950
v 0.041203 -0.040448 0.127808
v 0.023501 -0.031881 0.135669
v 0.019635 -0.041793 0.133405
v 0.022700 -0.035843 0.135558
v 0.020507 -0.040685 0.133630
v 0.013756 -0.042412 0.134291
v -0.040264 0.019573 0.148561
v -0.039525 0.020515 0.148150
v -0.047508 0.023327 0.151582
v -0.052474 0.018621 0.144131
v -0.048940 0.023498 0.151090
v -0.048186 0.022616 0.154981
v -0.054310 0.025174 0.153379
v -0.066595 0.028693 0.157044
v -0.058107 0.026254 0.154679
v -0.048694 0.021495 0.154853
v -0.048518 0.021630 0.155510
v -0.054853 0.023157 0.157665
v -0.054171 0.023092 0.157600
v -0.038355 -0.041873 0.146238
v -0.040804 -0.040697 0.146490
v -0.030657 -0.037662 0.148098
v -0.057042 -0.034849 0.153743
v -0.059281 -0.021490 0.157849
v -0.056978 -0.026045 0.157917
v -0.061276 -0.024397 0.158969
v -0.060199 -0.023845 0.159470
v -0.070390 -0.024212 0.161690
v -0.057021 -0.034906 0.153860
v -0.054452 0.003282 0.157397
v -0.049050 0.015631 0.158416
v -0.048942 0.015695 0.158546
v -0.051718 0.010240 0.158949
v -0.053007 0.005800 0.158037
v -0.079468 0.013196 0.167305
v -0.076870 0.005658 0.162400
v -0.076956 0.005746 0.162098
v -0.074601 -0.001534 0.161568
v -0.075192 -0.000750 0.160376
v -0.087493 0.001976 0.164564
v -0.086516 0.005895 0.164965
v -0.086434 0.005813 0.165271
v -0.078524 0.020195 0.167234
v -0.078552 0.020081 0.167340
v -0.090985 0.026282 0.168510
v -0.078725 0.013625 0.165579
v -0.078364 0.010425 0.163602
v -0.078390 0.010445 0.163752
v -0.082020 0.012247 0.166693
v -0.084301 0.009698 0.165059
v -0.081455 0.012085 0.166675
v -0.084148 0.009457 0.165741
v -0.096428 0.003867 0.167612
v -0.098462 0.008614 0.167036
v -0.111854 0.010404 0.173003
v -0.099219 0.023665 0.170652
v -0.098292 0.017366 0.168334
v -0.099291 0.023706 0.170523
v -0.098152 0.017310 0.168683
v -0.098415 0.008641 0.167136
v -0.071716 -0.001913 0.158896
v -0.072667 -0.007840 0.160530
v -0.072618 -0.007028 0.160762
v -0.071780 -0.010320 0.161067
v -0.091945 -0.001981 0.165202
v -0.087323 0.002255 0.164849
v -0.091243 -0.001736 0.164975
v -0.090467 -0.009968 0.166327
v -0.085076 -0.018737 0.165725
v -0.093946 -0.001432 0.167280
v -0.096509 0.003859 0.166947
v -0.094408 -0.002777 0.167140
v -0.094457 -0.004376 0.166346
v -0.106819 -0.009993 0.170585
v -0.090388 -0.009964 0.166654
v -0.135424 -0.015663 0.177550
v -0.134202 -0.020435 0.175334
v -0.134146 -0.020512 0.175432
v -0.133689 -0.024574 0.173576
v -0.133715 -0.024475 0.173405
v -0.136201 -0.017191 0.177830
v -0.177444 -0.003920 0.192227
v -0.182282 -0.027287 0.187163
v -0.215154 0.006998 0.163703
v -0.211236 0.009891 0.170008
v -0.209218 0.011336 0.175313
v -0.205179 0.013256 0.182120
v -0.211457 0.010276 0.170097
v -0.216317 0.005542 0.181135
v -0.209000 0.011052 0.175121
v -0.206662 0.013487 0.181041
v -0.207832 0.011559 0.185394
v -0.207774 0.010771 0.185845
v -0.208718 0.009474 0.187681
v -0.227061 -0.004028 0.190110
v -0.220227 -0.004085 0.159785
v -0.227411 -0.004054 0.167129
v -0.203480 0.019850 0.157089
v -0.201916 0.019733 0.160419
v -0.199527 0.024292 0.160414
v -0.200167 0.023793 0.160343
v -0.202160 0.022532 0.159554
v -0.203706 0.021801 0.159958
v -0.205521 0.010486 0.156015
v -0.210311 0.013677 0.159093
v -0.214838 0.009177 0.159555
v -0.205868 0.016435 0.157581
v -0.207503 0.018260 0.160626
v -0.210588 0.014357 0.158866
v -0.209205 0.015514 0.159218
v -0.206418 0.019211 0.159974
v -0.202499 0.022470 0.167502
v -0.216992 0.007326 0.159417
v -0.205785 0.014668 0.179188
v -0.205944 0.013899 0.178132
v -0.202869 0.000816 0.154073
v -0.199624 -0.003000 0.155068
v -0.208653 0.007302 0.154359
v -0.208892 0.006798 0.154672
v -0.209246 0.007327 0.154814
v -0.211497 0.003027 0.156935
v -0.212782 0.004380 0.154253
v -0.206832 0.000202 0.154706
v -0.211122 0.001730 0.154387
v -0.206789 0.000188 0.154943
v -0.214955 0.005679 0.159429
v -0.216057 0.005050 0.160188
v -0.216899 0.004957 0.160037
v -0.217832 0.003607 0.161715
v -0.217322 0.002367 0.161887
v -0.216978 0.004757 0.161597
v -0.215669 0.007463 0.163312
v -0.214681 -0.008101 0.158958
v -0.216756 -0.002818 0.159318
v -0.217121 -0.003120 0.159027
v -0.219764 -0.004280 0.158957
v -0.214279 -0.008024 0.158694
v -0.218556 -0.009713 0.158434
v -0.218500 -0.009725 0.158649
v -0.221883 -0.009671 0.160336
v -0.173964 -0.006802 0.179182
v -0.120402 -0.009459 0.142873
v -0.168975 0.003900 0.180299
v -0.144145 -0.009650 0.148593
v -0.137681 -0.009815 0.146965
v -0.143477 -0.010241 0.148384
v -0.148695 -0.007015 0.149900
v -0.149631 -0.010428 0.149412
v -0.154606 -0.006535 0.150379
v -0.149632 -0.010284 0.149798
v -0.153903 -0.007812 0.150205
v -0.155117 -0.006937 0.150360
v -0.156762 -0.007203 0.150440
v -0.160895 -0.008606 0.150524
v -0.175400 0.037418 0.164137
v -0.181399 0.035634 0.159462
v -0.180882 0.033901 0.161158
v -0.179394 0.033582 0.161093
v -0.175481 0.035623 0.160484
v -0.175299 0.037280 0.164016
v -0.179504 0.035333 0.161011
v -0.184238 0.033533 0.161374
v -0.185110 0.034771 0.161160
v -0.188334 0.033439 0.163639
v -0.188616 0.033563 0.163969
v -0.134095 -0.006809 0.147065
v -0.148679 -0.007023 0.149983
v -0.156978 0.001151 0.152438
v -0.184758 0.027587 0.159279
v -0.193123 0.029643 0.161538
v -0.192762 0.029182 0.161770
v -0.193234 0.025767 0.177130
v -0.144784 0.046078 0.168049
v -0.168588 0.035807 0.160669
v -0.174521 0.035633 0.160354
v -0.171292 0.036263 0.161344
v -0.161244 0.043104 0.163960
v -0.161009 0.046473 0.172132
v -0.170724 0.036879 0.171806
v -0.156499 0.035701 0.160219
v -0.155833 0.035853 0.160628
v -0.162023 0.035457 0.163574
v -0.162203 0.035788 0.162018
v -0.168012 0.035828 0.160250
v -0.170851 0.038346 0.165775
v -0.171043 0.038478 0.165808
v -0.170936 0.036707 0.171718
v -0.112049 0.015799 0.153675
v -0.115730 0.023934 0.157370
v -0.130569 0.004622 0.153483
v -0.130548 0.004596 0.153651
v -0.112588 0.021817 0.155495
v -0.118096 0.022552 0.158185
v -0.121173 0.017873 0.159604
v -0.121449 0.018217 0.158679
v -0.126792 0.025779 0.162456
v -0.126085 0.011820 0.157784
v -0.126964 0.008445 0.155042
v -0.127732 0.007448 0.154955
v -0.124045 0.013825 0.157969
v -0.123771 0.014629 0.157927
v -0.133054 0.032180 0.160944
v -0.139571 0.023580 0.157730
v -0.135824 0.015046 0.162806
v -0.141358 0.012105 0.160633
v -0.151455 0.018343 0.161408
v -0.177769 0.006177 0.152215
v -0.199204 -0.003572 0.154072
v -0.202823 0.000469 0.153218
v -0.193461 -0.006953 0.153145
v -0.181411 -0.010870 0.152315
v -0.186714 -0.010043 0.153076
v -0.181301 -0.011126 0.152602
v -0.185490 -0.009829 0.152768
v -0.192354 -0.007783 0.153369
v -0.196981 -0.006036 0.153346
v -0.131019 0.000745 0.151569
v -0.120971 -0.009227 0.142943
v -0.133891 -0.007295 0.147215
v -0.132898 -0.003906 0.149332
v -0.132353 -0.003662 0.151484
v -0.132872 -0.004488 0.150718
v -0.130068 -0.000118 0.152603
v -0.133345 -0.001856 0.153165
v -0.130880 0.000553 0.153871
v -0.131584 -0.002218 0.153233
v -0.130756 -0.001608 0.153132
v -0.133372 -0.001934 0.152297
v -0.133777 -0.001769 0.152120
v -0.131044 -0.000908 0.153854
v -0.128307 -0.008901 0.144880
v -0.131704 -0.008639 0.145685
v -0.133640 -0.008355 0.146318
v -0.172164 0.015822 0.154314
v -0.187909 0.025454 0.156147
v -0.205532 0.010804 0.155673
v -0.160850 -0.008522 0.150391
v -0.165324 -0.012143 0.151468
v -0.165086 -0.012771 0.152337
v -0.168397 -0.010202 0.151057
v -0.170212 -0.009752 0.151574
v -0.176555 -0.010720 0.152021
v -0.176552 -0.010546 0.152784
v -0.111217 0.025531 0.156556
v -0.111907 0.025115 0.157093
v -0.117618 0.035703 0.158030
v -0.134193 0.041541 0.163529
v -0.137781 0.040461 0.162604
v -0.137689 0.040293 0.162494
v -0.142413 0.038884 0.161534
v -0.143939 0.038228 0.161327
v -0.148820 0.037321 0.161325
v 0.032580 -0.028528 0.103964
v 0.035689 -0.031496 0.105470
v 0.033646 -0.031506 0.103501
v 0.022371 -0.020982 0.105284
v 0.014585 -0.021732 0.106644
v 0.020399 -0.021110 0.104662
v 0.012192 -0.021192 0.107421
v 0.007620 -0.023472 0.108617
v 0.006966 -0.031533 0.109774
v 0.021237 -0.014650 0.108855
v 0.010358 -0.021436 0.107142
v 0.033879 -0.041153 0.107069
v -0.023602 -0.011807 0.117317
v -0.029350 -0.003466 0.123454
v -0.027507 -0.007296 0.120428
v -0.027989 -0.007367 0.120933
v -0.024026 -0.011361 0.117780
v -0.028492 -0.009832 0.117505
v -0.028506 -0.010481 0.117910
v -0.001087 -0.015250 0.112519
v 0.001056 -0.021386 0.111032
v 0.000488 -0.020732 0.112176
v -0.003491 -0.018511 0.111754
v -0.003576 -0.018033 0.112275
v -0.002522 -0.021160 0.110965
v -0.005737 -0.016870 0.112314
v -0.009224 -0.016446 0.112974
v -0.013948 -0.018757 0.113159
v 0.002759 -0.022872 0.109356
v 0.003909 -0.023188 0.109206
v -0.000860 -0.021467 0.110421
v -0.006791 -0.021311 0.111094
v -0.006530 -0.021395 0.111655
v -0.020798 -0.014228 0.115409
v -0.013967 -0.018744 0.113139
v -0.021163 -0.017079 0.115638
v -0.020804 -0.014187 0.115087
v -0.021588 -0.017009 0.114166
v -0.027309 -0.015610 0.117331
v -0.029490 -0.016894 0.116922
v -0.031175 -0.013769 0.116445
v -0.029977 -0.017342 0.116638
v -0.031128 -0.013746 0.117772
v -0.036012 -0.014446 0.118139
v -0.017119 -0.034452 0.117177
v -0.031244 -0.001446 0.124760
v -0.059261 -0.014728 0.122729
v 0.002497 -0.007355 0.120573
v 0.033337 -0.003074 0.118232
v 0.022452 -0.006171 0.114875
v 0.020466 0.002802 0.127719
v 0.015447 -0.000024 0.122507
v 0.011775 0.000521 0.122689
v 0.016455 0.000015 0.121662
v 0.020996 -0.000566 0.121590
v 0.020947 -0.000645 0.121661
v -0.107543 0.028063 0.156810
v -0.106446 0.028373 0.156486
v 0.001221 -0.009787 0.117351
v -0.002327 -0.012658 0.116105
v -0.002527 -0.014608 0.113537
v 0.001424 -0.010508 0.117620
v -0.002747 -0.013594 0.114398
v -0.068215 -0.018946 0.130103
v -0.069094 -0.002367 0.131596
v 0.007170 -0.000850 0.121806
v 0.005297 -0.003800 0.121374
v 0.005332 -0.003657 0.121817
v 0.002381 -0.007050 0.120348
v -0.007288 0.002297 0.125667
v -0.003445 -0.002014 0.124058
v -0.004626 -0.002216 0.123570
v -0.016180 -0.001942 0.125466
v -0.006885 0.001951 0.126093
v -0.006503 -0.003519 0.125549
v 0.047222 -0.002077 0.118683
v 0.052232 -0.004843 0.117315
v 0.046961 -0.003279 0.118787
v 0.041392 -0.007927 0.112701
v -0.037800 -0.017858 0.119313
v -0.038029 -0.017760 0.118106
v -0.035864 -0.014442 0.118775
v -0.047499 -0.015539 0.120559
v -0.054190 -0.015855 0.122244
v -0.044674 -0.016912 0.119873
v -0.043953 -0.017085 0.119452
v -0.048098 -0.015606 0.120783
v -0.057401 -0.024361 0.124600
v -0.054195 -0.015854 0.122209
v -0.059145 -0.014939 0.123304
v -0.065614 -0.015453 0.124981
v -0.080535 -0.012326 0.128758
v -0.065557 -0.015480 0.125217
v -0.070157 -0.014980 0.128290
v -0.069280 -0.017972 0.127970
v -0.071932 -0.015176 0.126928
v -0.070124 -0.019082 0.128821
v -0.075094 -0.015776 0.127806
v -0.076806 -0.015529 0.128378
v -0.069220 -0.019995 0.127195
v -0.068710 -0.019652 0.128223
v -0.067457 -0.020439 0.127837
v -0.087859 -0.015626 0.132780
v -0.092301 -0.006120 0.137596
v -0.088639 -0.000418 0.141469
v -0.088939 -0.003269 0.137949
v -0.088829 -0.003511 0.138214
v -0.102605 -0.005192 0.142315
v -0.090850 -0.014342 0.135797
v -0.091705 -0.010954 0.136046
v -0.092086 -0.006261 0.138028
v -0.091806 -0.012139 0.135560
v -0.090232 0.000490 0.143797
v -0.095192 -0.017692 0.134163
v -0.095152 -0.018042 0.134089
v -0.109821 -0.016751 0.138167
v -0.111584 -0.024923 0.138913
v -0.110172 -0.016710 0.138790
v -0.112651 -0.011166 0.140257
v -0.112654 -0.011158 0.140136
v -0.110977 -0.014305 0.140409
v -0.110715 -0.013796 0.139818
v -0.038936 -0.033219 0.124024
v -0.079746 -0.012778 0.129331
v -0.085264 -0.015302 0.131631
v -0.085657 -0.015310 0.131080
v -0.089344 -0.018911 0.132029
v -0.088048 -0.014737 0.132701
v -0.089308 -0.018783 0.132466
v -0.049843 -0.043011 0.146038
v -0.056619 -0.046865 0.135171
v -0.056604 -0.047226 0.134904
v -0.068092 -0.049018 0.139970
v 0.032557 -0.028573 0.103538
v 0.033794 -0.019359 0.105714
v 0.034731 -0.021556 0.106253
v 0.036308 -0.018988 0.107525
v 0.037129 -0.011763 0.113778
v 0.041732 -0.033395 0.102322
v 0.046267 -0.034347 0.102506
v 0.041744 -0.033591 0.102181
v 0.030657 -0.025786 0.105524
v 0.024795 -0.022729 0.105034
v 0.030745 -0.025626 0.104711
v 0.037062 -0.031348 0.102532
v -0.097222 0.002232 0.144429
v -0.070073 0.007740 0.139917
v -0.048700 0.005129 0.133650
v -0.061379 -0.036123 0.131072
v -0.018828 -0.002799 0.125147
v -0.020489 -0.003249 0.125694
v -0.030122 -0.005291 0.122394
v -0.027952 -0.000503 0.126112
v -0.026584 -0.000709 0.126357
v -0.029077 -0.002893 0.124801
v -0.029478 -0.000117 0.124440
v -0.012033 0.007332 0.131358
v -0.023588 0.008289 0.133490
v -0.023401 0.006284 0.135534
v -0.021079 0.009067 0.135307
v -0.014457 -0.001988 0.126082
v -0.110828 -0.053662 0.148224
v -0.112937 -0.034594 0.163749
v -0.070281 -0.047751 0.137394
v -0.058192 -0.042141 0.147528
v -0.063113 -0.047840 0.136217
v -0.063113 -0.047643 0.136339
v -0.070067 -0.047736 0.137531
v -0.076474 -0.049690 0.138735
v -0.076214 -0.048762 0.139363
v -0.089439 -0.050148 0.142122
v -0.065787 -0.045584 0.144925
v -0.072432 -0.046767 0.145558
v -0.077987 -0.046434 0.146944
v -0.065040 -0.045414 0.145049
v -0.073745 -0.046722 0.146361
v -0.064074 -0.044266 0.146950
v -0.062074 -0.043252 0.147845
v -0.058213 -0.042272 0.147598
v -0.059560 -0.039762 0.150079
v -0.059371 -0.041254 0.148617
v -0.068625 -0.041302 0.149763
v -0.068492 -0.041465 0.149853
v -0.070795 -0.038226 0.153612
v -0.071016 -0.037996 0.153499
v -0.094073 0.001595 0.144712
v -0.078723 0.008462 0.144777
v -0.084292 0.024823 0.151131
v -0.091396 0.017629 0.150037
v -0.102745 0.006069 0.147346
v -0.099066 0.002419 0.146143
v -0.107164 0.009610 0.149973
v -0.109731 0.003800 0.147501
v -0.112983 0.021567 0.153856
v -0.112089 0.015857 0.153581
v -0.094852 0.009255 0.150493
v -0.102823 0.006108 0.147228
v -0.107728 0.012566 0.151007
v -0.109807 0.012441 0.151350
v -0.109592 0.012022 0.150794
v -0.108455 0.009824 0.149637
v 0.015634 -0.047999 0.117198
v 0.018115 -0.048035 0.119214
v 0.020875 -0.047954 0.119649
v 0.016526 -0.047123 0.118395
v 0.011357 -0.047587 0.119376
v 0.011379 -0.047584 0.119397
v 0.006710 -0.048467 0.119332
v 0.006891 -0.047555 0.119609
v 0.026002 -0.048527 0.119418
v 0.023438 -0.047866 0.119808
v 0.032168 -0.045596 0.126543
v 0.029789 -0.046050 0.127462
v -0.086495 -0.049469 0.142383
v -0.087103 -0.050551 0.143516
v -0.086439 -0.049284 0.146546
v -0.086495 -0.049076 0.146392
v -0.089664 -0.050166 0.142812
v -0.092954 -0.050135 0.144818
v -0.097229 -0.051713 0.144849
v -0.092452 -0.050308 0.146983
v -0.092764 -0.050518 0.147569
v -0.078720 -0.047098 0.147188
v -0.108732 -0.041891 0.157459
v 0.040711 -0.048046 0.120472
v 0.039280 -0.051391 0.116548
v 0.046849 -0.050764 0.117319
v 0.047249 -0.050656 0.117995
v 0.039372 -0.051880 0.116588
v 0.046246 -0.046614 0.121225
v 0.040524 -0.048735 0.120953
v 0.042900 -0.043262 0.123173
v 0.046270 -0.046085 0.121655
v 0.043362 -0.044313 0.122406
v 0.033772 -0.050151 0.118076
v 0.033820 -0.050493 0.118136
v 0.035400 -0.046648 0.123708
v 0.038640 -0.045836 0.123544
v 0.039056 -0.045617 0.122891
v 0.035514 -0.047007 0.124151
v -0.004991 -0.047405 0.122507
v -0.003588 -0.047944 0.122487
v -0.011969 -0.047228 0.123460
v -0.009974 -0.047858 0.123458
v -0.037573 -0.041958 0.146539
v -0.103743 -0.051247 0.149731
v -0.103365 -0.051499 0.149749
v -0.110758 -0.052632 0.149147
v -0.110750 -0.052794 0.149892
v -0.123133 -0.055485 0.150427
v -0.043308 -0.046100 0.132246
v -0.049162 -0.046296 0.132871
v -0.035870 -0.046288 0.131005
v -0.035883 -0.046380 0.130897
v -0.043408 -0.046675 0.132092
v -0.049153 -0.046080 0.133066
v -0.040185 -0.041036 0.146446
v -0.049890 -0.042735 0.145812
v -0.024481 -0.046368 0.126102
v -0.023303 -0.046632 0.125457
v -0.031096 -0.046034 0.128489
v -0.031039 -0.046087 0.128522
v -0.167592 0.010819 0.199685
v -0.166761 0.007454 0.198340
v -0.171711 0.027051 0.198961
v -0.152434 0.032313 0.191361
v -0.147671 0.029304 0.191401
v -0.147510 0.029091 0.191256
v -0.155918 0.016661 0.194392
v -0.153025 0.012630 0.194510
v -0.157337 0.017332 0.194689
v -0.159024 0.014656 0.196596
v -0.156418 0.014392 0.195275
v -0.163376 0.012401 0.199051
v -0.168667 0.010278 0.200848
v -0.166316 0.035346 0.185505
v -0.182000 0.027427 0.184660
v -0.172585 0.035731 0.188095
v -0.170104 0.032713 0.196151
v -0.175482 0.011159 0.199477
v -0.166447 0.007025 0.198485
v -0.173392 0.007410 0.200955
v -0.172500 0.007499 0.201939
v -0.176352 0.007125 0.202066
v -0.175439 0.007044 0.202381
v -0.184415 0.014895 0.200426
v -0.183315 0.007177 0.205430
v -0.186390 0.012139 0.204662
v -0.186645 0.011742 0.204983
v -0.182903 0.007239 0.206050
v -0.187948 0.006715 0.205041
v -0.187544 0.006491 0.206551
v -0.190727 0.005283 0.211169
v -0.187003 0.005735 0.208071
v -0.197788 -0.005116 0.210937
v -0.173744 -0.002646 0.180284
v -0.173040 -0.001238 0.183196
v -0.175082 -0.003565 0.190590
v -0.172673 -0.001537 0.183359
v -0.174888 -0.002556 0.189925
v -0.173892 -0.000561 0.199209
v -0.171289 0.002787 0.198324
v -0.170998 0.004914 0.197146
v -0.186343 0.013824 0.201803
v -0.174786 -0.002382 0.194634
v -0.174544 -0.002336 0.194526
v -0.181111 -0.012438 0.197141
v -0.173677 0.000222 0.199413
v -0.175757 -0.003564 0.198657
v -0.175970 -0.003460 0.198842
v -0.160611 0.048437 0.175048
v -0.160075 0.046088 0.179693
v -0.158548 0.045338 0.174759
v -0.161841 0.043716 0.174450
v -0.161656 0.043627 0.174340
v -0.162549 0.042047 0.178040
v -0.160138 0.046524 0.179034
v -0.163222 0.042531 0.177768
v -0.162618 0.042256 0.180605
v -0.162377 0.042760 0.181796
v -0.169363 0.037132 0.180683
v -0.168817 0.036166 0.180525
v -0.162546 0.042648 0.180739
v -0.166280 0.034923 0.184866
v -0.147697 0.046313 0.184382
v -0.150146 0.047810 0.183948
v -0.150590 0.046913 0.183058
v -0.153078 0.047500 0.185613
v -0.157403 0.047148 0.183360
v -0.147445 0.046932 0.184714
v -0.154023 0.046253 0.184261
v -0.158002 0.043673 0.188971
v -0.148684 0.038792 0.189663
v -0.164587 0.039259 0.183958
v -0.164330 0.039378 0.183944
v -0.156544 0.028088 0.189262
v -0.172136 0.026736 0.198492
v -0.178416 0.023038 0.197451
v -0.170872 0.019117 0.194193
v -0.169850 0.019107 0.193989
v -0.170425 0.019371 0.193980
v -0.172573 0.019738 0.195567
v -0.173975 0.019658 0.196880
v -0.172953 0.019002 0.194873
v -0.173600 0.018733 0.195445
v -0.177539 0.018521 0.195779
v -0.178335 0.020221 0.194806
v -0.185289 0.019067 0.194901
v -0.182700 0.020581 0.194781
v -0.184752 0.019698 0.195096
v -0.179729 0.020419 0.196302
v -0.177881 0.023107 0.197404
v -0.187777 0.014797 0.198653
v -0.185822 0.016057 0.198426
v -0.158691 0.010255 0.182967
v -0.156377 0.026837 0.190625
v -0.150818 0.032342 0.191110
v -0.155941 0.026338 0.190609
v -0.165982 0.026296 0.195931
v -0.166012 0.026289 0.195765
v -0.159014 0.017289 0.188416
v -0.156464 0.013352 0.187555
v -0.156390 0.014146 0.188160
v -0.157869 0.014124 0.187946
v -0.157932 0.012603 0.189733
v -0.158490 0.014404 0.190756
v -0.154846 0.011541 0.192514
v -0.155535 0.012284 0.193393
v -0.158983 0.017173 0.189095
v -0.165956 0.018009 0.190969
v -0.159429 0.015229 0.190460
v -0.111004 0.042533 0.163901
v -0.116227 0.042942 0.164156
v -0.116226 0.043248 0.163985
v -0.110980 0.042220 0.163826
v -0.123388 0.044660 0.172469
v -0.122359 0.043619 0.166055
v -0.122214 0.043231 0.166353
v -0.126716 0.043837 0.168030
v -0.126697 0.045063 0.167387
v -0.112938 0.038992 0.176522
v -0.113878 0.039221 0.175517
v -0.124866 0.041535 0.180177
v -0.122244 0.037402 0.179678
v -0.125086 0.041503 0.178569
v -0.113865 0.034769 0.177832
v -0.114318 0.036077 0.178284
v -0.113500 0.034368 0.178109
v -0.119413 0.037575 0.180419
v -0.117016 0.033318 0.180620
v -0.123294 0.038830 0.181721
v -0.127563 0.036093 0.182173
v -0.121665 0.031936 0.181902
v -0.124155 0.032002 0.182609
v -0.126259 0.031632 0.182051
v -0.153081 0.007881 0.178480
v -0.154342 0.009051 0.179213
v -0.158659 0.009548 0.181357
v -0.159282 0.009917 0.182050
v -0.173436 -0.003199 0.180703
v -0.169346 0.003532 0.181281
v -0.168816 0.003509 0.181056
v -0.157092 -0.010250 0.178325
v -0.164714 -0.009873 0.176117
v -0.155942 0.009106 0.193618
v -0.156414 0.009306 0.193171
v -0.168181 0.004307 0.198072
v -0.163398 0.006134 0.195968
v -0.163946 0.006942 0.195503
v -0.133046 0.041552 0.163948
v -0.132172 0.041350 0.164729
v -0.130143 0.044635 0.168903
v -0.129500 0.045786 0.168246
v -0.142250 0.048011 0.181567
v -0.145518 0.048152 0.176652
v -0.135054 0.044714 0.180312
v -0.126867 0.043068 0.178150
v -0.130655 0.043403 0.179419
v -0.141228 0.047615 0.180833
v -0.141205 0.047393 0.181086
v -0.143099 0.048143 0.182333
v -0.126342 0.036957 0.180530
v -0.129551 0.034641 0.181351
v -0.133217 0.037148 0.182893
v -0.133206 0.037158 0.182862
v -0.136150 0.036359 0.184240
v -0.135984 0.036366 0.184537
v -0.128104 0.031689 0.183851
v -0.128155 0.030528 0.182040
v -0.128842 0.027877 0.182014
v -0.151051 0.032361 0.191243
v -0.139662 0.030637 0.186117
v -0.139616 0.030638 0.186210
v -0.143237 0.028860 0.188100
v -0.117647 0.032371 0.181162
v -0.130359 0.013488 0.180494
v -0.126567 0.000683 0.177277
v -0.139792 0.011201 0.179738
v -0.140802 0.011003 0.178995
v -0.145829 0.010264 0.179105
v -0.146440 0.010558 0.178325
v -0.135126 0.014223 0.180044
v -0.129423 0.023632 0.181648
v -0.142911 0.028842 0.188635
v -0.130052 0.014467 0.181565
v -0.130335 0.013333 0.180395
v -0.134847 0.013788 0.181023
v -0.148684 0.017115 0.185012
v -0.115315 -0.001325 0.172302
v -0.124948 -0.001828 0.173944
v -0.124589 -0.002481 0.175653
v -0.125116 -0.001753 0.173881
v -0.125158 -0.003777 0.176302
v -0.125044 -0.001274 0.175936
v -0.124837 -0.003571 0.175951
v -0.128847 -0.000831 0.178466
v -0.112341 -0.011835 0.174680
v -0.124888 -0.004610 0.175277
v -0.124929 -0.004993 0.175177
v -0.126569 0.000969 0.177817
v -0.128508 -0.001010 0.175625
v -0.134437 -0.004108 0.178541
v -0.134496 -0.005337 0.178494
v -0.134792 -0.009504 0.178995
v -0.135523 -0.010452 0.178236
v -0.129648 -0.000972 0.178526
v -0.205450 0.014463 0.183480
v -0.212698 0.004687 0.193414
v -0.215441 0.003246 0.196514
v -0.215357 0.002635 0.197005
v -0.217183 0.000251 0.201275
v -0.217185 0.000386 0.201383
v -0.216485 -0.004675 0.207675
v -0.216236 -0.005038 0.207407
v -0.195970 0.004765 0.212013
v -0.190867 0.005182 0.210741
v -0.197733 0.003789 0.213502
v -0.199288 0.002861 0.212316
v -0.202343 0.001394 0.213795
v -0.202363 0.001874 0.215066
v -0.207345 0.009118 0.191508
v -0.208094 0.010300 0.187297
v -0.207767 0.009847 0.191864
v -0.213323 0.004916 0.193521
v -0.204419 0.005094 0.203811
v -0.196900 0.010872 0.206414
v -0.061322 -0.013421 0.156683
v -0.068807 -0.019039 0.132146
v -0.067590 -0.016870 0.138997
v -0.063301 -0.015248 0.147536
v -0.064237 -0.014389 0.150257
v -0.064170 -0.017754 0.138273
v -0.063821 -0.016450 0.141702
v -0.063343 -0.014874 0.146762
v -0.062540 -0.012944 0.156308
v -0.069100 -0.018442 0.133471
v -0.066664 -0.016249 0.142195
v -0.067328 -0.016394 0.142509
v -0.064459 -0.014569 0.150529
v -0.063449 -0.014310 0.150525
v -0.063233 -0.012799 0.157652
v -0.063521 -0.014177 0.150451
v -0.069205 -0.018906 0.133373
v -0.062136 -0.014204 0.157458
v -0.062663 -0.013879 0.157373
v -0.127666 -0.004105 0.164143
v -0.130255 -0.004206 0.155815
v -0.128927 -0.004682 0.159324
v -0.129900 -0.003346 0.159722
v -0.127406 -0.001783 0.171883
v -0.127661 -0.004235 0.164392
v -0.129436 -0.000737 0.160437
v -0.126809 -0.002081 0.170759
v -0.127370 -0.002112 0.169516
v -0.130077 0.001597 0.156159
vn 0.4454 0.3393 -0.8286
vn 0.5815 0.4749 -0.6606
vn 0.6762 0.4708 -0.5666
vn 0.4387 0.8589 -0.2640
vn 0.1395 0.8385 0.5268
vn 0.2377 0.8672 0.4375
vn 0.8178 0.4909 -0.3004
vn 0.8225 0.5433 -0.1682
vn 0.4616 0.4417 -0.7693
vn 0.6156 0.6315 0.4714
vn 0.3262 0.6177 0.7155
vn 0.7748 0.5401 0.3286
vn 0.6346 0.7408 0.2201
vn 0.1829 -0.7566 0.6277
vn -0.0594 0.7783 0.6250
vn 0.2272 -0.8777 -0.4219
vn 0.2366 -0.9371 -0.2565
vn 0.0937 -0.9926 -0.0774
vn 0.1762 -0.1306 0.9757
vn 0.1267 -0.0759 0.9890
vn -0.0977 -0.0541 0.9937
vn -0.1500 -0.0426 0.9878
vn 0.3337 -0.9427 -0.0008
vn -0.3620 -0.1858 0.9135
vn -0.4382 -0.0922 0.8942
vn -0.5471 -0.1685 0.8199
vn -0.3269 -0.8697 0.3698
vn -0.1471 0.4233 0.8940
vn -0.0931 0.2549 0.9625
vn -0.2276 0.2949 0.9280
vn 0.1694 0.9237 0.3437
vn 0.1548 0.9831 -0.0975
vn 0.1254 0.9914 0.0371
vn 0.1749 0.8926 0.4155
vn 0.2367 0.8524 -0.4662
vn -0.4636 -0.1984 0.8635
vn 0.1887 0.9338 -0.3040
vn -0.2802 0.2141 0.9358
vn 0.0795 0.9921 0.0970
vn -0.1380 0.4616 0.8763
vn 0.0958 0.9567 -0.2749
vn 0.3699 0.8614 -0.3481
vn -0.1178 0.8686 0.4814
vn -0.2623 0.1668 0.9505
vn -0.2757 0.4085 0.8702
vn -0.1282 0.9118 0.3900
vn -0.1121 0.0440 0.9927
vn -0.0349 0.1465 0.9886
vn -0.3748 -0.0442 0.9260
vn -0.3650 -0.3610 0.8582
vn -0.1461 -0.9714 0.1874
vn -0.2723 -0.2399 0.9318
vn -0.3079 0.0706 0.9488
vn -0.2057 0.0694 0.9762
vn 0.0672 -0.9793 -0.1908
vn -0.1900 -0.8834 0.4284
vn -0.0236 -0.9997 -0.0055
vn -0.2318 -0.8557 0.4627
vn -0.3615 -0.2032 0.9099
vn -0.2026 -0.8956 0.3960
vn -0.2401 -0.8381 0.4899
vn -0.2228 -0.9384 0.2640
vn -0.1791 -0.9305 0.3194
vn -0.0354 -0.9615 -0.2725
vn -0.3228 0.1460 0.9351
vn -0.2014 0.3235 0.9246
vn -0.2770 -0.0138 0.9608
vn -0.3868 -0.2988 0.8724
vn -0.3102 0.0385 0.9499
vn -0.3097 -0.0003 0.9508
vn 0.2428 0.1091 -0.9639
vn 0.3506 0.9341 -0.0675
vn 0.2682 0.7988 0.5385
vn -0.6330 -0.4602 0.6225
vn 0.3532 0.8703 0.3433
vn 0.2480 0.7595 0.6013
vn -0.3829 0.0075 0.9237
vn 0.3527 0.9357 -0.0067
vn 0.3902 0.8061 -0.4448
vn 0.3371 0.9415 0.0017
vn 0.2419 0.8986 0.3660
vn -0.2975 0.3348 0.8941
vn -0.2469 0.3414 0.9069
vn -0.3773 0.1900 0.9064
vn -0.2878 0.1951 0.9376
vn 0.4919 0.8682 0.0653
vn 0.4709 0.8781 0.0845
vn 0.2147 0.9765 0.0200
vn -0.3688 -0.2561 -0.8935
vn -0.0115 0.7141 0.7000
vn 0.1741 0.9779 0.1156
vn -0.1130 0.5788 0.8076
vn -0.4397 0.5637 0.6992
vn 0.4395 0.8626 0.2507
vn 0.2610 0.9586 0.1135
vn 0.2923 0.8945 0.3382
vn -0.3867 0.0967 0.9171
vn -0.5188 0.1667 0.8385
vn -0.2487 -0.8298 0.4996
vn -0.1105 -0.6842 0.7208
vn -0.0343 -0.5440 0.8384
vn -0.2054 -0.2416 0.9484
vn -0.3785 0.1469 0.9139
vn -0.1727 -0.7614 0.6249
vn -0.0523 -0.9391 0.3396
vn -0.0154 -0.9726 0.2318
vn -0.2109 -0.6505 0.7296
vn -0.1205 -0.7243 0.6789
vn -0.3799 -0.8354 0.3971
vn -0.1886 -0.6915 0.6973
vn -0.2859 -0.7519 0.5941
vn -0.2119 -0.6245 0.7517
vn -0.1823 -0.7632 0.6199
vn -0.3047 0.0979 0.9474
vn 0.3910 0.5931 -0.7038
vn 0.2263 0.6811 -0.6964
vn 0.1417 0.9247 -0.3532
vn -0.2385 0.9130 0.3310
vn -0.1275 0.7793 0.6136
vn 0.1291 0.9198 0.3706
vn 0.1063 0.9544 0.2788
vn 0.0429 0.9843 0.1712
vn 0.0073 0.9876 0.1570
vn -0.1043 0.9403 0.3239
vn 0.4381 0.8695 -0.2281
vn 0.1110 0.9273 -0.3574
vn 0.4456 0.6804 -0.5819
vn 0.2949 0.7874 -0.5413
vn 0.2634 0.8319 -0.4884
vn 0.2604 0.8189 -0.5114
vn -0.2243 -0.0776 0.9714
vn -0.2431 -0.0068 0.9700
vn -0.1728 -0.0189 0.9848
vn -0.2093 -0.2368 0.9487
vn -0.2111 0.0175 0.9773
vn -0.1036 -0.6911 0.7153
vn -0.2574 -0.2391 0.9363
vn -0.2042 -0.4861 0.8497
vn -0.2904 -0.8214 0.4909
vn -0.2561 -0.7191 0.6460
vn -0.2481 -0.8150 0.5237
vn -0.2031 -0.2099 0.9564
vn -0.3237 -0.8112 0.4871
vn -0.1476 -0.5104 0.8472
vn -0.2708 -0.5147 0.8135
vn -0.1657 -0.4996 0.8503
vn -0.2715 -0.0110 0.9624
vn -0.1600 -0.8489 0.5037
vn -0.2604 -0.8398 0.4764
vn 0.1288 -0.9793 0.1561
vn -0.0908 0.9243 0.3707
vn -0.3029 0.8878 0.3464
vn 0.0727 0.4857 0.8711
vn 0.1882 0.7270 -0.6604
vn 0.1294 0.9350 -0.3301
vn -0.0382 0.8888 -0.4566
vn 0.1578 0.7398 -0.6541
vn 0.1348 0.7213 -0.6793
vn 0.1674 0.9256 -0.3394
vn 0.1895 0.6280 -0.7548
vn 0.3459 -0.1495 -0.9263
vn 0.3304 -0.4838 -0.8105
vn 0.2921 -0.4028 -0.8674
vn 0.3523 -0.6539 -0.6696
vn 0.1826 0.5094 -0.8410
vn 0.2681 0.5953 -0.7575
vn 0.2701 0.3484 -0.8976
vn 0.2615 0.2203 -0.9397
vn 0.3082 -0.1649 -0.9369
vn 0.2479 -0.4157 -0.8751
vn 0.2168 -0.0751 -0.9733
vn 0.1625 -0.2303 -0.9595
vn 0.2228 0.3861 -0.8951
vn 0.3063 -0.8836 0.3541
vn -0.0736 0.7139 -0.6963
vn 0.1868 0.1234 -0.9746
vn 0.3472 0.0396 -0.9369
vn 0.1327 0.7167 -0.6846
vn 0.3564 -0.2963 -0.8861
vn 0.1817 -0.5969 -0.7815
vn 0.4624 -0.4890 -0.7396
vn 0.2184 -0.9195 -0.3268
vn 0.4903 -0.4450 -0.7494
vn 0.0566 -0.5721 0.8182
vn 0.3269 -0.1645 -0.9306
vn 0.3351 0.2123 -0.9180
vn 0.2509 0.5316 -0.8090
vn 0.2957 0.4713 -0.8309
vn 0.2785 0.6309 -0.7242
vn 0.2013 0.6844 -0.7008
vn 0.1839 0.1711 -0.9679
vn 0.3319 -0.0865 -0.9393
vn 0.3047 0.6653 -0.6816
vn 0.1471 0.6051 -0.7824
vn 0.2670 0.5152 -0.8144
vn 0.2202 0.5430 -0.8103
vn 0.2372 0.5497 -0.8010
vn 0.4094 -0.0576 -0.9105
vn 0.3303 -0.1577 -0.9306
vn 0.2775 0.4210 -0.8636
vn 0.2802 0.4235 -0.8615
vn 0.2741 0.5346 -0.7994
vn 0.3639 0.1819 -0.9135
vn 0.1510 -0.4144 -0.8975
vn 0.3363 -0.0427 -0.9408
vn 0.2991 -0.1151 -0.9473
vn -0.0118 0.8631 -0.5049
vn 0.2482 -0.3787 -0.8916
vn 0.2536 -0.0815 -0.9639
vn 0.1647 -0.6552 -0.7373
vn 0.1865 -0.6722 -0.7165
vn -0.2641 -0.7717 0.5785
vn -0.2978 -0.8184 0.4915
vn 0.1278 -0.6485 -0.7504
vn -0.0520 -0.1266 0.9906
vn -0.0818 -0.4824 0.8721
vn -0.1332 0.3991 0.9072
vn 0.2229 -0.6507 -0.7259
vn -0.0924 -0.7725 0.6283
vn -0.1111 -0.7219 0.6830
vn 0.3083 -0.5258 -0.7928
vn 0.0869 -0.6931 -0.7156
vn 0.0185 -0.9782 -0.2067
vn -0.2144 -0.4533 0.8652
vn -0.3161 -0.6020 0.7333
vn -0.0733 -0.4215 0.9039
vn -0.1509 -0.5471 0.8233
vn -0.1745 -0.4033 0.8983
vn -0.1102 -0.7913 0.6014
vn -0.1069 -0.8059 0.5823
vn -0.1033 -0.8078 0.5803
vn 0.1584 0.5428 0.8248
vn -0.2992 -0.6996 0.6489
vn -0.1611 -0.6232 0.7653
vn 0.3177 -0.7508 0.5790
vn 0.3063 0.3967 -0.8653
vn 0.2291 -0.5088 -0.8298
vn -0.1835 -0.9824 0.0353
vn -0.2252 -0.9673 0.1166
vn -0.1680 -0.9845 0.0507
vn -0.1164 -0.9564 0.2678
vn -0.1006 -0.9827 0.1558
vn 0.2441 -0.6268 -0.7399
vn -0.1056 -0.8300 0.5477
vn -0.2113 -0.8574 0.4693
vn -0.2357 -0.8156 0.5284
vn -0.4682 -0.8151 0.3412
vn -0.1263 -0.7442 0.6559
vn 0.0045 -0.9579 0.2871
vn -0.0702 -0.5848 0.8081
vn -0.1122 -0.6697 0.7341
vn 0.0604 -0.7824 0.6198
vn 0.1652 -0.7595 0.6292
vn 0.1904 -0.7743 0.6035
vn -0.1864 -0.5808 0.7924
vn 0.2803 -0.8009 0.5291
vn 0.2438 0.9680 0.0592
vn -0.1651 0.4960 0.8525
vn 0.6672 0.4839 0.5663
vn 0.0983 0.7094 0.6980
vn 0.3110 0.6668 0.6773
vn -0.1486 -0.1128 0.9824
vn -0.2998 0.6990 0.6492
vn 0.0508 0.3280 0.9433
vn -0.0696 0.2918 0.9539
vn 0.1527 0.9875 -0.0376
vn 0.0005 0.4601 0.8879
vn -0.0285 0.4889 0.8719
vn 0.5250 0.2572 0.8113
vn 0.1542 0.6908 0.7064
vn 0.5232 0.4821 0.7027
vn 0.1144 0.7054 0.6995
vn -0.2071 0.7734 0.5991
vn 0.5247 0.2572 0.8115
vn -0.0363 -0.1494 0.9881
vn 0.0332 0.0994 0.9945
vn -0.4529 -0.4032 0.7952
vn -0.0306 -0.1768 0.9838
vn -0.1030 -0.2662 0.9584
vn -0.1203 -0.2232 0.9673
vn -0.1826 -0.1552 0.9709
vn -0.2522 -0.2566 0.9330
vn -0.1244 -0.4042 0.9062
vn 0.1763 0.4016 0.8987
vn 0.1675 0.4999 0.8498
vn 0.2270 0.4103 0.8833
vn 0.1833 0.9775 -0.1043
vn 0.1511 0.9589 -0.2402
vn 0.1971 0.9495 -0.2442
vn 0.0918 0.9863 0.1369
vn 0.1225 0.8768 0.4649
vn 0.2292 0.9255 -0.3014
vn 0.2074 0.9364 -0.2832
vn 0.1698 0.9392 -0.2984
vn 0.1311 0.5354 0.8344
vn 0.1170 0.6328 0.7655
vn 0.0744 0.5718 0.8170
vn -0.0447 0.9561 0.2896
vn -0.0438 0.9563 0.2892
vn -0.0422 0.9566 0.2883
vn -0.0218 0.7705 0.6371
vn -0.0840 0.6038 0.7927
vn -0.0192 0.7920 0.6103
vn -0.0903 0.6325 0.7693
vn 0.1690 0.9806 -0.0994
vn -0.1361 -0.0732 0.9880
vn -0.0844 0.0083 0.9964
vn -0.0797 -0.1237 0.9891
vn -0.1438 -0.1484 0.9784
vn -0.0411 0.6795 0.7326
vn 0.0443 0.9974 0.0563
vn 0.0209 0.9463 0.3226
vn 0.1312 0.9784 -0.1600
vn -0.0999 0.3143 0.9440
vn -0.0178 0.0665 0.9976
vn -0.0221 0.4756 0.8794
vn -0.0607 0.7782 0.6251
vn 0.0176 0.6875 0.7259
vn 0.0081 0.9580 -0.2865
vn -0.1225 0.3215 0.9390
vn -0.0992 -0.1660 0.9811
vn -0.0379 -0.1205 0.9920
vn -0.0945 -0.1262 0.9875
vn -0.1463 -0.2523 0.9565
vn -0.1070 0.6611 0.7426
vn -0.0463 0.9558 0.2904
vn -0.1652 0.6106 0.7745
vn -0.1254 0.4945 0.8601
vn -0.1533 0.5762 0.8028
vn -0.2009 0.6927 0.6926
vn 0.0628 0.9877 -0.1431
vn 0.1447 0.8654 -0.4797
vn 0.1226 0.9892 0.0799
vn 0.2315 0.9728 0.0033
vn 0.2554 0.9257 -0.2789
vn 0.2689 0.8100 -0.5212
vn 0.1803 0.9673 -0.1787
vn 0.1867 0.9607 0.2053
vn 0.0969 0.9439 0.3157
vn 0.1606 0.6416 0.7501
vn 0.0506 0.5997 0.7987
vn 0.0638 0.0303 0.9975
vn -0.0999 -0.0591 0.9932
vn -0.0955 -0.1713 0.9806
vn 0.0216 0.6521 0.7579
vn -0.1561 0.0117 0.9877
vn -0.1947 -0.2340 0.9526
vn -0.2104 -0.1864 0.9597
vn -0.1948 -0.1892 0.9624
vn -0.2402 -0.2504 0.9379
vn -0.1540 -0.2930 0.9436
vn -0.2736 -0.4188 0.8659
vn 0.0936 -0.4503 0.8880
vn -0.1435 -0.3113 0.9394
vn -0.0264 -0.0511 0.9983
vn -0.4997 -0.2153 0.8390
vn -0.1770 -0.3116 0.9336
vn -0.2133 -0.0769 0.9740
vn -0.2891 -0.1266 0.9489
vn 0.4780 -0.1855 0.8585
vn 0.8569 -0.1119 0.5032
vn -0.1435 -0.2434 0.9593
vn -0.1491 -0.1329 0.9798
vn 0.0376 -0.0077 0.9993
vn -0.1679 0.0040 0.9858
vn 0.1096 -0.4104 0.9053
vn -0.2075 0.0002 0.9782
vn -0.2023 -0.2310 0.9517
vn -0.1447 0.0164 0.9893
vn 0.1218 0.9915 0.0449
vn 0.4577 0.5275 0.7157
vn 0.2860 0.6547 0.6997
vn 0.2003 0.6789 0.7063
vn 0.0179 0.6509 0.7590
vn -0.1231 -0.4467 0.8862
vn 0.0488 -0.1288 0.9905
vn 0.1067 -0.5601 0.8215
vn -0.0464 -0.6183 0.7845
vn 0.3855 0.6842 -0.6191
vn 0.2611 0.5922 -0.7623
vn 0.2827 0.7218 -0.6317
vn 0.1873 0.5879 -0.7869
vn 0.5422 0.6696 -0.5076
vn 0.1549 -0.0104 -0.9879
vn 0.2658 -0.0004 -0.9640
vn 0.2980 -0.1021 -0.9491
vn 0.1778 0.1687 -0.9695
vn 0.0909 0.8798 -0.4666
vn 0.1188 0.8231 -0.5553
vn 0.1998 -0.3041 -0.9314
vn 0.2304 0.7957 -0.5602
vn 0.2066 0.8589 -0.4686
vn 0.0377 0.7002 -0.7130
vn 0.2076 0.9263 -0.3145
vn 0.1577 0.7808 -0.6046
vn 0.1413 0.9673 -0.2108
vn 0.0717 0.9773 -0.1991
vn 0.0808 0.7142 -0.6953
vn 0.1633 0.8501 -0.5006
vn 0.2299 0.8286 -0.5105
vn 0.1948 0.7914 -0.5795
vn 0.1391 0.6728 -0.7267
vn 0.2175 0.6149 -0.7580
vn 0.2191 0.6127 -0.7593
vn 0.1955 0.8353 -0.5139
vn 0.2091 0.8363 -0.5068
vn 0.2325 0.5290 -0.8162
vn 0.1754 0.6979 -0.6944
vn 0.2220 0.6498 -0.7269
vn 0.2421 0.7026 -0.6692
vn 0.1649 0.7848 -0.5975
vn -0.2476 -0.0620 -0.9669
vn 0.2443 0.8541 -0.4592
vn 0.3488 0.6259 -0.6976
vn 0.2751 0.4019 -0.8734
vn 0.0387 -0.8775 -0.4780
vn -0.1487 -0.6581 -0.7381
vn 0.4034 0.5943 -0.6957
vn 0.0770 0.6267 -0.7755
vn -0.2164 -0.1065 -0.9705
vn 0.0961 0.9722 -0.2134
vn 0.1953 0.8530 -0.4840
vn 0.0318 0.9922 -0.1208
vn 0.2218 0.4692 -0.8548
vn 0.0984 0.9805 0.1699
vn 0.2246 -0.1243 -0.9665
vn 0.2119 -0.7307 -0.6490
vn 0.2508 -0.6801 -0.6889
vn 0.3517 -0.6975 -0.6243
vn 0.4146 -0.6571 -0.6296
vn 0.2073 -0.8608 -0.4648
vn -0.2576 0.3439 0.9030
vn 0.6527 0.5651 -0.5047
vn 0.3380 -0.2765 -0.8996
vn 0.7613 0.2480 -0.5991
vn 0.4657 0.6728 -0.5749
vn 0.4785 -0.1091 -0.8713
vn 0.5656 0.0210 -0.8244
vn 0.1150 -0.7534 -0.6474
vn 0.0466 -0.8806 -0.4716
vn 0.3950 0.6682 -0.6304
vn 0.5314 0.5673 -0.6290
vn 0.4355 0.6102 -0.6618
vn 0.4933 -0.2222 -0.8410
vn 0.4182 -0.0565 -0.9066
vn 0.3913 -0.0355 -0.9196
vn 0.3853 0.6140 -0.6889
vn 0.3500 -0.3719 -0.8598
vn 0.3064 -0.7599 -0.5734
vn 0.2539 -0.7028 -0.6645
vn 0.2503 -0.8399 -0.4816
vn 0.4217 0.0290 -0.9063
vn 0.4003 0.5980 -0.6944
vn 0.5677 -0.0184 -0.8230
vn 0.4028 0.7757 -0.4858
vn 0.3624 0.5918 -0.7201
vn 0.3267 -0.2363 -0.9151
vn 0.3717 -0.1960 -0.9074
vn 0.3215 -0.3777 -0.8683
vn 0.3492 -0.5601 -0.7512
vn 0.3442 -0.4293 -0.8350
vn 0.2926 0.1006 -0.9509
vn 0.2269 0.5870 -0.7772
vn 0.2134 0.5729 -0.7914
vn 0.2268 0.6220 -0.7495
vn 0.1743 0.6548 -0.7355
vn 0.4651 0.4701 -0.7502
vn 0.2008 0.6828 -0.7025
vn 0.1207 0.7206 -0.6827
vn -0.3515 -0.4182 0.8376
vn -0.2630 -0.5071 0.8208
vn -0.6027 -0.1446 0.7848
vn 0.3520 -0.4735 0.8074
vn 0.5248 -0.1490 0.8381
vn 0.4797 -0.3668 0.7971
vn 0.3602 -0.5502 0.7534
vn 0.1307 -0.9563 -0.2617
vn 0.3047 -0.8763 -0.3731
vn 0.1086 -0.9769 -0.1840
vn 0.2191 -0.0001 -0.9757
vn 0.1775 -0.2358 -0.9555
vn 0.1435 -0.2501 -0.9575
vn 0.2526 -0.0337 -0.9670
vn 0.1850 -0.2767 -0.9430
vn 0.2074 -0.3189 -0.9248
vn 0.1000 -0.9712 -0.2162
vn 0.2411 -0.9651 -0.1022
vn -0.0053 -0.9555 -0.2950
vn -0.2375 -0.1032 0.9659
vn -0.2372 -0.6050 0.7601
vn -0.2115 -0.6500 0.7299
vn -0.2258 0.0146 0.9741
vn -0.1065 -0.7530 0.6494
vn -0.1020 -0.7036 0.7033
vn -0.0833 -0.7760 0.6252
vn -0.0754 -0.6823 0.7272
vn -0.0648 -0.8145 0.5765
vn -0.0812 -0.7204 0.6888
vn -0.0213 -0.7968 0.6039
vn -0.1057 -0.7967 0.5951
vn -0.0917 -0.7862 0.6112
vn -0.1315 -0.9144 -0.3827
vn -0.2972 -0.5325 0.7925
vn -0.1972 -0.4531 0.8694
vn -0.2473 -0.2745 0.9292
vn -0.3983 -0.4560 0.7959
vn 0.0417 -0.6167 0.7861
vn 0.3711 -0.4691 0.8014
vn -0.3219 -0.7722 0.5478
vn -0.2926 0.0924 0.9518
vn 0.7371 -0.1081 0.6671
vn 0.5767 0.1796 0.7969
vn -0.0436 -0.7017 0.7111
vn -0.0560 0.0729 0.9958
vn -0.0011 -0.7103 0.7039
vn -0.0661 -0.7898 0.6098
vn -0.0820 -0.7978 0.5974
vn -0.1294 -0.8252 0.5499
vn 0.1150 -0.9829 -0.1440
vn -0.5780 -0.5303 0.6203
vn -0.0742 -0.8672 0.4924
vn -0.0834 -0.8559 0.5103
vn 0.0774 -0.9728 -0.2181
vn -0.1005 -0.8689 0.4847
vn -0.2823 -0.4674 0.8378
vn 0.0055 -0.4426 0.8967
vn -0.0551 0.0494 0.9973
vn 0.0371 0.1803 0.9829
vn -0.1051 0.3071 0.9459
vn 0.1153 -0.5771 0.8085
vn -0.0565 -0.8830 0.4659
vn -0.1507 -0.8914 -0.4274
vn -0.0227 -0.9601 -0.2786
vn -0.0881 -0.9473 -0.3081
vn -0.0697 -0.9417 -0.3293
vn 0.1685 -0.8228 -0.5428
vn -0.1190 -0.9032 -0.4124
vn 0.0335 -0.8301 0.5566
vn -0.0501 -0.8971 0.4390
vn -0.0643 0.6350 -0.7698
vn 0.1526 -0.9799 0.1283
vn 0.0984 -0.7232 0.6836
vn 0.1659 -0.7036 0.6910
vn 0.7437 -0.2956 0.5997
vn -0.2588 -0.4570 0.8510
vn -0.1388 -0.4882 0.8616
vn 0.5853 -0.7920 0.1740
vn 0.3635 -0.9291 0.0681
vn 0.3074 -0.8166 0.4885
vn 0.5487 -0.8102 0.2062
vn 0.4641 -0.8499 0.2495
vn 0.0099 -0.8839 0.4676
vn -0.5699 -0.6891 0.4476
vn -0.4034 -0.7774 0.4826
vn -0.4489 -0.8902 0.0778
vn -0.0055 -0.9749 0.2225
vn 0.0580 -0.5214 0.8513
vn 0.0035 -0.5501 0.8351
vn 0.1571 -0.6014 0.7834
vn -0.1762 -0.6115 0.7714
vn -0.4073 -0.5894 0.6976
vn -0.8466 -0.3274 0.4196
vn -0.8513 -0.3575 0.3841
vn 0.2478 -0.0876 0.9648
vn 0.2263 -0.6581 0.7182
vn 0.1064 -0.6984 0.7078
vn -0.8538 -0.3854 0.3500
vn -0.6461 -0.6058 0.4643
vn -0.1056 -0.7635 0.6371
vn -0.0309 -0.6819 0.7308
vn 0.2755 -0.6839 0.6755
vn 0.1160 -0.5660 0.8162
vn -0.0369 -0.3325 0.9424
vn -0.8504 0.2432 0.4666
vn -0.9052 0.0801 0.4174
vn 0.5293 -0.6310 0.5672
vn -0.8414 0.2981 0.4507
vn 0.8498 -0.4757 0.2272
vn 0.7208 -0.5475 0.4250
vn 0.3971 -0.5722 0.7175
vn 0.1385 -0.5158 0.8455
vn 0.1042 -0.6134 0.7829
vn -0.0799 -0.4773 0.8751
vn -0.0971 0.2494 0.9635
vn -0.2272 0.3127 0.9223
vn -0.2170 0.0840 0.9726
vn -0.1868 0.2186 0.9578
vn -0.0404 -0.1620 0.9860
vn 0.0815 -0.5268 0.8461
vn 0.7320 -0.6098 0.3039
vn 0.7346 -0.6490 0.1976
vn 0.6447 -0.7477 0.1594
vn 0.6797 -0.6602 0.3197
vn -0.0865 -0.4621 0.8826
vn 0.6735 -0.7201 0.1666
vn 0.5241 -0.8426 0.1240
vn 0.6280 -0.7241 0.2850
vn 0.8557 -0.5119 0.0761
vn 0.7696 -0.5608 0.3055
vn 0.3168 -0.6038 0.7315
vn 0.2005 -0.8452 0.4954
vn 0.0255 -0.3610 0.9322
vn 0.2519 -0.9650 0.0730
vn -0.4630 0.6057 0.6471
vn -0.6400 0.7103 0.2932
vn 0.4806 -0.8539 0.1999
vn 0.0488 0.2145 -0.9755
vn 0.1075 0.1393 -0.9844
vn 0.2624 0.1080 -0.9589
vn 0.1229 0.1280 -0.9841
vn 0.1954 0.3583 -0.9129
vn 0.1695 -0.0493 -0.9843
vn 0.1683 -0.0671 -0.9834
vn 0.1870 0.5824 -0.7911
vn 0.0949 0.7269 -0.6802
vn 0.0305 0.5698 -0.8212
vn 0.1835 -0.0303 -0.9826
vn 0.8102 0.5144 -0.2810
vn 0.3289 0.1141 -0.9374
vn 0.9656 0.2544 0.0548
vn 0.0610 0.7716 -0.6332
vn -0.1096 0.3571 -0.9276
vn -0.2362 0.5634 -0.7917
vn -0.0189 0.5327 -0.8461
vn 0.2051 0.8367 -0.5078
vn -0.0116 0.7918 -0.6107
vn 0.0631 0.5799 -0.8122
vn 0.1950 0.6281 -0.7533
vn 0.9378 0.3432 0.0528
vn 0.1017 0.5522 -0.8275
vn 0.1606 0.5436 -0.8238
vn 0.0473 0.6481 -0.7601
vn 0.2157 0.5545 -0.8038
vn 0.1243 0.3131 -0.9416
vn -0.1523 0.2732 -0.9498
vn -0.2507 0.4651 -0.8490
vn 0.1935 -0.0164 -0.9810
vn 0.1880 0.2894 -0.9385
vn 0.0826 0.2361 -0.9682
vn 0.2316 0.0545 -0.9713
vn -0.0943 0.3943 -0.9141
vn 0.0673 0.4909 -0.8686
vn 0.2030 -0.0800 -0.9759
vn 0.2418 -0.1535 -0.9581
vn 0.3814 0.5117 -0.7699
vn 0.1413 0.6179 -0.7734
vn -0.1812 0.6929 -0.6979
vn 0.1679 0.7275 -0.6653
vn 0.0503 0.5674 -0.8219
vn 0.2506 0.6015 -0.7586
vn 0.1572 0.9867 0.0406
vn -0.0817 0.9967 -0.0010
vn -0.1986 0.9797 -0.0285
vn 0.3958 -0.9181 -0.0187
vn 0.8079 0.5212 0.2751
vn -0.2923 -0.9545 -0.0596
vn 0.4778 0.8634 0.1621
vn 0.1382 0.9893 0.0476
vn 0.4191 0.5451 -0.7261
vn 0.3324 0.4843 -0.8093
vn 0.3816 -0.4678 -0.7972
vn 0.2122 -0.2412 -0.9470
vn 0.1094 -0.0520 -0.9926
vn 0.2763 0.0237 -0.9608
vn 0.3517 0.0901 -0.9318
vn 0.2958 0.1776 -0.9386
vn 0.4227 -0.1879 -0.8866
vn 0.0884 -0.2005 -0.9757
vn 0.1984 0.3787 -0.9040
vn 0.1930 0.3230 -0.9265
vn 0.2583 0.1462 -0.9549
vn 0.2959 0.3435 -0.8913
vn 0.3484 0.4289 -0.8335
vn 0.4034 0.5717 -0.7144
vn 0.2593 0.4028 -0.8778
vn 0.3808 0.3005 -0.8745
vn 0.3780 0.4662 -0.7999
vn 0.3330 0.1286 -0.9341
vn 0.3890 0.3235 -0.8626
vn 0.5661 -0.3203 -0.7595
vn 0.4082 -0.2200 -0.8860
vn -0.1641 -0.9853 0.0478
vn 0.3236 -0.9120 -0.2522
vn 0.1853 -0.7489 -0.6363
vn 0.1838 -0.2937 -0.9381
vn -0.1667 -0.7550 0.6342
vn -0.2604 -0.8098 0.5258
vn -0.2357 -0.5735 0.7846
vn -0.2235 -0.7929 0.5669
vn -0.2188 -0.7435 0.6319
vn -0.2130 -0.7234 0.6568
vn -0.1913 -0.7682 0.6110
vn -0.2168 -0.7604 0.6122
vn -0.2980 -0.5170 0.8024
vn -0.0501 -0.7724 0.6331
vn -0.2187 -0.7753 0.5926
vn -0.0417 -0.8213 0.5690
vn -0.0695 -0.8754 0.4784
vn -0.1686 -0.7224 0.6706
vn -0.1747 -0.7535 0.6339
vn 0.0172 -0.7854 0.6188
vn -0.4840 -0.7223 0.4940
vn -0.4225 -0.6673 0.6134
vn -0.3356 -0.6888 0.6426
vn 0.3409 -0.1033 -0.9344
vn 0.3113 -0.7121 -0.6293
vn -0.0958 -0.8763 0.4721
vn 0.1564 -0.9739 -0.1645
vn -0.2126 -0.5852 0.7825
vn -0.2115 -0.6527 0.7275
vn -0.1998 -0.6452 0.7374
vn 0.1355 -0.8312 0.5393
vn -0.1936 -0.7510 0.6313
vn -0.1203 -0.7132 0.6905
vn -0.5568 -0.3680 0.7447
vn -0.3925 -0.5454 0.7406
vn -0.1783 -0.8224 0.5402
vn -0.2051 -0.7826 0.5878
vn -0.1981 -0.6615 0.7233
vn 0.0233 -0.7159 0.6978
vn 0.0026 -0.2891 0.9573
vn -0.2099 -0.5722 0.7928
vn -0.0219 -0.5820 0.8129
vn -0.2529 -0.7212 0.6449
vn -0.2476 -0.4570 0.8543
vn -0.4654 -0.2475 0.8498
vn -0.3360 -0.3398 0.8784
vn -0.1483 -0.5261 0.8374
vn -0.5418 -0.3928 0.7431
vn -0.4552 -0.2452 0.8560
vn -0.3636 -0.3138 0.8771
vn -0.4552 -0.1996 0.8677
vn -0.1691 -0.6693 0.7235
vn -0.1730 -0.6008 0.7804
vn -0.1843 -0.5895 0.7864
vn -0.2229 -0.4978 0.8382
vn -0.3143 -0.3149 0.8956
vn -0.2460 -0.3685 0.8965
vn -0.1705 -0.3748 0.9113
vn -0.1693 -0.6590 0.7329
vn -0.1477 -0.5193 0.8417
vn -0.1507 -0.3223 0.9346
vn -0.1565 -0.7476 0.6455
vn 0.1155 -0.8682 0.4827
vn 0.6348 -0.6052 -0.4803
vn -0.0745 -0.7924 0.6054
vn -0.2728 -0.7182 0.6401
vn -0.1066 -0.2503 0.9623
vn -0.1254 -0.1562 0.9797
vn -0.0825 -0.3575 0.9303
vn -0.1728 -0.1924 0.9660
vn -0.2430 -0.2370 0.9406
vn -0.1547 -0.7736 0.6146
vn -0.4917 -0.2480 0.8347
vn -0.0592 -0.8214 0.5672
vn -0.1923 -0.8159 0.5453
vn -0.1102 -0.8085 0.5781
vn -0.1811 -0.8126 0.5540
vn -0.1405 -0.7946 0.5907
vn -0.1323 -0.8014 0.5833
vn -0.1677 -0.1939 0.9666
vn -0.2475 -0.3350 0.9091
vn 0.3208 -0.0794 -0.9438
vn 0.3444 -0.3734 -0.8614
vn 0.5095 -0.6050 -0.6119
vn 0.4403 -0.7620 -0.4748
vn -0.7322 0.5438 -0.4100
vn -0.8135 0.4707 -0.3415
vn -0.7967 0.5783 -0.1756
vn -0.9003 0.3611 -0.2429
vn -0.9063 0.4217 0.0288
vn 0.2911 -0.5373 -0.7916
vn -0.7040 0.5683 -0.4259
vn -0.8544 0.4772 -0.2058
vn -0.0396 0.2537 -0.9665
vn -0.3220 0.1371 -0.9368
vn -0.7520 0.3518 -0.5574
vn 0.1407 -0.1021 -0.9848
vn 0.2060 -0.2672 -0.9414
vn 0.2719 -0.2167 -0.9376
vn 0.0146 0.0700 -0.9974
vn 0.2245 0.0744 -0.9716
vn 0.3001 0.3241 -0.8972
vn 0.2199 0.1779 -0.9592
vn 0.0560 0.1698 -0.9839
vn 0.3040 0.0471 -0.9515
vn -0.6126 0.6532 -0.4450
vn -0.7852 0.3059 -0.5384
vn -0.9416 0.2892 -0.1722
vn -0.9182 0.0414 -0.3938
vn -0.7802 0.3476 -0.5201
vn -0.9692 0.2415 -0.0478
vn -0.9573 0.2885 0.0167
vn -0.9928 -0.1195 -0.0006
vn -0.6063 0.6443 -0.4661
vn -0.7610 0.6461 -0.0589
vn -0.6992 0.4465 -0.5583
vn -0.4852 0.4891 -0.7248
vn -0.2634 0.5553 -0.7888
vn -0.0065 -0.0051 -1.0000
vn -0.9599 -0.1206 -0.2531
vn -0.0816 0.0327 -0.9961
vn 0.1273 -0.0401 -0.9911
vn 0.6208 -0.2143 -0.7541
vn 0.5685 -0.7846 -0.2476
vn 0.5635 -0.7627 -0.3174
vn 0.5680 -0.8210 0.0574
vn 0.4444 -0.7997 -0.4036
vn 0.5475 -0.7598 -0.3507
vn 0.3919 -0.8578 -0.3325
vn 0.3562 -0.8496 -0.3890
vn 0.5260 -0.8007 -0.2866
vn 0.4386 -0.8953 -0.0782
vn 0.4268 -0.4721 -0.7714
vn 0.1630 -0.5640 -0.8095
vn 0.3736 -0.9273 -0.0240
vn -0.6399 0.0430 -0.7672
vn -0.2451 -0.3354 -0.9096
vn -0.8759 -0.4409 -0.1958
vn -0.7371 -0.5024 -0.4520
vn -0.8976 -0.2114 -0.3869
vn -0.7516 -0.4579 -0.4747
vn -0.3682 -0.8941 -0.2551
vn -0.3125 -0.9329 -0.1789
vn -0.3990 -0.8826 -0.2485
vn -0.5878 -0.8090 0.0025
vn -0.6666 -0.7394 0.0945
vn -0.9290 0.1631 0.3323
vn -0.7079 0.6401 0.2985
vn -0.7138 0.6918 0.1092
vn -0.8883 0.4421 0.1244
vn -0.9340 0.2728 0.2306
vn -0.8504 0.4649 0.2464
vn -0.6874 0.5627 0.4592
vn -0.7752 0.4128 0.4781
vn -0.7648 0.5747 0.2912
vn -0.6790 0.4649 0.5682
vn -0.5938 0.5400 0.5965
vn -0.5800 0.4923 0.6491
vn -0.5664 0.2858 0.7730
vn -0.7378 0.2305 0.6344
vn -0.5568 0.6526 0.5139
vn -0.3979 0.1116 0.9106
vn -0.6048 0.2725 0.7483
vn -0.8652 0.4973 -0.0642
vn -0.9915 0.1298 -0.0104
vn -0.8529 0.5209 -0.0362
vn -0.9727 0.2127 -0.0932
vn -0.6049 0.6692 -0.4315
vn -0.6926 0.7132 -0.1081
vn -0.6636 0.7460 -0.0556
vn -0.6426 0.7648 -0.0469
vn -0.6898 0.7236 0.0232
vn -0.6051 0.7958 -0.0243
vn -0.6527 0.7557 0.0544
vn -0.6749 0.7346 0.0704
vn 0.1146 0.3261 -0.9384
vn -0.0704 0.4844 -0.8720
vn -0.0230 0.8346 -0.5503
vn 0.1509 0.5688 -0.8085
vn -0.0360 0.8487 -0.5277
vn 0.2553 0.4945 -0.8308
vn 0.4154 0.3718 -0.8302
vn 0.2482 0.2662 -0.9314
vn 0.0352 0.4832 -0.8748
vn -0.0244 0.6423 -0.7660
vn -0.1928 0.6184 -0.7619
vn 0.0123 0.4289 -0.9032
vn -0.1410 0.8473 -0.5120
vn -0.0220 0.8920 -0.4515
vn -0.1527 0.8005 -0.5796
vn -0.2734 0.6798 -0.6806
vn -0.8122 0.5738 -0.1055
vn -0.7466 0.6447 -0.1642
vn -0.7316 0.6817 -0.0092
vn -0.5664 0.8124 -0.1385
vn -0.6362 0.7664 -0.0887
vn -0.3773 0.7814 0.4970
vn -0.7665 0.6417 -0.0266
vn -0.8704 0.4900 -0.0474
vn -0.6611 0.6992 0.2722
vn -0.7188 0.6742 0.1696
vn -0.8778 0.4786 -0.0188
vn -0.7695 0.6262 -0.1256
vn 0.2270 0.1501 -0.9623
vn 0.0909 0.7963 -0.5980
vn -0.0525 0.7589 -0.6491
vn -0.2400 0.3726 -0.8964
vn -0.0622 0.0292 -0.9976
vn -0.4818 0.1471 -0.8638
vn -0.5677 0.1613 -0.8073
vn 0.0572 0.1858 -0.9809
vn -0.7028 0.5995 -0.3830
vn 0.1473 -0.3119 -0.9386
vn 0.2629 -0.2130 -0.9410
vn 0.1701 0.1875 -0.9674
vn 0.4432 0.3212 -0.8369
vn 0.0772 0.5202 -0.8505
vn 0.2848 0.4038 -0.8694
vn 0.2727 0.3543 -0.8945
vn -0.1163 0.8331 -0.5407
vn 0.1057 0.6611 -0.7428
vn -0.2218 0.4805 -0.8485
vn 0.1509 0.7409 -0.6545
vn 0.4377 0.6054 -0.6647
vn 0.2843 0.3526 -0.8916
vn 0.2297 0.6338 -0.7386
vn -0.1030 0.8012 -0.5895
vn 0.4212 0.5152 -0.7464
vn 0.4596 0.3529 -0.8150
vn 0.3503 0.2707 -0.8967
vn 0.3995 0.2189 -0.8902
vn 0.3679 0.2199 -0.9035
vn 0.2966 0.0267 -0.9546
vn 0.3855 -0.1703 -0.9069
vn 0.3629 -0.0058 -0.9318
vn 0.1433 -0.4505 -0.8812
vn 0.5635 0.3719 -0.7377
vn 0.3585 0.0651 -0.9313
vn 0.2917 0.1565 -0.9436
vn 0.3986 0.1803 -0.8992
vn 0.4171 0.1671 -0.8934
vn -0.7705 0.5778 0.2690
vn -0.8416 0.1295 0.5244
vn -0.7294 0.6734 0.1203
vn -0.6688 0.7401 0.0706
vn -0.8415 0.5244 0.1300
vn -0.6535 0.7055 0.2744
vn -0.5227 0.8049 0.2808
vn -0.6585 0.6126 0.4372
vn -0.7164 0.6042 0.3490
vn -0.8333 0.5527 -0.0028
vn -0.6638 0.6878 0.2938
vn -0.6447 0.7640 0.0242
vn -0.5734 0.7808 0.2481
vn 0.0122 -0.1510 -0.9885
vn -0.0481 -0.8811 -0.4705
vn -0.0118 -0.7351 -0.6779
vn 0.2660 -0.6657 -0.6972
vn -0.0750 -0.3770 -0.9232
vn -0.0904 -0.5211 -0.8487
vn 0.0415 -0.1903 -0.9809
vn 0.2956 -0.4671 -0.8333
vn 0.1050 -0.8963 -0.4308
vn 0.3526 -0.6401 -0.6826
vn 0.3141 -0.8799 -0.3567
vn 0.2671 -0.8984 -0.3485
vn 0.2367 -0.8946 -0.3790
vn 0.2206 -0.9063 -0.3603
vn 0.2462 -0.8903 -0.3830
vn 0.0808 -0.9645 -0.2515
vn 0.2266 -0.9164 -0.3298
vn -0.2600 -0.3883 0.8841
vn -0.2240 -0.2249 0.9483
vn -0.2046 -0.2000 0.9582
vn 0.3307 -0.0883 0.9396
vn -0.1560 -0.2663 0.9512
vn -0.1896 -0.2565 0.9478
vn -0.0987 -0.6238 0.7753
vn -0.3218 -0.3847 0.8652
vn -0.1526 -0.2506 0.9560
vn -0.1275 -0.5334 0.8362
vn -0.1217 -0.5639 0.8168
vn -0.1142 -0.5826 0.8047
vn -0.1710 -0.4985 0.8499
vn -0.1709 -0.5229 0.8351
vn -0.0378 -0.9647 0.2607
vn -0.0349 -0.9883 0.1483
vn -0.1675 -0.7079 0.6861
vn -0.2073 -0.5320 0.8210
vn -0.1182 -0.7365 0.6660
vn -0.2524 -0.6052 0.7550
vn -0.2738 -0.7231 0.6342
vn -0.1696 -0.6275 0.7599
vn -0.1731 -0.6171 0.7676
vn -0.2265 -0.4426 0.8676
vn 0.1368 -0.9203 0.3666
vn -0.4345 -0.5269 0.7305
vn -0.1819 -0.8229 0.5383
vn -0.1698 -0.8155 0.5533
vn -0.1472 -0.8015 0.5796
vn -0.1932 -0.7192 0.6674
vn -0.1700 -0.7258 0.6666
vn -0.1701 -0.8031 0.5710
vn 0.1432 -0.9817 -0.1256
vn 0.3012 -0.7057 -0.6413
vn 0.2343 -0.4040 -0.8842
vn 0.0851 -0.9955 0.0405
vn 0.0197 -0.9753 0.2198
vn 0.3284 -0.8726 -0.3616
vn 0.0690 -0.9389 0.3371
vn -0.0989 -0.9148 0.3917
vn 0.1695 -0.9461 0.2761
vn -0.1498 -0.8165 0.5576
vn -0.1908 -0.7842 0.5905
vn -0.1640 -0.8371 0.5218
vn -0.0076 -0.9960 0.0891
vn 0.0598 -0.9962 0.0628
vn -0.4751 -0.2416 0.8461
vn 0.0846 -0.5188 -0.8507
vn -0.0135 -0.9979 -0.0633
vn 0.2312 0.8590 -0.4568
vn 0.2248 0.7527 -0.6187
vn 0.2614 0.8895 -0.3748
vn 0.1255 0.9845 -0.1228
vn 0.4572 0.8761 0.1530
vn 0.2671 0.8831 -0.3857
vn 0.2967 0.9412 -0.1614
vn 0.2103 0.9228 -0.3228
vn 0.1923 0.9378 -0.2891
vn 0.2304 0.9289 -0.2901
vn 0.2432 0.9347 -0.2591
vn 0.1832 0.8336 -0.5212
vn 0.3309 0.5814 -0.7433
vn 0.2081 0.0461 -0.9770
vn 0.2316 0.0451 -0.9718
vn 0.1850 0.7889 -0.5860
vn 0.2379 0.8205 -0.5198
vn 0.0775 0.6585 -0.7485
vn 0.2580 0.8806 -0.3974
vn -0.0094 0.4296 -0.9030
vn -0.1236 -0.3825 0.9156
vn -0.2301 -0.2205 0.9479
vn -0.2511 -0.0794 0.9647
vn -0.2378 -0.4841 0.8421
vn -0.2455 -0.1956 0.9495
vn -0.6143 0.0904 0.7839
vn -0.0677 -0.2274 0.9714
vn 0.0045 -0.1352 0.9908
vn -0.1881 -0.2037 0.9608
vn 0.0774 -0.0705 0.9945
vn 0.1270 -0.2134 0.9687
vn -0.0749 -0.0384 0.9965
vn 0.0131 0.7022 0.7118
vn -0.0322 0.6727 0.7392
vn -0.1657 0.0577 0.9845
vn -0.1049 0.1283 0.9862
vn 0.2322 0.7783 0.5833
vn 0.1685 0.8112 0.5600
vn 0.0470 0.3724 0.9269
vn 0.2519 0.8220 0.5107
vn 0.1967 0.8557 0.4786
vn 0.0541 0.7225 0.6892
vn -0.0227 0.6716 0.7406
vn 0.0923 0.7421 0.6639
vn -0.1942 -0.3166 0.9285
vn -0.2192 -0.6083 0.7628
vn -0.1671 -0.5895 0.7903
vn -0.1786 0.3071 0.9348
vn -0.1801 -0.0421 0.9828
vn -0.0459 0.1656 0.9851
vn -0.1030 0.1278 0.9864
vn -0.1277 -0.0428 0.9909
vn -0.2236 -0.4957 0.8392
vn 0.1467 -0.9864 0.0742
vn 0.1641 -0.2859 0.9441
vn 0.1762 0.9834 0.0444
vn 0.1110 0.9840 0.1391
vn -0.4645 -0.8718 -0.1557
vn 0.5716 -0.7694 0.2851
vn 0.1791 -0.9797 0.0902
vn 0.2316 0.7645 -0.6016
vn -0.1397 0.7542 -0.6416
vn 0.4395 0.7688 -0.4646
vn 0.2210 0.7219 -0.6557
vn 0.4363 0.7415 -0.5097
vn 0.2932 0.7303 -0.6170
vn 0.3483 0.8864 -0.3048
vn 0.2708 0.9578 0.0967
vn 0.2887 0.8860 -0.3628
vn 0.0983 0.5795 -0.8090
vn 0.3562 0.8399 -0.4095
vn -0.0361 0.1630 0.9860
vn -0.3422 0.8205 -0.4579
vn 0.3510 0.6204 -0.7014
vn 0.2328 0.6487 -0.7246
vn -0.0686 0.7979 0.5989
vn -0.2251 0.6578 0.7188
vn -0.0049 0.7695 0.6386
vn 0.2312 0.4134 -0.8807
vn -0.2263 0.7866 -0.5745
vn 0.0951 0.7824 -0.6155
vn 0.2981 0.5396 -0.7873
vn 0.2820 0.5126 -0.8110
vn 0.0991 0.7416 -0.6635
vn 0.2383 0.4398 -0.8659
vn 0.4208 0.6994 -0.5778
vn 0.3366 0.7096 -0.6190
vn -0.4109 -0.4866 -0.7710
vn -0.0809 0.4770 -0.8752
vn 0.0342 0.5109 -0.8590
vn -0.2252 -0.2258 0.9478
vn -0.1074 0.1582 0.9816
vn 0.2833 -0.3252 0.9022
vn 0.3135 0.9098 -0.2719
vn -0.0598 0.0415 0.9973
vn 0.6073 0.7723 0.1861
vn 0.1610 0.3791 0.9112
vn -0.0379 0.6746 0.7372
vn -0.0393 0.6795 0.7326
vn -0.0256 0.7861 0.6176
vn -0.0754 0.2227 0.9720
vn -0.0265 0.3827 0.9235
vn -0.0430 0.1564 0.9868
vn 0.1605 0.6921 0.7037
vn -0.1845 0.1579 0.9701
vn -0.1982 -0.1371 0.9705
vn -0.0231 0.1202 0.9925
vn -0.0574 0.0855 0.9947
vn -0.2502 0.6337 0.7320
vn -0.1859 0.0794 0.9794
vn -0.1279 -0.4122 0.9021
vn -0.2367 -0.3947 0.8878
vn -0.3629 -0.2469 0.8985
vn -0.0840 -0.3643 0.9275
vn -0.0191 -0.3269 0.9449
vn -0.0882 -0.3655 0.9266
vn -0.0406 -0.3938 0.9183
vn -0.0398 -0.1947 0.9801
vn -0.0605 0.8594 0.5077
vn 0.0361 0.8950 0.4445
vn -0.0958 0.5594 0.8233
vn -0.0840 0.3601 0.9291
vn -0.1421 0.0904 0.9857
vn -0.1053 0.1763 0.9787
vn -0.1676 0.3045 0.9377
vn -0.0395 -0.2228 0.9741
vn -0.0183 0.1333 0.9909
vn -0.2807 -0.2372 0.9300
vn 0.0976 0.1469 0.9843
vn -0.1047 -0.0361 0.9938
vn -0.0629 0.0531 0.9966
vn -0.4324 -0.0970 0.8965
vn -0.3032 -0.1392 0.9427
vn -0.5341 -0.1637 0.8295
vn -0.1712 0.2308 0.9578
vn -0.1736 0.1779 0.9686
vn -0.2257 0.2127 0.9507
vn -0.1934 0.1682 0.9666
vn -0.0789 0.0659 0.9947
vn -0.8221 0.0346 0.5684
vn 0.0235 -0.0366 0.9991
vn 0.0014 -0.2001 0.9798
vn -0.1230 -0.1849 0.9750
vn 0.0336 -0.0693 0.9970
vn -0.1894 -0.3485 0.9180
vn -0.0770 0.1851 0.9797
vn -0.2968 0.0339 0.9543
vn -0.0438 -0.1342 0.9900
vn -0.4473 0.0211 0.8941
vn -0.0159 -0.0181 0.9997
vn -0.1204 -0.4088 0.9046
vn -0.7588 -0.1908 0.6227
vn -0.1600 -0.5781 0.8001
vn -0.2919 -0.3803 0.8776
vn 0.0478 -0.3667 0.9291
vn -0.2635 -0.5150 0.8157
vn -0.2609 -0.5203 0.8132
vn -0.6801 -0.2090 0.7027
vn -0.1511 -0.3273 0.9327
vn -0.2950 -0.3334 0.8954
vn -0.4719 -0.4093 0.7809
vn -0.1768 -0.6919 0.7000
vn -0.1341 -0.7019 0.6995
vn -0.2240 -0.7983 0.5590
vn -0.0491 -0.3125 0.9487
vn 0.0202 0.9835 -0.1796
vn 0.0094 0.9659 -0.2589
vn -0.1110 0.9436 -0.3119
vn 0.4031 0.7250 -0.5584
vn -0.3585 0.9045 0.2312
vn -0.4215 0.8893 0.1777
vn -0.5724 0.7966 0.1946
vn -0.6956 0.6759 0.2435
vn -0.1642 0.9471 0.2756
vn 0.0818 0.9672 -0.2405
vn 0.0439 0.8095 -0.5855
vn 0.1299 0.9526 -0.2752
vn 0.2981 0.6659 -0.6839
vn -0.2086 0.9317 -0.2974
vn -0.2363 0.9620 -0.1366
vn -0.1407 0.9541 0.2643
vn 0.4997 0.3556 -0.7898
vn 0.4319 0.3095 -0.8472
vn 0.1456 0.8054 -0.5746
vn 0.1420 0.9768 -0.1600
vn -0.5050 0.8167 0.2792
vn -0.7619 0.6469 0.0319
vn 0.5157 0.1763 -0.8385
vn 0.5015 0.4122 -0.7607
vn 0.6543 0.4496 -0.6080
vn 0.3205 0.3019 -0.8978
vn 0.3413 0.3081 -0.8880
vn 0.2683 0.5437 -0.7952
vn 0.1237 0.2687 -0.9553
vn 0.4056 0.6318 -0.6605
vn 0.7495 -0.3149 -0.5823
vn 0.5804 0.4621 -0.6706
vn 0.2410 0.8383 -0.4890
vn 0.1990 0.8016 -0.5637
vn 0.4582 0.3681 -0.8091
vn -0.5059 0.8609 0.0539
vn -0.5195 0.8232 0.2288
vn -0.1684 0.6504 0.7407
vn -0.4246 0.4725 0.7723
vn -0.0710 0.9855 0.1539
vn -0.0097 0.9950 0.0993
vn -0.2722 0.9054 0.3258
vn -0.8041 0.5625 0.1923
vn -0.6226 0.7332 -0.2733
vn -0.5496 0.8352 0.0185
vn -0.7805 0.6238 -0.0409
vn -0.7441 0.6050 -0.2835
vn -0.5345 0.8445 0.0338
vn -0.7418 0.6702 -0.0229
vn -0.8305 0.5543 0.0549
vn -0.8215 0.5643 0.0824
vn -0.8107 0.4615 -0.3603
vn -0.9269 0.2936 0.2339
vn -0.1366 0.9377 0.3194
vn -0.0091 0.8357 0.5491
vn -0.0701 0.9339 0.3507
vn -0.1797 0.9701 0.1630
vn -0.1806 0.9820 0.0555
vn -0.2144 0.4148 0.8843
vn -0.2920 0.8984 0.3279
vn -0.3911 0.8193 0.4192
vn -0.7522 0.1577 0.6397
vn -0.8033 0.1820 0.5671
vn -0.3504 0.2925 0.8898
vn -0.6912 0.3844 0.6120
vn 0.5049 0.6882 -0.5210
vn 0.2005 0.8088 -0.5528
vn 0.0051 0.9898 -0.1423
vn 0.0453 0.9724 0.2288
vn 0.1296 0.8652 -0.4843
vn 0.0452 0.9551 -0.2928
vn 0.0448 0.9983 0.0371
vn 0.2077 0.9583 0.1962
vn -0.0299 0.7392 0.6729
vn 0.1217 0.9906 0.0627
vn 0.2629 0.8510 -0.4546
vn 0.2164 0.9032 -0.3706
vn 0.0249 0.5452 0.8379
vn 0.0461 0.7859 0.6167
vn -0.3091 -0.1088 0.9448
vn -0.3321 -0.3450 0.8779
vn -0.1272 0.2578 0.9578
vn -0.1201 -0.1473 0.9818
vn -0.3210 -0.4781 0.8175
vn -0.2255 -0.5047 0.8333
vn -0.2906 -0.5224 0.8017
vn -0.1553 -0.0982 0.9830
vn -0.1975 -0.0523 0.9789
vn -0.1633 0.1059 0.9809
vn -0.2156 -0.1999 0.9558
vn -0.2426 -0.4529 0.8579
vn -0.1717 0.1067 0.9793
vn -0.2074 -0.3959 0.8946
vn -0.1549 -0.5650 0.8104
vn -0.0196 -0.3446 0.9385
vn -0.0484 -0.3187 0.9466
vn -0.1350 -0.7688 0.6250
vn 0.2783 -0.0388 0.9597
vn -0.1131 -0.4127 0.9038
vn -0.1355 -0.4036 0.9048
vn -0.1451 -0.4068 0.9019
vn -0.1786 -0.0870 0.9801
vn -0.2497 0.1900 0.9495
vn -0.3606 -0.3982 0.8434
vn -0.0807 -0.5787 0.8116
vn 0.0389 -0.5542 0.8315
vn 0.0108 -0.7421 0.6702
vn -0.1110 -0.5287 0.8415
vn -0.2326 -0.5720 0.7866
vn -0.1098 -0.3270 0.9386
vn -0.0986 -0.4955 0.8630
vn -0.2600 -0.1770 0.9492
vn -0.2688 -0.0883 0.9591
vn -0.1827 -0.1997 0.9627
vn -0.2301 -0.0493 0.9719
vn -0.1914 -0.1172 0.9745
vn -0.1956 -0.0668 0.9784
vn -0.0454 -0.3079 0.9503
vn 0.2197 -0.6445 0.7323
vn -0.2386 -0.1454 0.9602
vn -0.2061 -0.0425 0.9776
vn 0.2614 0.2017 -0.9439
vn 0.3078 0.8044 -0.5081
vn 0.2781 0.8249 -0.4921
vn 0.2446 0.7435 -0.6224
vn 0.4547 0.8252 -0.3351
vn 0.3426 0.8244 -0.4506
vn 0.6244 0.7311 -0.2750
vn 0.4158 0.7829 -0.4628
vn 0.0495 0.3432 -0.9380
vn 0.2907 0.4892 -0.8223
vn 0.2163 0.5335 -0.8177
vn 0.2988 0.4651 -0.8333
vn 0.3394 0.4331 -0.8350
vn 0.2708 0.3892 -0.8805
vn 0.0075 0.4522 -0.8919
vn 0.1852 0.0396 -0.9819
vn 0.2956 0.1655 -0.9409
vn 0.2350 0.0554 -0.9704
vn 0.2828 0.8949 -0.3452
vn 0.2261 0.1274 -0.9657
vn 0.2003 0.2832 -0.9379
vn 0.1980 0.0551 -0.9786
vn 0.4407 0.3906 -0.8083
vn -0.0077 0.9553 -0.2955
vn 0.0011 0.8249 -0.5653
vn 0.1963 0.5408 -0.8179
vn 0.3336 0.5768 -0.7457
vn 0.1751 0.4929 -0.8523
vn 0.1499 0.5419 -0.8270
vn 0.2116 0.4752 -0.8541
vn 0.2232 0.0756 -0.9718
vn 0.2101 -0.1569 -0.9650
vn 0.2098 -0.1855 -0.9600
vn -0.1042 0.8255 -0.5547
vn 0.6148 0.5359 -0.5786
vn 0.6154 0.5317 -0.5819
vn 0.2415 0.7498 -0.6160
vn 0.2665 0.3014 -0.9155
vn 0.3468 -0.0410 -0.9370
vn 0.2414 0.2676 -0.9328
vn 0.2612 -0.2604 -0.9295
vn 0.2029 0.0385 -0.9784
vn 0.1597 0.1257 -0.9791
vn 0.1180 0.1159 -0.9862
vn -0.1290 0.2706 -0.9540
vn 0.3472 0.7637 -0.5443
vn 0.2762 0.8206 -0.5003
vn 0.2486 0.8503 -0.4639
vn 0.3277 0.7378 -0.5901
vn 0.3918 0.2344 -0.8897
vn 0.2805 -0.2279 -0.9324
vn 0.2867 -0.4590 -0.8409
vn 0.3042 -0.1759 -0.9362
vn 0.2620 -0.7675 -0.5851
vn 0.3747 -0.2134 -0.9022
vn 0.1654 -0.9552 -0.2455
vn 0.2505 -0.3761 -0.8921
vn 0.0967 -0.9869 -0.1289
vn 0.0519 -0.9963 -0.0688
vn 0.0481 -0.9424 0.3310
vn -0.3633 -0.9208 0.1419
vn 0.0126 -0.9988 0.0473
vn -0.0382 -0.9921 0.1193
vn -0.0732 -0.5139 0.8547
vn 0.0019 0.0352 0.9994
vn 0.2261 -0.3197 -0.9201
vn -0.0684 -0.9754 0.2098
vn 0.0092 -0.9937 0.1116
vn 0.1749 -0.2688 -0.9472
vn 0.1516 -0.3010 -0.9415
vn 0.2975 -0.3116 -0.9024
vn 0.1542 -0.8419 -0.5171
vn -0.3649 -0.9273 -0.0832
vn 0.2266 0.9727 -0.0505
vn -0.2774 0.5156 0.8107
vn -0.5299 -0.1347 0.8373
vn -0.6961 0.6053 0.3861
vn -0.7092 0.6288 0.3188
vn -0.5554 0.8311 -0.0289
vn -0.2087 -0.6177 0.7582
vn -0.5625 -0.5988 0.5701
vn -0.6209 -0.7200 0.3100
vn -0.1426 0.0303 0.9893
vn -0.3241 0.2229 0.9194
vn -0.4878 -0.6173 0.6172
vn -0.4820 0.4273 0.7649
vn -0.6685 0.5186 0.5331
vn -0.6787 0.6263 0.3837
vn -0.6211 0.6569 0.4274
vn -0.2934 0.4730 0.8308
vn -0.5086 0.8097 0.2928
vn -0.2314 0.8620 0.4510
vn -0.9047 0.1682 -0.3914
vn 0.2992 0.6253 -0.7208
vn 0.3120 0.6461 -0.6965
vn 0.8644 -0.3627 0.3483
vn 0.2172 0.4594 -0.8612
vn 0.2017 0.3154 -0.9273
vn 0.0054 0.2228 -0.9749
vn -0.0683 0.3532 -0.9331
vn 0.1104 0.4516 -0.8854
vn -0.0914 0.4285 -0.8989
vn 0.0840 0.5933 -0.8006
vn 0.1015 0.6992 -0.7077
vn -0.1885 0.7203 -0.6675
vn 0.1069 0.7291 -0.6760
vn 0.7222 -0.6446 0.2508
vn 0.0715 0.7564 -0.6502
vn 0.3756 0.6349 -0.6752
vn 0.2306 0.8993 -0.3716
vn -0.7373 0.5297 -0.4193
vn -0.9886 0.1387 0.0581
vn 0.7164 0.1718 -0.6763
vn -0.5018 0.6773 -0.5380
vn -0.9367 0.3014 -0.1782
vn -0.4485 0.0423 -0.8928
vn 0.6769 0.6854 0.2682
vn 0.9390 0.2802 0.1996
vn 0.7406 0.6089 0.2841
vn 0.7080 0.6443 0.2892
vn 0.5873 -0.8056 -0.0774
vn -0.9967 0.0803 -0.0121
vn -0.9683 -0.0837 -0.2352
vn -0.9584 -0.1520 -0.2415
vn -0.9009 0.4318 0.0439
vn -0.9697 -0.2070 -0.1299
vn 0.8952 -0.4304 0.1157
vn 0.7452 0.6226 0.2388
vn 0.2704 -0.0998 -0.9576
vn 0.2179 -0.8644 -0.4532
vn -0.0197 -0.9735 0.2278
vn -0.0571 -0.8219 0.5667
vn 0.2961 -0.4319 -0.8519
vn 0.2158 -0.8580 -0.4662
vn -0.0127 -0.9142 0.4050
vn 0.0359 -0.9860 0.1629
vn 0.1129 -0.9900 -0.0852
vn 0.3081 -0.8195 -0.4833
vn 0.2767 -0.8426 -0.4621
vn 0.2555 -0.9248 -0.2817
vn 0.2428 -0.9377 -0.2483
vn 0.1385 -0.9903 0.0077
vn -0.1328 -0.8179 0.5597
vn -0.1158 -0.7697 0.6278
vn -0.1388 -0.7545 0.6414
vn 0.0330 -0.9696 0.2426
vn -0.0151 -0.3448 0.9386
vn 0.0248 -0.5704 0.8210
vn 0.0801 -0.5597 0.8248
vn 0.1489 -0.7062 0.6922
vn -0.0940 -0.5813 0.8082
vn 0.0900 -0.5673 0.8186
vn 0.0758 -0.6392 0.7653
vn 0.1284 0.4428 0.8874
vn -0.4429 0.5883 0.6766
vn -0.0687 0.7365 0.6729
vn -0.2128 0.6198 0.7553
vn -0.0683 0.0856 0.9940
vn -0.1207 -0.2030 0.9717
vn -0.4007 0.5225 0.7526
vn -0.4068 0.1648 0.8985
vn 0.3776 -0.7059 0.5992
vn 0.5219 -0.7730 0.3606
vn -0.5159 0.0818 0.8527
vn -0.0397 -0.9488 0.3135
vn -0.1710 -0.5224 0.8354
vn -0.4964 -0.2506 0.8311
vn -0.0579 0.4686 0.8815
vn -0.0539 0.4568 0.8879
vn 0.0961 -0.4780 0.8731
vn -0.0393 -0.7939 0.6067
vn 0.2915 -0.6597 0.6927
vn 0.4077 0.7672 -0.4952
vn 0.8048 0.5657 -0.1796
vn 0.8831 0.4516 0.1270
vn 0.8144 0.5284 -0.2399
vn 0.9323 -0.3341 0.1388
vn 0.9793 -0.1342 0.1515
vn 0.6705 -0.7417 0.0175
vn 0.3283 0.8914 0.3125
vn -0.0858 0.4503 0.8888
vn 0.5203 0.7317 0.4404
vn 0.7782 -0.6085 0.1555
vn 0.8193 -0.5733 0.0089
vn 0.3226 -0.8065 0.4955
vn -0.3140 0.3997 0.8612
vn 0.2954 -0.4970 0.8159
vn 0.0391 -0.9938 -0.1039
vn -0.0627 -0.9945 -0.0843
vn 0.9637 -0.2656 0.0263
vn -0.1273 -0.5302 0.8383
vn -0.0930 -0.3286 0.9399
vn -0.8552 0.3710 -0.3619
vn 0.0209 0.1137 -0.9933
vn 0.2180 0.2665 -0.9389
vn 0.3449 0.2723 -0.8983
vn 0.2691 0.7367 -0.6204
vn 0.3604 0.9106 0.2023
vn 0.4075 0.9101 0.0749
vn 0.5917 0.3325 -0.7344
vn 0.6556 0.4102 -0.6339
vn 0.0620 0.2240 -0.9726
vn 0.7605 0.6493 -0.0082
vn 0.6131 0.7158 0.3344
vn 0.8380 0.5147 -0.1812
vn 0.6633 0.7018 -0.2598
vn 0.4495 -0.6252 0.6380
vn 0.2278 0.8926 0.3891
vn 0.0141 -0.9644 -0.2641
vn 0.0975 -0.9890 -0.1111
vn 0.0514 -0.9914 0.1201
vn 0.5992 0.0566 0.7986
vn 0.5611 0.1176 0.8194
vn 0.3630 0.1626 0.9175
vn 0.3137 0.1779 0.9327
vn 0.2999 -0.9514 0.0692
vn 0.0914 0.0447 0.9948
vn 0.0145 0.1396 0.9901
vn -0.1161 0.0611 0.9914
vn -0.1215 -0.7366 0.6653
vn 0.2724 0.6116 0.7428
vn 0.3521 0.4564 0.8172
vn 0.2164 0.5019 0.8374
vn 0.3040 0.9526 0.0106
vn 0.0910 0.9208 -0.3793
vn 0.1257 0.9597 -0.2515
vn 0.3415 0.9367 0.0776
vn -0.0025 0.7091 -0.7051
vn -0.0218 0.0325 0.9992
vn 0.0279 0.8267 -0.5620
vn 0.1733 0.4302 0.8860
vn 0.1119 0.9774 -0.1794
vn 0.2724 0.6443 0.7146
vn -0.0419 0.8644 -0.5010
vn 0.1696 0.7287 -0.6635
vn 0.1104 0.9567 0.2695
vn 0.1960 0.3854 0.9017
vn 0.1470 0.6053 0.7823
vn 0.0596 0.9810 0.1848
vn 0.3495 0.2594 0.9003
vn 0.4161 0.3504 0.8391
vn 0.0853 0.1865 0.9787
vn 0.0642 -0.1368 0.9885
vn -0.0425 -0.8917 0.4507
vn 0.1798 -0.0132 0.9836
vn 0.1549 0.2961 0.9425
vn 0.2584 0.2901 0.9214
vn -0.0236 -0.9993 0.0304
vn 0.0271 -0.7518 0.6588
vn -0.0206 -0.9716 0.2359
vn 0.0054 -0.7135 0.7007
vn 0.0903 0.0270 0.9956
vn 0.0013 -0.7691 0.6391
vn 0.0102 -0.6899 0.7238
vn -0.0763 -0.8360 0.5434
vn -0.0123 -0.8213 0.5704
vn -0.1522 -0.9884 0.0008
vn 0.1352 0.3681 0.9199
vn 0.2381 0.5263 0.8163
vn 0.1881 0.2132 0.9587
vn 0.0511 -0.0711 0.9962
vn 0.1535 0.2653 0.9519
vn 0.1544 0.2277 0.9614
vn -0.2204 -0.1177 -0.9683
vn 0.2793 0.8594 -0.4283
vn 0.4806 0.8613 0.1647
vn -0.2812 -0.2548 0.9252
vn 0.4678 0.8819 -0.0585
vn 0.4912 0.8381 0.2372
vn 0.0768 0.2372 0.9684
vn 0.3087 0.8733 -0.3769
vn 0.1441 0.6528 -0.7437
vn 0.2985 0.8822 -0.3641
vn 0.3788 0.9255 0.0038
vn 0.1386 0.5408 0.8296
vn 0.1896 0.5447 0.8169
vn 0.0734 0.4105 0.9089
vn 0.1674 0.4128 0.8953
vn 0.4656 0.8083 -0.3603
vn 0.4555 0.8241 -0.3367
vn 0.1976 0.9325 -0.3023
vn -0.7327 -0.3964 -0.5532
vn 0.3046 0.8407 0.4478
vn 0.2047 0.9578 -0.2018
vn 0.2633 0.7416 0.6170
vn -0.0770 0.7378 0.6707
vn 0.5028 0.8465 -0.1751
vn 0.2813 0.9298 -0.2375
vn 0.4112 0.9106 -0.0417
vn 0.0703 0.3229 0.9438
vn -0.0833 0.3883 0.9178
vn 0.0069 -0.6789 0.7342
vn 0.2299 -0.5057 0.8315
vn 0.3507 -0.3526 0.8676
vn 0.2470 -0.0183 0.9688
vn 0.0759 0.3703 0.9258
vn 0.1312 -0.5942 0.7935
vn 0.1099 -0.8384 0.5339
vn 0.0941 -0.8970 0.4318
vn 0.1443 -0.4608 0.8757
vn 0.2021 -0.5523 0.8088
vn -0.1565 -0.6923 0.7045
vn 0.1497 -0.5097 0.8473
vn 0.0163 -0.5798 0.8146
vn 0.1533 -0.4308 0.8893
vn 0.1204 -0.5960 0.7939
vn 0.1571 0.3220 0.9336
vn 0.0282 0.3920 -0.9195
vn -0.1156 0.4959 -0.8607
vn -0.0363 0.8125 -0.5819
vn -0.0654 0.9811 0.1820
vn 0.1619 0.8981 0.4090
vn 0.2802 0.9585 0.0527
vn 0.2182 0.9756 -0.0249
vn 0.1129 0.9888 -0.0971
vn 0.0747 0.9927 -0.0945
vn 0.0510 0.9926 0.1104
vn 0.2848 0.7544 -0.5914
vn -0.0656 0.8172 -0.5725
vn 0.1318 0.4965 -0.8580
vn 0.0156 0.6244 -0.7809
vn 0.0113 0.6818 -0.7314
vn -0.0018 0.6647 -0.7471
vn 0.2401 0.1480 0.9594
vn 0.2225 0.2186 0.9501
vn 0.2919 0.2027 0.9347
vn 0.2437 -0.0131 0.9698
vn 0.2542 0.2405 0.9368
vn 0.2336 -0.5141 0.8253
vn 0.1952 -0.0130 0.9807
vn 0.2041 -0.2767 0.9390
vn -0.0343 -0.6683 0.7431
vn 0.0663 -0.5402 0.8389
vn 0.0183 -0.6597 0.7513
vn 0.2526 0.0140 0.9675
vn -0.0657 -0.6558 0.7521
vn 0.2536 -0.3066 0.9174
vn 0.1284 -0.3052 0.9436
vn 0.2388 -0.2936 0.9256
vn 0.1937 0.2157 0.9570
vn 0.0880 -0.7057 0.7030
vn -0.0140 -0.6923 0.7215
vn 0.1884 -0.9338 0.3041
vn 0.0842 0.9853 0.1487
vn -0.1159 0.9664 0.2296
vn 0.4579 0.6453 0.6116
vn -0.1334 0.5518 -0.8232
vn -0.0369 0.8285 -0.5587
vn -0.2435 0.7745 -0.5839
vn -0.1577 0.5687 -0.8073
vn -0.1896 0.5479 -0.8148
vn -0.0071 0.8136 -0.5814
vn -0.1747 0.4358 -0.8829
vn -0.1106 -0.3721 -0.9216
vn -0.0710 -0.6718 -0.7373
vn -0.1312 -0.6009 -0.7885
vn 0.0128 -0.8105 -0.5856
vn -0.2194 0.3033 -0.9273
vn -0.1057 0.3955 -0.9124
vn -0.1667 0.1260 -0.9779
vn -0.1930 -0.0064 -0.9812
vn -0.1490 -0.3854 -0.9106
vn -0.1741 -0.6105 -0.7726
vn -0.2473 -0.2963 -0.9225
vn -0.2889 -0.4388 -0.8508
vn -0.2078 0.1681 -0.9636
vn 0.4360 -0.8179 0.3754
vn -0.3830 0.5583 -0.7359
vn -0.2751 -0.1003 -0.9562
vn -0.1148 -0.1904 -0.9750
vn -0.1938 0.5425 -0.8174
vn -0.0826 -0.5077 -0.8575
vn -0.1901 -0.7608 -0.6205
vn 0.0788 -0.6757 -0.7329
vn 0.0495 -0.9845 -0.1681
vn 0.0991 -0.6378 -0.7638
vn 0.4226 -0.3934 0.8165
vn -0.1294 -0.3856 -0.9135
vn -0.1176 -0.0171 -0.9929
vn -0.1442 0.3247 -0.9348
vn -0.1140 0.2569 -0.9597
vn -0.0814 0.4360 -0.8963
vn -0.1399 0.5007 -0.8543
vn -0.2748 -0.0522 -0.9601
vn -0.1291 -0.3121 -0.9412
vn -0.0389 0.4755 -0.8788
vn -0.2249 0.4122 -0.8829
vn -0.1322 0.3059 -0.9428
vn -0.1722 0.3386 -0.9250
vn -0.1528 0.3453 -0.9260
vn -0.0471 -0.2858 -0.9571
vn -0.1265 -0.3793 -0.9166
vn -0.1448 0.2030 -0.9684
vn -0.1415 0.2056 -0.9683
vn -0.1191 0.3271 -0.9374
vn -0.0897 -0.0487 -0.9948
vn -0.2705 -0.6041 -0.7496
vn -0.1260 -0.2701 -0.9546
vn -0.1619 -0.3382 -0.9271
vn -0.2417 0.7368 -0.6315
vn -0.1813 -0.5780 -0.7956
vn -0.2101 -0.3043 -0.9291
vn -0.1851 -0.8067 -0.5613
vn -0.1562 -0.8211 -0.5489
vn 0.0287 -0.6046 0.7960
vn -0.0406 -0.6646 0.7461
vn -0.2240 -0.7991 -0.5579
vn 0.4025 0.0867 0.9113
vn 0.3234 -0.2809 0.9036
vn 0.2909 0.5894 0.7536
vn -0.1281 -0.8059 -0.5780
vn 0.2044 -0.6125 0.7636
vn 0.2123 -0.5501 0.8077
vn -0.0826 -0.7068 -0.7025
vn -0.2445 -0.8312 -0.4993
vn -0.0742 -0.9965 0.0378
vn 0.2020 -0.2405 0.9494
vn 0.0520 -0.4021 0.9141
vn 0.3451 -0.2159 0.9134
vn 0.2399 -0.3469 0.9067
vn 0.2523 -0.1891 0.9490
vn 0.1764 -0.6345 0.7525
vn 0.1707 -0.6531 0.7378
vn 0.1730 -0.6556 0.7350
vn 0.5131 0.6825 0.5205
vn 0.0291 -0.5163 0.8559
vn 0.2047 -0.4319 0.8784
vn 0.5477 -0.6433 0.5350
vn -0.1199 0.1761 -0.9770
vn -0.1700 -0.6899 -0.7036
vn -0.1448 -0.9300 0.3378
vn -0.1452 -0.8943 0.4233
vn -0.1239 -0.9305 0.3448
vn 0.0203 -0.8635 0.5039
vn -0.0163 -0.9138 0.4058
vn -0.1156 -0.7877 -0.6051
vn 0.1563 -0.6838 0.7128
vn 0.0266 -0.7159 0.6977
vn 0.0315 -0.6606 0.7501
vn -0.2606 -0.6750 0.6903
vn 0.1866 -0.5758 0.7960
vn 0.1368 -0.8733 0.4676
vn 0.3051 -0.3950 0.8666
vn 0.2343 -0.4886 0.8405
vn 0.3368 -0.6395 0.6911
vn 0.4344 -0.6258 0.6478
vn 0.4453 -0.6482 0.6177
vn 0.1943 -0.3825 0.9033
vn 0.4919 -0.6986 0.5197
vn 0.2413 0.9294 -0.2791
vn 0.2374 0.6756 0.6980
vn 0.8499 0.5200 0.0853
vn 0.4016 0.8245 0.3986
vn 0.5820 0.7571 0.2966
vn 0.3127 0.1084 0.9436
vn 0.0246 0.8449 0.5344
vn 0.4715 0.5089 0.7202
vn 0.3691 0.4882 0.7909
vn 0.1163 0.9377 -0.3275
vn 0.4011 0.6311 0.6639
vn 0.3679 0.6588 0.6562
vn 0.8347 0.3645 0.4128
vn 0.4554 0.8025 0.3855
vn 0.7833 0.5611 0.2676
vn 0.4167 0.8193 0.3938
vn 0.0843 0.8975 0.4329
vn 0.8345 0.3645 0.4131
vn 0.4155 0.0625 0.9074
vn 0.4796 0.2989 0.8250
vn -0.0426 -0.1820 0.9824
vn 0.4187 0.0343 0.9075
vn 0.3429 -0.0505 0.9380
vn 0.3314 -0.0051 0.9435
vn 0.2773 0.0682 0.9584
vn 0.1983 -0.0313 0.9796
vn 0.3006 -0.1934 0.9339
vn 0.5630 0.5586 0.6092
vn 0.5327 0.6450 0.5480
vn 0.6011 0.5587 0.5714
vn 0.1134 0.9110 -0.3964
vn 0.0231 0.8681 -0.4958
vn 0.0624 0.8534 -0.5175
vn 0.1409 0.9788 -0.1489
vn 0.3172 0.9369 0.1473
vn 0.0652 0.8151 -0.5757
vn 0.0540 0.8316 -0.5528
vn 0.0136 0.8350 -0.5500
vn 0.4931 0.6801 0.5425
vn 0.4491 0.7620 0.4666
vn 0.4347 0.7176 0.5441
vn 0.0885 0.9948 0.0507
vn 0.0890 0.9948 0.0499
vn 0.0901 0.9948 0.0484
vn 0.2668 0.8836 0.3848
vn 0.2823 0.7599 0.5856
vn 0.2569 0.8987 0.3554
vn 0.2660 0.7836 0.5614
vn 0.1028 0.9165 -0.3866
vn 0.3262 0.1468 0.9338
vn 0.3759 0.2225 0.8996
vn 0.3771 0.0919 0.9216
vn 0.3153 0.0724 0.9462
vn 0.2930 0.8167 0.4971
vn 0.0620 0.9777 -0.2004
vn 0.1620 0.9854 0.0526
vn 0.0416 0.9057 -0.4220
vn 0.3375 0.5111 0.7905
vn 0.4357 0.2726 0.8578
vn 0.3771 0.6467 0.6630
vn 0.2267 0.8926 0.3897
vn 0.3424 0.8172 0.4635
vn -0.1253 0.8723 -0.4727
vn 0.3150 0.5193 0.7944
vn 0.3563 0.0513 0.9330
vn 0.4157 0.0915 0.9049
vn 0.3633 0.0909 0.9272
vn 0.3034 -0.0330 0.9523
vn 0.2389 0.8077 0.5390
vn 0.0874 0.9948 0.0522
vn 0.2017 0.7710 0.6041
vn 0.2762 0.6717 0.6875
vn 0.2252 0.7422 0.6313
vn 0.1325 0.8377 0.5299
vn -0.0117 0.9252 -0.3793
vn -0.0907 0.7284 -0.6792
vn 0.1426 0.9667 -0.2127
vn 0.2050 0.9238 -0.3233
vn 0.0987 0.8172 -0.5678
vn 0.0013 0.6531 -0.7572
vn 0.0770 0.8860 -0.4573
vn 0.2566 0.9583 -0.1256
vn 0.2266 0.9739 0.0137
vn 0.4809 0.7630 0.4320
vn 0.4050 0.7434 0.5323
vn 0.5085 0.2291 0.8300
vn 0.3608 0.1579 0.9192
vn 0.3594 0.0456 0.9321
vn 0.3605 0.7889 0.4976
vn 0.3081 0.2314 0.9228
vn 0.2585 -0.0111 0.9660
vn 0.2475 0.0383 0.9681
vn 0.2627 0.0346 0.9643
vn 0.2112 -0.0254 0.9771
vn 0.2908 -0.0745 0.9539
vn 0.1493 -0.2008 0.9682
vn 0.4869 -0.2643 0.8325
vn 0.2984 -0.0942 0.9498
vn 0.4286 0.1592 0.8893
vn -0.0649 0.0146 0.9978
vn 0.2659 -0.0923 0.9596
vn 0.2511 0.1481 0.9566
vn 0.1723 0.1023 0.9797
vn 0.8155 -0.0518 0.5764
vn 0.9922 -0.0921 0.0841
vn 0.3071 -0.0240 0.9514
vn 0.3111 0.0883 0.9463
vn 0.4860 0.1951 0.8519
vn 0.2967 0.2247 0.9282
vn 0.5088 -0.2234 0.8314
vn 0.2579 0.2234 0.9400
vn 0.2512 -0.0076 0.9679
vn 0.3190 0.2351 0.9182
vn 0.1260 0.9618 -0.2432
vn 0.7306 0.6146 0.2973
vn 0.5700 0.7525 0.3299
vn 0.4965 0.7863 0.3679
vn 0.3577 0.7884 0.5005
vn 0.2928 -0.2391 0.9258
vn 0.4924 0.0743 0.8672
vn 0.4688 -0.3862 0.7944
vn 0.3157 -0.4349 0.8433
vn 0.0614 0.4987 -0.8646
vn -0.1141 0.3922 -0.9128
vn -0.0361 0.5431 -0.8389
vn -0.1910 0.3904 -0.9006
vn 0.2516 0.4916 -0.8337
vn -0.3092 -0.2300 -0.9228
vn -0.1995 -0.2266 -0.9533
vn -0.1637 -0.3257 -0.9312
vn -0.2810 -0.0543 -0.9582
vn -0.1328 0.7505 -0.6474
vn -0.1479 0.6742 -0.7236
vn -0.2427 -0.5087 -0.8260
vn -0.0506 0.6351 -0.7708
vn -0.0305 0.7180 -0.6954
vn -0.2913 0.5302 -0.7963
vn 0.0399 0.8153 -0.5777
vn -0.1354 0.6188 -0.7738
vn 0.0278 0.8833 -0.4679
vn -0.0291 0.9026 -0.4294
vn -0.2448 0.5431 -0.8032
vn -0.0835 0.7072 -0.7021
vn -0.0286 0.6775 -0.7350
vn -0.0910 0.6305 -0.7708
vn -0.2070 0.4904 -0.8466
vn -0.1511 0.4196 -0.8950
vn -0.1502 0.4171 -0.8964
vn -0.0609 0.6868 -0.7243
vn -0.0455 0.6878 -0.7245
vn -0.1638 0.3225 -0.9323
vn -0.1601 0.5178 -0.8404
vn -0.1332 0.4596 -0.8781
vn -0.0892 0.5208 -0.8490
vn -0.1258 0.6235 -0.7717
vn -0.6584 -0.2349 -0.7151
vn 0.0073 0.7114 -0.7028
vn -0.0067 0.4294 -0.9031
vn -0.1514 0.1827 -0.9714
vn -0.1794 -0.9566 -0.2296
vn -0.4649 -0.7778 -0.4230
vn 0.0429 0.3935 -0.9183
vn -0.2843 0.4418 -0.8509
vn -0.6321 -0.2821 -0.7217
vn -0.0138 0.8922 -0.4514
vn -0.0475 0.7102 -0.7024
vn -0.0293 0.9373 -0.3473
vn -0.1906 0.2574 -0.9473
vn 0.1618 0.9793 -0.1219
vn -0.2370 -0.3435 -0.9088
vn -0.1028 -0.8667 -0.4881
vn -0.0863 -0.8297 -0.5515
vn 0.0329 -0.8436 -0.5360
vn 0.0865 -0.8117 -0.5777
vn -0.0231 -0.9548 -0.2964
vn 0.1782 0.5475 0.8176
vn 0.3517 0.3792 -0.8559
vn -0.1051 -0.4893 -0.8657
vn 0.4067 0.0400 -0.9127
vn 0.1530 0.4885 -0.8590
vn 0.0324 -0.3349 -0.9417
vn 0.1310 -0.2075 -0.9694
vn -0.1884 -0.8786 -0.4388
vn -0.1694 -0.9591 -0.2267
vn 0.0648 0.4798 -0.8750
vn 0.1873 0.3681 -0.9107
vn 0.0868 0.4127 -0.9067
vn 0.0596 -0.4402 -0.8959
vn -0.0375 -0.2848 -0.9578
vn -0.0674 -0.2643 -0.9621
vn 0.0298 0.4160 -0.9089
vn -0.0762 -0.5751 -0.8145
vn 0.0158 -0.8891 -0.4575
vn -0.0725 -0.8471 -0.5265
vn 0.0076 -0.9423 -0.3348
vn -0.0344 -0.2019 -0.9788
vn 0.0407 0.3977 -0.9166
vn 0.1335 -0.2457 -0.9601
vn 0.1369 0.6135 -0.7777
vn -0.0047 0.3902 -0.9207
vn -0.1224 -0.4522 -0.8835
vn -0.0789 -0.4160 -0.9059
vn -0.1054 -0.5797 -0.8080
vn -0.0272 -0.7358 -0.6766
vn -0.0699 -0.6253 -0.7772
vn -0.1700 -0.1284 -0.9770
vn -0.1513 0.3876 -0.9093
vn -0.1698 0.3722 -0.9125
vn -0.1389 0.4273 -0.8934
vn -0.1796 0.4675 -0.8656
vn 0.0736 0.2551 -0.9641
vn -0.1411 0.4988 -0.8552
vn -0.2037 0.5479 -0.8114
vn 0.0671 -0.1982 0.9779
vn 0.1386 -0.2971 0.9447
vn -0.1816 0.0828 0.9799
vn 0.6808 -0.3297 0.6540
vn 0.8478 -0.0252 0.5297
vn 0.7897 -0.2411 0.5641
vn 0.6639 -0.4164 0.6212
vn 0.0008 -0.9979 -0.0644
vn 0.1052 -0.9609 -0.2562
vn 0.0164 -0.9997 0.0175
vn -0.2465 -0.2240 -0.9429
vn -0.2737 -0.4449 -0.8527
vn -0.3049 -0.4559 -0.8362
vn -0.2125 -0.2583 -0.9424
vn -0.2613 -0.4829 -0.8358
vn -0.2329 -0.5225 -0.8202
vn -0.0059 -1.0000 -0.0079
vn 0.1715 -0.9848 0.0272
vn -0.1355 -0.9902 -0.0335
vn 0.2259 0.1234 0.9663
vn 0.1344 -0.4076 0.9032
vn 0.1439 -0.4602 0.8761
vn 0.2397 0.2385 0.9411
vn 0.2013 -0.5877 0.7836
vn 0.2296 -0.5290 0.8170
vn 0.2111 -0.6175 0.7577
vn 0.2640 -0.5061 0.8211
vn 0.2057 -0.6669 0.7162
vn 0.2416 -0.5504 0.7992
vn 0.2568 -0.6484 0.7167
vn 0.1775 -0.6415 0.7463
vn 0.1973 -0.6294 0.7516
vn -0.2879 -0.9556 -0.0633
vn 0.0954 -0.3242 0.9412
vn 0.2192 -0.2412 0.9454
vn 0.2011 -0.0500 0.9783
vn 0.0066 -0.2387 0.9711
vn 0.3950 -0.4420 0.8054
vn 0.6952 -0.3287 0.6393
vn -0.0367 -0.6055 0.7950
vn 0.1698 0.3163 0.9333
vn 0.9596 -0.0423 0.2783
vn 0.8746 0.2808 0.3954
vn 0.2852 -0.5315 0.7976
vn 0.4007 0.2824 0.8716
vn 0.3198 -0.5456 0.7746
vn 0.2195 -0.6359 0.7400
vn 0.1997 -0.6446 0.7380
vn 0.1360 -0.6762 0.7240
vn 0.0402 -0.9979 0.0507
vn -0.2329 -0.3291 0.9151
vn 0.1594 -0.7346 0.6595
vn 0.1592 -0.7190 0.6765
vn -0.0270 -0.9996 0.0007
vn 0.1324 -0.7351 0.6649
vn 0.1291 -0.2530 0.9588
vn 0.4122 -0.2460 0.8772
vn 0.4023 0.2597 0.8779
vn 0.4776 0.3748 0.7946
vn 0.3337 0.5050 0.7960
vn 0.4706 -0.4063 0.7833
vn 0.1632 -0.7573 0.6324
vn -0.3253 -0.9404 -0.0989
vn -0.1436 -0.9896 -0.0105
vn -0.2153 -0.9765 -0.0102
vn -0.2085 -0.9773 -0.0380
vn -0.0932 -0.9299 -0.3557
vn -0.2902 -0.9520 -0.0972
vn 0.2843 -0.6962 0.6592
vn 0.1567 -0.7772 0.6095
vn -0.4078 0.4655 -0.7855
vn 0.1970 -0.9426 0.2697
vn 0.3994 -0.5726 0.7160
vn 0.4629 -0.5588 0.6881
vn 0.9355 -0.2394 0.2600
vn 0.1559 -0.2425 0.9575
vn 0.2678 -0.2829 0.9210
vn 0.6029 -0.7943 0.0750
vn 0.3577 -0.9270 0.1126
vn 0.4977 -0.7250 0.4761
vn 0.5850 -0.8016 0.1233
vn 0.5293 -0.8227 0.2073
vn 0.2231 -0.7645 0.6048
vn -0.3034 -0.5201 0.7984
vn -0.1389 -0.6157 0.7756
vn -0.3625 -0.8045 0.4705
vn 0.0987 -0.9022 0.4199
vn 0.4388 -0.3374 0.8328
vn 0.3829 -0.3631 0.8494
vn 0.4965 -0.4393 0.7486
vn 0.1940 -0.4178 0.8876
vn -0.0456 -0.3880 0.9205
vn -0.5639 -0.1458 0.8129
vn -0.5840 -0.1819 0.7911
vn 0.6581 0.0889 0.7477
vn 0.5289 -0.5150 0.6746
vn 0.4174 -0.5442 0.7278
vn -0.6016 -0.2159 0.7690
vn -0.3640 -0.4279 0.8273
vn 0.1966 -0.6006 0.7750
vn 0.3053 -0.5095 0.8045
vn 0.5536 -0.5540 0.6218
vn 0.4746 -0.3940 0.7871
vn 0.3948 -0.1251 0.9102
vn -0.5477 0.4196 0.7239
vn -0.6183 0.2562 0.7430
vn 0.7306 -0.5507 0.4037
vn -0.5470 0.4688 0.6935
vn 0.8619 -0.5024 -0.0684
vn 0.8368 -0.5183 0.1767
vn 0.6807 -0.4490 0.5789
vn 0.5078 -0.3413 0.7910
vn 0.4492 -0.4457 0.7743
vn 0.3264 -0.2755 0.9042
vn 0.3490 0.4516 0.8211
vn 0.2141 0.5179 0.8282
vn 0.2467 0.3047 0.9199
vn 0.2665 0.4296 0.8628
vn 0.4109 0.0502 0.9103
vn 0.4573 -0.3461 0.8192
vn 0.7920 -0.6051 0.0810
vn 0.7464 -0.6655 -0.0033
vn 0.6491 -0.7602 0.0260
vn 0.7527 -0.6455 0.1294
vn 0.3239 -0.2585 0.9101
vn 0.6781 -0.7349 0.0132
vn 0.5259 -0.8476 0.0703
vn 0.6912 -0.7096 0.1369
vn 0.7989 -0.5695 -0.1937
vn 0.8261 -0.5609 0.0545
vn 0.6154 -0.4687 0.6337
vn 0.4055 -0.7405 0.5359
vn 0.4459 -0.1613 0.8804
vn 0.2605 -0.9496 0.1744
vn -0.1216 0.7702 0.6261
vn -0.4399 0.8169 0.3731
vn 0.5215 -0.8385 0.1580
vn -0.3989 0.0022 -0.9170
vn -0.3503 -0.0788 -0.9333
vn -0.2006 -0.1197 -0.9723
vn -0.3365 -0.0913 -0.9373
vn -0.2402 0.1401 -0.9606
vn -0.2944 -0.2686 -0.9171
vn -0.2950 -0.2856 -0.9118
vn -0.1932 0.3843 -0.9028
vn -0.2255 0.5571 -0.7992
vn -0.3464 0.3817 -0.8569
vn -0.2812 -0.2512 -0.9262
vn 0.5936 0.3601 -0.7197
vn -0.1315 -0.1161 -0.9845
vn 0.8850 0.1606 -0.4371
vn -0.2346 0.6138 -0.7538
vn -0.5188 0.1670 -0.8384
vn -0.5708 0.4086 -0.7122
vn -0.4015 0.3455 -0.8482
vn -0.0496 0.6884 -0.7236
vn -0.2892 0.6455 -0.7069
vn -0.3132 0.3901 -0.8659
vn -0.1691 0.4357 -0.8841
vn 0.8590 0.2495 -0.4470
vn -0.2856 0.3560 -0.8898
vn -0.2315 0.3425 -0.9106
vn -0.3039 0.4688 -0.8294
vn -0.1733 0.3516 -0.9200
vn -0.3164 0.0975 -0.9436
vn -0.5667 0.0851 -0.8195
vn -0.6093 0.3026 -0.7329
vn -0.2717 -0.2383 -0.9324
vn -0.2582 0.0686 -0.9637
vn -0.3655 0.0213 -0.9306
vn -0.2335 -0.1713 -0.9572
vn -0.4991 0.2044 -0.8421
vn -0.3347 0.2914 -0.8961
vn -0.2607 -0.3001 -0.9176
vn -0.2178 -0.3720 -0.9023
vn -0.0101 0.3001 -0.9539
vn -0.2260 0.4272 -0.8755
vn -0.4796 0.5485 -0.6849
vn -0.1536 0.5533 -0.8187
vn -0.3289 0.3772 -0.8657
vn -0.1218 0.4031 -0.9070
vn 0.1557 0.9526 -0.2614
vn -0.0762 0.9780 -0.1943
vn -0.1929 0.9676 -0.1627
vn 0.3471 -0.9376 0.0206
vn 0.8433 0.4818 -0.2379
vn -0.2849 -0.9114 0.2971
vn 0.4969 0.8251 -0.2690
vn 0.1418 0.9584 -0.2475
vn 0.0433 0.3378 -0.9402
vn -0.0715 0.2702 -0.9601
vn -0.0194 -0.6588 -0.7521
vn -0.2389 -0.4520 -0.8594
vn -0.3518 -0.2668 -0.8973
vn -0.1888 -0.2036 -0.9607
vn -0.1087 -0.1406 -0.9841
vn -0.1617 -0.0512 -0.9855
vn -0.0240 -0.4091 -0.9122
vn -0.3624 -0.4057 -0.8391
vn -0.2335 0.1615 -0.9588
vn -0.2485 0.1032 -0.9631
vn -0.2025 -0.0813 -0.9759
vn -0.1408 0.1200 -0.9827
vn -0.0680 0.2097 -0.9754
vn 0.0345 0.3677 -0.9293
vn -0.1675 0.1843 -0.9685
vn -0.0573 0.0730 -0.9957
vn -0.0265 0.2499 -0.9679
vn -0.1264 -0.1017 -0.9867
vn -0.0447 0.0970 -0.9943
vn 0.1618 -0.5262 -0.8348
vn -0.0366 -0.4386 -0.8979
vn -0.1218 -0.9322 0.3408
vn 0.1770 -0.9725 -0.1515
vn -0.1207 -0.8791 -0.4612
vn -0.2601 -0.4983 -0.8271
vn 0.1408 -0.5867 0.7975
vn 0.0083 -0.6529 0.7574
vn 0.1467 -0.3720 0.9166
vn 0.0598 -0.6318 0.7729
vn 0.0932 -0.5707 0.8159
vn 0.1096 -0.5465 0.8302
vn 0.1083 -0.6018 0.7913
vn 0.0861 -0.5914 0.8018
vn 0.0991 -0.3070 0.9465
vn 0.2443 -0.6157 0.7491
vn 0.0756 -0.6097 0.7890
vn 0.2229 -0.6773 0.7011
vn 0.1572 -0.7459 0.6472
vn 0.1554 -0.5473 0.8224
vn 0.1334 -0.5844 0.8004
vn 0.2978 -0.6381 0.7100
vn -0.2057 -0.5516 0.8083
vn -0.0970 -0.4796 0.8721
vn -0.0063 -0.5034 0.8640
vn -0.1189 -0.3283 -0.9371
vn -0.0053 -0.8546 -0.5192
vn 0.1309 -0.7455 0.6535
vn 0.0679 -0.9976 0.0126
vn 0.1665 -0.3862 0.9073
vn 0.1427 -0.4633 0.8746
vn 0.1576 -0.4552 0.8763
vn 0.3674 -0.7112 0.5993
vn 0.1154 -0.5807 0.8059
vn 0.2075 -0.5391 0.8163
vn -0.1582 -0.1475 0.9763
vn -0.0130 -0.3378 0.9411
vn 0.0880 -0.6705 0.7367
vn 0.0856 -0.6192 0.7806
vn 0.1529 -0.4741 0.8671
vn 0.3389 -0.5548 0.7598
vn 0.4366 -0.0838 0.8957
vn 0.1735 -0.3716 0.9120
vn 0.3503 -0.3961 0.8487
vn 0.0686 -0.5429 0.8370
vn 0.1675 -0.2430 0.9555
vn -0.0294 -0.0179 0.9994
vn 0.0991 -0.1150 0.9884
vn 0.2485 -0.3238 0.9129
vn -0.1455 -0.1736 0.9740
vn -0.0175 -0.0154 0.9997
vn 0.0739 -0.0871 0.9935
vn -0.0123 0.0314 0.9994
vn 0.1788 -0.4846 0.8563
vn 0.2009 -0.4058 0.8916
vn 0.1935 -0.3924 0.8992
vn 0.1822 -0.2886 0.9400
vn 0.1262 -0.0894 0.9880
vn 0.1876 -0.1483 0.9710
vn 0.2617 -0.1591 0.9520
vn 0.1828 -0.4726 0.8621
vn 0.2510 -0.3164 0.9148
vn 0.2898 -0.1052 0.9513
vn 0.1549 -0.5782 0.8011
vn 0.3241 -0.7568 0.5676
vn 0.3503 -0.7528 -0.5573
vn 0.2100 -0.6384 0.7405
vn 0.0487 -0.5389 0.8410
vn 0.3414 -0.0339 0.9393
vn 0.3323 0.0632 0.9410
vn 0.3487 -0.1473 0.9256
vn 0.2839 0.0299 0.9584
vn 0.2099 -0.0116 0.9776
vn 0.1426 -0.6100 0.7794
vn -0.0597 -0.0188 0.9980
vn 0.2065 -0.6761 0.7073
vn 0.0779 -0.6617 0.7457
vn 0.1659 -0.6561 0.7362
vn 0.0918 -0.6579 0.7475
vn 0.1446 -0.6369 0.7573
vn 0.1485 -0.6458 0.7489
vn 0.2888 0.0281 0.9570
vn 0.1920 -0.1130 0.9749
vn -0.1411 -0.3050 -0.9419
vn -0.0818 -0.5763 -0.8131
vn 0.1790 -0.7670 -0.6162
vn 0.1799 -0.8844 -0.4306
vn -0.8401 0.5189 -0.1578
vn -0.8814 0.4702 -0.0457
vn -0.7916 0.6075 0.0660
vn -0.9138 0.3928 0.1034
vn -0.7963 0.5085 0.3277
vn -0.0974 -0.7160 -0.6913
vn -0.8222 0.5367 -0.1896
vn -0.8563 0.5087 0.0886
vn -0.4737 0.0512 -0.8792
vn -0.7117 -0.0274 -0.7020
vn -0.9239 0.3037 -0.2326
vn -0.3202 -0.3171 -0.8927
vn -0.2418 -0.4755 -0.8459
vn -0.1815 -0.4322 -0.8833
vn -0.4389 -0.1395 -0.8877
vn -0.2400 -0.1512 -0.9589
vn -0.1396 0.0994 -0.9852
vn -0.2388 -0.0475 -0.9699
vn -0.3961 -0.0437 -0.9172
vn -0.1600 -0.1817 -0.9703
vn -0.7496 0.6060 -0.2661
vn -0.9448 0.2663 -0.1910
vn -0.9184 0.3417 0.1996
vn -0.9972 0.0523 0.0540
vn -0.9321 0.3101 -0.1869
vn -0.8865 0.3237 0.3306
vn -0.8469 0.3816 0.3704
vn -0.8851 -0.0154 0.4651
vn -0.7535 0.5924 -0.2851
vn -0.7070 0.6940 0.1359
vn -0.8775 0.3903 -0.2785
vn -0.7622 0.3756 -0.5272
vn -0.5937 0.4042 -0.6958
vn -0.4586 -0.2109 -0.8632
vn -0.9701 -0.0720 0.2318
vn -0.5239 -0.1657 -0.8355
vn -0.3352 -0.2567 -0.9065
vn 0.2127 -0.4275 -0.8786
vn 0.3971 -0.8725 -0.2849
vn 0.3609 -0.8651 -0.3483
vn 0.5348 -0.8449 -0.0118
vn 0.2158 -0.9069 -0.3620
vn 0.3316 -0.8675 -0.3708
vn 0.2014 -0.9433 -0.2638
vn 0.1439 -0.9434 -0.2989
vn 0.3415 -0.8920 -0.2963
vn 0.3582 -0.9320 -0.0552
vn 0.0326 -0.6622 -0.7486
vn -0.2196 -0.7327 -0.6442
vn 0.3249 -0.9453 0.0279
vn -0.9181 -0.0516 -0.3930
vn -0.6295 -0.4894 -0.6035
vn -0.8684 -0.3804 0.3182
vn -0.8604 -0.5073 0.0489
vn -0.9748 -0.1944 0.1092
vn -0.8838 -0.4672 0.0253
vn -0.4412 -0.8853 0.1471
vn -0.3569 -0.9130 0.1975
vn -0.4657 -0.8696 0.1638
vn -0.5206 -0.7270 0.4478
vn -0.5494 -0.6321 0.5464
vn -0.6783 0.3219 0.6606
vn -0.4979 0.7566 0.4238
vn -0.5890 0.7684 0.2503
vn -0.7369 0.5463 0.3981
vn -0.7292 0.4081 0.5493
vn -0.6480 0.5898 0.4819
vn -0.4066 0.7124 0.5720
vn -0.4759 0.5794 0.6617
vn -0.5518 0.6972 0.4577
vn -0.3495 0.6389 0.6853
vn -0.2609 0.7091 0.6550
vn -0.2247 0.6721 0.7055
vn -0.1558 0.4955 0.8545
vn -0.3712 0.4304 0.8227
vn -0.2656 0.7979 0.5411
vn 0.0573 0.3372 0.9397
vn -0.2012 0.4813 0.8531
vn -0.8019 0.5587 0.2115
vn -0.8891 0.2251 0.3986
vn -0.7783 0.5862 0.2249
vn -0.9100 0.2867 0.2993
vn -0.7367 0.6236 -0.2614
vn -0.6686 0.7421 0.0476
vn -0.6191 0.7820 0.0728
vn -0.5964 0.7999 0.0667
vn -0.6067 0.7791 0.1578
vn -0.5529 0.8309 0.0626
vn -0.5595 0.8130 0.1611
vn -0.5720 0.7980 0.1896
vn -0.3237 0.1118 -0.9395
vn -0.4591 0.2983 -0.8368
vn -0.2722 0.7008 -0.6594
vn -0.2333 0.3711 -0.8988
vn -0.2735 0.7205 -0.6373
vn -0.1500 0.2836 -0.9471
vn -0.0066 0.1481 -0.9890
vn -0.2012 0.0414 -0.9787
vn -0.3662 0.2858 -0.8856
vn -0.3705 0.4693 -0.8016
vn -0.5187 0.4639 -0.7181
vn -0.3993 0.2295 -0.8876
vn -0.3600 0.7331 -0.5770
vn -0.2266 0.7770 -0.5873
vn -0.4009 0.6748 -0.6196
vn -0.5539 0.5487 -0.6262
vn -0.7736 0.6192 0.1347
vn -0.7419 0.6694 0.0385
vn -0.6584 0.7359 0.1578
vn -0.5701 0.8196 -0.0573
vn -0.6096 0.7922 0.0272
vn -0.1136 0.9015 0.4176
vn -0.6973 0.6969 0.1674
vn -0.7990 0.5556 0.2301
vn -0.4682 0.8039 0.3668
vn -0.5660 0.7643 0.3090
vn -0.7926 0.5512 0.2608
vn -0.7448 0.6617 0.0864
vn -0.2338 -0.0758 -0.9693
vn -0.1921 0.6421 -0.7421
vn -0.3430 0.6097 -0.7146
vn -0.6210 0.2018 -0.7574
vn -0.5073 -0.1714 -0.8446
vn -0.8212 0.0136 -0.5705
vn -0.8722 0.0479 -0.4868
vn -0.3937 -0.0277 -0.9188
vn -0.8018 0.5757 -0.1602
vn -0.2928 -0.5125 -0.8073
vn -0.1911 -0.4284 -0.8831
vn -0.2869 -0.0347 -0.9573
vn 0.0152 0.0945 -0.9954
vn -0.3178 0.3226 -0.8916
vn -0.1409 0.1843 -0.9727
vn -0.1630 0.1322 -0.9777
vn -0.3510 0.7109 -0.6095
vn -0.2441 0.4791 -0.8431
vn -0.5834 0.3148 -0.7487
vn -0.1640 0.5704 -0.8049
vn 0.0875 0.4073 -0.9091
vn -0.1513 0.1299 -0.9799
vn -0.1315 0.4408 -0.8879
vn -0.3611 0.6683 -0.6503
vn 0.0361 0.3042 -0.9519
vn 0.0397 0.1282 -0.9910
vn -0.0945 0.0425 -0.9946
vn -0.0476 -0.0115 -0.9988
vn -0.0817 -0.0101 -0.9966
vn -0.1679 -0.2014 -0.9650
vn -0.0665 -0.3923 -0.9174
vn -0.0983 -0.2351 -0.9670
vn -0.2699 -0.6351 -0.7238
vn 0.1673 0.1521 -0.9741
vn -0.1022 -0.1656 -0.9809
vn -0.1676 -0.0723 -0.9832
vn -0.0523 -0.0509 -0.9973
vn -0.0332 -0.0644 -0.9974
vn -0.5669 0.6963 0.4403
vn -0.5133 0.3200 0.7963
vn -0.5978 0.7544 0.2711
vn -0.5665 0.8028 0.1859
vn -0.6929 0.6228 0.3632
vn -0.4604 0.8097 0.3639
vn -0.3412 0.8945 0.2888
vn -0.3909 0.7534 0.5287
vn -0.4825 0.7329 0.4797
vn -0.7459 0.6221 0.2380
vn -0.4608 0.7976 0.3893
vn -0.5661 0.8141 0.1296
vn -0.4012 0.8694 0.2883
vn -0.4363 -0.3524 -0.8279
vn -0.2533 -0.9497 -0.1839
vn -0.3154 -0.8542 -0.4134
vn -0.0766 -0.8189 -0.5688
vn -0.4838 -0.5500 -0.6808
vn -0.4634 -0.6732 -0.5762
vn -0.4066 -0.3920 -0.8252
vn -0.1124 -0.6568 -0.7456
vn -0.0989 -0.9719 -0.2135
vn 0.0071 -0.7998 -0.6002
vn 0.1211 -0.9619 -0.2453
vn 0.0829 -0.9735 -0.2132
vn 0.0420 -0.9729 -0.2272
vn 0.0362 -0.9789 -0.2012
vn 0.0487 -0.9706 -0.2358
vn -0.0390 -0.9987 -0.0317
vn 0.0554 -0.9830 -0.1750
vn 0.1696 -0.1687 0.9710
vn 0.2304 -0.0001 0.9731
vn 0.2520 0.0241 0.9674
vn 0.7206 0.0745 0.6893
vn 0.2924 -0.0467 0.9551
vn 0.2608 -0.0345 0.9648
vn 0.2649 -0.4368 0.8597
vn 0.1060 -0.1628 0.9809
vn 0.2975 -0.0308 0.9542
vn 0.2665 -0.3333 0.9044
vn 0.2630 -0.3676 0.8920
vn 0.2643 -0.3890 0.8825
vn 0.2338 -0.2921 0.9274
vn 0.2272 -0.3189 0.9201
vn 0.0872 -0.8810 0.4649
vn 0.0390 -0.9276 0.3716
vn 0.1634 -0.5301 0.8321
vn 0.1885 -0.3269 0.9261
vn 0.1983 -0.5671 0.7994
vn 0.1186 -0.4072 0.9056
vn 0.0451 -0.5447 0.8374
vn 0.1948 -0.4364 0.8784
vn 0.1951 -0.4242 0.8843
vn 0.1922 -0.2284 0.9544
vn 0.2907 -0.8337 0.4695
vn -0.0550 -0.3175 0.9466
vn 0.0840 -0.6711 0.7366
vn 0.1016 -0.6619 0.7427
vn 0.1335 -0.6452 0.7523
vn 0.1321 -0.5423 0.8297
vn 0.1524 -0.5513 0.8203
vn 0.1093 -0.6462 0.7553
vn 0.0736 -0.9958 0.0539
vn -0.0198 -0.8499 -0.5266
vn -0.1903 -0.5997 -0.7773
vn 0.0971 -0.9691 0.2268
vn 0.1200 -0.9057 0.4065
vn 0.1316 -0.9573 -0.2576
vn 0.2169 -0.8511 0.4782
vn 0.0918 -0.7992 0.5940
vn 0.2789 -0.8808 0.3826
vn 0.1213 -0.6641 0.7378
vn 0.0996 -0.6217 0.7769
vn 0.0925 -0.6901 0.7177
vn 0.0365 -0.9500 0.3101
vn 0.0847 -0.9626 0.2575
vn -0.0398 -0.0120 0.9991
vn -0.3083 -0.6893 -0.6557
vn -0.0378 -0.9828 0.1808
vn -0.0032 0.7180 -0.6960
vn -0.0819 0.5818 -0.8092
vn 0.0608 0.7616 -0.6452
vn 0.0534 0.9199 -0.3886
vn 0.4744 0.8376 -0.2708
vn 0.0609 0.7525 -0.6558
vn 0.1887 0.8524 -0.4877
vn 0.0386 0.8099 -0.5853
vn 0.0378 0.8333 -0.5515
vn 0.0713 0.8205 -0.5672
vn 0.0968 0.8313 -0.5473
vn -0.0751 0.6848 -0.7248
vn -0.0433 0.3785 -0.9246
vn -0.2570 -0.1782 -0.9498
vn -0.2337 -0.1805 -0.9554
vn -0.1027 0.6278 -0.7716
vn -0.0256 0.6668 -0.7448
vn -0.2718 0.4783 -0.8351
vn 0.0475 0.7486 -0.6613
vn -0.4185 0.2324 -0.8780
vn 0.3055 -0.1704 0.9368
vn 0.2247 0.0047 0.9744
vn 0.2131 0.1476 0.9658
vn 0.1707 -0.2730 0.9468
vn 0.2116 0.0308 0.9769
vn -0.1930 0.3124 0.9301
vn 0.3802 -0.0137 0.9248
vn 0.4530 0.0727 0.8885
vn 0.2679 0.0194 0.9633
vn 0.5196 0.1290 0.8446
vn 0.5525 -0.0205 0.8332
vn 0.3845 0.1761 0.9062
vn 0.3319 0.8291 0.4499
vn 0.3040 0.8106 0.5005
vn 0.2979 0.2764 0.9137
vn 0.3527 0.3393 0.8721
vn 0.4689 0.8543 0.2243
vn 0.4014 0.8879 0.2245
vn 0.4605 0.5491 0.6974
vn 0.4534 0.8798 0.1425
vn 0.3896 0.9116 0.1312
vn 0.3582 0.8400 0.4076
vn 0.3131 0.8089 0.4976
vn 0.3808 0.8500 0.3641
vn 0.2482 -0.0965 0.9639
vn 0.1518 -0.4120 0.8984
vn 0.2105 -0.3934 0.8949
vn 0.2631 0.5101 0.8189
vn 0.2846 0.1805 0.9415
vn 0.4047 0.3694 0.8365
vn 0.3544 0.3387 0.8716
vn 0.3349 0.1761 0.9256
vn 0.1821 -0.2862 0.9407
vn 0.1673 -0.9595 0.2268
vn 0.5747 -0.0999 0.8123
vn 0.1743 0.9482 -0.2657
vn 0.1591 0.9750 -0.1549
vn -0.4822 -0.8332 0.2707
vn 0.6410 -0.7479 0.1723
vn 0.2034 -0.9529 0.2249
vn -0.0682 0.5961 -0.8000
vn -0.4173 0.6156 -0.6685
vn 0.1792 0.6074 -0.7739
vn -0.1020 0.5445 -0.8325
vn 0.1560 0.5719 -0.8053
vn -0.0201 0.5533 -0.8327
vn 0.1700 0.7642 -0.6222
vn 0.2824 0.9245 -0.2561
vn 0.0905 0.7579 -0.6461
vn -0.2804 0.3867 -0.8785
vn 0.1297 0.6964 -0.7058
vn 0.4138 0.3661 0.8335
vn -0.5149 0.7386 -0.4351
vn -0.0064 0.4231 -0.9061
vn -0.1225 0.4579 -0.8805
vn 0.2077 0.9072 0.3660
vn 0.1229 0.8115 0.5713
vn 0.2825 0.8813 0.3789
vn -0.1938 0.1968 -0.9611
vn -0.4642 0.6698 -0.5796
vn -0.1962 0.6245 -0.7560
vn -0.0923 0.3321 -0.9387
vn -0.1173 0.3025 -0.9459
vn -0.2142 0.5744 -0.7900
vn -0.1809 0.2249 -0.9574
vn 0.1115 0.5184 -0.8479
vn 0.0178 0.5284 -0.8488
vn -0.7141 -0.5910 -0.3753
vn -0.4698 0.2916 -0.8332
vn -0.3599 0.3162 -0.8778
vn 0.2290 -0.0010 0.9734
vn 0.3483 0.3677 0.8623
vn 0.6621 -0.1589 0.7324
vn 0.1537 0.7973 -0.5837
vn 0.3981 0.2525 0.8819
vn 0.6235 0.7282 -0.2845
vn 0.5551 0.5408 0.6320
vn 0.2981 0.8126 0.5008
vn 0.2947 0.8166 0.4962
vn 0.2545 0.8952 0.3659
vn 0.3723 0.4252 0.8250
vn 0.3934 0.5659 0.7246
vn 0.4080 0.3604 0.8388
vn 0.4598 0.8026 0.3801
vn 0.2743 0.3729 0.8864
vn 0.2631 0.0873 0.9608
vn 0.4285 0.3243 0.8433
vn 0.3990 0.2946 0.8683
vn 0.1065 0.7934 0.5993
vn 0.2775 0.2985 0.9132
vn 0.2956 -0.2017 0.9338
vn 0.1922 -0.1765 0.9654
vn 0.0840 -0.0177 0.9963
vn 0.3461 -0.1543 0.9254
vn 0.4118 -0.1209 0.9032
vn 0.3420 -0.1553 0.9268
vn 0.3808 -0.1894 0.9051
vn 0.4089 0.0171 0.9124
vn 0.1734 0.9474 0.2692
vn 0.2309 0.9592 0.1635
vn 0.2857 0.7242 0.6276
vn 0.3447 0.5510 0.7600
vn 0.3193 0.3061 0.8969
vn 0.3488 0.3845 0.8547
vn 0.2742 0.5071 0.8171
vn 0.4065 -0.0116 0.9136
vn 0.4320 0.3363 0.8368
vn 0.1716 -0.0101 0.9851
vn 0.5323 0.3364 0.7768
vn 0.3568 0.1809 0.9165
vn 0.3950 0.2640 0.8799
vn 0.0207 0.1348 0.9907
vn 0.1569 0.0902 0.9835
vn -0.1001 0.0665 0.9928
vn 0.2804 0.4399 0.8531
vn 0.2833 0.3909 0.8758
vn 0.2287 0.4263 0.8752
vn 0.2647 0.3831 0.8850
vn 0.3798 0.2777 0.8824
vn -0.4757 0.2347 0.8477
vn 0.4734 0.1684 0.8646
vn 0.4455 0.0076 0.8953
vn 0.3324 0.0340 0.9425
vn 0.4817 0.1352 0.8659
vn 0.2478 -0.1301 0.9600
vn 0.3744 0.3904 0.8411
vn 0.1674 0.2604 0.9509
vn 0.4096 0.0784 0.9089
vn 0.0060 0.2508 0.9680
vn 0.4385 0.1905 0.8783
vn 0.3035 -0.1987 0.9319
vn -0.3940 0.0202 0.9189
vn 0.2213 -0.3810 0.8977
vn 0.1383 -0.1590 0.9775
vn 0.4644 -0.1698 0.8692
vn 0.1359 -0.3058 0.9424
vn 0.1371 -0.3118 0.9402
vn -0.2876 0.0110 0.9577
vn 0.2886 -0.1104 0.9511
vn 0.1434 -0.1094 0.9836
vn -0.0659 -0.1890 0.9798
vn 0.1613 -0.5106 0.8445
vn 0.1992 -0.5249 0.8275
vn 0.0557 -0.6386 0.7675
vn 0.3867 -0.1031 0.9164
vn -0.0662 0.9179 -0.3912
vn -0.1117 0.8854 -0.4511
vn -0.2429 0.8651 -0.4388
vn 0.1045 0.5492 -0.8292
vn -0.2176 0.9644 0.1504
vn -0.2979 0.9449 0.1353
vn -0.4246 0.8736 0.2379
vn -0.5119 0.7788 0.3625
vn -0.0244 0.9953 0.0934
vn -0.0388 0.8832 -0.4674
vn -0.2283 0.6623 -0.7136
vn -0.0116 0.8569 -0.5154
vn -0.0458 0.4763 -0.8781
vn -0.3233 0.8664 -0.3805
vn -0.2754 0.9320 -0.2357
vn -0.0086 0.9974 0.0715
vn 0.0869 0.1320 -0.9874
vn 0.0005 0.0822 -0.9966
vn -0.1327 0.6502 -0.7481
vn 0.0513 0.9031 -0.4264
vn -0.3262 0.9038 0.2769
vn -0.6668 0.7136 0.2149
vn 0.0796 -0.0542 -0.9954
vn 0.1015 0.1929 -0.9760
vn 0.3068 0.2453 -0.9196
vn -0.1216 0.0757 -0.9897
vn -0.0987 0.0816 -0.9918
vn -0.1224 0.3375 -0.9333
vn -0.3231 0.0515 -0.9450
vn 0.0607 0.4371 -0.8974
vn 0.4055 -0.5030 -0.7633
vn 0.2125 0.2520 -0.9441
vn -0.0090 0.6902 -0.7236
vn -0.0802 0.6434 -0.7613
vn 0.0411 0.1444 -0.9887
vn -0.4292 0.9004 0.0718
vn -0.3620 0.9013 0.2381
vn 0.1833 0.8031 0.5670
vn -0.0302 0.6626 0.7484
vn 0.0035 0.9981 -0.0622
vn 0.0334 0.9898 -0.1388
vn -0.0979 0.9761 0.1941
vn -0.6315 0.6689 0.3920
vn -0.6810 0.7204 -0.1312
vn -0.4841 0.8725 0.0662
vn -0.7163 0.6780 0.1653
vn -0.7935 0.6059 -0.0569
vn -0.4638 0.8831 0.0707
vn -0.6737 0.7229 0.1532
vn -0.7172 0.6353 0.2864
vn -0.6967 0.6497 0.3040
vn -0.8873 0.4571 -0.0611
vn -0.7213 0.4284 0.5443
vn 0.0201 0.9924 0.1213
vn 0.2381 0.9276 0.2878
vn 0.0935 0.9884 0.1200
vn -0.0892 0.9960 -0.0027
vn -0.1388 0.9854 -0.0983
vn 0.2080 0.6082 0.7661
vn -0.1145 0.9718 0.2064
vn -0.1612 0.9237 0.3475
vn -0.3815 0.3622 0.8505
vn -0.4599 0.3760 0.8044
vn 0.0896 0.5041 0.8590
vn -0.3402 0.5708 0.7473
vn 0.2122 0.5106 -0.8332
vn -0.0739 0.6525 -0.7542
vn -0.0628 0.9333 -0.3536
vn 0.1412 0.9889 -0.0455
vn -0.1063 0.7287 -0.6765
vn -0.0951 0.8643 -0.4939
vn 0.0538 0.9746 -0.2175
vn 0.2712 0.9520 -0.1422
vn 0.2759 0.8614 0.4266
vn 0.1340 0.9645 -0.2274
vn 0.0261 0.7075 -0.7063
vn 0.0225 0.7804 -0.6249
vn 0.4000 0.7012 0.5902
vn 0.3180 0.8875 0.3336
vn 0.1526 0.1208 0.9809
vn 0.1024 -0.1206 0.9874
vn 0.3195 0.4617 0.8275
vn 0.3379 0.0718 0.9384
vn 0.0854 -0.2637 0.9608
vn 0.1778 -0.2960 0.9385
vn 0.1054 -0.3131 0.9439
vn 0.3069 0.1234 0.9437
vn 0.2674 0.1715 0.9482
vn 0.2983 0.3224 0.8984
vn 0.2412 0.0249 0.9702
vn 0.1735 -0.2388 0.9554
vn 0.2900 0.3237 0.9006
vn 0.2213 -0.1793 0.9586
vn 0.2305 -0.3666 0.9014
vn 0.4086 -0.1394 0.9020
vn 0.3864 -0.1096 0.9158
vn 0.1649 -0.6053 0.7787
vn 0.6828 0.1322 0.7185
vn 0.3096 -0.2034 0.9289
vn 0.2901 -0.1920 0.9376
vn 0.2802 -0.1947 0.9400
vn 0.2848 0.1360 0.9489
vn 0.2067 0.4065 0.8900
vn 0.0616 -0.1766 0.9824
vn 0.2972 -0.3872 0.8728
vn 0.4129 -0.3714 0.8316
vn 0.3153 -0.5848 0.7474
vn 0.2837 -0.3293 0.9006
vn 0.1504 -0.3704 0.9166
vn 0.3281 -0.1131 0.9378
vn 0.3043 -0.2938 0.9061
vn 0.1985 0.0503 0.9788
vn 0.1949 0.1396 0.9708
vn 0.2736 0.0231 0.9616
vn 0.2351 0.1762 0.9559
vn 0.2710 0.1068 0.9566
vn 0.2688 0.1571 0.9503
vn 0.3908 -0.0986 0.9152
vn 0.5294 -0.4982 0.6867
vn 0.2225 0.0812 0.9715
vn 0.2590 0.1816 0.9486
vn -0.1949 -0.0253 -0.9805
vn 0.0420 0.6465 -0.7618
vn 0.0227 0.6727 -0.7395
vn -0.0659 0.5701 -0.8190
vn 0.2513 0.6875 -0.6813
vn 0.0990 0.6743 -0.7318
vn 0.4301 0.5911 -0.6824
vn 0.1588 0.6239 -0.7652
vn -0.3816 0.1352 -0.9144
vn -0.1146 0.2766 -0.9541
vn -0.1789 0.3282 -0.9275
vn -0.1122 0.2500 -0.9617
vn -0.0767 0.2144 -0.9737
vn -0.1584 0.1692 -0.9728
vn -0.3985 0.2550 -0.8810
vn -0.2796 -0.1832 -0.9425
vn -0.1630 -0.0635 -0.9846
vn -0.2301 -0.1705 -0.9581
vn 0.0932 0.7707 -0.6303
vn -0.2361 -0.0986 -0.9667
vn -0.2469 0.0614 -0.9671
vn -0.2668 -0.1687 -0.9489
vn 0.0258 0.1682 -0.9854
vn -0.1435 0.8693 -0.4730
vn -0.2574 0.6857 -0.6808
vn -0.1969 0.3373 -0.9206
vn -0.0419 0.3733 -0.9268
vn -0.2313 0.2857 -0.9300
vn -0.2424 0.3413 -0.9082
vn -0.1994 0.2644 -0.9436
vn -0.2413 -0.1500 -0.9588
vn -0.2492 -0.3735 -0.8936
vn -0.2471 -0.4002 -0.8825
vn -0.3465 0.6993 -0.6252
vn 0.2846 0.3394 -0.8966
vn 0.2836 0.3346 -0.8987
vn -0.0659 0.5778 -0.8135
vn -0.1778 0.0770 -0.9810
vn -0.1150 -0.2688 -0.9563
vn -0.2080 0.0431 -0.9772
vn -0.1873 -0.4721 -0.8614
vn -0.2622 -0.1854 -0.9470
vn -0.3013 -0.0963 -0.9487
vn -0.3417 -0.1030 -0.9342
vn -0.5478 0.0793 -0.8328
vn 0.0609 0.5954 -0.8011
vn 0.0173 0.6671 -0.7448
vn 0.0091 0.7063 -0.7079
vn 0.0228 0.5627 -0.8263
vn -0.0543 0.0044 -0.9985
vn -0.1714 -0.4430 -0.8800
vn -0.1238 -0.6496 -0.7501
vn -0.1522 -0.3956 -0.9057
vn -0.0291 -0.8944 -0.4463
vn -0.0738 -0.4322 -0.8988
vn 0.0391 -0.9971 -0.0659
vn -0.1795 -0.5758 -0.7976
vn 0.0308 -0.9969 0.0728
vn 0.0180 -0.9890 0.1469
vn 0.1956 -0.8536 0.4829
vn -0.2570 -0.8298 0.4954
vn 0.0356 -0.9635 0.2655
vn 0.0229 -0.9369 0.3488
vn 0.3232 -0.3161 0.8920
vn 0.4541 0.2406 0.8578
vn -0.2141 -0.5243 -0.8242
vn 0.0369 -0.8988 0.4367
vn 0.0617 -0.9449 0.3216
vn -0.2722 -0.4750 -0.8368
vn -0.2903 -0.5028 -0.8142
vn -0.1425 -0.5199 -0.8422
vn -0.0942 -0.9418 -0.3227
vn -0.3603 -0.8825 0.3024
vn 0.1763 0.9131 -0.3678
vn 0.1183 0.6975 0.7068
vn -0.0929 0.0958 0.9911
vn -0.4475 0.7396 0.5027
vn -0.4898 0.7500 0.4446
vn -0.5107 0.8593 0.0286
vn 0.1590 -0.4232 0.8920
vn -0.2416 -0.4076 0.8806
vn -0.4111 -0.5734 0.7086
vn 0.3208 0.2484 0.9140
vn 0.1267 0.4399 0.8891
vn -0.1537 -0.4235 0.8927
vn -0.0847 0.6229 0.7777
vn -0.3561 0.6828 0.6379
vn -0.4332 0.7578 0.4880
vn -0.3622 0.7908 0.4935
vn 0.1132 0.6618 0.7411
vn -0.3232 0.9002 0.2919
vn -0.0046 0.9556 0.2947
vn -0.9844 0.1749 0.0210
vn -0.0614 0.4291 -0.9012
vn -0.0391 0.4531 -0.8906
vn 0.9294 -0.3689 0.0042
vn -0.1976 0.2470 -0.9486
vn -0.2410 0.0948 -0.9659
vn -0.4372 0.0148 -0.8992
vn -0.4844 0.1578 -0.8605
vn -0.3038 0.2453 -0.9206
vn -0.4898 0.2405 -0.8380
vn -0.2893 0.4033 -0.8681
vn -0.2320 0.5239 -0.8196
vn -0.4724 0.5822 -0.6617
vn -0.2129 0.5590 -0.8014
vn 0.7594 -0.6489 0.0473
vn -0.2328 0.5945 -0.7697
vn 0.0273 0.4401 -0.8975
vn 0.0348 0.7749 -0.6311
vn -0.8488 0.5038 -0.1603
vn -0.8556 0.2475 0.4547
vn 0.3320 -0.0455 -0.9422
vn -0.6930 0.5990 -0.4012
vn -0.9167 0.3518 0.1893
vn -0.8042 -0.0977 -0.5862
vn 0.7230 0.6536 -0.2239
vn 0.9267 0.2184 -0.3057
vn 0.7872 0.5759 -0.2206
vn 0.7603 0.6147 -0.2100
vn 0.4910 -0.8597 -0.1408
vn -0.8943 0.1771 0.4108
vn -0.9696 -0.0316 0.2426
vn -0.9635 -0.1003 0.2484
vn -0.7846 0.5210 0.3362
vn -0.9228 -0.1296 0.3629
vn 0.8518 -0.4860 -0.1955
vn 0.7707 0.5794 -0.2651
vn -0.1922 -0.3225 -0.9269
vn -0.0085 -0.9569 -0.2902
vn 0.0884 -0.8983 0.4304
vn 0.2081 -0.6769 0.7060
vn -0.1205 -0.6264 -0.7701
vn -0.0162 -0.9532 -0.3020
vn 0.1747 -0.8047 0.5674
vn 0.1087 -0.9295 0.3525
vn 0.0649 -0.9924 0.1043
vn 0.0583 -0.9286 -0.3664
vn 0.0400 -0.9435 -0.3288
vn 0.1030 -0.9842 -0.1441
vn 0.1068 -0.9886 -0.1066
vn 0.1299 -0.9762 0.1736
vn 0.1374 -0.6668 0.7325
vn 0.1833 -0.6075 0.7729
vn 0.1689 -0.5876 0.7913
vn 0.1421 -0.8967 0.4191
vn 0.4125 -0.1401 0.9001
vn 0.3955 -0.3880 0.8325
vn 0.4465 -0.3824 0.8090
vn 0.4482 -0.5594 0.6973
vn 0.2839 -0.3891 0.8763
vn 0.4525 -0.3921 0.8009
vn 0.4160 -0.4716 0.7775
vn 0.5150 0.6012 0.6110
vn -0.0902 0.7573 0.6468
vn 0.2413 0.8627 0.4443
vn 0.1505 0.7809 0.6063
vn 0.3889 0.2956 0.8726
vn 0.3330 0.0156 0.9428
vn -0.0180 0.7047 0.7092
vn 0.0437 0.3874 0.9209
vn 0.6101 -0.6016 0.5157
vn 0.6309 -0.7308 0.2605
vn -0.0741 0.3083 0.9484
vn 0.1094 -0.8544 0.5079
vn 0.2274 -0.3184 0.9203
vn -0.0655 -0.0216 0.9976
vn 0.3462 0.6440 0.6822
vn 0.3527 0.6335 0.6887
vn 0.4825 -0.2946 0.8249
vn 0.2420 -0.6432 0.7264
vn 0.5755 -0.5285 0.6241
vn 0.1370 0.6027 -0.7861
vn 0.6345 0.4315 -0.6412
vn 0.8436 0.3759 -0.3835
vn 0.6160 0.3817 -0.6891
vn 0.8950 -0.3913 -0.2140
vn 0.9422 -0.1989 -0.2698
vn 0.6080 -0.7863 -0.1099
vn 0.4316 0.8986 -0.0791
vn 0.3246 0.6305 0.7050
vn 0.6611 0.7501 -0.0161
vn 0.7660 -0.6392 -0.0684
vn 0.7362 -0.6394 -0.2217
vn 0.5144 -0.7153 0.4731
vn 0.1088 0.5988 0.7934
vn 0.6343 -0.3451 0.6918
vn -0.0093 -0.9925 0.1216
vn -0.0911 -0.9788 0.1836
vn 0.8719 -0.3511 -0.3413
vn 0.2676 -0.3298 0.9053
vn 0.3436 -0.1161 0.9319
vn -0.9275 0.3732 -0.0220
vt 0.955906 0.202161
vt 0.979654 0.190725
vt 0.980704 0.209547
vt 0.997801 0.423666
vt 0.994488 0.437794
vt 0.995268 0.410743
vt 0.996550 0.211987
vt 0.990640 0.195923
vt 0.961961 0.181587
vt 0.993909 0.400112
vt 0.972810 0.401105
vt 0.991590 0.384804
vt 0.984346 0.384620
vt 0.973306 0.388693
vt 0.964607 0.409301
vt 0.698106 0.205342
vt 0.710567 0.197979
vt 0.730464 0.224872
vt 0.650886 0.542694
vt 0.642942 0.543037
vt 0.656513 0.529118
vt 0.643726 0.526977
vt 0.725607 0.204628
vt 0.655220 0.514364
vt 0.637926 0.510233
vt 0.730813 0.234531
vt 0.726324 0.238865
vt 0.593717 0.281496
vt 0.594817 0.262908
vt 0.596615 0.294254
vt 0.271054 0.635935
vt 0.265435 0.622363
vt 0.279576 0.613861
vt 0.279286 0.642535
vt 0.266167 0.591673
vt 0.280109 0.600716
vt 0.280424 0.589612
vt 0.596128 0.383263
vt 0.591874 0.363341
vt 0.593568 0.348802
vt 0.283220 0.579712
vt 0.285983 0.554776
vt 0.287283 0.567935
vt 0.609747 0.355377
vt 0.593154 0.336387
vt 0.588674 0.329707
vt 0.615341 0.245724
vt 0.596094 0.244538
vt 0.639583 0.471911
vt 0.655483 0.481758
vt 0.657983 0.505337
vt 0.654609 0.470517
vt 0.635710 0.303760
vt 0.632404 0.282613
vt 0.705790 0.271661
vt 0.717176 0.325287
vt 0.701512 0.344289
vt 0.714143 0.332671
vt 0.656507 0.401752
vt 0.655667 0.446700
vt 0.657775 0.426351
vt 0.723606 0.273934
vt 0.721042 0.299910
vt 0.657618 0.416753
vt 0.619237 0.415850
vt 0.598819 0.394929
vt 0.638714 0.367779
vt 0.658151 0.393770
vt 0.658996 0.331145
vt 0.660030 0.317031
vt 0.952314 0.172999
vt 0.942784 0.168012
vt 0.991395 0.453099
vt 0.964571 0.441337
vt 0.963923 0.426229
vt 0.966261 0.452245
vt 0.631628 0.496306
vt 0.656696 0.111323
vt 0.658388 0.088167
vt 0.692753 0.062764
vt 0.691243 0.080919
vt 0.607470 0.434315
vt 0.601326 0.418665
vt 0.614418 0.470603
vt 0.613004 0.458364
vt 0.658961 0.122542
vt 0.653582 0.117861
vt 0.668303 0.118775
vt 0.984989 0.460277
vt 0.979982 0.470915
vt 0.679792 0.109350
vt 0.969418 0.463635
vt 0.973945 0.475425
vt 0.974166 0.476293
vt 0.973229 0.491566
vt 0.971700 0.485200
vt 0.626531 0.485644
vt 0.620861 0.476688
vt 0.714093 0.351507
vt 0.714172 0.371331
vt 0.708794 0.364379
vt 0.656356 0.376291
vt 0.656849 0.341090
vt 0.659713 0.364552
vt 0.659447 0.373141
vt 0.700639 0.393441
vt 0.711940 0.375670
vt 0.714250 0.384089
vt 0.714098 0.397619
vt 0.660965 0.350081
vt 0.718919 0.405456
vt 0.717741 0.415251
vt 0.716464 0.444553
vt 0.718508 0.429144
vt 0.266296 0.556679
vt 0.273277 0.534081
vt 0.288430 0.537853
vt 0.586765 0.316907
vt 0.591140 0.301362
vt 0.003870 0.200746
vt 0.012300 0.196090
vt 0.004873 0.215907
vt 0.015733 0.219286
vt 0.006704 0.235925
vt 0.687803 0.049363
vt 0.678273 0.026079
vt 0.687925 0.035178
vt 0.254170 0.612210
vt 0.251942 0.603525
vt 0.669687 0.044438
vt 0.658248 0.257645
vt 0.657052 0.243523
vt 0.632622 0.226722
vt 0.655525 0.219052
vt 0.661780 0.285862
vt 0.727399 0.524047
vt 0.728946 0.489385
vt 0.731270 0.501287
vt 0.722257 0.468149
vt 0.725317 0.483749
vt 0.701249 0.480130
vt 0.663662 0.279250
vt 0.661903 0.262587
vt 0.543213 0.530243
vt 0.550536 0.510487
vt 0.558278 0.517527
vt 0.663898 0.302103
vt 0.698631 0.442120
vt 0.719225 0.459680
vt 0.681319 0.416192
vt 0.014670 0.235721
vt 0.009636 0.251655
vt 0.892700 0.266977
vt 0.894145 0.252635
vt 0.892621 0.285663
vt 0.287333 0.523253
vt 0.898146 0.219031
vt 0.894854 0.236960
vt 0.892928 0.222709
vt 0.923028 0.243625
vt 0.837906 0.165773
vt 0.826940 0.183810
vt 0.801080 0.182318
vt 0.813768 0.187648
vt 0.957380 0.262238
vt 0.932312 0.288658
vt 0.950805 0.222707
vt 0.956647 0.234681
vt 0.723104 0.143280
vt 0.720397 0.166440
vt 0.702028 0.138882
vt 0.958456 0.251050
vt 0.964308 0.272776
vt 0.959685 0.269774
vt 0.680850 0.134627
vt 0.691669 0.134999
vt 0.678643 0.138998
vt 0.913576 0.311840
vt 0.766887 0.165069
vt 0.791892 0.186841
vt 0.775744 0.193946
vt 0.672482 0.391578
vt 0.769178 0.198565
vt 0.680876 0.428107
vt 0.790311 0.150349
vt 0.817742 0.153099
vt 0.242528 0.510918
vt 0.257789 0.541434
vt 0.230169 0.580440
vt 0.230867 0.552505
vt 0.230251 0.532865
vt 0.770559 0.149090
vt 0.250094 0.571323
vt 0.269273 0.512834
vt 0.256868 0.512380
vt 0.909781 0.217469
vt 0.921229 0.214055
vt 0.758620 0.149722
vt 0.745073 0.149386
vt 0.228606 0.520193
vt 0.229436 0.509863
vt 0.936384 0.210006
vt 0.950422 0.207535
vt 0.954456 0.219294
vt 0.953545 0.227174
vt 0.733042 0.146310
vt 0.283601 0.514224
vt 0.677888 0.158809
vt 0.661350 0.134435
vt 0.702042 0.188839
vt 0.712886 0.191219
vt 0.686088 0.484903
vt 0.686802 0.477572
vt 0.680873 0.189577
vt 0.692767 0.189469
vt 0.687774 0.498054
vt 0.690035 0.512280
vt 0.669935 0.188455
vt 0.721809 0.534514
vt 0.696377 0.530994
vt 0.746112 0.195700
vt 0.733765 0.194533
vt 0.682543 0.453635
vt 0.556999 0.507117
vt 0.557500 0.494769
vt 0.561288 0.485467
vt 0.577141 0.506223
vt 0.568518 0.513380
vt 0.706188 0.534339
vt 0.715393 0.543727
vt 0.723376 0.545066
vt 0.653058 0.207256
vt 0.660242 0.215130
vt 0.589302 0.509724
vt 0.582478 0.515208
vt 0.966734 0.290373
vt 0.600010 0.165911
vt 0.633703 0.178795
vt 0.611864 0.175125
vt 0.312740 0.318799
vt 0.313481 0.301394
vt 0.332742 0.318241
vt 0.646008 0.180782
vt 0.326275 0.288572
vt 0.314373 0.288965
vt 0.315038 0.275011
vt 0.326683 0.274385
vt 0.334734 0.279883
vt 0.329252 0.302354
vt 0.612811 0.520818
vt 0.605898 0.520009
vt 0.604988 0.512293
vt 0.335876 0.289801
vt 0.343871 0.295661
vt 0.598584 0.505031
vt 0.593311 0.235071
vt 0.590066 0.221493
vt 0.013245 0.261493
vt 0.006189 0.260980
vt 0.614795 0.197696
vt 0.013858 0.272395
vt 0.588488 0.199266
vt 0.604060 0.199218
vt 0.890485 0.312523
vt 0.882814 0.321468
vt 0.884244 0.314655
vt 0.594644 0.197719
vt 0.297376 0.011573
vt 0.295836 0.003572
vt 0.303787 0.009887
vt 0.300310 0.023959
vt 0.596376 0.196091
vt 0.553516 0.417482
vt 0.544688 0.430798
vt 0.547396 0.422282
vt 0.580493 0.428124
vt 0.228795 0.471191
vt 0.194718 0.499115
vt 0.154872 0.467145
vt 0.154614 0.479539
vt 0.157051 0.490927
vt 0.822509 0.005903
vt 0.821202 0.020939
vt 0.813782 0.015773
vt 0.739868 0.095651
vt 0.721225 0.094933
vt 0.748437 0.097516
vt 0.820635 0.041510
vt 0.814126 0.069649
vt 0.784769 0.121938
vt 0.762756 0.103190
vt 0.783967 0.098789
vt 0.806049 0.026144
vt 0.801637 0.041815
vt 0.800520 0.050950
vt 0.280445 0.015273
vt 0.271968 0.011640
vt 0.280109 0.004000
vt 0.449192 0.002598
vt 0.456581 0.010006
vt 0.451047 0.027166
vt 0.457077 0.018103
vt 0.447448 0.014843
vt 0.198564 0.514705
vt 0.175226 0.522964
vt 0.163821 0.526455
vt 0.152992 0.528156
vt 0.884554 0.338951
vt 0.888315 0.330928
vt 0.887156 0.354761
vt 0.890434 0.366357
vt 0.567551 0.414059
vt 0.578194 0.419921
vt 0.275224 0.042252
vt 0.287200 0.023121
vt 0.284061 0.046133
vt 0.286524 0.037036
vt 0.576121 0.411014
vt 0.240570 0.498016
vt 0.239372 0.505454
vt 0.214217 0.509198
vt 0.238394 0.489151
vt 0.273427 0.026091
vt 0.273273 0.025101
vt 0.282387 0.018176
vt 0.279395 0.015086
vt 0.287048 0.010229
vt 0.287310 0.022097
vt 0.821355 0.069930
vt 0.791378 0.111508
vt 0.821455 0.071133
vt 0.821792 0.077788
vt 0.787147 0.131291
vt 0.797098 0.123680
vt 0.802014 0.142343
vt 0.818646 0.086074
vt 0.812724 0.102953
vt 0.798919 0.058568
vt 0.800231 0.076665
vt 0.845292 0.041842
vt 0.856863 0.035926
vt 0.850297 0.053921
vt 0.800495 0.090760
vt 0.861542 0.029029
vt 0.890462 0.040509
vt 0.832320 0.055103
vt 0.841087 0.043725
vt 0.849209 0.054634
vt 0.154998 0.501797
vt 0.833200 0.077064
vt 0.860673 0.073837
vt 0.583022 0.439715
vt 0.548774 0.443182
vt 0.236921 0.479205
vt 0.589850 0.454880
vt 0.566225 0.467448
vt 0.594056 0.462821
vt 0.227646 0.461095
vt 0.223689 0.449747
vt 0.220033 0.439554
vt 0.623950 0.197623
vt 0.632448 0.196242
vt 0.649613 0.198365
vt 0.552819 0.455639
vt 0.643648 0.187047
vt 0.567903 0.479085
vt 0.651169 0.189904
vt 0.815951 0.109651
vt 0.087049 0.003036
vt 0.093918 0.010843
vt 0.082358 0.012308
vt 0.803796 0.100036
vt 0.605018 0.473770
vt 0.599672 0.467840
vt 0.617497 0.480570
vt 0.611593 0.491930
vt 0.957273 0.339808
vt 0.961136 0.356226
vt 0.940263 0.347773
vt 0.962779 0.365177
vt 0.627257 0.108826
vt 0.641832 0.122137
vt 0.617574 0.105991
vt 0.585026 0.122780
vt 0.599613 0.104216
vt 0.938911 0.393650
vt 0.928686 0.393983
vt 0.640578 0.150713
vt 0.920808 0.352478
vt 0.905376 0.334052
vt 0.921548 0.319496
vt 0.903611 0.360865
vt 0.906608 0.370544
vt 0.711064 0.085141
vt 0.722372 0.078259
vt 0.955137 0.392960
vt 0.744052 0.050714
vt 0.743153 0.038729
vt 0.770774 0.057118
vt 0.748124 0.059444
vt 0.908089 0.379962
vt 0.920125 0.390707
vt 0.774106 0.078885
vt 0.741695 0.070250
vt 0.745678 0.063946
vt 0.435669 0.400455
vt 0.427643 0.408947
vt 0.418685 0.386042
vt 0.443059 0.383366
vt 0.766267 0.065390
vt 0.892502 0.305089
vt 0.948601 0.315565
vt 0.964860 0.311865
vt 0.966697 0.281195
vt 0.968338 0.304493
vt 0.958694 0.320519
vt 0.961524 0.318570
vt 0.644133 0.128430
vt 0.444480 0.372281
vt 0.436940 0.359746
vt 0.441955 0.362724
vt 0.801089 0.122815
vt 0.669973 0.137400
vt 0.651822 0.129445
vt 0.683947 0.256650
vt 0.687536 0.241549
vt 0.678817 0.265147
vt 0.676268 0.273791
vt 0.696574 0.303024
vt 0.725399 0.254654
vt 0.935107 0.167157
vt 0.688987 0.227126
vt 0.924870 0.176861
vt 0.921317 0.162182
vt 0.657016 0.098541
vt 0.926148 0.192618
vt 0.945359 0.200532
vt 0.934455 0.198167
vt 0.916719 0.164932
vt 0.652936 0.097294
vt 0.656392 0.084034
vt 0.916467 0.191800
vt 0.904801 0.186620
vt 0.892752 0.184579
vt 0.906909 0.161142
vt 0.852759 0.189024
vt 0.671277 0.362778
vt 0.674741 0.336189
vt 0.676010 0.376432
vt 0.855000 0.157375
vt 0.892017 0.157344
vt 0.879626 0.154105
vt 0.657199 0.068903
vt 0.658481 0.056207
vt 0.876232 0.184753
vt 0.669499 0.298883
vt 0.670340 0.286010
vt 0.670278 0.317396
vt 0.862237 0.186690
vt 0.827548 0.155145
vt 0.653512 0.031588
vt 0.654902 0.004422
vt 0.669253 0.006531
vt 0.239178 0.590391
vt 0.227770 0.586505
vt 0.677221 0.014862
vt 0.246671 0.593231
vt 0.124400 0.442553
vt 0.124198 0.430836
vt 0.131016 0.451493
vt 0.126163 0.343521
vt 0.110838 0.368044
vt 0.099481 0.364611
vt 0.103816 0.335337
vt 0.964377 0.054956
vt 0.969966 0.031655
vt 0.971544 0.047769
vt 0.178635 0.140239
vt 0.207079 0.171890
vt 0.186699 0.172394
vt 0.245581 0.163532
vt 0.237223 0.172857
vt 0.225990 0.172213
vt 0.967855 0.012239
vt 0.973360 0.003680
vt 0.974474 0.016502
vt 0.082640 0.512866
vt 0.064089 0.516736
vt 0.071365 0.510139
vt 0.094054 0.516035
vt 0.170982 0.417489
vt 0.163650 0.419323
vt 0.162254 0.395622
vt 0.152307 0.412527
vt 0.150167 0.396035
vt 0.159881 0.409833
vt 0.157334 0.391953
vt 0.183928 0.412290
vt 0.183165 0.399496
vt 0.029529 0.501409
vt 0.083746 0.503228
vt 0.115538 0.479110
vt 0.103291 0.434637
vt 0.126636 0.464955
vt 0.127164 0.453549
vt 0.099703 0.367820
vt 0.127801 0.481252
vt 0.125966 0.366793
vt 0.135085 0.354775
vt 0.143537 0.369980
vt 0.105716 0.512604
vt 0.157754 0.378519
vt 0.156722 0.350726
vt 0.177707 0.384047
vt 0.174215 0.376551
vt 0.977105 0.037767
vt 0.975726 0.045957
vt 0.175734 0.367688
vt 0.178380 0.355264
vt 0.967445 0.060794
vt 0.176912 0.341344
vt 0.086508 0.489649
vt 0.095525 0.502991
vt 0.113943 0.502299
vt 0.130666 0.498948
vt 0.130852 0.495554
vt 0.135903 0.354537
vt 0.168894 0.331339
vt 0.955975 0.111167
vt 0.956781 0.099766
vt 0.967992 0.105995
vt 0.969304 0.087798
vt 0.958112 0.138119
vt 0.973117 0.119326
vt 0.143239 0.313836
vt 0.166645 0.314468
vt 0.160186 0.301554
vt 0.155359 0.290295
vt 0.107425 0.304478
vt 0.121206 0.281442
vt 0.091632 0.366913
vt 0.110521 0.405184
vt 0.121165 0.418869
vt 0.169492 0.262655
vt 0.161745 0.271225
vt 0.138292 0.258835
vt 0.168695 0.247908
vt 0.166653 0.221896
vt 0.152340 0.207655
vt 0.129071 0.177127
vt 0.136650 0.171460
vt 0.164311 0.188119
vt 0.169279 0.202985
vt 0.042186 0.292462
vt 0.035018 0.265526
vt 0.068880 0.260307
vt 0.047362 0.254464
vt 0.746568 0.265609
vt 0.754521 0.268232
vt 0.759091 0.275399
vt 0.059862 0.243092
vt 0.099186 0.246339
vt 0.076399 0.293691
vt 0.117287 0.177464
vt 0.106145 0.188640
vt 0.125628 0.202952
vt 0.096722 0.200019
vt 0.087482 0.210317
vt 0.075182 0.220984
vt 0.062401 0.234685
vt 0.768644 0.318445
vt 0.780662 0.341525
vt 0.771834 0.330932
vt 0.060908 0.230044
vt 0.055321 0.354093
vt 0.065322 0.377823
vt 0.066610 0.334466
vt 0.037907 0.349663
vt 0.021112 0.352143
vt 0.022717 0.344649
vt 0.568885 0.055909
vt 0.579275 0.051270
vt 0.568746 0.071815
vt 0.579444 0.077154
vt 0.019411 0.327632
vt 0.020640 0.318867
vt 0.195686 0.005020
vt 0.211106 0.011257
vt 0.215807 0.024334
vt 0.177954 0.009693
vt 0.074039 0.375691
vt 0.058680 0.374576
vt 0.053936 0.360542
vt 0.187642 0.006696
vt 0.048298 0.353810
vt 0.179353 0.002796
vt 0.045986 0.345381
vt 0.022648 0.293371
vt 0.025335 0.282685
vt 0.019600 0.309065
vt 0.465599 0.352487
vt 0.464283 0.368642
vt 0.464628 0.360485
vt 0.330404 0.084974
vt 0.328212 0.110689
vt 0.303059 0.127757
vt 0.325501 0.078294
vt 0.308256 0.075580
vt 0.351613 0.299842
vt 0.348197 0.286365
vt 0.356388 0.312643
vt 0.375853 0.279668
vt 0.347891 0.268263
vt 0.408068 0.084103
vt 0.419248 0.088205
vt 0.422891 0.093789
vt 0.421032 0.089370
vt 0.372613 0.235034
vt 0.340787 0.242128
vt 0.338937 0.257133
vt 0.356221 0.234309
vt 0.364623 0.238751
vt 0.857588 0.393520
vt 0.866426 0.394393
vt 0.875396 0.415930
vt 0.346450 0.238447
vt 0.874784 0.384561
vt 0.890131 0.382001
vt 0.907144 0.404235
vt 0.906457 0.410854
vt 0.363752 0.091402
vt 0.331344 0.091084
vt 0.338762 0.250787
vt 0.344432 0.276457
vt 0.385121 0.085157
vt 0.397352 0.079246
vt 0.377003 0.092190
vt 0.877529 0.371721
vt 0.885234 0.371506
vt 0.447488 0.103211
vt 0.434724 0.128885
vt 0.903116 0.420897
vt 0.878147 0.443325
vt 0.908043 0.473493
vt 0.911817 0.437552
vt 0.862021 0.448693
vt 0.860129 0.434282
vt 0.228004 0.003448
vt 0.226010 0.066123
vt 0.222190 0.058582
vt 0.386743 0.022713
vt 0.386196 0.042610
vt 0.386291 0.051966
vt 0.221674 0.036078
vt 0.230422 0.043222
vt 0.259093 0.115569
vt 0.259861 0.128338
vt 0.276247 0.171245
vt 0.163547 0.166594
vt 0.134825 0.138662
vt 0.154349 0.094076
vt 0.212346 0.083320
vt 0.245706 0.077736
vt 0.188275 0.079545
vt 0.148107 0.162571
vt 0.280007 0.073658
vt 0.291407 0.073890
vt 0.259081 0.077356
vt 0.295159 0.308401
vt 0.291863 0.321539
vt 0.272776 0.320598
vt 0.246857 0.071270
vt 0.300550 0.311464
vt 0.235841 0.072780
vt 0.229793 0.071213
vt 0.291518 0.332928
vt 0.221536 0.074773
vt 0.205213 0.078728
vt 0.290747 0.178460
vt 0.279324 0.179766
vt 0.269994 0.177512
vt 0.245179 0.178303
vt 0.428110 0.489834
vt 0.451573 0.506165
vt 0.450894 0.516665
vt 0.450792 0.490359
vt 0.729528 0.355253
vt 0.740821 0.353750
vt 0.727874 0.364785
vt 0.750456 0.355658
vt 0.028766 0.506702
vt 0.066176 0.524003
vt 0.046991 0.549706
vt 0.072015 0.537559
vt 0.067999 0.547632
vt 0.437824 0.528139
vt 0.429767 0.527211
vt 0.408869 0.524250
vt 0.039520 0.544457
vt 0.025022 0.525090
vt 0.027644 0.517427
vt 0.329181 0.170768
vt 0.303769 0.177005
vt 0.021847 0.544152
vt 0.031929 0.547697
vt 0.447494 0.528017
vt 0.791870 0.361717
vt 0.760786 0.381176
vt 0.403411 0.520537
vt 0.401720 0.496340
vt 0.400867 0.480192
vt 0.084396 0.434857
vt 0.041634 0.449586
vt 0.032094 0.493426
vt 0.036694 0.479575
vt 0.726264 0.390666
vt 0.724727 0.379073
vt 0.771084 0.412226
vt 0.726525 0.400206
vt 0.037578 0.458441
vt 0.036687 0.467842
vt 0.725438 0.411842
vt 0.038698 0.433668
vt 0.076983 0.397053
vt 0.090068 0.392859
vt 0.050695 0.389967
vt 0.063097 0.391702
vt 0.027635 0.415432
vt 0.037511 0.422449
vt 0.169673 0.019322
vt 0.147831 0.018132
vt 0.166573 0.005062
vt 0.156697 0.007057
vt 0.828152 0.379227
vt 0.817985 0.367294
vt 0.829779 0.370544
vt 0.459542 0.437341
vt 0.450310 0.420833
vt 0.460521 0.424306
vt 0.436591 0.419685
vt 0.804830 0.364339
vt 0.457580 0.450811
vt 0.454966 0.464145
vt 0.780150 0.358075
vt 0.788424 0.409024
vt 0.819417 0.429498
vt 0.794916 0.448904
vt 0.777215 0.429155
vt 0.822662 0.398447
vt 0.452096 0.476283
vt 0.766290 0.355941
vt 0.405878 0.403859
vt 0.416313 0.407510
vt 0.394164 0.415570
vt 0.172065 0.030161
vt 0.170902 0.042670
vt 0.426626 0.414510
vt 0.753475 0.431685
vt 0.732204 0.431952
vt 0.052657 0.151956
vt 0.096145 0.161854
vt 0.055192 0.177814
vt 0.075510 0.183944
vt 0.844984 0.282775
vt 0.835881 0.308653
vt 0.813471 0.286964
vt 0.836100 0.326148
vt 0.801884 0.318017
vt 0.031836 0.177123
vt 0.871329 0.320102
vt 0.864800 0.332783
vt 0.028424 0.140793
vt 0.022346 0.157753
vt 0.018765 0.143417
vt 0.058826 0.119140
vt 0.079045 0.110115
vt 0.104488 0.119908
vt 0.042647 0.124606
vt 0.146421 0.069857
vt 0.106718 0.073701
vt 0.099798 0.076877
vt 0.091381 0.076001
vt 0.079572 0.085384
vt 0.869096 0.299118
vt 0.004300 0.159367
vt 0.863846 0.345948
vt 0.841799 0.369040
vt 0.833182 0.352363
vt 0.810061 0.350406
vt 0.826885 0.362219
vt 0.817583 0.358250
vt 0.849080 0.230701
vt 0.805369 0.254370
vt 0.867705 0.254808
vt 0.874372 0.284040
vt 0.873228 0.237351
vt 0.063832 0.091548
vt 0.062187 0.100987
vt 0.062798 0.109301
vt 0.870535 0.263600
vt 0.874702 0.274359
vt 0.085188 0.174462
vt 0.092684 0.168739
vt 0.168797 0.271571
vt 0.064580 0.189781
vt 0.057047 0.201835
vt 0.169334 0.226379
vt 0.171245 0.236752
vt 0.032837 0.204661
vt 0.044770 0.209039
vt 0.026731 0.198333
vt 0.015440 0.192253
vt 0.039471 0.213281
vt 0.006427 0.170150
vt 0.013584 0.182593
vt 0.874393 0.365247
vt 0.868793 0.374684
vt 0.869559 0.354649
vt 0.855181 0.375329
vt 0.184779 0.189646
vt 0.179270 0.195628
vt 0.181150 0.180097
vt 0.165491 0.176199
vt 0.152751 0.169736
vt 0.791855 0.346368
vt 0.775059 0.266308
vt 0.773084 0.281425
vt 0.773944 0.291336
vt 0.765700 0.268620
vt 0.764058 0.257848
vt 0.410627 0.017445
vt 0.404261 0.003058
vt 0.413227 0.002420
vt 0.398409 0.008289
vt 0.401972 0.031026
vt 0.391386 0.014184
vt 0.391699 0.027822
vt 0.767564 0.293725
vt 0.411120 0.026969
vt 0.760193 0.299935
vt 0.764147 0.312055
vt 0.582975 0.372426
vt 0.575563 0.371213
vt 0.561221 0.361417
vt 0.840934 0.195851
vt 0.849436 0.200835
vt 0.823666 0.193623
vt 0.810768 0.217677
vt 0.811637 0.194296
vt 0.791214 0.202421
vt 0.793153 0.193719
vt 0.788846 0.208358
vt 0.784226 0.226404
vt 0.871648 0.222806
vt 0.862892 0.213318
vt 0.202453 0.398327
vt 0.213040 0.408425
vt 0.205917 0.405324
vt 0.230548 0.416349
vt 0.254199 0.358176
vt 0.238114 0.424113
vt 0.110601 0.023344
vt 0.122276 0.027875
vt 0.102867 0.035357
vt 0.221743 0.424768
vt 0.112257 0.012053
vt 0.119710 0.003217
vt 0.118206 0.015865
vt 0.110063 0.022546
vt 0.581695 0.338592
vt 0.583674 0.349107
vt 0.564717 0.329187
vt 0.580713 0.321528
vt 0.582060 0.330878
vt 0.569281 0.291296
vt 0.540639 0.348267
vt 0.550064 0.357051
vt 0.541459 0.310953
vt 0.532314 0.348103
vt 0.801662 0.189933
vt 0.537907 0.350703
vt 0.253035 0.423623
vt 0.253526 0.414435
vt 0.119203 0.038382
vt 0.113904 0.045586
vt 0.246707 0.431948
vt 0.098856 0.044611
vt 0.095042 0.050659
vt 0.102583 0.062246
vt 0.848879 0.195498
vt 0.116961 0.051291
vt 0.125925 0.055022
vt 0.139944 0.064210
vt 0.097279 0.065401
vt 0.863505 0.207225
vt 0.875397 0.206457
vt 0.875170 0.214522
vt 0.200894 0.367372
vt 0.185546 0.372572
vt 0.189189 0.362941
vt 0.210201 0.374691
vt 0.194244 0.327903
vt 0.188123 0.355381
vt 0.193412 0.383813
vt 0.576108 0.302996
vt 0.252411 0.281019
vt 0.235415 0.299958
vt 0.274295 0.399979
vt 0.283041 0.384032
vt 0.264216 0.409441
vt 0.167257 0.078195
vt 0.177930 0.080449
vt 0.155654 0.073787
vt 0.134909 0.054462
vt 0.234804 0.346783
vt 0.296385 0.343973
vt 0.289535 0.352933
vt 0.287264 0.376212
vt 0.288551 0.366263
vt 0.472468 0.405171
vt 0.465234 0.399443
vt 0.463277 0.389046
vt 0.780800 0.235060
vt 0.775317 0.244460
vt 0.486368 0.361936
vt 0.510509 0.383146
vt 0.501868 0.391437
vt 0.484976 0.399389
vt 0.527691 0.357059
vt 0.516388 0.360888
vt 0.780591 0.211214
vt 0.514940 0.375212
vt 0.123894 0.155153
vt 0.957932 0.081752
vt 0.967431 0.074474
vt 0.138303 0.166058
vt 0.131429 0.160156
vt 0.953098 0.124332
vt 0.109807 0.157572
vt 0.977503 0.131609
vt 0.104699 0.162729
vt 0.963973 0.142443
vt 0.974520 0.137462
vt 0.964761 0.151210
vt 0.971421 0.153131
vt 0.976957 0.143061
vt 0.978046 0.152267
vt 0.161034 0.284425
vt 0.831724 0.088482
vt 0.835185 0.100630
vt 0.871452 0.089184
vt 0.834588 0.112148
vt 0.838165 0.124245
vt 0.881503 0.111092
vt 0.182295 0.421074
vt 0.217702 0.430652
vt 0.153046 0.452849
vt 0.153292 0.438051
vt 0.167174 0.424523
vt 0.152666 0.427141
vt 0.839381 0.139081
vt 0.843450 0.149071
vt 0.344762 0.459859
vt 0.345137 0.384097
vt 0.347612 0.401337
vt 0.877653 0.141140
vt 0.351257 0.439306
vt 0.890078 0.136952
vt 0.885758 0.142674
vt 0.212055 0.421051
vt 0.198498 0.417923
vt 0.943900 0.102433
vt 0.354220 0.446851
vt 0.905743 0.145536
vt 0.911584 0.143881
vt 0.930515 0.146528
vt 0.950122 0.135700
vt 0.945054 0.122879
vt 0.144060 0.056164
vt 0.157642 0.066505
vt 0.313983 0.521267
vt 0.310266 0.495842
vt 0.309763 0.479580
vt 0.311453 0.467669
vt 0.338125 0.487252
vt 0.309469 0.509403
vt 0.328187 0.519753
vt 0.338213 0.504440
vt 0.336575 0.512626
vt 0.947570 0.143601
vt 0.170290 0.066223
vt 0.172894 0.054199
vt 0.305856 0.395699
vt 0.311722 0.452013
vt 0.343558 0.467046
vt 0.308700 0.440846
vt 0.306178 0.423265
vt 0.439984 0.289068
vt 0.427478 0.222433
vt 0.456854 0.224632
vt 0.798093 0.147840
vt 0.455912 0.338274
vt 0.448782 0.340733
vt 0.458216 0.326406
vt 0.457767 0.313250
vt 0.459438 0.293526
vt 0.459072 0.278020
vt 0.458981 0.250963
vt 0.405395 0.356687
vt 0.384911 0.371451
vt 0.446348 0.083102
vt 0.456927 0.085236
vt 0.408807 0.312948
vt 0.408781 0.361852
vt 0.403377 0.267141
vt 0.444066 0.357956
vt 0.399871 0.243242
vt 0.858074 0.065335
vt 0.902889 0.073973
vt 0.946861 0.084488
vt 0.930736 0.046028
vt 0.937079 0.059659
vt 0.946987 0.071316
vt 0.557355 0.003584
vt 0.563783 0.006862
vt 0.556272 0.024895
vt 0.069000 0.002775
vt 0.074235 0.014598
vt 0.060110 0.005455
vt 0.091107 0.028035
vt 0.082203 0.027431
vt 0.874424 0.021100
vt 0.894814 0.010699
vt 0.627388 0.003865
vt 0.628883 0.025477
vt 0.625719 0.014043
vt 0.637456 0.004839
vt 0.637472 0.025072
vt 0.635763 0.046561
vt 0.626717 0.040325
vt 0.628404 0.067736
vt 0.540586 0.014119
vt 0.131135 0.040456
vt 0.132670 0.031574
vt 0.906688 0.003840
vt 0.912322 0.016081
vt 0.367065 0.072981
vt 0.354540 0.072411
vt 0.369033 0.059705
vt 0.924161 0.035393
vt 0.382566 0.004748
vt 0.077079 0.026836
vt 0.222172 0.002377
vt 0.221302 0.017399
vt 0.229901 0.023523
vt 0.376072 0.012256
vt 0.375277 0.022951
vt 0.433259 0.179412
vt 0.438610 0.175213
vt 0.448491 0.175063
vt 0.228602 0.189332
vt 0.203202 0.192597
vt 0.218836 0.183720
vt 0.214461 0.175752
vt 0.207619 0.179747
vt 0.456500 0.208537
vt 0.404710 0.167638
vt 0.458997 0.184641
vt 0.458179 0.199557
vt 0.236309 0.194925
vt 0.238267 0.203447
vt 0.423675 0.173772
vt 0.635966 0.087190
vt 0.636816 0.095284
vt 0.629097 0.082984
vt 0.409376 0.213074
vt 0.413500 0.164108
vt 0.851762 0.405503
vt 0.858824 0.418085
vt 0.391853 0.211825
vt 0.373408 0.221401
vt 0.386814 0.181440
vt 0.377875 0.199141
vt 0.372918 0.209345
vt 0.382478 0.187003
vt 0.859699 0.457322
vt 0.868788 0.487422
vt 0.011687 0.095432
vt 0.003682 0.094786
vt 0.026064 0.087831
vt 0.022986 0.090105
vt 0.003962 0.079616
vt 0.534752 0.369511
vt 0.537767 0.377719
vt 0.532185 0.378712
vt 0.521641 0.381487
vt 0.532308 0.379193
vt 0.516709 0.386381
vt 0.264098 0.007660
vt 0.263354 0.016569
vt 0.260023 0.002580
vt 0.029988 0.087470
vt 0.039294 0.084562
vt 0.042194 0.076510
vt 0.022428 0.065634
vt 0.252430 0.008300
vt 0.256074 0.020815
vt 0.632886 0.104653
vt 0.056662 0.068722
vt 0.003430 0.060504
vt 0.006382 0.047019
vt 0.005345 0.028772
vt 0.824189 0.471593
vt 0.829826 0.487798
vt 0.787944 0.503134
vt 0.824003 0.457758
vt 0.819184 0.440151
vt 0.533305 0.394626
vt 0.512134 0.427744
vt 0.493656 0.424281
vt 0.506367 0.400316
vt 0.498226 0.400428
vt 0.257016 0.037967
vt 0.267173 0.034618
vt 0.820179 0.498634
vt 0.799810 0.503801
vt 0.490164 0.415762
vt 0.263812 0.049920
vt 0.254128 0.046596
vt 0.266748 0.058613
vt 0.252349 0.057319
vt 0.253627 0.067616
vt 0.496070 0.160425
vt 0.503173 0.170128
vt 0.485348 0.168500
vt 0.490142 0.180432
vt 0.489341 0.187784
vt 0.265639 0.066014
vt 0.362169 0.601526
vt 0.357718 0.594897
vt 0.371580 0.601731
vt 0.359220 0.578591
vt 0.385480 0.587936
vt 0.517600 0.194329
vt 0.500930 0.214635
vt 0.478702 0.198851
vt 0.487821 0.225282
vt 0.476907 0.207764
vt 0.753635 0.471978
vt 0.378137 0.597685
vt 0.774916 0.506392
vt 0.763430 0.500514
vt 0.359376 0.564411
vt 0.398937 0.572502
vt 0.355133 0.554097
vt 0.400558 0.581768
vt 0.021220 0.411474
vt 0.028518 0.385431
vt 0.037461 0.384315
vt 0.402734 0.562648
vt 0.383542 0.545990
vt 0.402946 0.550117
vt 0.754238 0.442757
vt 0.520796 0.540749
vt 0.528578 0.541610
vt 0.526020 0.552451
vt 0.572620 0.270919
vt 0.573068 0.282090
vt 0.562449 0.262528
vt 0.543821 0.258300
vt 0.519610 0.291870
vt 0.190194 0.343111
vt 0.191248 0.333949
vt 0.519005 0.508790
vt 0.518570 0.475402
vt 0.537660 0.500501
vt 0.518181 0.531499
vt 0.500307 0.506498
vt 0.194620 0.313775
vt 0.198075 0.303956
vt 0.197461 0.287259
vt 0.533989 0.514177
vt 0.531038 0.528930
vt 0.555566 0.255050
vt 0.504832 0.535436
vt 0.231324 0.273738
vt 0.249776 0.268659
vt 0.217100 0.255199
vt 0.231779 0.245901
vt 0.241159 0.212419
vt 0.218673 0.216328
vt 0.242124 0.222199
vt 0.195210 0.248898
vt 0.194366 0.254406
vt 0.195533 0.262034
vt 0.532436 0.460861
vt 0.535637 0.474618
vt 0.196196 0.272956
vt 0.525796 0.257201
vt 0.512357 0.268115
vt 0.511855 0.253796
vt 0.496376 0.269250
vt 0.494460 0.474712
vt 0.494395 0.503759
vt 0.483023 0.501580
vt 0.495471 0.512007
vt 0.545532 0.240989
vt 0.540822 0.247754
vt 0.526753 0.242913
vt 0.535792 0.235542
vt 0.532441 0.247301
vt 0.488188 0.516133
vt 0.476766 0.525808
vt 0.485700 0.536246
vt 0.481846 0.517394
vt 0.473870 0.535103
vt 0.485426 0.462974
vt 0.475935 0.472495
vt 0.476306 0.477670
vt 0.471247 0.484441
vt 0.475795 0.494989
vt 0.518100 0.204760
vt 0.522305 0.208809
vt 0.525667 0.219912
vt 0.516621 0.228677
vt 0.517140 0.247020
vt 0.486413 0.239194
vt 0.486420 0.279416
vt 0.200406 0.203237
vt 0.198408 0.214438
vt 0.535076 0.404460
vt 0.532405 0.414843
vt 0.193840 0.226760
vt 0.189260 0.235839
vt 0.524825 0.426058
vt 0.519665 0.433929
vt 0.497039 0.430553
vt 0.517601 0.441503
vt 0.529224 0.449051
vt 0.185457 0.241909
vt 0.489591 0.446734
vt 0.635609 0.065781
vt 0.047774 0.050408
vt 0.068685 0.039863
vt 0.058097 0.036254
vt 0.076158 0.035331
vt 0.368234 0.031320
vt 0.352068 0.012623
vt 0.368159 0.018168
vt 0.045597 0.030001
vt 0.046928 0.018671
vt 0.051973 0.012345
vt 0.518582 0.040877
vt 0.521935 0.025684
vt 0.320933 0.072069
vt 0.367453 0.048227
vt 0.309500 0.032229
vt 0.339623 0.006596
vt 0.322361 0.017542
vt 0.315568 0.025773
vt 0.332014 0.005358
vt 0.543673 0.087223
vt 0.538031 0.080411
vt 0.561681 0.076233
vt 0.305170 0.047008
vt 0.307237 0.068125
vt 0.040376 0.034987
vt 0.563617 0.087064
vt 0.565415 0.094090
vt 0.557978 0.095765
vt 0.552089 0.091666
vt 0.034892 0.027874
vt 0.028134 0.012776
vt 0.030058 0.020804
vt 0.008914 0.018304
vt 0.555845 0.048002
vt 0.558746 0.061807
vt 0.553276 0.040927
vt 0.525878 0.078448
vt 0.518348 0.062832
vt 0.012205 0.007274
vt 0.019197 0.005996
vt 0.819933 0.414940
vt 0.518087 0.076771
vt 0.588946 0.107621
vt 0.772658 0.010941
vt 0.790270 0.033020
vt 0.765163 0.011751
vt 0.780143 0.003525
vt 0.786103 0.008978
vt 0.394027 0.369796
vt 0.401609 0.362580
vt 0.966800 0.385051
vt 0.385868 0.428234
vt 0.381098 0.432933
vt 0.377690 0.424813
vt 0.385958 0.415367
vt 0.378005 0.407731
vt 0.968991 0.377416
vt 0.579116 0.105912
vt 0.571424 0.102125
vt 0.559028 0.101763
vt 0.543532 0.095637
vt 0.527401 0.091934
vt 0.382462 0.390034
vt 0.376113 0.391073
vt 0.371825 0.375996
vt 0.510669 0.090284
vt 0.514702 0.088152
vt 0.386623 0.381382
vt 0.376057 0.370676
vt 0.372236 0.359694
vt 0.496313 0.083882
vt 0.505810 0.083159
vt 0.491677 0.091213
vt 0.534111 0.126347
vt 0.485396 0.126584
vt 0.947157 0.398825
vt 0.463840 0.012057
vt 0.468637 0.004384
vt 0.468835 0.018249
vt 0.741849 0.027790
vt 0.361720 0.336450
vt 0.364295 0.357623
vt 0.361567 0.343838
vt 0.357867 0.323335
vt 0.479168 0.089325
vt 0.471812 0.085826
vt 0.432819 0.083308
vt 0.422123 0.083068
vt 0.786409 0.042552
vt 0.797352 0.010609
vt 0.792249 0.006614
vt 0.801233 0.017019
vt 0.413137 0.378259
vt 0.459042 0.153975
vt 0.443119 0.155796
vt 0.429574 0.156078
vt 0.307234 0.523886
vt 0.414700 0.155754
vt 0.601923 0.170270
vt 0.576866 0.165467
vt 0.306847 0.338529
vt 0.306871 0.349597
vt 0.587860 0.166500
vt 0.311227 0.329562
vt 0.306227 0.359217
vt 0.342316 0.368619
vt 0.340702 0.347725
vt 0.335836 0.328638
vt 0.538706 0.160081
vt 0.553453 0.162503
vt 0.306316 0.381260
vt 0.512401 0.156516
vt 0.497598 0.155805
vt 0.471263 0.155147
vt 0.486548 0.157036
vt 0.373946 0.052646
vt 0.373469 0.031709
vt 0.588387 0.070815
vt 0.571113 0.082268
vt 0.499255 0.311392
vt 0.498232 0.304629
vt 0.490901 0.295733
vt 0.360114 0.489764
vt 0.347480 0.486162
vt 0.353653 0.480100
vt 0.597717 0.043425
vt 0.596994 0.053541
vt 0.602743 0.054810
vt 0.603724 0.066923
vt 0.592120 0.076366
vt 0.489729 0.317625
vt 0.483383 0.320958
vt 0.468038 0.330664
vt 0.481673 0.345789
vt 0.462155 0.340103
vt 0.476290 0.324382
vt 0.304254 0.278468
vt 0.278746 0.263749
vt 0.290418 0.271199
vt 0.307621 0.287749
vt 0.302725 0.300556
vt 0.858218 0.489692
vt 0.850255 0.479785
vt 0.250752 0.237268
vt 0.857810 0.467870
vt 0.258854 0.245858
vt 0.893639 0.478930
vt 0.884612 0.484451
vt 0.271448 0.255340
vt 0.877431 0.485489
vt 0.925411 0.454250
vt 0.901973 0.478603
vt 0.927716 0.459592
vt 0.922048 0.466491
vt 0.913693 0.471367
vt 0.287405 0.265951
vt 0.298516 0.274454
vt 0.922899 0.475923
vt 0.392875 0.171516
vt 0.427844 0.028224
vt 0.422200 0.055639
vt 0.418329 0.013284
vt 0.422644 0.003961
vt 0.417740 0.051193
vt 0.434770 0.052587
vt 0.439265 0.003198
vt 0.442364 0.046375
vt 0.430686 0.037474
vt 0.432120 0.027305
vt 0.416766 0.037588
vt 0.427420 0.056153
vt 0.402042 0.159458
vt 0.307247 0.537335
vt 0.324298 0.533147
vt 0.393974 0.397803
vt 0.374597 0.161695
vt 0.307046 0.559750
vt 0.324975 0.545491
vt 0.317201 0.562275
vt 0.309945 0.570551
vt 0.378016 0.163357
vt 0.357240 0.165303
vt 0.308582 0.573997
vt 0.313616 0.576406
vt 0.309770 0.613162
vt 0.394110 0.443674
vt 0.394482 0.457006
vt 0.395958 0.427171
vt 0.311682 0.598762
vt 0.015329 0.362396
vt 0.024391 0.365638
vt 0.010765 0.394825
vt 0.025410 0.374460
vt 0.346974 0.499900
vt 0.365835 0.497861
vt 0.352227 0.510982
vt 0.479668 0.218366
vt 0.574442 0.026350
vt 0.583697 0.010261
vt 0.597533 0.029730
vt 0.576633 0.007192
vt 0.006929 0.380701
vt 0.571992 0.038294
vt 0.568386 0.048022
vt 0.031263 0.358726
vt 0.180677 0.026166
vt 0.179449 0.019171
vt 0.598469 0.036205
vt 0.356871 0.534083
vt 0.348007 0.547663
vt 0.481431 0.240019
vt 0.482068 0.263857
vt 0.377655 0.523689
vt 0.404633 0.534114
vt 0.397919 0.524723
vt 0.383904 0.525411
vt 0.139830 0.008120
vt 0.127388 0.015462
vt 0.128152 0.004743
vt 0.203682 0.059746
vt 0.189636 0.062231
vt 0.213037 0.048026
vt 0.591643 0.007136
vt 0.599293 0.010996
vt 0.135004 0.016342
vt 0.052122 0.385674
vt 0.188163 0.053706
vt 0.019955 0.389677
vt 0.184344 0.037647
vt 0.177823 0.031149
vt 0.479557 0.006945
vt 0.479769 0.019685
vt 0.474943 0.008551
vt 0.443098 0.016697
vt 0.744731 0.439602
vt 0.727716 0.422178
vt 0.432601 0.004115
s 1
usemtl glTFMaterial
f 72/1/1 68/2/2 66/3/3
f 73/4/4 74/5/5 67/6/6
f 68/2/2 5/7/7 66/3/3
f 69/8/8 5/7/7 68/2/2
f 68/2/2 72/1/1 71/9/9
f 70/10/10 67/6/6 75/11/11
f 70/10/10 75/11/11 6/12/12
f 6/12/12 75/11/11 1/13/13
f 67/6/6 74/5/5 75/11/11
f 75/11/11 94/14/14 1/13/13
f 75/11/11 74/5/5 78/15/15
f 91/16/16 7/17/17 93/18/18
f 95/19/19 76/20/20 8/21/21
f 76/20/20 77/22/22 8/21/21
f 93/18/18 7/17/17 92/23/23
f 8/21/21 77/22/22 97/24/24
f 77/22/22 79/25/25 97/24/24
f 96/26/26 38/27/27 93/18/18
f 9/28/28 10/29/29 18/30/30
f 4/31/31 2/32/32 12/33/33
f 86/34/34 4/31/31 12/33/33
f 2/32/32 197/35/35 12/33/33
f 14/36/36 12/33/33 144/37/37
f 13/38/38 15/39/39 16/40/40
f 17/41/41 21/42/42 20/43/43
f 19/44/44 16/40/40 23/45/45
f 22/46/46 18/30/30 23/45/45
f 30/47/47 18/30/30 10/29/29
f 10/29/29 28/48/48 30/47/47
f 97/24/24 127/49/49 39/50/50
f 39/50/50 98/51/51 97/24/24
f 127/49/49 42/52/52 39/50/50
f 23/45/45 18/30/30 43/53/53
f 18/30/30 30/47/47 44/54/54
f 43/53/53 18/30/30 44/54/54
f 37/55/55 48/56/56 46/57/57
f 46/57/57 48/56/56 49/58/58
f 54/59/59 51/60/60 42/52/52
f 51/60/60 54/59/59 52/61/61
f 37/55/55 40/62/62 50/63/63
f 37/55/55 50/63/63 48/56/56
f 47/64/64 52/61/61 54/59/59
f 55/65/65 53/66/66 13/38/38
f 55/65/65 13/38/38 56/67/67
f 16/40/40 19/44/44 13/38/38
f 56/67/67 13/38/38 19/44/44
f 54/59/59 55/65/65 56/67/67
f 128/68/68 54/59/59 56/67/67
f 19/44/44 23/45/45 43/53/53
f 56/67/67 19/44/44 43/53/53
f 142/69/69 43/53/53 99/70/70
f 108/71/71 71/9/9 110/72/72
f 78/15/15 74/5/5 113/73/73
f 125/74/74 80/75/75 119/76/76
f 79/25/25 124/77/77 97/24/24
f 117/78/78 81/79/79 83/80/80
f 117/78/78 83/80/80 82/81/81
f 84/82/82 87/83/83 55/65/65
f 87/83/83 53/66/66 55/65/65
f 120/84/84 88/85/85 127/49/49
f 88/85/85 55/65/65 127/49/49
f 88/85/85 84/82/82 55/65/65
f 127/49/49 55/65/65 54/59/59
f 42/52/52 127/49/49 54/59/59
f 117/78/78 109/86/86 111/87/87
f 117/78/78 114/88/88 109/86/86
f 113/73/73 115/89/89 116/90/90
f 114/88/88 117/78/78 118/91/91
f 118/91/91 117/78/78 82/81/81
f 113/73/73 116/90/90 119/76/76
f 119/76/76 116/90/90 122/92/92
f 116/90/90 121/93/93 122/92/92
f 121/94/94 85/95/95 89/96/96
f 113/73/73 119/76/76 78/15/15
f 80/75/75 78/15/15 119/76/76
f 124/77/77 127/49/49 97/24/24
f 124/77/77 126/97/97 127/49/49
f 123/98/98 120/84/84 127/49/49
f 127/49/49 126/97/97 123/98/98
f 46/57/57 49/58/58 129/99/99
f 131/100/100 130/101/101 46/57/57
f 46/57/57 129/99/99 131/100/100
f 128/68/68 56/67/67 57/102/102
f 57/102/102 56/67/67 141/103/103
f 57/102/102 133/104/104 132/105/105
f 57/102/102 141/103/103 133/104/104
f 215/106/106 130/101/101 136/107/107
f 215/106/106 136/107/107 137/108/108
f 215/106/106 137/108/108 140/109/109
f 141/103/103 138/110/110 133/104/104
f 141/103/103 56/67/67 142/69/69
f 56/67/67 43/53/53 142/69/69
f 140/109/109 139/111/111 215/106/106
f 139/111/111 143/112/112 215/106/106
f 215/106/106 143/112/112 101/113/113
f 101/113/113 143/112/112 100/114/114
f 12/33/33 197/35/35 144/37/37
f 144/37/37 197/35/35 225/115/115
f 144/37/37 225/115/115 17/41/41
f 17/41/41 225/115/115 21/42/42
f 145/116/116 21/42/42 225/115/115
f 146/117/117 21/42/42 145/116/116
f 22/46/46 147/118/118 18/30/30
f 147/118/118 168/119/119 18/30/30
f 169/120/120 166/121/121 170/122/122
f 170/122/122 173/123/123 24/124/124
f 3/125/125 190/126/126 11/127/127
f 2/32/32 191/128/128 197/35/35
f 192/129/129 197/35/35 191/128/128
f 3/125/125 83/80/80 231/130/130
f 83/80/80 81/79/79 231/130/130
f 30/47/47 62/131/131 44/54/54
f 30/47/47 32/132/132 62/131/131
f 32/132/132 30/47/47 31/133/133
f 65/134/134 32/132/132 31/133/133
f 44/54/54 62/131/131 104/135/135
f 43/53/53 44/54/54 104/135/135
f 773/136/136 58/137/137 63/138/138
f 60/139/139 61/140/140 259/141/141
f 259/141/141 61/140/140 773/136/136
f 58/137/137 773/136/136 61/140/140
f 105/142/142 62/131/131 59/143/143
f 64/144/144 769/145/145 770/146/146
f 99/70/70 43/53/53 102/147/147
f 218/148/148 103/149/149 60/139/139
f 43/53/53 104/135/135 102/147/147
f 104/135/135 62/131/131 105/142/142
f 218/148/148 101/113/113 103/149/149
f 259/141/141 218/148/148 60/139/139
f 215/106/106 101/113/113 218/148/148
f 214/150/150 215/106/106 218/148/148
f 173/123/123 161/151/151 24/124/124
f 161/151/151 25/152/152 24/124/124
f 160/153/153 159/154/154 163/155/155
f 146/117/117 145/116/116 164/156/156
f 165/157/157 172/158/158 171/159/159
f 172/158/158 165/157/157 199/160/160
f 172/158/158 199/160/160 159/154/154
f 166/121/121 173/123/123 170/122/122
f 182/161/161 176/162/162 174/163/163
f 174/163/163 176/162/162 178/164/164
f 199/160/160 246/165/165 198/166/166
f 245/167/167 249/168/168 246/165/165
f 200/169/169 264/170/170 201/171/171
f 202/172/172 246/165/165 249/168/168
f 198/166/166 246/165/165 209/173/173
f 246/165/165 205/174/174 209/173/173
f 206/175/175 204/176/176 208/177/177
f 199/160/160 198/166/166 159/154/154
f 1108/178/178 159/154/154 198/166/166
f 221/179/179 174/163/163 212/180/180
f 212/180/180 213/181/181 221/179/179
f 214/150/150 211/182/182 215/106/106
f 221/179/179 213/181/181 216/183/183
f 217/184/184 214/150/150 218/148/148
f 220/185/185 187/186/186 182/161/161
f 220/185/185 182/161/161 174/163/163
f 221/179/179 220/185/185 174/163/163
f 222/187/187 226/188/188 189/189/189
f 222/187/187 189/189/189 219/190/190
f 222/187/187 219/190/190 223/191/191
f 220/185/185 221/179/179 224/192/192
f 225/115/115 194/193/193 226/188/188
f 189/189/189 226/188/188 194/193/193
f 145/116/116 225/115/115 226/188/188
f 235/194/194 145/116/116 226/188/188
f 235/194/194 226/188/188 237/195/195
f 226/188/188 222/187/187 237/195/195
f 238/196/196 236/197/197 199/160/160
f 236/197/197 245/167/167 246/165/165
f 199/160/160 236/197/197 246/165/165
f 240/198/198 221/179/179 242/199/199
f 222/187/187 239/200/200 241/201/201
f 244/202/202 243/203/203 245/167/167
f 222/187/187 223/191/191 239/200/200
f 224/192/192 221/179/179 240/198/198
f 245/167/167 243/203/203 247/204/204
f 249/168/168 245/167/167 251/205/205
f 264/170/170 200/169/169 248/206/206
f 245/167/167 236/197/197 244/202/202
f 145/116/116 235/194/194 164/156/156
f 235/194/194 167/207/207 164/156/156
f 165/157/157 238/196/196 199/160/160
f 203/208/208 201/171/171 264/170/170
f 204/176/176 201/171/171 203/208/208
f 208/177/177 204/176/176 203/208/208
f 208/177/177 203/208/208 1170/209/209
f 264/170/170 255/210/210 203/208/208
f 264/170/170 256/211/211 255/210/210
f 260/212/212 268/213/213 259/141/141
f 260/212/212 259/141/141 773/136/136
f 261/214/214 255/210/210 257/215/215
f 203/208/208 255/210/210 261/214/214
f 258/216/216 260/212/212 262/217/217
f 203/208/208 261/214/214 263/218/218
f 775/219/219 260/212/212 773/136/136
f 262/217/217 260/212/212 1257/220/220
f 242/199/199 221/179/179 264/170/170
f 264/170/170 221/179/179 265/221/221
f 248/206/206 242/199/199 264/170/170
f 221/179/179 216/183/183 265/221/221
f 264/170/170 265/221/221 267/222/222
f 268/213/213 217/184/184 218/148/148
f 264/170/170 267/222/222 256/211/211
f 266/223/223 217/184/184 268/213/213
f 218/148/148 259/141/141 268/213/213
f 771/224/224 770/146/146 769/145/145
f 771/224/224 631/225/225 776/226/226
f 771/224/224 777/227/227 774/228/228
f 774/228/228 770/146/146 771/224/224
f 1262/229/229 775/219/219 762/230/230
f 762/230/230 775/219/219 778/231/231
f 630/232/232 772/233/233 65/134/134
f 776/226/226 777/227/227 771/224/224
f 764/234/234 761/235/235 777/227/227
f 1108/178/178 163/155/155 159/154/154
f 198/166/166 209/173/173 1168/236/236
f 1231/237/237 1264/238/238 1240/239/239
f 1239/240/240 1265/241/241 1242/242/242
f 203/208/208 263/218/218 1255/243/243
f 1254/244/244 1258/245/245 1256/246/246
f 1257/220/220 260/212/212 1262/229/229
f 260/212/212 775/219/219 1262/229/229
f 1259/247/247 1261/248/248 1256/246/246
f 1254/244/244 1256/246/246 1261/248/248
f 1254/244/244 1265/241/241 1258/245/245
f 1254/244/244 1269/249/249 1265/241/241
f 1231/237/237 1255/243/243 1264/238/238
f 1242/242/242 1265/241/241 1269/249/249
f 1260/250/250 1268/251/251 1266/252/252
f 1267/253/253 1254/244/244 1261/248/248
f 1267/253/253 1261/248/248 763/254/254
f 777/227/227 1241/255/255 764/234/234
f 1268/251/251 1241/255/256 1266/252/252
f 29/256/257 509/257/258 28/48/48
f 25/152/259 162/258/260 26/259/261
f 30/47/47 28/48/48 628/260/262
f 162/258/260 27/261/263 26/259/261
f 510/262/264 529/263/265 509/257/258
f 28/48/48 509/257/258 529/263/265
f 628/260/262 28/48/48 529/263/265
f 511/264/266 523/265/267 521/266/268
f 510/262/264 515/267/269 529/263/265
f 524/268/270 519/269/271 518/270/272
f 524/268/270 518/270/272 525/271/273
f 529/263/265 515/267/269 517/272/274
f 526/273/275 528/274/276 530/275/277
f 528/274/276 526/273/275 577/276/278
f 531/277/279 582/278/280 534/279/281
f 582/278/280 533/280/282 534/279/281
f 532/281/283 533/280/282 582/278/280
f 537/282/284 542/283/285 539/284/286
f 538/285/287 561/286/288 541/287/289
f 542/283/285 546/288/290 590/289/291
f 588/290/292 545/291/293 535/292/294
f 544/293/295 542/283/285 590/289/291
f 542/283/285 544/293/295 539/284/286
f 544/293/295 590/289/291 547/294/296
f 590/289/291 548/295/297 547/294/296
f 552/296/298 563/297/299 550/298/300
f 536/299/301 554/300/302 543/301/303
f 543/301/303 554/300/302 555/302/304
f 536/299/301 543/301/303 558/303/305
f 582/278/280 559/304/306 560/305/307
f 560/305/307 595/306/308 597/307/309
f 560/305/307 597/307/309 582/278/280
f 564/308/310 512/309/311 568/310/312
f 1080/311/313 568/310/312 512/309/311
f 570/312/314 576/313/315 526/273/275
f 565/314/316 569/315/317 566/316/318
f 572/317/319 566/316/318 569/315/317
f 570/312/314 573/318/320 576/313/315
f 575/319/321 574/320/322 580/321/323
f 526/273/275 576/313/315 577/276/278
f 575/319/321 580/321/323 612/322/324
f 565/314/316 562/323/325 569/315/317
f 552/296/298 562/324/326 563/297/299
f 581/325/327 552/326/328 553/327/329
f 579/328/330 581/325/327 553/327/329
f 612/322/324 580/321/323 582/278/280
f 612/322/324 582/278/280 531/277/279
f 559/304/306 582/278/280 580/321/323
f 546/288/290 587/329/331 590/289/291
f 535/292/294 584/330/332 588/290/292
f 589/331/333 592/332/334 590/289/291
f 591/333/335 585/334/336 593/335/337
f 588/290/292 585/334/336 591/333/335
f 590/289/291 592/332/334 594/336/338
f 594/336/338 746/337/339 590/289/291
f 548/295/297 590/289/291 596/338/340
f 596/338/340 590/289/291 598/339/341
f 600/340/342 602/341/343 606/342/344
f 598/339/341 590/289/291 601/343/345
f 602/341/343 753/344/346 760/345/347
f 603/346/348 599/347/349 605/348/350
f 618/349/351 582/278/280 597/307/309
f 603/346/348 605/348/350 604/350/352
f 606/342/344 602/341/343 760/345/347
f 607/351/353 604/350/352 605/348/350
f 577/276/278 611/352/354 625/353/355
f 612/322/324 531/277/279 610/354/356
f 614/355/357 633/356/358 611/352/354
f 633/356/358 614/355/357 616/357/359
f 633/356/358 625/353/355 611/352/354
f 613/358/360 531/277/279 615/359/361
f 615/359/361 531/277/279 779/360/362
f 582/278/280 618/349/351 532/281/283
f 31/133/133 30/47/47 626/361/363
f 30/47/47 628/260/262 626/361/363
f 625/353/355 528/274/276 577/276/278
f 626/361/363 624/362/364 629/363/365
f 31/133/133 626/361/363 629/363/365
f 31/133/133 629/363/365 65/134/134
f 65/134/134 629/363/365 630/232/232
f 633/356/358 627/364/366 625/353/355
f 624/362/364 632/365/367 629/363/365
f 633/356/358 616/357/359 634/366/368
f 629/363/365 632/365/367 635/367/369
f 594/336/338 745/368/370 746/337/339
f 754/369/371 747/370/372 755/371/373
f 590/289/291 752/372/374 601/343/345
f 752/372/374 590/289/291 746/337/339
f 1241/255/255 777/227/227 634/366/368
f 777/227/227 776/226/226 634/366/368
f 765/373/375 634/366/368 616/357/359
f 616/357/359 617/374/376 765/373/375
f 765/373/375 780/375/377 767/376/378
f 765/373/375 1241/255/255 634/366/368
f 1033/377/379 1034/378/380 1039/379/381
f 1039/379/381 1034/378/380 1040/380/382
f 1172/381/383 1030/382/384 1035/383/385
f 1038/384/386 1036/385/387 1035/383/385
f 1039/379/381 1088/386/388 1077/387/389
f 1035/383/385 1030/382/384 1041/388/390
f 1079/389/391 1039/379/381 1077/387/389
f 1078/390/392 1167/391/393 1079/389/391
f 512/309/311 1078/390/392 1084/392/394
f 1078/390/392 1079/389/391 1084/392/394
f 512/309/311 1084/392/394 1080/311/313
f 1083/393/395 1084/392/394 1079/389/391
f 1077/387/389 1083/393/395 1079/389/391
f 1085/394/396 1081/395/397 561/286/288
f 1040/380/382 1049/396/398 1039/379/381
f 1039/379/381 1049/396/398 1088/386/388
f 1091/397/399 1092/398/400 1104/399/401
f 1098/400/402 1091/397/399 1104/399/401
f 545/291/293 541/287/289 535/292/294
f 1082/401/403 1083/393/395 1097/402/404
f 1099/403/405 1095/404/406 1096/405/407
f 1097/402/404 1083/393/395 1077/387/389
f 1096/405/407 1098/400/402 1099/403/405
f 1081/395/397 1095/404/406 561/286/288
f 561/286/288 1095/404/406 535/292/294
f 561/286/288 535/292/294 541/287/289
f 1095/404/406 1099/403/405 535/292/294
f 1103/406/408 1101/407/409 1102/408/410
f 1103/406/408 1102/408/410 1186/409/411
f 1099/403/405 1098/400/402 1100/410/412
f 1100/410/412 1098/400/402 1104/399/401
f 163/155/155 1108/178/178 1105/411/413
f 1108/178/178 1167/391/393 1078/390/392
f 1108/178/178 511/264/266 1105/411/413
f 511/264/266 1108/178/178 1078/390/392
f 512/309/311 523/265/267 511/264/266
f 511/264/266 1078/390/392 512/309/311
f 1165/412/414 198/166/166 1168/236/236
f 1167/391/393 1108/178/178 1165/412/414
f 1167/391/393 1039/379/381 1079/389/391
f 1165/412/414 1108/178/178 198/166/166
f 1167/391/393 1165/412/414 1039/379/381
f 1168/236/236 1163/413/415 1165/412/414
f 209/173/173 1169/414/416 1168/236/236
f 1168/236/236 1031/415/417 1163/413/415
f 1039/379/381 1165/412/414 1173/416/418
f 1171/417/419 1165/412/414 1163/413/415
f 1039/379/381 1173/416/418 1033/377/379
f 1041/388/390 1030/382/384 1032/418/420
f 583/419/421 1186/409/411 1187/420/422
f 1187/420/422 1189/421/423 583/419/421
f 588/290/292 584/330/332 585/334/336
f 585/334/336 584/330/332 1188/422/424
f 1186/409/411 1102/408/410 1187/420/422
f 1231/237/237 1035/383/385 1041/388/390
f 1035/383/385 1231/237/237 1038/384/386
f 210/423/425 208/177/177 1170/209/209
f 1170/209/209 1041/388/390 1174/424/426
f 1041/388/390 203/208/208 1255/243/243
f 1041/388/390 1170/209/209 203/208/208
f 1032/418/420 1174/424/426 1041/388/390
f 1231/237/237 1041/388/390 1255/243/243
f 35/425/427 34/426/428 37/55/55
f 154/427/429 35/425/427 37/55/55
f 156/428/430 154/427/429 37/55/55
f 45/429/431 156/428/430 37/55/55
f 38/27/27 40/62/62 37/55/55
f 41/430/432 40/62/62 38/27/27
f 46/57/57 45/429/431 37/55/55
f 110/72/72 71/9/9 112/431/433
f 71/9/9 72/1/1 112/431/433
f 90/432/434 91/16/16 34/426/428
f 34/426/428 91/16/16 37/55/55
f 91/16/16 93/18/18 37/55/55
f 37/55/55 93/18/18 38/27/27
f 112/431/433 152/433/435 107/434/436
f 117/78/78 106/435/437 81/79/79
f 112/431/433 72/1/1 153/436/438
f 36/437/439 33/438/440 72/1/1
f 72/1/1 33/438/440 153/436/438
f 46/57/57 130/101/101 215/106/106
f 152/433/435 149/439/441 107/434/436
f 148/440/442 150/441/443 81/79/79
f 152/433/435 112/431/433 153/436/438
f 152/433/435 153/436/438 157/442/444
f 152/433/435 155/443/445 232/444/446
f 149/439/441 152/433/435 151/445/447
f 152/433/435 157/442/444 155/443/445
f 182/161/161 175/446/448 176/162/162
f 177/447/449 254/448/450 45/429/431
f 45/429/431 46/57/57 177/447/449
f 179/449/451 177/447/449 46/57/57
f 179/449/451 46/57/57 211/182/182
f 211/182/182 46/57/57 215/106/106
f 181/450/452 229/451/453 151/445/447
f 229/451/453 181/450/452 228/452/454
f 81/79/79 150/441/443 231/130/130
f 150/441/443 227/453/455 231/130/130
f 231/130/130 227/453/455 230/454/456
f 151/445/447 152/433/435 181/450/452
f 181/450/452 152/433/435 232/444/446
f 181/450/452 232/444/446 234/455/457
f 233/456/458 158/457/459 156/428/430
f 181/450/452 234/455/457 182/161/161
f 233/456/458 156/428/430 252/458/460
f 252/458/460 156/428/430 45/429/431
f 182/161/161 234/455/457 253/459/461
f 175/446/448 182/161/161 253/459/461
f 254/448/450 252/458/460 45/429/431
f 186/460/462 181/450/452 182/161/161
f 180/461/463 185/462/464 195/463/465
f 183/464/466 184/465/467 189/189/189
f 187/186/186 186/460/462 182/161/161
f 231/130/130 180/461/463 193/466/468
f 190/126/126 231/130/130 193/466/468
f 180/461/463 195/463/465 193/466/468
f 194/193/193 196/467/469 183/464/466
f 183/464/466 189/189/189 194/193/193
f 192/129/129 196/467/469 197/35/35
f 197/35/35 196/467/469 194/193/193
f 197/35/35 194/193/193 225/115/115
f 231/130/130 230/454/456 180/461/463
f 231/130/130 190/126/126 3/125/125
f 329/468/470 269/469/471 273/470/472
f 270/471/473 334/472/474 274/473/475
f 270/471/473 274/473/475 860/474/476
f 284/475/477 283/476/478 344/477/479
f 326/478/480 282/479/481 285/480/482
f 302/481/483 303/482/484 308/483/485
f 302/481/483 308/483/485 282/479/481
f 307/484/486 304/485/487 323/486/488
f 314/487/489 310/488/490 309/489/491
f 318/490/492 310/488/490 314/487/489
f 311/491/493 312/492/494 315/493/495
f 324/494/496 313/495/497 316/496/498
f 316/496/498 313/495/497 317/497/499
f 319/498/500 311/491/493 322/499/501
f 307/484/486 323/486/488 283/476/502
f 322/499/501 311/491/493 315/493/495
f 309/489/491 288/500/503 325/501/504
f 332/502/505 1433/503/506 329/468/470
f 333/504/507 329/468/470 330/505/508
f 272/506/509 274/473/475 334/472/474
f 1433/503/506 269/469/471 329/468/470
f 333/504/507 328/507/510 332/502/505
f 333/504/507 332/502/505 329/468/470
f 327/508/511 334/472/474 270/471/473
f 349/509/512 327/508/511 270/471/473
f 317/497/499 313/495/497 347/510/513
f 314/487/489 335/511/514 318/490/492
f 317/497/499 347/510/513 336/512/515
f 336/512/515 347/510/513 375/513/516
f 336/512/515 337/514/517 322/499/501
f 337/514/517 336/512/515 340/515/518
f 283/476/478 339/516/519 344/477/479
f 344/477/479 339/516/519 341/517/520
f 336/512/515 322/499/501 315/493/495
f 342/518/521 340/515/518 375/513/516
f 340/515/518 336/512/515 375/513/516
f 342/518/521 375/513/516 345/519/522
f 284/475/477 344/477/479 286/520/523
f 376/521/524 345/519/522 375/513/516
f 325/501/504 290/522/525 346/523/526
f 290/522/525 332/502/505 348/524/527
f 346/523/526 290/522/525 348/524/527
f 348/524/527 332/502/505 351/525/528
f 332/502/505 328/507/510 350/526/529
f 351/525/528 332/502/505 350/526/529
f 347/510/513 352/527/530 375/513/516
f 376/521/524 375/513/516 378/528/531
f 360/529/532 356/530/533 379/531/534
f 356/530/533 357/532/535 379/531/534
f 409/533/536 360/529/532 379/531/534
f 409/533/536 379/531/534 382/534/537
f 378/528/531 375/513/516 383/535/538
f 378/528/531 383/535/538 380/536/539
f 381/537/540 380/536/539 425/538/541
f 380/536/539 383/535/538 425/538/541
f 349/509/512 270/471/473 352/527/530
f 375/513/516 352/527/530 383/535/538
f 270/471/473 383/535/538 352/527/530
f 270/471/473 860/474/476 383/535/538
f 860/474/476 384/539/542 383/535/538
f 383/535/538 384/539/542 436/540/543
f 271/541/544 860/474/476 274/473/475
f 1433/503/506 920/542/545 1429/543/546
f 1429/543/546 269/469/471 1433/503/506
f 434/544/547 435/545/548 386/546/549
f 435/545/548 425/538/541 386/546/549
f 383/535/538 436/540/543 386/546/549
f 425/538/541 383/535/538 386/546/549
f 439/547/550 386/546/549 446/548/551
f 446/548/551 386/546/549 447/549/552
f 486/550/553 462/551/554 460/552/555
f 460/552/555 448/553/556 447/549/552
f 1324/554/557 466/555/558 482/556/559
f 482/556/559 466/555/558 475/557/560
f 472/558/561 473/559/562 476/560/563
f 475/557/560 469/561/564 482/556/559
f 386/546/549 436/540/543 492/562/565
f 384/539/542 481/563/566 436/540/543
f 436/540/543 481/563/566 492/562/565
f 384/539/542 860/474/476 481/563/566
f 481/563/566 1324/554/557 482/556/559
f 492/562/565 481/563/566 482/556/559
f 487/564/567 486/550/553 488/565/568
f 480/566/569 488/565/568 486/550/553
f 488/565/568 480/566/569 491/567/570
f 447/549/552 386/546/549 492/562/565
f 447/549/552 492/562/565 480/566/569
f 493/568/571 492/562/565 508/569/572
f 508/569/572 492/562/565 478/570/573
f 505/571/574 489/572/575 494/573/576
f 480/566/569 492/562/565 491/567/570
f 492/562/565 493/568/571 491/567/570
f 480/566/569 486/550/553 460/552/555
f 480/566/569 460/552/555 447/549/552
f 482/556/559 469/561/564 478/570/573
f 492/562/565 482/556/559 478/570/573
f 508/569/572 478/570/573 479/574/577
f 859/575/578 271/541/544 1325/576/579
f 271/541/544 859/575/578 860/474/476
f 860/474/476 859/575/578 1336/577/580
f 860/474/476 1336/577/580 481/563/566
f 1336/577/580 1324/554/557 481/563/566
f 1337/578/581 1312/579/582 1314/580/583
f 1313/581/584 1309/582/585 1316/583/586
f 1309/582/585 1317/584/587 1316/583/586
f 1314/580/583 1319/585/588 1323/586/589
f 1327/587/590 1326/588/591 1431/589/592
f 1431/589/592 1330/590/593 1327/587/590
f 271/541/544 918/591/594 1325/576/579
f 1325/576/579 1328/592/595 1329/593/596
f 1325/576/579 1329/593/596 859/575/578
f 1334/594/597 1327/587/590 1330/590/593
f 1336/577/580 859/575/578 1335/595/598
f 1334/594/597 1330/590/593 1339/596/599
f 1337/578/581 1314/580/583 1323/586/589
f 1338/597/600 1337/578/581 1323/586/589
f 1335/595/598 1338/597/600 1336/577/580
f 1336/577/580 1338/597/600 1323/586/589
f 1336/577/580 1323/586/589 1324/554/557
f 1323/586/589 1506/598/601 1508/599/602
f 1324/554/557 1323/586/589 1508/599/602
f 1323/586/589 1322/600/603 1506/598/601
f 1504/601/604 1509/602/605 1507/603/606
f 1324/554/557 1508/599/602 466/555/558
f 1151/604/607 1146/605/608 275/606/609
f 1148/607/610 1151/604/607 919/608/611
f 1120/609/612 1125/610/613 1076/611/614
f 1094/612/615 1076/611/614 1121/613/616
f 1121/613/616 1076/611/614 1125/610/613
f 1127/614/617 1124/615/618 1129/616/619
f 1129/616/619 1124/615/618 1093/617/620
f 1121/613/616 1134/618/621 1094/612/615
f 1138/619/622 1121/613/616 1155/620/623
f 1121/613/616 1133/621/624 1135/622/625
f 1135/622/625 1134/618/621 1121/613/616
f 1136/623/626 1140/624/627 1137/625/628
f 1133/621/624 1121/613/616 1138/619/622
f 1133/621/624 1138/619/622 1139/626/629
f 1140/624/627 1141/627/630 1137/625/628
f 1144/628/631 1145/629/632 1141/627/630
f 1137/625/628 1145/629/632 1150/630/633
f 1143/631/634 1146/605/608 1147/632/635
f 1138/619/622 1155/620/623 1132/633/636
f 1121/613/616 1125/610/613 1128/634/637
f 1127/614/617 1154/635/638 1153/636/639
f 1127/614/617 1129/616/619 1154/635/638
f 1154/635/638 1129/616/619 1156/637/640
f 1157/638/641 1158/639/642 1141/627/630
f 1141/627/630 1158/639/642 1144/628/631
f 1117/640/643 1178/641/644 1129/616/619
f 1156/637/640 1129/616/619 1178/641/644
f 1149/642/645 1222/643/646 1137/625/628
f 1222/643/646 1149/642/645 994/644/647
f 1149/642/645 1137/625/628 1150/630/633
f 1149/642/645 995/645/648 994/644/647
f 1137/625/628 1141/627/630 1145/629/632
f 1146/605/608 1143/631/634 1156/637/640
f 1147/632/635 1146/605/608 1151/604/607
f 1230/646/649 1219/647/650 1137/625/628
f 1222/643/646 1230/646/649 1137/625/628
f 1156/637/640 1178/641/644 1146/605/608
f 1516/648/651 1130/649/652 1517/650/653
f 1527/651/654 1525/652/655 1126/653/656
f 1516/648/651 1517/650/653 1526/654/657
f 1516/648/651 1521/655/658 1130/649/652
f 301/656/659 1151/604/607 275/606/609
f 301/656/659 275/606/609 276/657/660
f 276/657/660 275/606/609 277/658/661
f 302/481/483 282/479/481 326/478/480
f 326/478/480 285/480/482 355/659/662
f 326/478/480 300/660/663 299/661/664
f 1016/662/665 925/663/666 301/656/659
f 1016/662/665 299/661/664 1019/664/667
f 1016/662/665 301/656/659 276/657/660
f 276/657/660 302/481/483 1016/662/665
f 326/478/480 1016/662/665 302/481/483
f 1016/662/665 326/478/480 299/661/664
f 300/660/663 326/478/480 353/665/668
f 353/665/668 326/478/480 355/659/662
f 1151/604/607 1010/666/669 1008/667/670
f 1010/666/669 1151/604/607 923/668/671
f 1151/604/607 301/656/659 923/668/671
f 944/669/672 929/670/673 945/671/674
f 924/672/675 923/668/671 925/663/666
f 925/663/666 923/668/671 301/656/659
f 929/670/673 944/669/672 927/673/676
f 928/674/677 925/663/666 930/675/678
f 945/671/674 929/670/673 1014/676/679
f 930/675/678 925/663/666 1016/662/665
f 930/675/678 1016/662/665 931/677/680
f 919/608/611 1151/604/607 1008/667/670
f 1019/664/667 1017/678/681 1016/662/665
f 277/658/661 367/679/682 278/680/683
f 277/658/661 278/680/683 279/681/684
f 277/658/661 279/681/684 306/682/685
f 1253/683/686 293/684/687 292/685/688
f 1253/683/686 1192/686/689 293/684/687
f 296/687/690 294/688/691 297/689/692
f 294/688/691 295/690/693 297/689/692
f 276/657/660 277/658/661 302/481/483
f 302/481/483 306/682/685 303/482/484
f 302/481/483 277/658/661 306/682/685
f 374/691/694 310/488/490 321/692/695
f 374/691/694 309/489/491 310/488/490
f 280/693/696 374/691/694 320/694/697
f 305/695/698 280/693/696 320/694/697
f 374/691/694 321/692/695 320/694/697
f 374/691/694 288/500/503 309/489/491
f 1253/683/686 372/696/699 364/697/700
f 366/698/701 1253/683/686 364/697/700
f 371/699/702 363/700/703 365/701/704
f 371/699/702 365/701/704 374/691/694
f 1191/702/705 1279/703/706 277/658/661
f 367/679/682 277/658/661 1279/703/706
f 371/699/702 369/704/707 363/700/703
f 369/704/707 371/699/702 370/705/708
f 280/693/696 371/699/702 374/691/694
f 1253/683/686 292/685/688 373/706/709
f 372/696/699 1253/683/686 373/706/709
f 295/690/693 740/707/710 739/708/711
f 1191/702/705 277/658/661 275/606/609
f 362/709/712 1278/710/713 1253/683/686
f 1253/683/686 366/698/701 362/709/712
f 1276/711/714 1253/683/686 1278/710/713
f 1432/712/715 290/522/525 858/713/716
f 298/714/717 287/715/718 290/522/525
f 290/522/525 288/500/503 298/714/717
f 856/716/719 289/717/720 297/689/692
f 295/690/693 739/708/711 297/689/692
f 856/716/719 297/689/692 739/708/711
f 288/500/503 290/522/525 325/501/504
f 290/522/525 1432/712/715 332/502/505
f 1432/712/715 1433/503/506 332/502/505
f 739/708/711 1486/718/721 856/716/719
f 1486/718/721 854/719/722 856/716/719
f 855/720/723 858/713/716 857/721/724
f 290/522/525 857/721/724 858/713/716
f 853/722/725 854/719/722 1486/718/721
f 1493/723/726 1432/712/715 858/713/716
f 287/715/718 857/721/724 290/522/525
f 1425/724/727 1427/725/728 1433/503/506
f 1433/503/506 1427/725/728 920/542/545
f 1432/712/715 1425/724/727 1433/503/506
f 1468/726/729 1470/727/730 1495/728/731
f 1491/729/732 1425/724/727 1432/712/715
f 1495/728/731 1470/727/730 1491/729/732
f 1491/729/732 1470/727/730 1425/724/727
f 1491/729/732 1432/712/715 1493/723/726
f 725/730/733 724/731/734 730/732/735
f 724/731/734 728/733/736 730/732/735
f 735/734/737 734/735/738 733/736/739
f 736/737/740 731/738/741 732/739/742
f 1253/683/686 727/740/743 736/737/740
f 731/738/741 736/737/740 727/740/743
f 740/707/710 738/741/744 734/735/738
f 740/707/710 734/735/738 739/708/711
f 736/737/740 737/742/745 741/743/746
f 1253/683/686 736/737/740 741/743/746
f 740/707/710 295/690/693 723/744/747
f 851/745/748 848/746/749 832/747/750
f 851/745/748 832/747/750 1478/748/751
f 735/734/737 852/749/752 734/735/738
f 1478/748/751 1486/718/721 851/745/748
f 734/735/738 852/749/752 851/745/748
f 734/735/738 851/745/748 739/708/711
f 739/708/711 851/745/748 1486/718/721
f 741/743/746 722/750/753 1253/683/686
f 291/751/754 723/744/747 295/690/693
f 1253/683/686 722/750/753 1192/686/689
f 1212/752/755 1213/753/756 1205/754/757
f 725/730/733 720/755/758 1214/756/759
f 1205/754/757 1213/753/756 721/757/760
f 1205/754/757 727/740/743 1253/683/686
f 721/757/760 727/740/743 1205/754/757
f 1482/758/761 1492/759/762 1486/718/721
f 397/760/763 407/761/764 437/762/765
f 437/762/765 407/761/764 385/763/766
f 410/764/767 387/765/768 388/766/769
f 387/765/768 404/767/770 483/768/771
f 388/766/769 387/765/768 483/768/771
f 397/760/763 437/762/765 389/769/772
f 393/770/773 395/771/774 387/765/768
f 392/772/775 390/773/776 394/774/777
f 390/773/776 392/772/775 397/760/763
f 419/775/778 400/776/779 401/777/780
f 419/775/778 401/777/780 407/761/764
f 419/775/778 407/761/764 397/760/763
f 391/778/781 419/775/778 397/760/763
f 397/760/763 392/772/775 391/778/781
f 397/760/763 389/769/772 390/773/776
f 993/779/782 299/661/664 910/780/783
f 299/661/664 401/777/780 400/776/779
f 915/781/784 910/780/783 299/661/664
f 915/781/784 299/661/664 400/776/779
f 917/782/785 915/781/784 400/776/779
f 917/782/785 400/776/779 399/783/786
f 396/784/787 387/765/768 410/764/767
f 396/784/787 393/770/773 387/765/768
f 394/774/777 390/773/776 402/785/788
f 387/765/768 395/771/774 404/767/770
f 395/771/774 403/786/789 404/767/770
f 464/787/790 404/767/770 403/786/789
f 404/767/770 405/788/791 484/789/792
f 404/767/770 464/787/790 405/788/791
f 405/788/791 465/790/793 485/791/794
f 874/792/795 410/764/767 872/793/796
f 872/793/796 410/764/767 388/766/769
f 412/794/797 415/795/798 410/764/767
f 411/796/799 412/794/797 874/792/795
f 399/783/786 400/776/779 413/797/800
f 874/792/795 412/794/797 410/764/767
f 414/798/801 413/797/800 417/799/802
f 417/799/802 413/797/800 400/776/779
f 400/776/779 419/775/778 417/799/802
f 412/794/797 416/800/803 415/795/798
f 416/800/803 418/801/804 415/795/798
f 415/795/798 396/784/787 410/764/767
f 385/763/766 407/761/764 433/802/805
f 407/761/764 428/803/806 433/802/805
f 430/804/807 435/545/548 434/544/547
f 434/544/547 386/546/549 439/547/550
f 437/762/765 438/805/808 441/806/809
f 437/762/765 385/763/766 438/805/808
f 446/548/551 442/807/810 440/808/811
f 444/809/812 441/806/809 445/810/813
f 437/762/765 441/806/809 444/809/812
f 437/762/765 444/809/812 443/811/814
f 452/812/815 437/762/765 443/811/814
f 440/808/811 439/547/550 446/548/551
f 446/548/551 447/549/552 448/553/556
f 449/813/816 444/809/812 445/810/813
f 451/814/817 390/773/776 450/815/818
f 402/785/788 390/773/776 451/814/817
f 390/773/776 389/769/772 450/815/818
f 389/769/772 452/812/815 450/815/818
f 389/769/772 437/762/765 452/812/815
f 453/816/819 454/817/820 457/818/821
f 457/818/821 454/817/820 456/819/822
f 464/787/790 457/818/821 456/819/822
f 403/786/789 457/818/821 464/787/790
f 458/820/823 459/821/824 460/552/555
f 458/820/823 460/552/555 455/822/825
f 460/552/555 459/821/824 448/553/556
f 461/823/826 455/822/825 460/552/555
f 463/824/827 460/552/555 462/551/554
f 463/824/827 461/823/826 460/552/555
f 405/788/791 464/787/790 465/790/793
f 505/571/574 388/766/769 483/768/771
f 483/768/771 404/767/770 484/789/792
f 405/788/791 485/791/794 484/789/792
f 483/768/771 484/789/792 490/825/828
f 489/572/575 483/768/771 490/825/828
f 505/571/574 483/768/771 489/572/575
f 495/826/829 872/793/796 501/827/830
f 501/827/830 872/793/796 388/766/769
f 388/766/769 496/828/831 501/827/830
f 498/829/832 1502/830/833 495/826/829
f 502/831/834 499/832/835 497/833/836
f 502/831/834 500/834/837 499/832/835
f 1502/830/833 498/829/832 473/559/562
f 473/559/562 498/829/832 476/560/563
f 500/834/837 502/831/834 504/835/838
f 477/836/839 500/834/837 504/835/838
f 470/837/840 477/836/839 504/835/838
f 496/828/831 388/766/769 505/571/574
f 506/838/841 496/828/831 505/571/574
f 504/835/838 502/831/834 503/839/842
f 506/838/841 505/571/574 507/840/843
f 471/841/844 507/840/843 505/571/574
f 890/842/845 861/843/846 865/844/847
f 909/845/848 906/846/849 862/847/850
f 862/847/850 906/846/849 866/848/851
f 866/848/851 906/846/849 874/792/795
f 862/847/850 866/848/851 867/849/852
f 867/849/852 866/848/851 869/850/853
f 864/851/854 867/849/852 869/850/853
f 871/852/855 869/850/853 866/848/851
f 866/848/851 874/792/795 872/793/796
f 1513/853/856 866/848/851 872/793/796
f 398/854/857 411/796/799 873/855/858
f 874/792/795 873/855/858 411/796/799
f 877/856/859 875/857/860 879/858/861
f 1013/859/862 984/860/863 895/861/864
f 882/862/865 881/863/866 883/864/867
f 875/857/860 1013/859/862 886/865/868
f 885/866/869 876/867/870 884/868/871
f 884/868/871 882/869/872 885/866/869
f 888/870/873 887/871/874 889/872/875
f 887/871/874 890/842/845 889/872/875
f 889/872/875 878/873/876 880/874/877
f 942/875/878 878/873/876 889/872/875
f 889/872/875 880/874/877 888/870/873
f 865/844/847 891/876/879 889/872/875
f 889/872/875 890/842/845 865/844/847
f 865/844/847 863/877/880 891/876/879
f 949/878/881 891/876/879 1496/879/882
f 949/878/881 889/872/875 891/876/879
f 892/880/883 867/849/852 864/851/854
f 891/876/879 868/881/884 1496/879/882
f 895/861/864 984/860/863 900/882/885
f 893/883/886 900/882/885 984/860/863
f 881/863/866 896/884/887 883/864/867
f 883/864/867 896/884/887 899/885/888
f 898/886/889 895/861/864 900/882/885
f 883/864/867 899/885/888 905/887/890
f 905/887/890 899/885/888 907/888/891
f 907/888/891 899/885/888 911/889/892
f 909/845/848 904/890/893 906/846/849
f 901/891/894 902/892/895 911/889/892
f 911/889/892 902/892/895 910/780/783
f 894/893/896 910/780/783 902/892/895
f 910/780/783 894/893/896 993/779/782
f 899/885/888 901/891/894 911/889/892
f 913/894/897 911/889/892 910/780/783
f 906/846/849 912/895/898 873/855/858
f 873/855/858 914/896/899 916/897/900
f 873/855/858 916/897/900 398/854/857
f 906/846/849 873/855/858 874/792/795
f 946/898/901 941/899/902 939/900/903
f 1012/901/904 946/898/901 961/902/905
f 933/903/906 961/902/905 946/898/901
f 947/904/907 946/898/901 877/856/859
f 941/899/902 946/898/901 947/904/907
f 942/875/878 948/905/908 878/873/876
f 877/856/859 946/898/901 1012/901/904
f 949/878/881 942/875/878 889/872/875
f 982/906/909 945/671/674 984/860/863
f 982/906/909 984/860/863 983/907/910
f 987/908/911 984/860/863 991/909/912
f 985/910/913 984/860/863 987/908/911
f 984/860/863 985/910/913 893/883/886
f 989/911/914 988/912/915 299/661/664
f 299/661/664 988/912/915 1019/664/667
f 992/913/916 989/911/914 299/661/664
f 902/892/895 986/914/917 894/893/896
f 993/779/782 992/913/916 299/661/664
f 961/902/905 1011/915/918 1012/901/904
f 984/860/863 1011/915/918 983/907/910
f 877/856/859 1012/901/904 875/857/860
f 1013/859/862 1011/915/918 984/860/863
f 875/857/860 1012/901/904 1013/859/862
f 1012/901/904 1011/915/918 1013/859/862
f 984/860/863 945/671/674 1014/676/679
f 1014/676/679 1015/916/919 1018/917/920
f 991/909/912 984/860/863 990/918/921
f 984/860/863 1020/919/922 990/918/921
f 1014/676/679 1018/917/920 984/860/863
f 1018/917/920 1020/919/922 984/860/863
f 467/920/923 474/921/924 468/922/925
f 1499/923/926 1513/853/856 872/793/796
f 1501/924/927 1499/923/926 872/793/796
f 1502/830/833 1501/924/927 872/793/796
f 1502/830/833 872/793/796 495/826/829
f 1514/925/928 1498/926/929 1500/927/930
f 1503/928/931 1514/925/928 1500/927/930
f 1514/925/928 1503/928/931 467/920/923
f 870/929/932 1510/930/933 1496/879/882
f 866/848/851 1512/931/934 871/852/855
f 866/848/851 1513/853/856 1512/931/934
f 1510/930/933 1497/932/935 1514/925/928
f 1497/932/935 1498/926/929 1514/925/928
f 299/661/664 300/660/663 401/777/780
f 300/660/663 353/665/668 354/933/936
f 357/532/535 358/934/937 377/935/938
f 356/530/533 358/934/937 357/532/535
f 358/934/937 286/520/939 377/935/938
f 353/665/668 359/936/940 361/937/941
f 354/933/936 353/665/668 361/937/941
f 408/938/942 360/529/532 409/533/536
f 354/933/936 406/939/943 300/660/663
f 407/761/764 300/660/663 406/939/943
f 401/777/780 300/660/663 407/761/764
f 423/940/944 409/533/536 382/534/537
f 407/761/764 406/939/943 421/941/945
f 420/942/946 409/533/536 423/940/944
f 420/942/946 423/940/944 422/943/947
f 427/944/948 420/942/946 422/943/947
f 427/944/948 422/943/947 429/945/949
f 422/943/947 424/946/950 429/945/949
f 431/947/951 429/945/949 424/946/950
f 435/545/548 426/948/952 425/538/541
f 531/277/279 534/279/281 779/360/362
f 604/350/352 607/351/353 619/949/953
f 623/950/954 619/949/953 620/951/955
f 619/949/953 607/351/353 620/951/955
f 622/952/956 623/950/954 709/953/957
f 709/953/957 623/950/954 620/951/955
f 620/951/955 637/954/958 709/953/957
f 779/360/362 706/955/959 781/956/960
f 779/360/362 534/279/281 708/957/961
f 710/958/962 779/360/362 708/957/961
f 706/955/959 779/360/362 712/959/963
f 779/360/362 710/958/962 714/960/964
f 712/959/963 779/360/362 714/960/964
f 707/961/965 709/953/957 637/954/958
f 707/961/965 637/954/958 715/962/966
f 1274/963/967 705/964/968 713/965/969
f 715/962/966 637/954/958 716/966/970
f 1274/963/967 713/965/969 717/967/971
f 799/968/972 716/966/970 637/954/958
f 716/966/970 799/968/972 718/969/973
f 706/955/959 782/970/974 781/956/960
f 706/955/959 783/971/975 782/970/974
f 799/968/972 637/954/958 696/972/976
f 1274/963/967 717/967/971 719/973/977
f 797/974/978 799/968/972 798/975/979
f 799/968/972 1287/976/980 798/975/979
f 1209/977/981 1287/976/980 800/978/982
f 1287/976/980 799/968/972 800/978/982
f 806/979/983 725/730/733 1210/980/984
f 1162/981/985 1160/982/986 1285/983/987
f 1162/981/985 1284/984/988 1159/985/989
f 1160/982/986 1162/981/985 1195/986/990
f 1201/987/991 1162/981/985 1194/988/992
f 1194/988/992 1162/981/985 1159/985/989
f 1201/987/991 1194/988/992 1207/989/993
f 1287/976/980 1209/977/981 1208/990/994
f 1206/991/995 1210/980/984 1211/992/996
f 1210/980/984 725/730/733 1214/756/759
f 1211/992/996 1210/980/984 1214/756/759
f 1274/963/967 1273/993/997 705/964/968
f 1285/983/987 1284/984/988 1162/981/985
f 1282/994/998 1274/963/967 1284/984/988
f 1284/984/988 1274/963/967 1159/985/989
f 1274/963/967 1286/995/999 1159/985/989
f 1282/994/998 1291/996/1000 1289/997/1001
f 1289/997/1001 1273/993/997 1274/963/967
f 1282/994/998 1289/997/1001 1274/963/967
f 787/998/1002 1217/999/1003 674/1000/1004
f 744/1001/1005 591/333/335 593/335/337
f 743/1002/1006 742/1003/1007 748/1004/1008
f 742/1003/1007 750/1005/1009 748/1004/1008
f 750/1005/1009 742/1003/1007 787/998/1002
f 750/1005/1009 787/998/1002 786/1006/1010
f 786/1006/1010 787/998/1002 790/1007/1011
f 790/1007/1011 787/998/1002 673/1008/1012
f 1076/611/614 1075/1009/1013 1048/1010/1014
f 1076/611/614 1094/612/615 1075/1009/1013
f 1119/1011/1015 1118/1012/1016 1117/640/643
f 1075/1009/1013 1177/1013/1017 1182/1014/1018
f 1075/1009/1013 1094/612/615 1176/1015/1019
f 1176/1015/1019 1177/1013/1017 1075/1009/1013
f 787/998/1002 742/1003/1007 1177/1013/1017
f 742/1003/1007 1182/1014/1018 1177/1013/1017
f 1187/420/422 1182/1014/1018 742/1003/1007
f 1187/420/422 742/1003/1007 586/1016/1020
f 1102/408/410 1182/1014/1018 1187/420/422
f 1216/1017/1021 1176/1015/1019 1094/612/615
f 1217/999/1003 1177/1013/1017 1176/1015/1019
f 787/998/1002 1177/1013/1017 1217/999/1003
f 608/1018/1022 606/342/344 760/345/347
f 620/951/955 607/351/353 608/1018/1022
f 620/951/955 760/345/347 636/1019/1023
f 637/954/958 620/951/955 636/1019/1023
f 637/954/958 636/1019/1023 700/1020/1024
f 637/954/958 700/1020/1024 696/972/976
f 685/1021/1025 687/1022/1026 636/1019/1023
f 636/1019/1023 687/1022/1026 700/1020/1024
f 687/1022/1026 698/1023/1027 700/1020/1024
f 803/1024/1028 801/1025/1029 704/1026/1030
f 703/1027/1031 697/1028/1032 694/1029/1033
f 755/371/373 747/370/372 749/1030/1034
f 755/371/373 749/1030/1034 757/1031/1035
f 760/345/347 753/344/346 756/1032/1036
f 760/345/347 756/1032/1036 758/1033/1037
f 751/1034/1038 789/1035/1039 759/1036/1040
f 608/1018/1022 760/345/347 620/951/955
f 751/1034/1038 784/1037/1041 789/1035/1039
f 789/1035/1039 784/1037/1041 788/1038/1042
f 789/1035/1039 788/1038/1042 792/1039/1043
f 789/1035/1039 792/1039/1043 795/1040/1044
f 792/1039/1043 680/1041/1045 795/1040/1044
f 799/968/972 696/972/976 800/978/982
f 803/1024/1028 704/1026/1030 805/1042/1046
f 806/979/983 802/1043/1047 804/1044/1048
f 804/1044/1048 724/731/734 806/979/983
f 806/979/983 724/731/734 725/730/733
f 758/1033/1037 793/1045/1049 809/1046/1050
f 758/1033/1037 809/1046/1050 760/345/347
f 794/1047/1051 796/1048/1052 808/1049/1053
f 811/1050/1054 760/345/347 809/1046/1050
f 760/345/347 811/1050/1054 685/1021/1025
f 760/345/347 685/1021/1025 636/1019/1023
f 1531/1051/1055 1527/651/654 1126/653/656
f 694/1029/1033 697/1028/1032 688/1052/1056
f 1530/1053/1057 1516/648/651 1528/1054/1058
f 1526/654/657 1528/1054/1058 1516/648/651
f 1519/1055/1059 1521/655/658 1516/648/651
f 1523/1056/1060 1531/1051/1055 1522/1057/1061
f 646/1058/1062 648/1059/1063 643/1060/1064
f 650/1061/1065 641/1062/1066 642/1063/1067
f 644/1064/1068 642/1063/1067 641/1062/1066
f 644/1064/1068 641/1062/1066 639/1065/1069
f 1217/999/1003 646/1058/1062 677/1066/1070
f 1217/999/1003 1223/1067/1071 646/1058/1062
f 646/1058/1062 638/1068/1072 677/1066/1070
f 638/1068/1072 651/1069/1073 677/1066/1070
f 650/1061/1065 649/1070/1074 1086/1071/1075
f 641/1062/1066 650/1061/1065 1086/1071/1075
f 1223/1067/1071 1087/1072/1076 646/1058/1062
f 643/1060/1064 638/1068/1072 646/1058/1062
f 674/1000/1004 1217/999/1003 677/1066/1070
f 676/1073/1077 675/1074/1078 678/1075/1079
f 1223/1067/1071 1217/999/1003 1218/1076/1080
f 1087/1072/1076 1223/1067/1071 1022/1077/1081
f 1142/1078/1082 1136/623/626 1137/625/628
f 1142/1078/1082 1137/625/628 1175/1079/1083
f 1216/1017/1021 1094/612/615 1134/618/621
f 1216/1017/1021 1218/1076/1080 1176/1015/1019
f 1217/999/1003 1176/1015/1019 1218/1076/1080
f 1225/1080/1084 1218/1076/1080 1216/1017/1021
f 1216/1017/1021 1134/618/621 1225/1080/1084
f 1134/618/621 1215/1081/1085 1225/1080/1084
f 1137/625/628 1219/647/650 1175/1079/1083
f 1229/1082/1086 1218/1076/1080 1225/1080/1084
f 1223/1067/1071 1218/1076/1080 1229/1082/1086
f 1226/1083/1087 1229/1082/1086 1225/1080/1084
f 1220/1084/1088 1225/1080/1084 1215/1081/1085
f 1220/1084/1088 1226/1083/1087 1225/1080/1084
f 1229/1082/1086 1226/1083/1087 1221/1085/1089
f 1228/1086/1090 1230/646/649 971/1087/1091
f 1230/646/649 1222/643/646 971/1087/1091
f 657/1088/1092 661/1089/1093 659/1090/1094
f 659/1090/1094 656/1091/1095 657/1088/1092
f 659/1090/1094 661/1089/1093 663/1092/1096
f 660/1093/1097 645/1094/1097 662/1095/1097
f 667/1096/1098 662/1097/1099 665/1098/1100
f 666/1099/1101 668/1100/1102 664/1101/1103
f 659/1090/1094 663/1092/1096 652/1102/1104
f 647/1103/1105 652/1102/1104 683/1104/1106
f 683/1104/1106 652/1102/1104 822/1105/1107
f 652/1102/1104 663/1092/1096 822/1105/1107
f 669/1106/1108 664/1101/1103 668/1100/1102
f 668/1100/1102 671/1107/1109 669/1106/1108
f 678/1075/1079 675/1074/1078 684/1108/1110
f 822/1105/1107 682/1109/1111 683/1104/1106
f 822/1105/1107 833/1110/1112 834/1111/1113
f 822/1105/1107 834/1111/1113 837/1112/1114
f 833/1110/1112 822/1105/1107 663/1092/1096
f 835/1113/1115 670/1114/1116 832/747/750
f 670/1114/1116 1464/1115/1117 832/747/750
f 836/1116/1118 835/1113/1115 832/747/750
f 831/1117/1119 836/1116/1118 832/747/750
f 662/1097/1099 640/1118/1120 665/1098/1100
f 665/1098/1100 1405/1119/1121 1412/1120/1122
f 1410/1121/1123 665/1098/1100 1412/1120/1122
f 1416/1122/1124 1410/1121/1123 1412/1120/1122
f 671/1107/1109 668/1100/1102 1415/1123/1125
f 1415/1123/1125 668/1100/1102 1411/1124/1126
f 670/1114/1116 672/1125/1127 1417/1126/1128
f 670/1114/1116 1417/1126/1128 1464/1115/1117
f 1416/1122/1124 1412/1120/1122 1413/1127/1129
f 1415/1123/1130 1418/1128/1131 1419/1129/1132
f 1418/1128/1131 1420/1130/1133 1422/1131/1134
f 1422/1131/1134 1419/1129/1132 1418/1128/1131
f 1422/1131/1134 1420/1130/1133 1424/1132/1135
f 1414/1133/1136 1447/1134/1137 1421/1135/1138
f 1421/1135/1138 1447/1134/1137 1453/1136/1139
f 1453/1136/1139 1447/1134/1137 1455/1137/1140
f 1420/1130/1133 1451/1138/1141 1424/1132/1135
f 1454/1139/1142 1456/1140/1143 1452/1141/1144
f 1452/1141/1144 1456/1140/1143 1461/1142/1145
f 1452/1141/1144 1461/1142/1145 1472/1143/1146
f 1450/1144/1147 1455/1137/1140 1447/1134/1137
f 1362/1145/1148 1455/1137/1140 1450/1144/1147
f 1462/1146/1149 1455/1137/1140 1362/1145/1148
f 1462/1146/1149 1362/1145/1148 1460/1147/1150
f 1462/1146/1149 1460/1147/1150 1463/1148/1151
f 1465/1149/1152 832/747/750 1464/1115/1117
f 832/747/750 1465/1149/1152 1478/748/751
f 1458/1150/1153 1452/1141/1144 1472/1143/1146
f 1423/1151/1154 1459/1152/1155 1464/1115/1117
f 1464/1115/1117 1459/1152/1155 1465/1149/1152
f 1472/1143/1146 1461/1142/1145 1473/1153/1156
f 1471/1154/1157 1472/1143/1146 1473/1153/1156
f 1473/1153/1156 1297/1155/1158 1471/1154/1157
f 1474/1156/1159 1472/1143/1146 1471/1154/1157
f 1489/1157/1160 1475/1158/1161 1495/728/731
f 1475/1158/1161 1476/1159/1162 1495/728/731
f 1495/728/731 1476/1159/1162 1468/726/729
f 1467/1160/1163 1471/1154/1157 1477/1161/1164
f 1469/1162/1165 1467/1160/1163 1477/1161/1164
f 1477/1161/1164 1471/1154/1157 1297/1155/1158
f 1478/748/751 1465/1149/1152 1466/1163/1166
f 933/903/906 946/898/901 939/900/903
f 937/1164/1167 952/1165/1168 938/1166/1169
f 935/1167/1170 940/1168/1171 932/1169/1172
f 964/1170/1173 932/1169/1172 940/1168/1171
f 964/1170/1173 940/1168/1171 1306/1171/1174
f 940/1168/1171 942/875/878 949/878/881
f 961/902/905 933/903/906 936/1172/1175
f 936/1172/1175 953/1173/1176 961/902/905
f 954/1174/1177 950/1175/1178 958/1176/1179
f 954/1174/1177 962/1177/1180 955/1178/1181
f 959/1179/1182 957/1180/1183 961/902/905
f 957/1180/1183 983/907/910 961/902/905
f 983/907/910 957/1180/1183 1029/1181/1184
f 960/1182/1185 951/1183/1186 962/1177/1180
f 954/1174/1177 958/1176/1179 962/1177/1180
f 960/1182/1185 962/1177/1180 958/1176/1179
f 962/1177/1180 951/1183/1186 952/1165/1168
f 962/1177/1180 952/1165/1168 937/1164/1167
f 932/1169/1172 964/1170/1173 963/1184/1187
f 955/1178/1181 962/1177/1180 956/1185/1188
f 982/906/909 980/1186/1189 981/1187/1190
f 979/1188/1191 973/1189/1192 980/1186/1189
f 1029/1181/1184 979/1188/1191 980/1186/1189
f 980/1186/1189 983/907/910 1029/1181/1184
f 983/907/910 980/1186/1189 982/906/909
f 961/902/905 983/907/910 1011/915/918
f 1021/1190/1193 1023/1191/1194 1086/1071/1075
f 1023/1191/1194 1021/1190/1193 966/1192/1195
f 1023/1191/1194 966/1192/1195 973/1189/1192
f 1440/1193/1196 1023/1191/1194 973/1189/1192
f 979/1188/1191 1440/1193/1196 973/1189/1192
f 1024/1194/1197 1440/1193/1196 1026/1195/1198
f 1025/1196/1199 1028/1197/1200 950/1175/1178
f 950/1175/1178 1028/1197/1200 958/1176/1179
f 1026/1195/1198 1440/1193/1196 979/1188/1191
f 1027/1198/1201 1026/1195/1198 979/1188/1191
f 1027/1198/1201 979/1188/1191 1029/1181/1184
f 1350/1199/1202 964/1170/1173 1306/1171/1174
f 1350/1199/1202 1306/1171/1174 1307/1200/1203
f 1305/1201/1204 1350/1199/1202 1307/1200/1203
f 1305/1201/1204 1307/1200/1203 1308/1202/1205
f 1444/1203/1206 950/1175/1178 955/1178/1181
f 1444/1203/1206 955/1178/1181 1340/1204/1207
f 950/1175/1178 954/1174/1177 955/1178/1181
f 1341/1205/1208 1444/1203/1206 1340/1204/1207
f 1343/1206/1209 955/1178/1181 956/1185/1188
f 1342/1207/1210 1344/1208/1211 1352/1209/1212
f 1342/1207/1210 1352/1209/1212 1346/1210/1213
f 1352/1209/1212 1344/1208/1211 1347/1211/1214
f 1343/1206/1209 956/1185/1188 1345/1212/1215
f 956/1185/1188 1364/1213/1216 1345/1212/1215
f 956/1185/1188 1351/1214/1217 1364/1213/1216
f 1345/1212/1215 1364/1213/1216 1348/1215/1218
f 1364/1213/1216 1351/1214/1217 1353/1216/1219
f 1443/1217/1220 1444/1203/1206 1354/1218/1221
f 1355/1219/1222 1444/1203/1206 1357/1220/1223
f 1354/1218/1221 1444/1203/1206 1355/1219/1222
f 1341/1205/1208 1358/1221/1224 1444/1203/1206
f 1444/1203/1206 1358/1221/1224 1357/1220/1223
f 1359/1222/1225 1356/1223/1226 1360/1224/1227
f 1362/1145/1148 1359/1222/1225 1361/1225/1228
f 1359/1222/1225 1360/1224/1227 1361/1225/1228
f 1346/1210/1213 1352/1209/1212 1361/1225/1228
f 1360/1224/1227 1346/1210/1213 1361/1225/1228
f 1352/1209/1212 1363/1226/1229 1361/1225/1228
f 1363/1226/1229 1305/1201/1204 1365/1227/1230
f 1363/1226/1229 1362/1145/1148 1361/1225/1228
f 1460/1147/1150 1362/1145/1148 1363/1226/1229
f 1460/1147/1150 1363/1226/1229 1365/1227/1230
f 1306/1171/1174 940/1168/1171 949/878/881
f 1365/1227/1230 1305/1201/1204 1308/1202/1205
f 1365/1227/1230 1308/1202/1205 1366/1228/1231
f 1401/1229/1232 641/1062/1066 1023/1191/1194
f 1023/1191/1194 1402/1230/1233 1401/1229/1232
f 640/1118/1120 1404/1231/1234 1405/1119/1121
f 1404/1231/1234 1403/1232/1235 1405/1119/1121
f 1023/1191/1194 1440/1193/1196 1406/1233/1236
f 1023/1191/1194 1406/1233/1236 1402/1230/1233
f 1406/1233/1236 1440/1193/1196 1408/1234/1237
f 1405/1119/1121 1403/1232/1235 1407/1235/1238
f 1407/1235/1238 1409/1236/1239 1405/1119/1121
f 1023/1191/1194 641/1062/1066 1086/1071/1075
f 665/1098/1100 640/1118/1120 1405/1119/1121
f 1412/1120/1122 1405/1119/1121 1446/1237/1240
f 1442/1238/1241 1439/1239/1242 950/1175/1178
f 1408/1234/1237 1440/1193/1196 1441/1240/1243
f 1439/1239/1242 1025/1196/1199 950/1175/1178
f 1442/1238/1241 1405/1119/1121 1409/1236/1239
f 1442/1238/1241 950/1175/1178 1444/1203/1206
f 1405/1119/1121 1442/1238/1241 1443/1217/1220
f 1405/1119/1121 1443/1217/1220 1445/1241/1244
f 1405/1119/1121 1445/1241/1244 1446/1237/1240
f 1443/1217/1220 1442/1238/1241 1444/1203/1206
f 1450/1144/1147 1359/1222/1225 1362/1145/1148
f 791/1242/1245 676/1073/1077 678/1075/1079
f 680/1041/1045 791/1242/1245 678/1075/1079
f 821/1243/1246 682/1109/1111 822/1105/1107
f 689/1244/1247 692/1245/1248 691/1246/1249
f 807/1247/1250 690/1248/1251 686/1249/1252
f 692/1245/1248 693/1250/1253 691/1246/1249
f 688/1052/1056 691/1246/1249 694/1029/1033
f 691/1246/1249 839/1251/1254 694/1029/1033
f 694/1029/1033 839/1251/1254 695/1252/1255
f 805/1042/1046 846/1253/1256 729/1254/1257
f 673/1008/1012 787/998/1002 674/1000/1004
f 792/1039/1043 791/1242/1245 680/1041/1045
f 796/1048/1052 679/1255/1258 808/1049/1053
f 810/1256/1259 808/1049/1053 812/1257/1260
f 810/1256/1259 690/1248/1251 807/1247/1250
f 838/1258/1261 690/1248/1251 813/1259/1262
f 690/1248/1251 824/1260/1263 813/1259/1262
f 838/1258/1261 813/1259/1262 815/1261/1264
f 819/1262/1265 817/1263/1266 814/1264/1267
f 679/1255/1258 820/1265/1268 808/1049/1053
f 679/1255/1258 681/1266/1269 820/1265/1268
f 808/1049/1053 820/1265/1268 812/1257/1260
f 821/1243/1246 822/1105/1107 828/1267/1270
f 690/1248/1251 810/1256/1259 824/1260/1263
f 824/1260/1263 810/1256/1259 812/1257/1260
f 825/1268/1271 823/1269/1272 826/1270/1273
f 825/1268/1271 826/1270/1273 827/1271/1274
f 827/1271/1274 814/1264/1267 825/1268/1271
f 828/1267/1270 837/1112/1114 829/1272/1275
f 814/1264/1267 827/1271/1274 819/1262/1265
f 843/1273/1276 818/1274/1277 830/1275/1278
f 848/746/749 831/1117/1119 832/747/750
f 828/1267/1270 822/1105/1107 837/1112/1114
f 830/1275/1278 829/1272/1275 837/1112/1114
f 830/1275/1278 818/1274/1277 829/1272/1275
f 693/1250/1253 839/1251/1254 691/1246/1249
f 840/1276/1279 816/1277/1280 841/1278/1281
f 816/1277/1280 842/1279/1282 841/1278/1281
f 816/1277/1280 814/1264/1267 817/1263/1266
f 842/1279/1282 816/1277/1280 817/1263/1266
f 704/1026/1030 841/1278/1281 846/1253/1256
f 805/1042/1046 704/1026/1030 846/1253/1256
f 841/1278/1281 842/1279/1282 845/1280/1283
f 841/1278/1281 845/1280/1283 846/1253/1256
f 843/1273/1276 830/1275/1278 847/1281/1284
f 843/1273/1276 847/1281/1284 844/1282/1285
f 849/1283/1286 848/746/749 851/745/748
f 845/1280/1283 842/1279/1282 850/1284/1287
f 852/749/752 849/1283/1286 851/745/748
f 1241/255/255 765/373/375 767/376/378
f 1037/1285/1288 1036/385/387 1038/384/386
f 1092/398/400 1042/1286/1289 1179/1287/1290
f 1092/398/400 1063/1288/1291 1042/1286/1289
f 1179/1287/1290 1104/399/401 1092/398/400
f 1042/1286/1289 1047/1289/1292 1044/1290/1293
f 1045/1291/1294 1048/1010/1014 1043/1292/1295
f 1049/396/398 1040/380/382 1050/1293/1296
f 1053/1294/1297 1054/1295/1298 1062/1296/1299
f 1056/1297/1300 1062/1296/1299 1064/1298/1301
f 1050/1293/1296 1040/380/382 1059/1299/1302
f 1058/1300/1303 1037/1285/1288 1038/384/386
f 1058/1300/1303 1038/384/386 1060/1301/1304
f 1060/1301/1304 1038/384/386 1061/1302/1305
f 1056/1297/1300 1053/1294/1297 1062/1296/1299
f 1057/1303/1306 1061/1302/1305 1067/1304/1307
f 1056/1297/1300 1064/1298/1301 1066/1305/1308
f 1066/1305/1308 1064/1298/1301 1065/1306/1309
f 1066/1305/1308 1065/1306/1309 1069/1307/1310
f 1071/1308/1311 1068/1309/1312 1067/1304/1307
f 1046/1310/1313 1066/1305/1308 1069/1307/1310
f 1048/1010/1014 1069/1307/1310 1070/1311/1314
f 1069/1307/1310 1048/1010/1014 1046/1310/1313
f 1048/1010/1014 1070/1311/1314 1073/1312/1315
f 1111/1313/1316 1072/1314/1317 1110/1315/1318
f 1061/1302/1305 1074/1316/1319 1067/1304/1307
f 1067/1304/1307 1074/1316/1319 1110/1315/1318
f 1067/1304/1307 1110/1315/1318 1071/1308/1311
f 1072/1314/1317 1071/1308/1311 1110/1315/1318
f 1110/1315/1318 1074/1316/1319 1152/1317/1320
f 1089/1318/1321 1088/386/388 1049/396/398
f 1052/1319/1322 1090/1320/1323 1051/1321/1322
f 1092/398/400 1055/1322/1324 1063/1288/1291
f 1048/1010/1014 1116/1323/1325 1076/611/614
f 1073/1312/1315 1109/1324/1326 1114/1325/1327
f 1048/1010/1014 1073/1312/1315 1116/1323/1325
f 1073/1312/1315 1114/1325/1327 1116/1323/1325
f 1113/1326/1328 1076/611/614 1116/1323/1325
f 1117/640/643 1110/1315/1318 1152/1317/1320
f 1117/640/643 1115/1327/1329 1110/1315/1318
f 1117/640/643 1112/1328/1330 1115/1327/1329
f 1112/1328/1330 1117/640/643 1118/1012/1016
f 1122/1329/1331 1119/1011/1015 1117/640/643
f 1122/1329/1331 1117/640/643 1129/616/619
f 1129/616/619 1123/1330/1332 1122/1329/1331
f 1074/1316/1319 1061/1302/1305 1038/384/386
f 1048/1010/1014 1075/1009/1013 1043/1292/1295
f 1104/399/401 1179/1287/1290 1190/1331/1333
f 1179/1287/1290 1042/1286/1289 1044/1290/1293
f 1184/1332/1334 1044/1290/1293 1181/1333/1335
f 1179/1287/1290 1044/1290/1293 1184/1332/1334
f 1179/1287/1290 1184/1332/1334 1183/1334/1336
f 1182/1014/1018 1102/408/410 1180/1335/1337
f 1281/1336/1338 1161/1337/1339 1196/1338/1340
f 1197/1339/1341 1195/986/990 1162/981/985
f 1178/641/644 1281/1336/1338 1196/1338/1340
f 1178/641/644 1196/1338/1340 1193/1340/1342
f 1232/1341/1343 1231/237/237 1240/239/239
f 1038/384/386 1231/237/237 1237/1342/1344
f 1234/1343/1345 1242/242/242 1236/1344/1346
f 1237/1342/1344 1231/237/237 1235/1345/1347
f 1233/1346/1348 1239/240/240 1242/242/242
f 1234/1343/1345 1233/1346/1348 1242/242/242
f 1236/1344/1346 1242/242/242 1238/1347/1349
f 1238/1347/1349 1242/242/242 711/1348/1350
f 768/1349/1351 1242/242/242 766/1350/1352
f 1242/242/242 768/1349/1351 711/1348/1350
f 1074/1316/1319 1038/384/386 1237/1342/1344
f 1272/1351/1353 1237/1342/1344 1270/1352/1354
f 1272/1351/1353 1074/1316/1319 1237/1342/1344
f 1271/1353/1355 1238/1347/1349 711/1348/1350
f 1273/993/997 1271/1353/1355 705/964/968
f 1271/1353/1355 711/1348/1350 705/964/968
f 1117/640/643 1152/1317/1320 1178/641/644
f 1288/1354/1356 1290/1355/1357 1152/1317/1320
f 1152/1317/1320 1290/1355/1357 1280/1356/1358
f 1281/1336/1338 1152/1317/1320 1280/1356/1358
f 1280/1356/1358 1290/1355/1357 1283/1357/1359
f 1178/641/644 1152/1317/1320 1281/1336/1338
f 1152/1317/1320 1074/1316/1319 1288/1354/1356
f 1074/1316/1319 1272/1351/1353 1288/1354/1356
f 1131/1358/1360 1522/1057/1061 1531/1051/1055
f 1531/1051/1055 1126/653/656 1131/1358/1360
f 1522/1057/1061 1131/1358/1360 1518/1359/1361
f 1309/582/585 1315/1360/1362 1317/584/587
f 1317/584/587 1320/1361/1363 1316/583/586
f 949/878/881 1496/879/882 1306/1171/1174
f 1306/1171/1174 1496/879/882 1377/1362/1364
f 1307/1200/1203 1306/1171/1174 1308/1202/1205
f 1306/1171/1174 1366/1228/1231 1308/1202/1205
f 1366/1228/1231 1378/1363/1365 1367/1364/1366
f 1366/1228/1231 1306/1171/1174 1378/1363/1365
f 1372/1365/1367 1381/1366/1368 1376/1367/1369
f 1309/582/585 1373/1368/1370 1375/1369/1371
f 1309/582/585 1375/1369/1371 1315/1360/1362
f 1378/1363/1365 1306/1171/1174 1377/1362/1364
f 1375/1369/1371 1380/1370/1372 1379/1371/1373
f 1315/1360/1362 1375/1369/1371 1379/1371/1373
f 1315/1360/1362 1379/1371/1373 1382/1372/1374
f 1509/602/605 1514/925/928 467/920/923
f 1509/602/605 467/920/923 468/922/925
f 1383/1373/1375 1377/1362/1364 1496/879/882
f 1383/1373/1375 1496/879/882 1333/1374/1376
f 1321/1375/1377 1515/1376/1378 1504/601/604
f 1505/1377/1379 1321/1375/1377 1504/601/604
f 1504/601/604 1515/1376/1378 1514/925/928
f 1504/601/604 1514/925/928 1509/602/605
f 1510/930/933 1333/1374/1376 1496/879/882
f 1333/1374/1376 1510/930/933 1514/925/928
f 1515/1376/1378 1333/1374/1376 1514/925/928
f 1318/1378/1380 1333/1374/1376 1321/1375/1377
f 1333/1374/1376 1515/1376/1378 1321/1375/1377
f 943/1379/1381 944/669/672 945/671/674
f 968/1380/1382 943/1379/1381 982/906/909
f 943/1379/1381 968/1380/1382 1001/1381/1383
f 982/906/909 943/1379/1381 945/671/674
f 944/669/672 943/1379/1381 922/1382/1384
f 922/1382/1384 921/1383/1385 944/669/672
f 970/1384/1386 969/1385/1387 971/1087/1091
f 966/1192/1195 972/1386/1388 973/1189/1192
f 969/1385/1387 965/1387/1389 971/1087/1091
f 977/1388/1390 973/1189/1192 972/1386/1388
f 981/1187/1190 973/1189/1192 977/1388/1390
f 980/1186/1189 973/1189/1192 981/1187/1190
f 971/1087/1091 1222/643/646 976/1389/1391
f 974/1390/1392 971/1087/1091 976/1389/1391
f 975/1391/1393 982/906/909 981/1187/1190
f 968/1380/1382 982/906/909 975/1391/1393
f 971/1087/1091 974/1390/1392 978/1392/1394
f 977/1388/1390 975/1391/1393 981/1187/1190
f 995/645/648 1009/1393/1395 994/644/647
f 976/1389/1391 1222/643/646 994/644/647
f 967/1394/1396 976/1389/1391 994/644/647
f 1009/1393/1395 996/1395/1397 999/1396/1398
f 994/644/647 1009/1393/1395 999/1396/1398
f 1004/1397/1399 994/644/647 999/1396/1398
f 968/1380/1382 1002/1398/1400 1001/1381/1383
f 1001/1381/1383 997/1399/1401 943/1379/1381
f 1004/1397/1399 999/1396/1398 1536/1400/1402
f 1223/1067/1071 1229/1082/1086 1224/1401/1403
f 971/1087/1091 965/1387/1389 1228/1086/1090
f 1535/1402/1404 1005/1403/1405 1539/1404/1406
f 1539/1404/1406 1484/1405/1407 1535/1402/1404
f 1539/1404/1406 1005/1403/1405 1007/1406/1408
f 1003/1407/1409 1480/1408/1410 1544/1409/1411
f 1538/1410/1412 1480/1408/1410 1003/1407/1409
f 1540/1411/1413 1480/1408/1410 1538/1410/1412
f 1007/1406/1408 1541/1412/1414 1539/1404/1406
f 1535/1402/1404 998/1413/1415 1005/1403/1405
f 1198/1414/1416 1178/641/644 1193/1340/1342
f 1199/1415/1417 1197/1339/1341 1162/981/985
f 1202/1416/1418 1162/981/985 1201/987/991
f 1204/1417/1419 1212/752/755 1205/754/757
f 1146/605/608 1191/702/705 275/606/609
f 1191/702/705 1146/605/608 1200/1418/1420
f 1146/605/608 1198/1414/1416 1200/1418/1420
f 1198/1414/1416 1146/605/608 1178/641/644
f 1199/1415/1417 1162/981/985 1243/1419/1421
f 1162/981/985 1202/1416/1418 1203/1420/1422
f 1203/1420/1422 1246/1421/1423 1162/981/985
f 1248/1422/1424 1243/1419/1421 1162/981/985
f 1200/1418/1420 1244/1423/1425 1249/1424/1426
f 1248/1422/1424 1162/981/985 1246/1421/1423
f 1248/1425/1427 1251/1426/1428 1277/1427/1429
f 1245/1428/1430 1253/683/686 1250/1429/1431
f 1250/1429/1431 1253/683/686 1276/711/714
f 1252/1430/1432 1205/754/757 1253/683/686
f 1253/683/686 1245/1428/1430 1252/1430/1432
f 1200/1418/1420 1249/1424/1426 1191/702/705
f 1277/1427/1429 1251/1426/1428 1275/1431/1433
f 1292/1432/1434 1310/1433/1435 1299/1434/1436
f 1437/1435/1437 1299/1434/1436 1310/1433/1435
f 1294/1436/1438 1368/1437/1439 1388/1438/1440
f 1463/1148/1151 1460/1147/1150 1296/1439/1441
f 1303/1440/1442 1300/1441/1443 1399/1442/1444
f 1302/1443/1445 1300/1441/1443 1303/1440/1442
f 1299/1434/1436 1301/1444/1446 1292/1432/1434
f 1399/1442/1444 1304/1445/1447 1303/1440/1442
f 1399/1442/1444 1309/582/585 1304/1445/1447
f 1304/1445/1447 1309/582/585 1311/1446/1448
f 1311/1446/1448 1309/582/585 1313/581/584
f 1310/1433/1435 1292/1432/1434 1312/579/582
f 1332/1447/1449 1310/1433/1435 1312/579/582
f 1332/1447/1449 1312/579/582 1337/578/581
f 1330/590/593 1436/1448/1450 1331/1449/1451
f 1369/1450/1452 1373/1368/1370 1399/1442/1444
f 1372/1365/1367 1368/1437/1439 1294/1436/1438
f 1372/1365/1367 1294/1436/1438 1381/1366/1368
f 1399/1442/1444 1373/1368/1370 1309/582/585
f 1385/1451/1453 1297/1155/1158 1386/1452/1454
f 1477/1161/1164 1297/1155/1158 1385/1451/1453
f 1387/1453/1455 1365/1227/1230 1389/1454/1456
f 1365/1227/1230 1366/1228/1231 1389/1454/1456
f 1398/1455/1457 1385/1451/1453 1368/1437/1439
f 1368/1437/1439 1385/1451/1453 1388/1438/1440
f 1426/1456/1458 1469/1162/1165 1477/1161/1164
f 1426/1456/1458 1477/1161/1164 1398/1455/1457
f 1384/1457/1459 1426/1456/1458 1398/1455/1457
f 1384/1457/1459 1398/1455/1457 1392/1458/1460
f 1385/1451/1453 1398/1455/1457 1477/1161/1164
f 1396/1459/1461 1400/1460/1462 1298/1461/1463
f 1391/1462/1464 1397/1463/1465 1428/1464/1466
f 1395/1465/1467 1390/1466/1468 1399/1442/1444
f 1394/1467/1469 1400/1460/1462 1396/1459/1461
f 1395/1465/1467 1399/1442/1444 1300/1441/1443
f 1325/576/579 1430/1468/1470 1328/592/595
f 1428/1464/1466 1397/1463/1465 1434/1469/1471
f 1435/1470/1472 1299/1434/1436 1437/1435/1437
f 1431/589/592 1428/1464/1466 1436/1448/1450
f 1436/1448/1450 1428/1464/1466 1434/1469/1471
f 1431/589/592 1436/1448/1450 1330/590/593
f 1438/1471/1473 1436/1448/1450 1434/1469/1471
f 1293/1472/1474 1436/1448/1450 1438/1471/1473
f 1490/1473/1475 1542/1474/1476 1483/1475/1476
f 1466/1163/1166 1482/758/761 1478/748/751
f 1480/1408/1410 1543/1476/1477 1544/1409/1411
f 1478/748/751 1482/758/761 1486/718/721
f 1492/759/762 853/722/725 1486/718/721
f 1482/758/761 1485/1477/1478 1492/759/762
f 1492/759/762 1494/1478/1479 853/722/725
f 1540/1411/1413 1487/1479/1480 1480/1408/1410
f 1616/1/1481 1612/2/1482 1610/3/1483
f 1617/4/1484 1618/5/1485 1611/6/1486
f 1612/2/1482 1549/7/1487 1610/3/1483
f 1613/8/1488 1549/7/1487 1612/2/1482
f 1612/2/1482 1616/1/1481 1615/9/1489
f 1614/10/1490 1611/6/1486 1619/11/1491
f 1614/10/1490 1619/11/1491 1550/12/1492
f 1550/12/1492 1619/11/1491 1545/13/1493
f 1611/6/1486 1618/5/1485 1619/11/1491
f 1619/11/1491 1638/14/1494 1545/13/1493
f 1619/11/1491 1618/5/1485 1622/15/1495
f 1635/16/1496 1551/17/1497 1637/18/1498
f 1639/19/1499 1620/20/1500 1552/21/1501
f 1620/20/1500 1621/22/1502 1552/21/1501
f 1637/18/1498 1551/17/1497 1636/23/1503
f 1552/21/1501 1621/22/1502 1641/24/1504
f 1621/22/1502 1623/25/1505 1641/24/1504
f 1640/26/1506 1582/27/1507 1637/18/1498
f 1553/28/1508 1554/29/1509 1562/30/1510
f 1548/31/1511 1546/32/1512 1556/33/1513
f 1630/34/1514 1548/31/1511 1556/33/1513
f 1546/32/1512 1741/35/1515 1556/33/1513
f 1558/36/1516 1556/33/1513 1688/37/1517
f 1557/38/1518 1559/39/1519 1560/40/1520
f 1561/41/1521 1565/42/1522 1564/43/1523
f 1563/44/1524 1560/40/1520 1567/45/1525
f 1566/46/1526 1562/30/1510 1567/45/1525
f 1574/47/1527 1562/30/1510 1554/29/1509
f 1554/29/1509 1572/48/1528 1574/47/1527
f 1641/24/1504 1671/49/1529 1583/50/1530
f 1583/50/1530 1642/51/1531 1641/24/1504
f 1671/49/1529 1586/52/1532 1583/50/1530
f 1567/45/1525 1562/30/1510 1587/53/1533
f 1562/30/1510 1574/47/1527 1588/54/1534
f 1587/53/1533 1562/30/1510 1588/54/1534
f 1581/55/1535 1592/56/1536 1590/57/1537
f 1590/57/1537 1592/56/1536 1593/58/1538
f 1598/59/1539 1595/60/1540 1586/52/1532
f 1595/60/1540 1598/59/1539 1596/61/1541
f 1581/55/1535 1584/62/1542 1594/63/1543
f 1581/55/1535 1594/63/1543 1592/56/1536
f 1591/64/1544 1596/61/1541 1598/59/1539
f 1599/65/1545 1597/66/1546 1557/38/1518
f 1599/65/1545 1557/38/1518 1600/67/1547
f 1560/40/1520 1563/44/1524 1557/38/1518
f 1600/67/1547 1557/38/1518 1563/44/1524
f 1598/59/1539 1599/65/1545 1600/67/1547
f 1672/68/1548 1598/59/1539 1600/67/1547
f 1563/44/1524 1567/45/1525 1587/53/1533
f 1600/67/1547 1563/44/1524 1587/53/1533
f 1686/69/1549 1587/53/1533 1643/70/1550
f 1652/71/1551 1615/9/1489 1654/72/1552
f 1622/15/1495 1618/5/1485 1657/73/1553
f 1669/74/1554 1624/75/1555 1663/76/1556
f 1623/25/1505 1668/77/1557 1641/24/1504
f 1661/78/1558 1625/79/1559 1627/80/1560
f 1661/78/1558 1627/80/1560 1626/81/1561
f 1628/82/1562 1631/83/1563 1599/65/1545
f 1631/83/1563 1597/66/1546 1599/65/1545
f 1664/84/1564 1632/85/1565 1671/49/1529
f 1632/85/1565 1599/65/1545 1671/49/1529
f 1632/85/1565 1628/82/1562 1599/65/1545
f 1671/49/1529 1599/65/1545 1598/59/1539
f 1586/52/1532 1671/49/1529 1598/59/1539
f 1661/78/1558 1653/86/1566 1655/87/1567
f 1661/78/1558 1658/88/1568 1653/86/1566
f 1657/73/1553 1659/89/1569 1660/90/1570
f 1658/88/1568 1661/78/1558 1662/91/1571
f 1662/91/1571 1661/78/1558 1626/81/1561
f 1657/73/1553 1660/90/1570 1663/76/1556
f 1663/76/1556 1660/90/1570 1666/92/1572
f 1660/90/1570 1665/93/1573 1666/92/1572
f 1665/94/1574 1629/95/1575 1633/96/1576
f 1657/73/1553 1663/76/1556 1622/15/1495
f 1624/75/1555 1622/15/1495 1663/76/1556
f 1668/77/1557 1671/49/1529 1641/24/1504
f 1668/77/1557 1670/97/1577 1671/49/1529
f 1667/98/1578 1664/84/1564 1671/49/1529
f 1671/49/1529 1670/97/1577 1667/98/1578
f 1590/57/1537 1593/58/1538 1673/99/1579
f 1675/100/1580 1674/101/1581 1590/57/1537
f 1590/57/1537 1673/99/1579 1675/100/1580
f 1672/68/1548 1600/67/1547 1601/102/1582
f 1601/102/1582 1600/67/1547 1685/103/1583
f 1601/102/1582 1677/104/1584 1676/105/1585
f 1601/102/1582 1685/103/1583 1677/104/1584
f 1759/106/1586 1674/101/1581 1680/107/1587
f 1759/106/1586 1680/107/1587 1681/108/1588
f 1759/106/1586 1681/108/1588 1684/109/1589
f 1685/103/1583 1682/110/1590 1677/104/1584
f 1685/103/1583 1600/67/1547 1686/69/1549
f 1600/67/1547 1587/53/1533 1686/69/1549
f 1684/109/1589 1683/111/1591 1759/106/1586
f 1683/111/1591 1687/112/1592 1759/106/1586
f 1759/106/1586 1687/112/1592 1645/113/1593
f 1645/113/1593 1687/112/1592 1644/114/1594
f 1556/33/1513 1741/35/1515 1688/37/1517
f 1688/37/1517 1741/35/1515 1769/115/1595
f 1688/37/1517 1769/115/1595 1561/41/1521
f 1561/41/1521 1769/115/1595 1565/42/1522
f 1689/116/1596 1565/42/1522 1769/115/1595
f 1690/117/1597 1565/42/1522 1689/116/1596
f 1566/46/1526 1691/118/1598 1562/30/1510
f 1691/118/1598 1712/119/1599 1562/30/1510
f 1713/120/1600 1710/121/1601 1714/122/1602
f 1714/122/1602 1717/123/1603 1568/124/1604
f 1547/125/1605 1734/126/1606 1555/127/1607
f 1546/32/1512 1735/128/1608 1741/35/1515
f 1736/129/1609 1741/35/1515 1735/128/1608
f 1547/125/1605 1627/80/1560 1775/130/1610
f 1627/80/1560 1625/79/1559 1775/130/1610
f 1574/47/1527 1606/131/1611 1588/54/1534
f 1574/47/1527 1576/132/1612 1606/131/1611
f 1576/132/1612 1574/47/1527 1575/133/1613
f 1609/134/1614 1576/132/1612 1575/133/1613
f 1588/54/1534 1606/131/1611 1648/135/1615
f 1587/53/1533 1588/54/1534 1648/135/1615
f 2317/136/1616 1602/137/1617 1607/138/1618
f 1604/139/1619 1605/140/1620 1803/141/1621
f 1803/141/1621 1605/140/1620 2317/136/1616
f 1602/137/1617 2317/136/1616 1605/140/1620
f 1649/142/1622 1606/131/1611 1603/143/1623
f 1608/144/1624 2313/145/1625 2314/146/1626
f 1643/70/1550 1587/53/1533 1646/147/1627
f 1762/148/1628 1647/149/1629 1604/139/1619
f 1587/53/1533 1648/135/1615 1646/147/1627
f 1648/135/1615 1606/131/1611 1649/142/1622
f 1762/148/1628 1645/113/1593 1647/149/1629
f 1803/141/1621 1762/148/1628 1604/139/1619
f 1759/106/1586 1645/113/1593 1762/148/1628
f 1758/150/1630 1759/106/1586 1762/148/1628
f 1717/123/1603 1705/151/1631 1568/124/1604
f 1705/151/1631 1569/152/1632 1568/124/1604
f 1704/153/1633 1703/154/1634 1707/155/1635
f 1690/117/1597 1689/116/1596 1708/156/1636
f 1709/157/1637 1716/158/1638 1715/159/1639
f 1716/158/1638 1709/157/1637 1743/160/1640
f 1716/158/1638 1743/160/1640 1703/154/1634
f 1710/121/1601 1717/123/1603 1714/122/1602
f 1726/161/1641 1720/162/1642 1718/163/1643
f 1718/163/1643 1720/162/1642 1722/164/1644
f 1743/160/1640 1790/165/1645 1742/166/1646
f 1789/167/1647 1793/168/1648 1790/165/1645
f 1744/169/1649 1808/170/1650 1745/171/1651
f 1746/172/1652 1790/165/1645 1793/168/1648
f 1742/166/1646 1790/165/1645 1753/173/1653
f 1790/165/1645 1749/174/1654 1753/173/1653
f 1750/175/1655 1748/176/1656 1752/177/1657
f 1743/160/1640 1742/166/1646 1703/154/1634
f 2652/178/1658 1703/154/1634 1742/166/1646
f 1765/179/1659 1718/163/1643 1756/180/1660
f 1756/180/1660 1757/181/1661 1765/179/1659
f 1758/150/1630 1755/182/1662 1759/106/1586
f 1765/179/1659 1757/181/1661 1760/183/1663
f 1761/184/1664 1758/150/1630 1762/148/1628
f 1764/185/1665 1731/186/1666 1726/161/1641
f 1764/185/1665 1726/161/1641 1718/163/1643
f 1765/179/1659 1764/185/1665 1718/163/1643
f 1766/187/1667 1770/188/1668 1733/189/1669
f 1766/187/1667 1733/189/1669 1763/190/1670
f 1766/187/1667 1763/190/1670 1767/191/1671
f 1764/185/1665 1765/179/1659 1768/192/1672
f 1769/115/1595 1738/193/1673 1770/188/1668
f 1733/189/1669 1770/188/1668 1738/193/1673
f 1689/116/1596 1769/115/1595 1770/188/1668
f 1779/194/1674 1689/116/1596 1770/188/1668
f 1779/194/1674 1770/188/1668 1781/195/1675
f 1770/188/1668 1766/187/1667 1781/195/1675
f 1782/196/1676 1780/197/1677 1743/160/1640
f 1780/197/1677 1789/167/1647 1790/165/1645
f 1743/160/1640 1780/197/1677 1790/165/1645
f 1784/198/1678 1765/179/1659 1786/199/1679
f 1766/187/1667 1783/200/1680 1785/201/1681
f 1788/202/1682 1787/203/1683 1789/167/1647
f 1766/187/1667 1767/191/1671 1783/200/1680
f 1768/192/1672 1765/179/1659 1784/198/1678
f 1789/167/1647 1787/203/1683 1791/204/1684
f 1793/168/1648 1789/167/1647 1795/205/1685
f 1808/170/1650 1744/169/1649 1792/206/1686
f 1789/167/1647 1780/197/1677 1788/202/1682
f 1689/116/1596 1779/194/1674 1708/156/1636
f 1779/194/1674 1711/207/1687 1708/156/1636
f 1709/157/1637 1782/196/1676 1743/160/1640
f 1747/208/1688 1745/171/1651 1808/170/1650
f 1748/176/1656 1745/171/1651 1747/208/1688
f 1752/177/1657 1748/176/1656 1747/208/1688
f 1752/177/1657 1747/208/1688 2714/209/1689
f 1808/170/1650 1799/210/1690 1747/208/1688
f 1808/170/1650 1800/211/1691 1799/210/1690
f 1804/212/1692 1812/213/1693 1803/141/1621
f 1804/212/1692 1803/141/1621 2317/136/1616
f 1805/214/1694 1799/210/1690 1801/215/1695
f 1747/208/1688 1799/210/1690 1805/214/1694
f 1802/216/1696 1804/212/1692 1806/217/1697
f 1747/208/1688 1805/214/1694 1807/218/1698
f 2319/219/1699 1804/212/1692 2317/136/1616
f 1806/217/1697 1804/212/1692 2801/220/1700
f 1786/199/1679 1765/179/1659 1808/170/1650
f 1808/170/1650 1765/179/1659 1809/221/1701
f 1792/206/1686 1786/199/1679 1808/170/1650
f 1765/179/1659 1760/183/1663 1809/221/1701
f 1808/170/1650 1809/221/1701 1811/222/1702
f 1812/213/1693 1761/184/1664 1762/148/1628
f 1808/170/1650 1811/222/1702 1800/211/1691
f 1810/223/1703 1761/184/1664 1812/213/1693
f 1762/148/1628 1803/141/1621 1812/213/1693
f 2315/224/1704 2314/146/1626 2313/145/1625
f 2315/224/1704 2175/225/1705 2320/226/1706
f 2315/224/1704 2321/227/1707 2318/228/1708
f 2318/228/1708 2314/146/1626 2315/224/1704
f 2806/229/1709 2319/219/1699 2306/230/1710
f 2306/230/1710 2319/219/1699 2322/231/1711
f 2174/232/1712 2316/233/1713 1609/134/1614
f 2320/226/1706 2321/227/1707 2315/224/1704
f 2308/234/1714 2305/235/1715 2321/227/1707
f 2652/178/1658 1707/155/1635 1703/154/1634
f 1742/166/1646 1753/173/1653 2712/236/1716
f 2775/237/1717 2808/238/1718 2784/239/1719
f 2783/240/1720 2809/241/1721 2786/242/1722
f 1747/208/1688 1807/218/1698 2799/243/1723
f 2798/244/1724 2802/245/1725 2800/246/1726
f 2801/220/1700 1804/212/1692 2806/229/1709
f 1804/212/1692 2319/219/1699 2806/229/1709
f 2803/247/1727 2805/248/1728 2800/246/1726
f 2798/244/1724 2800/246/1726 2805/248/1728
f 2798/244/1724 2809/241/1721 2802/245/1725
f 2798/244/1724 2813/249/1729 2809/241/1721
f 2775/237/1717 2799/243/1723 2808/238/1718
f 2786/242/1722 2809/241/1721 2813/249/1729
f 2804/250/1730 2812/251/1731 2810/252/1732
f 2811/253/1733 2798/244/1724 2805/248/1728
f 2811/253/1733 2805/248/1728 2307/254/1734
f 2321/227/1707 2785/255/1735 2308/234/1714
f 2812/251/1731 2785/255/1736 2810/252/1732
f 1573/256/1737 2053/257/1738 1572/48/1528
f 1569/152/1739 1706/258/1740 1570/259/1741
f 1574/47/1527 1572/48/1528 2172/260/1742
f 1706/258/1740 1571/261/1743 1570/259/1741
f 2054/262/1744 2073/263/1745 2053/257/1738
f 1572/48/1528 2053/257/1738 2073/263/1745
f 2172/260/1742 1572/48/1528 2073/263/1745
f 2055/264/1746 2067/265/1747 2065/266/1748
f 2054/262/1744 2059/267/1749 2073/263/1745
f 2068/268/1750 2063/269/1751 2062/270/1752
f 2068/268/1750 2062/270/1752 2069/271/1753
f 2073/263/1745 2059/267/1749 2061/272/1754
f 2070/273/1755 2072/274/1756 2074/275/1757
f 2072/274/1756 2070/273/1755 2121/276/1758
f 2075/277/1759 2126/278/1760 2078/279/1761
f 2126/278/1760 2077/280/1762 2078/279/1761
f 2076/281/1763 2077/280/1762 2126/278/1760
f 2081/282/1764 2086/283/1765 2083/284/1766
f 2082/285/1767 2105/286/1768 2085/287/1769
f 2086/283/1765 2090/288/1770 2134/289/1771
f 2132/290/1772 2089/291/1773 2079/292/1774
f 2088/293/1775 2086/283/1765 2134/289/1771
f 2086/283/1765 2088/293/1775 2083/284/1766
f 2088/293/1775 2134/289/1771 2091/294/1776
f 2134/289/1771 2092/295/1777 2091/294/1776
f 2096/296/1778 2107/297/1779 2094/298/1780
f 2080/299/1781 2098/300/1782 2087/301/1783
f 2087/301/1783 2098/300/1782 2099/302/1784
f 2080/299/1781 2087/301/1783 2102/303/1785
f 2126/278/1760 2103/304/1786 2104/305/1787
f 2104/305/1787 2139/306/1788 2141/307/1789
f 2104/305/1787 2141/307/1789 2126/278/1760
f 2108/308/1790 2056/309/1791 2112/310/1792
f 2624/311/1793 2112/310/1792 2056/309/1791
f 2114/312/1794 2120/313/1795 2070/273/1755
f 2109/314/1796 2113/315/1797 2110/316/1798
f 2116/317/1799 2110/316/1798 2113/315/1797
f 2114/312/1794 2117/318/1800 2120/313/1795
f 2119/319/1801 2118/320/1802 2124/321/1803
f 2070/273/1755 2120/313/1795 2121/276/1758
f 2119/319/1801 2124/321/1803 2156/322/1804
f 2109/314/1796 2106/323/1805 2113/315/1797
f 2096/296/1778 2106/324/1806 2107/297/1779
f 2125/325/1807 2096/326/1808 2097/327/1809
f 2123/328/1810 2125/325/1807 2097/327/1809
f 2156/322/1804 2124/321/1803 2126/278/1760
f 2156/322/1804 2126/278/1760 2075/277/1759
f 2103/304/1786 2126/278/1760 2124/321/1803
f 2090/288/1770 2131/329/1811 2134/289/1771
f 2079/292/1774 2128/330/1812 2132/290/1772
f 2133/331/1813 2136/332/1814 2134/289/1771
f 2135/333/1815 2129/334/1816 2137/335/1817
f 2132/290/1772 2129/334/1816 2135/333/1815
f 2134/289/1771 2136/332/1814 2138/336/1818
f 2138/336/1818 2290/337/1819 2134/289/1771
f 2092/295/1777 2134/289/1771 2140/338/1820
f 2140/338/1820 2134/289/1771 2142/339/1821
f 2144/340/1822 2146/341/1823 2150/342/1824
f 2142/339/1821 2134/289/1771 2145/343/1825
f 2146/341/1823 2297/344/1826 2304/345/1827
f 2147/346/1828 2143/347/1829 2149/348/1830
f 2162/349/1831 2126/278/1760 2141/307/1789
f 2147/346/1828 2149/348/1830 2148/350/1832
f 2150/342/1824 2146/341/1823 2304/345/1827
f 2151/351/1833 2148/350/1832 2149/348/1830
f 2121/276/1758 2155/352/1834 2169/353/1835
f 2156/322/1804 2075/277/1759 2154/354/1836
f 2158/355/1837 2177/356/1838 2155/352/1834
f 2177/356/1838 2158/355/1837 2160/357/1839
f 2177/356/1838 2169/353/1835 2155/352/1834
f 2157/358/1840 2075/277/1759 2159/359/1841
f 2159/359/1841 2075/277/1759 2323/360/1842
f 2126/278/1760 2162/349/1831 2076/281/1763
f 1575/133/1613 1574/47/1527 2170/361/1843
f 1574/47/1527 2172/260/1742 2170/361/1843
f 2169/353/1835 2072/274/1756 2121/276/1758
f 2170/361/1843 2168/362/1844 2173/363/1845
f 1575/133/1613 2170/361/1843 2173/363/1845
f 1575/133/1613 2173/363/1845 1609/134/1614
f 1609/134/1614 2173/363/1845 2174/232/1712
f 2177/356/1838 2171/364/1846 2169/353/1835
f 2168/362/1844 2176/365/1847 2173/363/1845
f 2177/356/1838 2160/357/1839 2178/366/1848
f 2173/363/1845 2176/365/1847 2179/367/1849
f 2138/336/1818 2289/368/1850 2290/337/1819
f 2298/369/1851 2291/370/1852 2299/371/1853
f 2134/289/1771 2296/372/1854 2145/343/1825
f 2296/372/1854 2134/289/1771 2290/337/1819
f 2785/255/1735 2321/227/1707 2178/366/1848
f 2321/227/1707 2320/226/1706 2178/366/1848
f 2309/373/1855 2178/366/1848 2160/357/1839
f 2160/357/1839 2161/374/1856 2309/373/1855
f 2309/373/1855 2324/375/1857 2311/376/1858
f 2309/373/1855 2785/255/1735 2178/366/1848
f 2577/377/1859 2578/378/1860 2583/379/1861
f 2583/379/1861 2578/378/1860 2584/380/1862
f 2716/381/1863 2574/382/1864 2579/383/1865
f 2582/384/1866 2580/385/1867 2579/383/1865
f 2583/379/1861 2632/386/1868 2621/387/1869
f 2579/383/1865 2574/382/1864 2585/388/1870
f 2623/389/1871 2583/379/1861 2621/387/1869
f 2622/390/1872 2711/391/1873 2623/389/1871
f 2056/309/1791 2622/390/1872 2628/392/1874
f 2622/390/1872 2623/389/1871 2628/392/1874
f 2056/309/1791 2628/392/1874 2624/311/1793
f 2627/393/1875 2628/392/1874 2623/389/1871
f 2621/387/1869 2627/393/1875 2623/389/1871
f 2629/394/1876 2625/395/1877 2105/286/1768
f 2584/380/1862 2593/396/1878 2583/379/1861
f 2583/379/1861 2593/396/1878 2632/386/1868
f 2635/397/1879 2636/398/1880 2648/399/1881
f 2642/400/1882 2635/397/1879 2648/399/1881
f 2089/291/1773 2085/287/1769 2079/292/1774
f 2626/401/1883 2627/393/1875 2641/402/1884
f 2643/403/1885 2639/404/1886 2640/405/1887
f 2641/402/1884 2627/393/1875 2621/387/1869
f 2640/405/1887 2642/400/1882 2643/403/1885
f 2625/395/1877 2639/404/1886 2105/286/1768
f 2105/286/1768 2639/404/1886 2079/292/1774
f 2105/286/1768 2079/292/1774 2085/287/1769
f 2639/404/1886 2643/403/1885 2079/292/1774
f 2647/406/1888 2645/407/1889 2646/408/1890
f 2647/406/1888 2646/408/1890 2730/409/1891
f 2643/403/1885 2642/400/1882 2644/410/1892
f 2644/410/1892 2642/400/1882 2648/399/1881
f 1707/155/1635 2652/178/1658 2649/411/1893
f 2652/178/1658 2711/391/1873 2622/390/1872
f 2652/178/1658 2055/264/1746 2649/411/1893
f 2055/264/1746 2652/178/1658 2622/390/1872
f 2056/309/1791 2067/265/1747 2055/264/1746
f 2055/264/1746 2622/390/1872 2056/309/1791
f 2709/412/1894 1742/166/1646 2712/236/1716
f 2711/391/1873 2652/178/1658 2709/412/1894
f 2711/391/1873 2583/379/1861 2623/389/1871
f 2709/412/1894 2652/178/1658 1742/166/1646
f 2711/391/1873 2709/412/1894 2583/379/1861
f 2712/236/1716 2707/413/1895 2709/412/1894
f 1753/173/1653 2713/414/1896 2712/236/1716
f 2712/236/1716 2575/415/1897 2707/413/1895
f 2583/379/1861 2709/412/1894 2717/416/1898
f 2715/417/1899 2709/412/1894 2707/413/1895
f 2583/379/1861 2717/416/1898 2577/377/1859
f 2585/388/1870 2574/382/1864 2576/418/1900
f 2127/419/1901 2730/409/1891 2731/420/1902
f 2731/420/1902 2733/421/1903 2127/419/1901
f 2132/290/1772 2128/330/1812 2129/334/1816
f 2129/334/1816 2128/330/1812 2732/422/1904
f 2730/409/1891 2646/408/1890 2731/420/1902
f 2775/237/1717 2579/383/1865 2585/388/1870
f 2579/383/1865 2775/237/1717 2582/384/1866
f 1754/423/1905 1752/177/1657 2714/209/1689
f 2714/209/1689 2585/388/1870 2718/424/1906
f 2585/388/1870 1747/208/1688 2799/243/1723
f 2585/388/1870 2714/209/1689 1747/208/1688
f 2576/418/1900 2718/424/1906 2585/388/1870
f 2775/237/1717 2585/388/1870 2799/243/1723
f 1579/425/1907 1578/426/1908 1581/55/1535
f 1698/427/1909 1579/425/1907 1581/55/1535
f 1700/428/1910 1698/427/1909 1581/55/1535
f 1589/429/1911 1700/428/1910 1581/55/1535
f 1582/27/1507 1584/62/1542 1581/55/1535
f 1585/430/1912 1584/62/1542 1582/27/1507
f 1590/57/1537 1589/429/1911 1581/55/1535
f 1654/72/1552 1615/9/1489 1656/431/1913
f 1615/9/1489 1616/1/1481 1656/431/1913
f 1634/432/1914 1635/16/1496 1578/426/1908
f 1578/426/1908 1635/16/1496 1581/55/1535
f 1635/16/1496 1637/18/1498 1581/55/1535
f 1581/55/1535 1637/18/1498 1582/27/1507
f 1656/431/1913 1696/433/1915 1651/434/1916
f 1661/78/1558 1650/435/1917 1625/79/1559
f 1656/431/1913 1616/1/1481 1697/436/1918
f 1580/437/1919 1577/438/1920 1616/1/1481
f 1616/1/1481 1577/438/1920 1697/436/1918
f 1590/57/1537 1674/101/1581 1759/106/1586
f 1696/433/1915 1693/439/1921 1651/434/1916
f 1692/440/1922 1694/441/1923 1625/79/1559
f 1696/433/1915 1656/431/1913 1697/436/1918
f 1696/433/1915 1697/436/1918 1701/442/1924
f 1696/433/1915 1699/443/1925 1776/444/1926
f 1693/439/1921 1696/433/1915 1695/445/1927
f 1696/433/1915 1701/442/1924 1699/443/1925
f 1726/161/1641 1719/446/1928 1720/162/1642
f 1721/447/1929 1798/448/1930 1589/429/1911
f 1589/429/1911 1590/57/1537 1721/447/1929
f 1723/449/1931 1721/447/1929 1590/57/1537
f 1723/449/1931 1590/57/1537 1755/182/1662
f 1755/182/1662 1590/57/1537 1759/106/1586
f 1725/450/1932 1773/451/1933 1695/445/1927
f 1773/451/1933 1725/450/1932 1772/452/1934
f 1625/79/1559 1694/441/1923 1775/130/1610
f 1694/441/1923 1771/453/1935 1775/130/1610
f 1775/130/1610 1771/453/1935 1774/454/1936
f 1695/445/1927 1696/433/1915 1725/450/1932
f 1725/450/1932 1696/433/1915 1776/444/1926
f 1725/450/1932 1776/444/1926 1778/455/1937
f 1777/456/1938 1702/457/1939 1700/428/1910
f 1725/450/1932 1778/455/1937 1726/161/1641
f 1777/456/1938 1700/428/1910 1796/458/1940
f 1796/458/1940 1700/428/1910 1589/429/1911
f 1726/161/1641 1778/455/1937 1797/459/1941
f 1719/446/1928 1726/161/1641 1797/459/1941
f 1798/448/1930 1796/458/1940 1589/429/1911
f 1730/460/1942 1725/450/1932 1726/161/1641
f 1724/461/1943 1729/462/1944 1739/463/1945
f 1727/464/1946 1728/465/1947 1733/189/1669
f 1731/186/1666 1730/460/1942 1726/161/1641
f 1775/130/1610 1724/461/1943 1737/466/1948
f 1734/126/1606 1775/130/1610 1737/466/1948
f 1724/461/1943 1739/463/1945 1737/466/1948
f 1738/193/1673 1740/467/1949 1727/464/1946
f 1727/464/1946 1733/189/1669 1738/193/1673
f 1736/129/1609 1740/467/1949 1741/35/1515
f 1741/35/1515 1740/467/1949 1738/193/1673
f 1741/35/1515 1738/193/1673 1769/115/1595
f 1775/130/1610 1774/454/1936 1724/461/1943
f 1775/130/1610 1734/126/1606 1547/125/1605
f 1873/468/1950 1813/469/1951 1817/470/1952
f 1814/471/1953 1878/472/1954 1818/473/1955
f 1814/471/1953 1818/473/1955 2404/474/1956
f 1828/475/1957 1827/476/1958 1888/477/1959
f 1870/478/1960 1826/479/1961 1829/480/1962
f 1846/481/1963 1847/482/1964 1852/483/1965
f 1846/481/1963 1852/483/1965 1826/479/1961
f 1851/484/1966 1848/485/1967 1867/486/1968
f 1858/487/1969 1854/488/1970 1853/489/1971
f 1862/490/1972 1854/488/1970 1858/487/1969
f 1855/491/1973 1856/492/1974 1859/493/1975
f 1868/494/1976 1857/495/1977 1860/496/1978
f 1860/496/1978 1857/495/1977 1861/497/1979
f 1863/498/1980 1855/491/1973 1866/499/1981
f 1851/484/1966 1867/486/1968 1827/476/1982
f 1866/499/1981 1855/491/1973 1859/493/1975
f 1853/489/1971 1832/500/1983 1869/501/1984
f 1876/502/1985 2977/503/1986 1873/468/1950
f 1877/504/1987 1873/468/1950 1874/505/1988
f 1816/506/1989 1818/473/1955 1878/472/1954
f 2977/503/1986 1813/469/1951 1873/468/1950
f 1877/504/1987 1872/507/1990 1876/502/1985
f 1877/504/1987 1876/502/1985 1873/468/1950
f 1871/508/1991 1878/472/1954 1814/471/1953
f 1893/509/1992 1871/508/1991 1814/471/1953
f 1861/497/1979 1857/495/1977 1891/510/1993
f 1858/487/1969 1879/511/1994 1862/490/1972
f 1861/497/1979 1891/510/1993 1880/512/1995
f 1880/512/1995 1891/510/1993 1919/513/1996
f 1880/512/1995 1881/514/1997 1866/499/1981
f 1881/514/1997 1880/512/1995 1884/515/1998
f 1827/476/1958 1883/516/1999 1888/477/1959
f 1888/477/1959 1883/516/1999 1885/517/2000
f 1880/512/1995 1866/499/1981 1859/493/1975
f 1886/518/2001 1884/515/1998 1919/513/1996
f 1884/515/1998 1880/512/1995 1919/513/1996
f 1886/518/2001 1919/513/1996 1889/519/2002
f 1828/475/1957 1888/477/1959 1830/520/2003
f 1920/521/2004 1889/519/2002 1919/513/1996
f 1869/501/1984 1834/522/2005 1890/523/2006
f 1834/522/2005 1876/502/1985 1892/524/2007
f 1890/523/2006 1834/522/2005 1892/524/2007
f 1892/524/2007 1876/502/1985 1895/525/2008
f 1876/502/1985 1872/507/1990 1894/526/2009
f 1895/525/2008 1876/502/1985 1894/526/2009
f 1891/510/1993 1896/527/2010 1919/513/1996
f 1920/521/2004 1919/513/1996 1922/528/2011
f 1904/529/2012 1900/530/2013 1923/531/2014
f 1900/530/2013 1901/532/2015 1923/531/2014
f 1953/533/2016 1904/529/2012 1923/531/2014
f 1953/533/2016 1923/531/2014 1926/534/2017
f 1922/528/2011 1919/513/1996 1927/535/2018
f 1922/528/2011 1927/535/2018 1924/536/2019
f 1925/537/2020 1924/536/2019 1969/538/2021
f 1924/536/2019 1927/535/2018 1969/538/2021
f 1893/509/1992 1814/471/1953 1896/527/2010
f 1919/513/1996 1896/527/2010 1927/535/2018
f 1814/471/1953 1927/535/2018 1896/527/2010
f 1814/471/1953 2404/474/1956 1927/535/2018
f 2404/474/1956 1928/539/2022 1927/535/2018
f 1927/535/2018 1928/539/2022 1980/540/2023
f 1815/541/2024 2404/474/1956 1818/473/1955
f 2977/503/1986 2464/542/2025 2973/543/2026
f 2973/543/2026 1813/469/1951 2977/503/1986
f 1978/544/2027 1979/545/2028 1930/546/2029
f 1979/545/2028 1969/538/2021 1930/546/2029
f 1927/535/2018 1980/540/2023 1930/546/2029
f 1969/538/2021 1927/535/2018 1930/546/2029
f 1983/547/2030 1930/546/2029 1990/548/2031
f 1990/548/2031 1930/546/2029 1991/549/2032
f 2030/550/2033 2006/551/2034 2004/552/2035
f 2004/552/2035 1992/553/2036 1991/549/2032
f 2868/554/2037 2010/555/2038 2026/556/2039
f 2026/556/2039 2010/555/2038 2019/557/2040
f 2016/558/2041 2017/559/2042 2020/560/2043
f 2019/557/2040 2013/561/2044 2026/556/2039
f 1930/546/2029 1980/540/2023 2036/562/2045
f 1928/539/2022 2025/563/2046 1980/540/2023
f 1980/540/2023 2025/563/2046 2036/562/2045
f 1928/539/2022 2404/474/1956 2025/563/2046
f 2025/563/2046 2868/554/2037 2026/556/2039
f 2036/562/2045 2025/563/2046 2026/556/2039
f 2031/564/2047 2030/550/2033 2032/565/2048
f 2024/566/2049 2032/565/2048 2030/550/2033
f 2032/565/2048 2024/566/2049 2035/567/2050
f 1991/549/2032 1930/546/2029 2036/562/2045
f 1991/549/2032 2036/562/2045 2024/566/2049
f 2037/568/2051 2036/562/2045 2052/569/2052
f 2052/569/2052 2036/562/2045 2022/570/2053
f 2049/571/2054 2033/572/2055 2038/573/2056
f 2024/566/2049 2036/562/2045 2035/567/2050
f 2036/562/2045 2037/568/2051 2035/567/2050
f 2024/566/2049 2030/550/2033 2004/552/2035
f 2024/566/2049 2004/552/2035 1991/549/2032
f 2026/556/2039 2013/561/2044 2022/570/2053
f 2036/562/2045 2026/556/2039 2022/570/2053
f 2052/569/2052 2022/570/2053 2023/574/2057
f 2403/575/2058 1815/541/2024 2869/576/2059
f 1815/541/2024 2403/575/2058 2404/474/1956
f 2404/474/1956 2403/575/2058 2880/577/2060
f 2404/474/1956 2880/577/2060 2025/563/2046
f 2880/577/2060 2868/554/2037 2025/563/2046
f 2881/578/2061 2856/579/2062 2858/580/2063
f 2857/581/2064 2853/582/2065 2860/583/2066
f 2853/582/2065 2861/584/2067 2860/583/2066
f 2858/580/2063 2863/585/2068 2867/586/2069
f 2871/587/2070 2870/588/2071 2975/589/2072
f 2975/589/2072 2874/590/2073 2871/587/2070
f 1815/541/2024 2462/591/2074 2869/576/2059
f 2869/576/2059 2872/592/2075 2873/593/2076
f 2869/576/2059 2873/593/2076 2403/575/2058
f 2878/594/2077 2871/587/2070 2874/590/2073
f 2880/577/2060 2403/575/2058 2879/595/2078
f 2878/594/2077 2874/590/2073 2883/596/2079
f 2881/578/2061 2858/580/2063 2867/586/2069
f 2882/597/2080 2881/578/2061 2867/586/2069
f 2879/595/2078 2882/597/2080 2880/577/2060
f 2880/577/2060 2882/597/2080 2867/586/2069
f 2880/577/2060 2867/586/2069 2868/554/2037
f 2867/586/2069 3050/598/2081 3052/599/2082
f 2868/554/2037 2867/586/2069 3052/599/2082
f 2867/586/2069 2866/600/2083 3050/598/2081
f 3048/601/2084 3053/602/2085 3051/603/2086
f 2868/554/2037 3052/599/2082 2010/555/2038
f 2695/604/2087 2690/605/2088 1819/606/2089
f 2692/607/2090 2695/604/2087 2463/608/2091
f 2664/609/2092 2669/610/2093 2620/611/2094
f 2638/612/2095 2620/611/2094 2665/613/2096
f 2665/613/2096 2620/611/2094 2669/610/2093
f 2671/614/2097 2668/615/2098 2673/616/2099
f 2673/616/2099 2668/615/2098 2637/617/2100
f 2665/613/2096 2678/618/2101 2638/612/2095
f 2682/619/2102 2665/613/2096 2699/620/2103
f 2665/613/2096 2677/621/2104 2679/622/2105
f 2679/622/2105 2678/618/2101 2665/613/2096
f 2680/623/2106 2684/624/2107 2681/625/2108
f 2677/621/2104 2665/613/2096 2682/619/2102
f 2677/621/2104 2682/619/2102 2683/626/2109
f 2684/624/2107 2685/627/2110 2681/625/2108
f 2688/628/2111 2689/629/2112 2685/627/2110
f 2681/625/2108 2689/629/2112 2694/630/2113
f 2687/631/2114 2690/605/2088 2691/632/2115
f 2682/619/2102 2699/620/2103 2676/633/2116
f 2665/613/2096 2669/610/2093 2672/634/2117
f 2671/614/2097 2698/635/2118 2697/636/2119
f 2671/614/2097 2673/616/2099 2698/635/2118
f 2698/635/2118 2673/616/2099 2700/637/2120
f 2701/638/2121 2702/639/2122 2685/627/2110
f 2685/627/2110 2702/639/2122 2688/628/2111
f 2661/640/2123 2722/641/2124 2673/616/2099
f 2700/637/2120 2673/616/2099 2722/641/2124
f 2693/642/2125 2766/643/2126 2681/625/2108
f 2766/643/2126 2693/642/2125 2538/644/2127
f 2693/642/2125 2681/625/2108 2694/630/2113
f 2693/642/2125 2539/645/2128 2538/644/2127
f 2681/625/2108 2685/627/2110 2689/629/2112
f 2690/605/2088 2687/631/2114 2700/637/2120
f 2691/632/2115 2690/605/2088 2695/604/2087
f 2774/646/2129 2763/647/2130 2681/625/2108
f 2766/643/2126 2774/646/2129 2681/625/2108
f 2700/637/2120 2722/641/2124 2690/605/2088
f 3060/648/2131 2674/649/2132 3061/650/2133
f 3071/651/2134 3069/652/2135 2670/653/2136
f 3060/648/2131 3061/650/2133 3070/654/2137
f 3060/648/2131 3065/655/2138 2674/649/2132
f 1845/656/2139 2695/604/2087 1819/606/2089
f 1845/656/2139 1819/606/2089 1820/657/2140
f 1820/657/2140 1819/606/2089 1821/658/2141
f 1846/481/1963 1826/479/1961 1870/478/1960
f 1870/478/1960 1829/480/1962 1899/659/2142
f 1870/478/1960 1844/660/2143 1843/661/2144
f 2560/662/2145 2469/663/2146 1845/656/2139
f 2560/662/2145 1843/661/2144 2563/664/2147
f 2560/662/2145 1845/656/2139 1820/657/2140
f 1820/657/2140 1846/481/1963 2560/662/2145
f 1870/478/1960 2560/662/2145 1846/481/1963
f 2560/662/2145 1870/478/1960 1843/661/2144
f 1844/660/2143 1870/478/1960 1897/665/2148
f 1897/665/2148 1870/478/1960 1899/659/2142
f 2695/604/2087 2554/666/2149 2552/667/2150
f 2554/666/2149 2695/604/2087 2467/668/2151
f 2695/604/2087 1845/656/2139 2467/668/2151
f 2488/669/2152 2473/670/2153 2489/671/2154
f 2468/672/2155 2467/668/2151 2469/663/2146
f 2469/663/2146 2467/668/2151 1845/656/2139
f 2473/670/2153 2488/669/2152 2471/673/2156
f 2472/674/2157 2469/663/2146 2474/675/2158
f 2489/671/2154 2473/670/2153 2558/676/2159
f 2474/675/2158 2469/663/2146 2560/662/2145
f 2474/675/2158 2560/662/2145 2475/677/2160
f 2463/608/2091 2695/604/2087 2552/667/2150
f 2563/664/2147 2561/678/2161 2560/662/2145
f 1821/658/2141 1911/679/2162 1822/680/2163
f 1821/658/2141 1822/680/2163 1823/681/2164
f 1821/658/2141 1823/681/2164 1850/682/2165
f 2797/683/2166 1837/684/2167 1836/685/2168
f 2797/683/2166 2736/686/2169 1837/684/2167
f 1840/687/2170 1838/688/2171 1841/689/2172
f 1838/688/2171 1839/690/2173 1841/689/2172
f 1820/657/2140 1821/658/2141 1846/481/1963
f 1846/481/1963 1850/682/2165 1847/482/1964
f 1846/481/1963 1821/658/2141 1850/682/2165
f 1918/691/2174 1854/488/1970 1865/692/2175
f 1918/691/2174 1853/489/1971 1854/488/1970
f 1824/693/2176 1918/691/2174 1864/694/2177
f 1849/695/2178 1824/693/2176 1864/694/2177
f 1918/691/2174 1865/692/2175 1864/694/2177
f 1918/691/2174 1832/500/1983 1853/489/1971
f 2797/683/2166 1916/696/2179 1908/697/2180
f 1910/698/2181 2797/683/2166 1908/697/2180
f 1915/699/2182 1907/700/2183 1909/701/2184
f 1915/699/2182 1909/701/2184 1918/691/2174
f 2735/702/2185 2823/703/2186 1821/658/2141
f 1911/679/2162 1821/658/2141 2823/703/2186
f 1915/699/2182 1913/704/2187 1907/700/2183
f 1913/704/2187 1915/699/2182 1914/705/2188
f 1824/693/2176 1915/699/2182 1918/691/2174
f 2797/683/2166 1836/685/2168 1917/706/2189
f 1916/696/2179 2797/683/2166 1917/706/2189
f 1839/690/2173 2284/707/2190 2283/708/2191
f 2735/702/2185 1821/658/2141 1819/606/2089
f 1906/709/2192 2822/710/2193 2797/683/2166
f 2797/683/2166 1910/698/2181 1906/709/2192
f 2820/711/2194 2797/683/2166 2822/710/2193
f 2976/712/2195 1834/522/2005 2402/713/2196
f 1842/714/2197 1831/715/2198 1834/522/2005
f 1834/522/2005 1832/500/1983 1842/714/2197
f 2400/716/2199 1833/717/2200 1841/689/2172
f 1839/690/2173 2283/708/2191 1841/689/2172
f 2400/716/2199 1841/689/2172 2283/708/2191
f 1832/500/1983 1834/522/2005 1869/501/1984
f 1834/522/2005 2976/712/2195 1876/502/1985
f 2976/712/2195 2977/503/1986 1876/502/1985
f 2283/708/2191 3030/718/2201 2400/716/2199
f 3030/718/2201 2398/719/2202 2400/716/2199
f 2399/720/2203 2402/713/2196 2401/721/2204
f 1834/522/2005 2401/721/2204 2402/713/2196
f 2397/722/2205 2398/719/2202 3030/718/2201
f 3037/723/2206 2976/712/2195 2402/713/2196
f 1831/715/2198 2401/721/2204 1834/522/2005
f 2969/724/2207 2971/725/2208 2977/503/1986
f 2977/503/1986 2971/725/2208 2464/542/2025
f 2976/712/2195 2969/724/2207 2977/503/1986
f 3012/726/2209 3014/727/2210 3039/728/2211
f 3035/729/2212 2969/724/2207 2976/712/2195
f 3039/728/2211 3014/727/2210 3035/729/2212
f 3035/729/2212 3014/727/2210 2969/724/2207
f 3035/729/2212 2976/712/2195 3037/723/2206
f 2269/730/2213 2268/731/2214 2274/732/2215
f 2268/731/2214 2272/733/2216 2274/732/2215
f 2279/734/2217 2278/735/2218 2277/736/2219
f 2280/737/2220 2275/738/2221 2276/739/2222
f 2797/683/2166 2271/740/2223 2280/737/2220
f 2275/738/2221 2280/737/2220 2271/740/2223
f 2284/707/2190 2282/741/2224 2278/735/2218
f 2284/707/2190 2278/735/2218 2283/708/2191
f 2280/737/2220 2281/742/2225 2285/743/2226
f 2797/683/2166 2280/737/2220 2285/743/2226
f 2284/707/2190 1839/690/2173 2267/744/2227
f 2395/745/2228 2392/746/2229 2376/747/2230
f 2395/745/2228 2376/747/2230 3022/748/2231
f 2279/734/2217 2396/749/2232 2278/735/2218
f 3022/748/2231 3030/718/2201 2395/745/2228
f 2278/735/2218 2396/749/2232 2395/745/2228
f 2278/735/2218 2395/745/2228 2283/708/2191
f 2283/708/2191 2395/745/2228 3030/718/2201
f 2285/743/2226 2266/750/2233 2797/683/2166
f 1835/751/2234 2267/744/2227 1839/690/2173
f 2797/683/2166 2266/750/2233 2736/686/2169
f 2756/752/2235 2757/753/2236 2749/754/2237
f 2269/730/2213 2264/755/2238 2758/756/2239
f 2749/754/2237 2757/753/2236 2265/757/2240
f 2749/754/2237 2271/740/2223 2797/683/2166
f 2265/757/2240 2271/740/2223 2749/754/2237
f 3026/758/2241 3036/759/2242 3030/718/2201
f 1941/760/2243 1951/761/2244 1981/762/2245
f 1981/762/2245 1951/761/2244 1929/763/2246
f 1954/764/2247 1931/765/2248 1932/766/2249
f 1931/765/2248 1948/767/2250 2027/768/2251
f 1932/766/2249 1931/765/2248 2027/768/2251
f 1941/760/2243 1981/762/2245 1933/769/2252
f 1937/770/2253 1939/771/2254 1931/765/2248
f 1936/772/2255 1934/773/2256 1938/774/2257
f 1934/773/2256 1936/772/2255 1941/760/2243
f 1963/775/2258 1944/776/2259 1945/777/2260
f 1963/775/2258 1945/777/2260 1951/761/2244
f 1963/775/2258 1951/761/2244 1941/760/2243
f 1935/778/2261 1963/775/2258 1941/760/2243
f 1941/760/2243 1936/772/2255 1935/778/2261
f 1941/760/2243 1933/769/2252 1934/773/2256
f 2537/779/2262 1843/661/2144 2454/780/2263
f 1843/661/2144 1945/777/2260 1944/776/2259
f 2459/781/2264 2454/780/2263 1843/661/2144
f 2459/781/2264 1843/661/2144 1944/776/2259
f 2461/782/2265 2459/781/2264 1944/776/2259
f 2461/782/2265 1944/776/2259 1943/783/2266
f 1940/784/2267 1931/765/2248 1954/764/2247
f 1940/784/2267 1937/770/2253 1931/765/2248
f 1938/774/2257 1934/773/2256 1946/785/2268
f 1931/765/2248 1939/771/2254 1948/767/2250
f 1939/771/2254 1947/786/2269 1948/767/2250
f 2008/787/2270 1948/767/2250 1947/786/2269
f 1948/767/2250 1949/788/2271 2028/789/2272
f 1948/767/2250 2008/787/2270 1949/788/2271
f 1949/788/2271 2009/790/2273 2029/791/2274
f 2418/792/2275 1954/764/2247 2416/793/2276
f 2416/793/2276 1954/764/2247 1932/766/2249
f 1956/794/2277 1959/795/2278 1954/764/2247
f 1955/796/2279 1956/794/2277 2418/792/2275
f 1943/783/2266 1944/776/2259 1957/797/2280
f 2418/792/2275 1956/794/2277 1954/764/2247
f 1958/798/2281 1957/797/2280 1961/799/2282
f 1961/799/2282 1957/797/2280 1944/776/2259
f 1944/776/2259 1963/775/2258 1961/799/2282
f 1956/794/2277 1960/800/2283 1959/795/2278
f 1960/800/2283 1962/801/2284 1959/795/2278
f 1959/795/2278 1940/784/2267 1954/764/2247
f 1929/763/2246 1951/761/2244 1977/802/2285
f 1951/761/2244 1972/803/2286 1977/802/2285
f 1974/804/2287 1979/545/2028 1978/544/2027
f 1978/544/2027 1930/546/2029 1983/547/2030
f 1981/762/2245 1982/805/2288 1985/806/2289
f 1981/762/2245 1929/763/2246 1982/805/2288
f 1990/548/2031 1986/807/2290 1984/808/2291
f 1988/809/2292 1985/806/2289 1989/810/2293
f 1981/762/2245 1985/806/2289 1988/809/2292
f 1981/762/2245 1988/809/2292 1987/811/2294
f 1996/812/2295 1981/762/2245 1987/811/2294
f 1984/808/2291 1983/547/2030 1990/548/2031
f 1990/548/2031 1991/549/2032 1992/553/2036
f 1993/813/2296 1988/809/2292 1989/810/2293
f 1995/814/2297 1934/773/2256 1994/815/2298
f 1946/785/2268 1934/773/2256 1995/814/2297
f 1934/773/2256 1933/769/2252 1994/815/2298
f 1933/769/2252 1996/812/2295 1994/815/2298
f 1933/769/2252 1981/762/2245 1996/812/2295
f 1997/816/2299 1998/817/2300 2001/818/2301
f 2001/818/2301 1998/817/2300 2000/819/2302
f 2008/787/2270 2001/818/2301 2000/819/2302
f 1947/786/2269 2001/818/2301 2008/787/2270
f 2002/820/2303 2003/821/2304 2004/552/2035
f 2002/820/2303 2004/552/2035 1999/822/2305
f 2004/552/2035 2003/821/2304 1992/553/2036
f 2005/823/2306 1999/822/2305 2004/552/2035
f 2007/824/2307 2004/552/2035 2006/551/2034
f 2007/824/2307 2005/823/2306 2004/552/2035
f 1949/788/2271 2008/787/2270 2009/790/2273
f 2049/571/2054 1932/766/2249 2027/768/2251
f 2027/768/2251 1948/767/2250 2028/789/2272
f 1949/788/2271 2029/791/2274 2028/789/2272
f 2027/768/2251 2028/789/2272 2034/825/2308
f 2033/572/2055 2027/768/2251 2034/825/2308
f 2049/571/2054 2027/768/2251 2033/572/2055
f 2039/826/2309 2416/793/2276 2045/827/2310
f 2045/827/2310 2416/793/2276 1932/766/2249
f 1932/766/2249 2040/828/2311 2045/827/2310
f 2042/829/2312 3046/830/2313 2039/826/2309
f 2046/831/2314 2043/832/2315 2041/833/2316
f 2046/831/2314 2044/834/2317 2043/832/2315
f 3046/830/2313 2042/829/2312 2017/559/2042
f 2017/559/2042 2042/829/2312 2020/560/2043
f 2044/834/2317 2046/831/2314 2048/835/2318
f 2021/836/2319 2044/834/2317 2048/835/2318
f 2014/837/2320 2021/836/2319 2048/835/2318
f 2040/828/2311 1932/766/2249 2049/571/2054
f 2050/838/2321 2040/828/2311 2049/571/2054
f 2048/835/2318 2046/831/2314 2047/839/2322
f 2050/838/2321 2049/571/2054 2051/840/2323
f 2015/841/2324 2051/840/2323 2049/571/2054
f 2434/842/2325 2405/843/2326 2409/844/2327
f 2453/845/2328 2450/846/2329 2406/847/2330
f 2406/847/2330 2450/846/2329 2410/848/2331
f 2410/848/2331 2450/846/2329 2418/792/2275
f 2406/847/2330 2410/848/2331 2411/849/2332
f 2411/849/2332 2410/848/2331 2413/850/2333
f 2408/851/2334 2411/849/2332 2413/850/2333
f 2415/852/2335 2413/850/2333 2410/848/2331
f 2410/848/2331 2418/792/2275 2416/793/2276
f 3057/853/2336 2410/848/2331 2416/793/2276
f 1942/854/2337 1955/796/2279 2417/855/2338
f 2418/792/2275 2417/855/2338 1955/796/2279
f 2421/856/2339 2419/857/2340 2423/858/2341
f 2557/859/2342 2528/860/2343 2439/861/2344
f 2426/862/2345 2425/863/2346 2427/864/2347
f 2419/857/2340 2557/859/2342 2430/865/2348
f 2429/866/2349 2420/867/2350 2428/868/2351
f 2428/868/2351 2426/869/2352 2429/866/2349
f 2432/870/2353 2431/871/2354 2433/872/2355
f 2431/871/2354 2434/842/2325 2433/872/2355
f 2433/872/2355 2422/873/2356 2424/874/2357
f 2486/875/2358 2422/873/2356 2433/872/2355
f 2433/872/2355 2424/874/2357 2432/870/2353
f 2409/844/2327 2435/876/2359 2433/872/2355
f 2433/872/2355 2434/842/2325 2409/844/2327
f 2409/844/2327 2407/877/2360 2435/876/2359
f 2493/878/2361 2435/876/2359 3040/879/2362
f 2493/878/2361 2433/872/2355 2435/876/2359
f 2436/880/2363 2411/849/2332 2408/851/2334
f 2435/876/2359 2412/881/2364 3040/879/2362
f 2439/861/2344 2528/860/2343 2444/882/2365
f 2437/883/2366 2444/882/2365 2528/860/2343
f 2425/863/2346 2440/884/2367 2427/864/2347
f 2427/864/2347 2440/884/2367 2443/885/2368
f 2442/886/2369 2439/861/2344 2444/882/2365
f 2427/864/2347 2443/885/2368 2449/887/2370
f 2449/887/2370 2443/885/2368 2451/888/2371
f 2451/888/2371 2443/885/2368 2455/889/2372
f 2453/845/2328 2448/890/2373 2450/846/2329
f 2445/891/2374 2446/892/2375 2455/889/2372
f 2455/889/2372 2446/892/2375 2454/780/2263
f 2438/893/2376 2454/780/2263 2446/892/2375
f 2454/780/2263 2438/893/2376 2537/779/2262
f 2443/885/2368 2445/891/2374 2455/889/2372
f 2457/894/2377 2455/889/2372 2454/780/2263
f 2450/846/2329 2456/895/2378 2417/855/2338
f 2417/855/2338 2458/896/2379 2460/897/2380
f 2417/855/2338 2460/897/2380 1942/854/2337
f 2450/846/2329 2417/855/2338 2418/792/2275
f 2490/898/2381 2485/899/2382 2483/900/2383
f 2556/901/2384 2490/898/2381 2505/902/2385
f 2477/903/2386 2505/902/2385 2490/898/2381
f 2491/904/2387 2490/898/2381 2421/856/2339
f 2485/899/2382 2490/898/2381 2491/904/2387
f 2486/875/2358 2492/905/2388 2422/873/2356
f 2421/856/2339 2490/898/2381 2556/901/2384
f 2493/878/2361 2486/875/2358 2433/872/2355
f 2526/906/2389 2489/671/2154 2528/860/2343
f 2526/906/2389 2528/860/2343 2527/907/2390
f 2531/908/2391 2528/860/2343 2535/909/2392
f 2529/910/2393 2528/860/2343 2531/908/2391
f 2528/860/2343 2529/910/2393 2437/883/2366
f 2533/911/2394 2532/912/2395 1843/661/2144
f 1843/661/2144 2532/912/2395 2563/664/2147
f 2536/913/2396 2533/911/2394 1843/661/2144
f 2446/892/2375 2530/914/2397 2438/893/2376
f 2537/779/2262 2536/913/2396 1843/661/2144
f 2505/902/2385 2555/915/2398 2556/901/2384
f 2528/860/2343 2555/915/2398 2527/907/2390
f 2421/856/2339 2556/901/2384 2419/857/2340
f 2557/859/2342 2555/915/2398 2528/860/2343
f 2419/857/2340 2556/901/2384 2557/859/2342
f 2556/901/2384 2555/915/2398 2557/859/2342
f 2528/860/2343 2489/671/2154 2558/676/2159
f 2558/676/2159 2559/916/2399 2562/917/2400
f 2535/909/2392 2528/860/2343 2534/918/2401
f 2528/860/2343 2564/919/2402 2534/918/2401
f 2558/676/2159 2562/917/2400 2528/860/2343
f 2562/917/2400 2564/919/2402 2528/860/2343
f 2011/920/2403 2018/921/2404 2012/922/2405
f 3043/923/2406 3057/853/2336 2416/793/2276
f 3045/924/2407 3043/923/2406 2416/793/2276
f 3046/830/2313 3045/924/2407 2416/793/2276
f 3046/830/2313 2416/793/2276 2039/826/2309
f 3058/925/2408 3042/926/2409 3044/927/2410
f 3047/928/2411 3058/925/2408 3044/927/2410
f 3058/925/2408 3047/928/2411 2011/920/2403
f 2414/929/2412 3054/930/2413 3040/879/2362
f 2410/848/2331 3056/931/2414 2415/852/2335
f 2410/848/2331 3057/853/2336 3056/931/2414
f 3054/930/2413 3041/932/2415 3058/925/2408
f 3041/932/2415 3042/926/2409 3058/925/2408
f 1843/661/2144 1844/660/2143 1945/777/2260
f 1844/660/2143 1897/665/2148 1898/933/2416
f 1901/532/2015 1902/934/2417 1921/935/2418
f 1900/530/2013 1902/934/2417 1901/532/2015
f 1902/934/2417 1830/520/2419 1921/935/2418
f 1897/665/2148 1903/936/2420 1905/937/2421
f 1898/933/2416 1897/665/2148 1905/937/2421
f 1952/938/2422 1904/529/2012 1953/533/2016
f 1898/933/2416 1950/939/2423 1844/660/2143
f 1951/761/2244 1844/660/2143 1950/939/2423
f 1945/777/2260 1844/660/2143 1951/761/2244
f 1967/940/2424 1953/533/2016 1926/534/2017
f 1951/761/2244 1950/939/2423 1965/941/2425
f 1964/942/2426 1953/533/2016 1967/940/2424
f 1964/942/2426 1967/940/2424 1966/943/2427
f 1971/944/2428 1964/942/2426 1966/943/2427
f 1971/944/2428 1966/943/2427 1973/945/2429
f 1966/943/2427 1968/946/2430 1973/945/2429
f 1975/947/2431 1973/945/2429 1968/946/2430
f 1979/545/2028 1970/948/2432 1969/538/2021
f 2075/277/1759 2078/279/1761 2323/360/1842
f 2148/350/1832 2151/351/1833 2163/949/2433
f 2167/950/2434 2163/949/2433 2164/951/2435
f 2163/949/2433 2151/351/1833 2164/951/2435
f 2166/952/2436 2167/950/2434 2253/953/2437
f 2253/953/2437 2167/950/2434 2164/951/2435
f 2164/951/2435 2181/954/2438 2253/953/2437
f 2323/360/1842 2250/955/2439 2325/956/2440
f 2323/360/1842 2078/279/1761 2252/957/2441
f 2254/958/2442 2323/360/1842 2252/957/2441
f 2250/955/2439 2323/360/1842 2256/959/2443
f 2323/360/1842 2254/958/2442 2258/960/2444
f 2256/959/2443 2323/360/1842 2258/960/2444
f 2251/961/2445 2253/953/2437 2181/954/2438
f 2251/961/2445 2181/954/2438 2259/962/2446
f 2818/963/2447 2249/964/2448 2257/965/2449
f 2259/962/2446 2181/954/2438 2260/966/2450
f 2818/963/2447 2257/965/2449 2261/967/2451
f 2343/968/2452 2260/966/2450 2181/954/2438
f 2260/966/2450 2343/968/2452 2262/969/2453
f 2250/955/2439 2326/970/2454 2325/956/2440
f 2250/955/2439 2327/971/2455 2326/970/2454
f 2343/968/2452 2181/954/2438 2240/972/2456
f 2818/963/2447 2261/967/2451 2263/973/2457
f 2341/974/2458 2343/968/2452 2342/975/2459
f 2343/968/2452 2831/976/2460 2342/975/2459
f 2753/977/2461 2831/976/2460 2344/978/2462
f 2831/976/2460 2343/968/2452 2344/978/2462
f 2350/979/2463 2269/730/2213 2754/980/2464
f 2706/981/2465 2704/982/2466 2829/983/2467
f 2706/981/2465 2828/984/2468 2703/985/2469
f 2704/982/2466 2706/981/2465 2739/986/2470
f 2745/987/2471 2706/981/2465 2738/988/2472
f 2738/988/2472 2706/981/2465 2703/985/2469
f 2745/987/2471 2738/988/2472 2751/989/2473
f 2831/976/2460 2753/977/2461 2752/990/2474
f 2750/991/2475 2754/980/2464 2755/992/2476
f 2754/980/2464 2269/730/2213 2758/756/2239
f 2755/992/2476 2754/980/2464 2758/756/2239
f 2818/963/2447 2817/993/2477 2249/964/2448
f 2829/983/2467 2828/984/2468 2706/981/2465
f 2826/994/2478 2818/963/2447 2828/984/2468
f 2828/984/2468 2818/963/2447 2703/985/2469
f 2818/963/2447 2830/995/2479 2703/985/2469
f 2826/994/2478 2835/996/2480 2833/997/2481
f 2833/997/2481 2817/993/2477 2818/963/2447
f 2826/994/2478 2833/997/2481 2818/963/2447
f 2331/998/2482 2761/999/2483 2218/1000/2484
f 2288/1001/2485 2135/333/1815 2137/335/1817
f 2287/1002/2486 2286/1003/2487 2292/1004/2488
f 2286/1003/2487 2294/1005/2489 2292/1004/2488
f 2294/1005/2489 2286/1003/2487 2331/998/2482
f 2294/1005/2489 2331/998/2482 2330/1006/2490
f 2330/1006/2490 2331/998/2482 2334/1007/2491
f 2334/1007/2491 2331/998/2482 2217/1008/2492
f 2620/611/2094 2619/1009/2493 2592/1010/2494
f 2620/611/2094 2638/612/2095 2619/1009/2493
f 2663/1011/2495 2662/1012/2496 2661/640/2123
f 2619/1009/2493 2721/1013/2497 2726/1014/2498
f 2619/1009/2493 2638/612/2095 2720/1015/2499
f 2720/1015/2499 2721/1013/2497 2619/1009/2493
f 2331/998/2482 2286/1003/2487 2721/1013/2497
f 2286/1003/2487 2726/1014/2498 2721/1013/2497
f 2731/420/1902 2726/1014/2498 2286/1003/2487
f 2731/420/1902 2286/1003/2487 2130/1016/2500
f 2646/408/1890 2726/1014/2498 2731/420/1902
f 2760/1017/2501 2720/1015/2499 2638/612/2095
f 2761/999/2483 2721/1013/2497 2720/1015/2499
f 2331/998/2482 2721/1013/2497 2761/999/2483
f 2152/1018/2502 2150/342/1824 2304/345/1827
f 2164/951/2435 2151/351/1833 2152/1018/2502
f 2164/951/2435 2304/345/1827 2180/1019/2503
f 2181/954/2438 2164/951/2435 2180/1019/2503
f 2181/954/2438 2180/1019/2503 2244/1020/2504
f 2181/954/2438 2244/1020/2504 2240/972/2456
f 2229/1021/2505 2231/1022/2506 2180/1019/2503
f 2180/1019/2503 2231/1022/2506 2244/1020/2504
f 2231/1022/2506 2242/1023/2507 2244/1020/2504
f 2347/1024/2508 2345/1025/2509 2248/1026/2510
f 2247/1027/2511 2241/1028/2512 2238/1029/2513
f 2299/371/1853 2291/370/1852 2293/1030/2514
f 2299/371/1853 2293/1030/2514 2301/1031/2515
f 2304/345/1827 2297/344/1826 2300/1032/2516
f 2304/345/1827 2300/1032/2516 2302/1033/2517
f 2295/1034/2518 2333/1035/2519 2303/1036/2520
f 2152/1018/2502 2304/345/1827 2164/951/2435
f 2295/1034/2518 2328/1037/2521 2333/1035/2519
f 2333/1035/2519 2328/1037/2521 2332/1038/2522
f 2333/1035/2519 2332/1038/2522 2336/1039/2523
f 2333/1035/2519 2336/1039/2523 2339/1040/2524
f 2336/1039/2523 2224/1041/2525 2339/1040/2524
f 2343/968/2452 2240/972/2456 2344/978/2462
f 2347/1024/2508 2248/1026/2510 2349/1042/2526
f 2350/979/2463 2346/1043/2527 2348/1044/2528
f 2348/1044/2528 2268/731/2214 2350/979/2463
f 2350/979/2463 2268/731/2214 2269/730/2213
f 2302/1033/2517 2337/1045/2529 2353/1046/2530
f 2302/1033/2517 2353/1046/2530 2304/345/1827
f 2338/1047/2531 2340/1048/2532 2352/1049/2533
f 2355/1050/2534 2304/345/1827 2353/1046/2530
f 2304/345/1827 2355/1050/2534 2229/1021/2505
f 2304/345/1827 2229/1021/2505 2180/1019/2503
f 3075/1051/2535 3071/651/2134 2670/653/2136
f 2238/1029/2513 2241/1028/2512 2232/1052/2536
f 3074/1053/2537 3060/648/2131 3072/1054/2538
f 3070/654/2137 3072/1054/2538 3060/648/2131
f 3063/1055/2539 3065/655/2138 3060/648/2131
f 3067/1056/2540 3075/1051/2535 3066/1057/2541
f 2190/1058/2542 2192/1059/2543 2187/1060/2544
f 2194/1061/2545 2185/1062/2546 2186/1063/2547
f 2188/1064/2548 2186/1063/2547 2185/1062/2546
f 2188/1064/2548 2185/1062/2546 2183/1065/2549
f 2761/999/2483 2190/1058/2542 2221/1066/2550
f 2761/999/2483 2767/1067/2551 2190/1058/2542
f 2190/1058/2542 2182/1068/2552 2221/1066/2550
f 2182/1068/2552 2195/1069/2553 2221/1066/2550
f 2194/1061/2545 2193/1070/2554 2630/1071/2555
f 2185/1062/2546 2194/1061/2545 2630/1071/2555
f 2767/1067/2551 2631/1072/2556 2190/1058/2542
f 2187/1060/2544 2182/1068/2552 2190/1058/2542
f 2218/1000/2484 2761/999/2483 2221/1066/2550
f 2220/1073/2557 2219/1074/2558 2222/1075/2559
f 2767/1067/2551 2761/999/2483 2762/1076/2560
f 2631/1072/2556 2767/1067/2551 2566/1077/2561
f 2686/1078/2562 2680/623/2106 2681/625/2108
f 2686/1078/2562 2681/625/2108 2719/1079/2563
f 2760/1017/2501 2638/612/2095 2678/618/2101
f 2760/1017/2501 2762/1076/2560 2720/1015/2499
f 2761/999/2483 2720/1015/2499 2762/1076/2560
f 2769/1080/2564 2762/1076/2560 2760/1017/2501
f 2760/1017/2501 2678/618/2101 2769/1080/2564
f 2678/618/2101 2759/1081/2565 2769/1080/2564
f 2681/625/2108 2763/647/2130 2719/1079/2563
f 2773/1082/2566 2762/1076/2560 2769/1080/2564
f 2767/1067/2551 2762/1076/2560 2773/1082/2566
f 2770/1083/2567 2773/1082/2566 2769/1080/2564
f 2764/1084/2568 2769/1080/2564 2759/1081/2565
f 2764/1084/2568 2770/1083/2567 2769/1080/2564
f 2773/1082/2566 2770/1083/2567 2765/1085/2569
f 2772/1086/2570 2774/646/2129 2515/1087/2571
f 2774/646/2129 2766/643/2126 2515/1087/2571
f 2201/1088/2572 2205/1089/2573 2203/1090/2574
f 2203/1090/2574 2200/1091/2575 2201/1088/2572
f 2203/1090/2574 2205/1089/2573 2207/1092/2576
f 2204/1093/2577 2189/1094/2577 2206/1095/2577
f 2211/1096/2578 2206/1097/2579 2209/1098/2580
f 2210/1099/2581 2212/1100/2582 2208/1101/2583
f 2203/1090/2574 2207/1092/2576 2196/1102/2584
f 2191/1103/2585 2196/1102/2584 2227/1104/2586
f 2227/1104/2586 2196/1102/2584 2366/1105/2587
f 2196/1102/2584 2207/1092/2576 2366/1105/2587
f 2213/1106/2588 2208/1101/2583 2212/1100/2582
f 2212/1100/2582 2215/1107/2589 2213/1106/2588
f 2222/1075/2559 2219/1074/2558 2228/1108/2590
f 2366/1105/2587 2226/1109/2591 2227/1104/2586
f 2366/1105/2587 2377/1110/2592 2378/1111/2593
f 2366/1105/2587 2378/1111/2593 2381/1112/2594
f 2377/1110/2592 2366/1105/2587 2207/1092/2576
f 2379/1113/2595 2214/1114/2596 2376/747/2230
f 2214/1114/2596 3008/1115/2597 2376/747/2230
f 2380/1116/2598 2379/1113/2595 2376/747/2230
f 2375/1117/2599 2380/1116/2598 2376/747/2230
f 2206/1097/2579 2184/1118/2600 2209/1098/2580
f 2209/1098/2580 2949/1119/2601 2956/1120/2602
f 2954/1121/2603 2209/1098/2580 2956/1120/2602
f 2960/1122/2604 2954/1121/2603 2956/1120/2602
f 2215/1107/2589 2212/1100/2582 2959/1123/2605
f 2959/1123/2605 2212/1100/2582 2955/1124/2606
f 2214/1114/2596 2216/1125/2607 2961/1126/2608
f 2214/1114/2596 2961/1126/2608 3008/1115/2597
f 2960/1122/2604 2956/1120/2602 2957/1127/2609
f 2959/1123/2610 2962/1128/2611 2963/1129/2612
f 2962/1128/2611 2964/1130/2613 2966/1131/2614
f 2966/1131/2614 2963/1129/2612 2962/1128/2611
f 2966/1131/2614 2964/1130/2613 2968/1132/2615
f 2958/1133/2616 2991/1134/2617 2965/1135/2618
f 2965/1135/2618 2991/1134/2617 2997/1136/2619
f 2997/1136/2619 2991/1134/2617 2999/1137/2620
f 2964/1130/2613 2995/1138/2621 2968/1132/2615
f 2998/1139/2622 3000/1140/2623 2996/1141/2624
f 2996/1141/2624 3000/1140/2623 3005/1142/2625
f 2996/1141/2624 3005/1142/2625 3016/1143/2626
f 2994/1144/2627 2999/1137/2620 2991/1134/2617
f 2906/1145/2628 2999/1137/2620 2994/1144/2627
f 3006/1146/2629 2999/1137/2620 2906/1145/2628
f 3006/1146/2629 2906/1145/2628 3004/1147/2630
f 3006/1146/2629 3004/1147/2630 3007/1148/2631
f 3009/1149/2632 2376/747/2230 3008/1115/2597
f 2376/747/2230 3009/1149/2632 3022/748/2231
f 3002/1150/2633 2996/1141/2624 3016/1143/2626
f 2967/1151/2634 3003/1152/2635 3008/1115/2597
f 3008/1115/2597 3003/1152/2635 3009/1149/2632
f 3016/1143/2626 3005/1142/2625 3017/1153/2636
f 3015/1154/2637 3016/1143/2626 3017/1153/2636
f 3017/1153/2636 2841/1155/2638 3015/1154/2637
f 3018/1156/2639 3016/1143/2626 3015/1154/2637
f 3033/1157/2640 3019/1158/2641 3039/728/2211
f 3019/1158/2641 3020/1159/2642 3039/728/2211
f 3039/728/2211 3020/1159/2642 3012/726/2209
f 3011/1160/2643 3015/1154/2637 3021/1161/2644
f 3013/1162/2645 3011/1160/2643 3021/1161/2644
f 3021/1161/2644 3015/1154/2637 2841/1155/2638
f 3022/748/2231 3009/1149/2632 3010/1163/2646
f 2477/903/2386 2490/898/2381 2483/900/2383
f 2481/1164/2647 2496/1165/2648 2482/1166/2649
f 2479/1167/2650 2484/1168/2651 2476/1169/2652
f 2508/1170/2653 2476/1169/2652 2484/1168/2651
f 2508/1170/2653 2484/1168/2651 2850/1171/2654
f 2484/1168/2651 2486/875/2358 2493/878/2361
f 2505/902/2385 2477/903/2386 2480/1172/2655
f 2480/1172/2655 2497/1173/2656 2505/902/2385
f 2498/1174/2657 2494/1175/2658 2502/1176/2659
f 2498/1174/2657 2506/1177/2660 2499/1178/2661
f 2503/1179/2662 2501/1180/2663 2505/902/2385
f 2501/1180/2663 2527/907/2390 2505/902/2385
f 2527/907/2390 2501/1180/2663 2573/1181/2664
f 2504/1182/2665 2495/1183/2666 2506/1177/2660
f 2498/1174/2657 2502/1176/2659 2506/1177/2660
f 2504/1182/2665 2506/1177/2660 2502/1176/2659
f 2506/1177/2660 2495/1183/2666 2496/1165/2648
f 2506/1177/2660 2496/1165/2648 2481/1164/2647
f 2476/1169/2652 2508/1170/2653 2507/1184/2667
f 2499/1178/2661 2506/1177/2660 2500/1185/2668
f 2526/906/2389 2524/1186/2669 2525/1187/2670
f 2523/1188/2671 2517/1189/2672 2524/1186/2669
f 2573/1181/2664 2523/1188/2671 2524/1186/2669
f 2524/1186/2669 2527/907/2390 2573/1181/2664
f 2527/907/2390 2524/1186/2669 2526/906/2389
f 2505/902/2385 2527/907/2390 2555/915/2398
f 2565/1190/2673 2567/1191/2674 2630/1071/2555
f 2567/1191/2674 2565/1190/2673 2510/1192/2675
f 2567/1191/2674 2510/1192/2675 2517/1189/2672
f 2984/1193/2676 2567/1191/2674 2517/1189/2672
f 2523/1188/2671 2984/1193/2676 2517/1189/2672
f 2568/1194/2677 2984/1193/2676 2570/1195/2678
f 2569/1196/2679 2572/1197/2680 2494/1175/2658
f 2494/1175/2658 2572/1197/2680 2502/1176/2659
f 2570/1195/2678 2984/1193/2676 2523/1188/2671
f 2571/1198/2681 2570/1195/2678 2523/1188/2671
f 2571/1198/2681 2523/1188/2671 2573/1181/2664
f 2894/1199/2682 2508/1170/2653 2850/1171/2654
f 2894/1199/2682 2850/1171/2654 2851/1200/2683
f 2849/1201/2684 2894/1199/2682 2851/1200/2683
f 2849/1201/2684 2851/1200/2683 2852/1202/2685
f 2988/1203/2686 2494/1175/2658 2499/1178/2661
f 2988/1203/2686 2499/1178/2661 2884/1204/2687
f 2494/1175/2658 2498/1174/2657 2499/1178/2661
f 2885/1205/2688 2988/1203/2686 2884/1204/2687
f 2887/1206/2689 2499/1178/2661 2500/1185/2668
f 2886/1207/2690 2888/1208/2691 2896/1209/2692
f 2886/1207/2690 2896/1209/2692 2890/1210/2693
f 2896/1209/2692 2888/1208/2691 2891/1211/2694
f 2887/1206/2689 2500/1185/2668 2889/1212/2695
f 2500/1185/2668 2908/1213/2696 2889/1212/2695
f 2500/1185/2668 2895/1214/2697 2908/1213/2696
f 2889/1212/2695 2908/1213/2696 2892/1215/2698
f 2908/1213/2696 2895/1214/2697 2897/1216/2699
f 2987/1217/2700 2988/1203/2686 2898/1218/2701
f 2899/1219/2702 2988/1203/2686 2901/1220/2703
f 2898/1218/2701 2988/1203/2686 2899/1219/2702
f 2885/1205/2688 2902/1221/2704 2988/1203/2686
f 2988/1203/2686 2902/1221/2704 2901/1220/2703
f 2903/1222/2705 2900/1223/2706 2904/1224/2707
f 2906/1145/2628 2903/1222/2705 2905/1225/2708
f 2903/1222/2705 2904/1224/2707 2905/1225/2708
f 2890/1210/2693 2896/1209/2692 2905/1225/2708
f 2904/1224/2707 2890/1210/2693 2905/1225/2708
f 2896/1209/2692 2907/1226/2709 2905/1225/2708
f 2907/1226/2709 2849/1201/2684 2909/1227/2710
f 2907/1226/2709 2906/1145/2628 2905/1225/2708
f 3004/1147/2630 2906/1145/2628 2907/1226/2709
f 3004/1147/2630 2907/1226/2709 2909/1227/2710
f 2850/1171/2654 2484/1168/2651 2493/878/2361
f 2909/1227/2710 2849/1201/2684 2852/1202/2685
f 2909/1227/2710 2852/1202/2685 2910/1228/2711
f 2945/1229/2712 2185/1062/2546 2567/1191/2674
f 2567/1191/2674 2946/1230/2713 2945/1229/2712
f 2184/1118/2600 2948/1231/2714 2949/1119/2601
f 2948/1231/2714 2947/1232/2715 2949/1119/2601
f 2567/1191/2674 2984/1193/2676 2950/1233/2716
f 2567/1191/2674 2950/1233/2716 2946/1230/2713
f 2950/1233/2716 2984/1193/2676 2952/1234/2717
f 2949/1119/2601 2947/1232/2715 2951/1235/2718
f 2951/1235/2718 2953/1236/2719 2949/1119/2601
f 2567/1191/2674 2185/1062/2546 2630/1071/2555
f 2209/1098/2580 2184/1118/2600 2949/1119/2601
f 2956/1120/2602 2949/1119/2601 2990/1237/2720
f 2986/1238/2721 2983/1239/2722 2494/1175/2658
f 2952/1234/2717 2984/1193/2676 2985/1240/2723
f 2983/1239/2722 2569/1196/2679 2494/1175/2658
f 2986/1238/2721 2949/1119/2601 2953/1236/2719
f 2986/1238/2721 2494/1175/2658 2988/1203/2686
f 2949/1119/2601 2986/1238/2721 2987/1217/2700
f 2949/1119/2601 2987/1217/2700 2989/1241/2724
f 2949/1119/2601 2989/1241/2724 2990/1237/2720
f 2987/1217/2700 2986/1238/2721 2988/1203/2686
f 2994/1144/2627 2903/1222/2705 2906/1145/2628
f 2335/1242/2725 2220/1073/2557 2222/1075/2559
f 2224/1041/2525 2335/1242/2725 2222/1075/2559
f 2365/1243/2726 2226/1109/2591 2366/1105/2587
f 2233/1244/2727 2236/1245/2728 2235/1246/2729
f 2351/1247/2730 2234/1248/2731 2230/1249/2732
f 2236/1245/2728 2237/1250/2733 2235/1246/2729
f 2232/1052/2536 2235/1246/2729 2238/1029/2513
f 2235/1246/2729 2383/1251/2734 2238/1029/2513
f 2238/1029/2513 2383/1251/2734 2239/1252/2735
f 2349/1042/2526 2390/1253/2736 2273/1254/2737
f 2217/1008/2492 2331/998/2482 2218/1000/2484
f 2336/1039/2523 2335/1242/2725 2224/1041/2525
f 2340/1048/2532 2223/1255/2738 2352/1049/2533
f 2354/1256/2739 2352/1049/2533 2356/1257/2740
f 2354/1256/2739 2234/1248/2731 2351/1247/2730
f 2382/1258/2741 2234/1248/2731 2357/1259/2742
f 2234/1248/2731 2368/1260/2743 2357/1259/2742
f 2382/1258/2741 2357/1259/2742 2359/1261/2744
f 2363/1262/2745 2361/1263/2746 2358/1264/2747
f 2223/1255/2738 2364/1265/2748 2352/1049/2533
f 2223/1255/2738 2225/1266/2749 2364/1265/2748
f 2352/1049/2533 2364/1265/2748 2356/1257/2740
f 2365/1243/2726 2366/1105/2587 2372/1267/2750
f 2234/1248/2731 2354/1256/2739 2368/1260/2743
f 2368/1260/2743 2354/1256/2739 2356/1257/2740
f 2369/1268/2751 2367/1269/2752 2370/1270/2753
f 2369/1268/2751 2370/1270/2753 2371/1271/2754
f 2371/1271/2754 2358/1264/2747 2369/1268/2751
f 2372/1267/2750 2381/1112/2594 2373/1272/2755
f 2358/1264/2747 2371/1271/2754 2363/1262/2745
f 2387/1273/2756 2362/1274/2757 2374/1275/2758
f 2392/746/2229 2375/1117/2599 2376/747/2230
f 2372/1267/2750 2366/1105/2587 2381/1112/2594
f 2374/1275/2758 2373/1272/2755 2381/1112/2594
f 2374/1275/2758 2362/1274/2757 2373/1272/2755
f 2237/1250/2733 2383/1251/2734 2235/1246/2729
f 2384/1276/2759 2360/1277/2760 2385/1278/2761
f 2360/1277/2760 2386/1279/2762 2385/1278/2761
f 2360/1277/2760 2358/1264/2747 2361/1263/2746
f 2386/1279/2762 2360/1277/2760 2361/1263/2746
f 2248/1026/2510 2385/1278/2761 2390/1253/2736
f 2349/1042/2526 2248/1026/2510 2390/1253/2736
f 2385/1278/2761 2386/1279/2762 2389/1280/2763
f 2385/1278/2761 2389/1280/2763 2390/1253/2736
f 2387/1273/2756 2374/1275/2758 2391/1281/2764
f 2387/1273/2756 2391/1281/2764 2388/1282/2765
f 2393/1283/2766 2392/746/2229 2395/745/2228
f 2389/1280/2763 2386/1279/2762 2394/1284/2767
f 2396/749/2232 2393/1283/2766 2395/745/2228
f 2785/255/1735 2309/373/1855 2311/376/1858
f 2581/1285/2768 2580/385/1867 2582/384/1866
f 2636/398/1880 2586/1286/2769 2723/1287/2770
f 2636/398/1880 2607/1288/2771 2586/1286/2769
f 2723/1287/2770 2648/399/1881 2636/398/1880
f 2586/1286/2769 2591/1289/2772 2588/1290/2773
f 2589/1291/2774 2592/1010/2494 2587/1292/2775
f 2593/396/1878 2584/380/1862 2594/1293/2776
f 2597/1294/2777 2598/1295/2778 2606/1296/2779
f 2600/1297/2780 2606/1296/2779 2608/1298/2781
f 2594/1293/2776 2584/380/1862 2603/1299/2782
f 2602/1300/2783 2581/1285/2768 2582/384/1866
f 2602/1300/2783 2582/384/1866 2604/1301/2784
f 2604/1301/2784 2582/384/1866 2605/1302/2785
f 2600/1297/2780 2597/1294/2777 2606/1296/2779
f 2601/1303/2786 2605/1302/2785 2611/1304/2787
f 2600/1297/2780 2608/1298/2781 2610/1305/2788
f 2610/1305/2788 2608/1298/2781 2609/1306/2789
f 2610/1305/2788 2609/1306/2789 2613/1307/2790
f 2615/1308/2791 2612/1309/2792 2611/1304/2787
f 2590/1310/2793 2610/1305/2788 2613/1307/2790
f 2592/1010/2494 2613/1307/2790 2614/1311/2794
f 2613/1307/2790 2592/1010/2494 2590/1310/2793
f 2592/1010/2494 2614/1311/2794 2617/1312/2795
f 2655/1313/2796 2616/1314/2797 2654/1315/2798
f 2605/1302/2785 2618/1316/2799 2611/1304/2787
f 2611/1304/2787 2618/1316/2799 2654/1315/2798
f 2611/1304/2787 2654/1315/2798 2615/1308/2791
f 2616/1314/2797 2615/1308/2791 2654/1315/2798
f 2654/1315/2798 2618/1316/2799 2696/1317/2800
f 2633/1318/2801 2632/386/1868 2593/396/1878
f 2596/1319/2802 2634/1320/2803 2595/1321/2802
f 2636/398/1880 2599/1322/2804 2607/1288/2771
f 2592/1010/2494 2660/1323/2805 2620/611/2094
f 2617/1312/2795 2653/1324/2806 2658/1325/2807
f 2592/1010/2494 2617/1312/2795 2660/1323/2805
f 2617/1312/2795 2658/1325/2807 2660/1323/2805
f 2657/1326/2808 2620/611/2094 2660/1323/2805
f 2661/640/2123 2654/1315/2798 2696/1317/2800
f 2661/640/2123 2659/1327/2809 2654/1315/2798
f 2661/640/2123 2656/1328/2810 2659/1327/2809
f 2656/1328/2810 2661/640/2123 2662/1012/2496
f 2666/1329/2811 2663/1011/2495 2661/640/2123
f 2666/1329/2811 2661/640/2123 2673/616/2099
f 2673/616/2099 2667/1330/2812 2666/1329/2811
f 2618/1316/2799 2605/1302/2785 2582/384/1866
f 2592/1010/2494 2619/1009/2493 2587/1292/2775
f 2648/399/1881 2723/1287/2770 2734/1331/2813
f 2723/1287/2770 2586/1286/2769 2588/1290/2773
f 2728/1332/2814 2588/1290/2773 2725/1333/2815
f 2723/1287/2770 2588/1290/2773 2728/1332/2814
f 2723/1287/2770 2728/1332/2814 2727/1334/2816
f 2726/1014/2498 2646/408/1890 2724/1335/2817
f 2825/1336/2818 2705/1337/2819 2740/1338/2820
f 2741/1339/2821 2739/986/2470 2706/981/2465
f 2722/641/2124 2825/1336/2818 2740/1338/2820
f 2722/641/2124 2740/1338/2820 2737/1340/2822
f 2776/1341/2823 2775/237/1717 2784/239/1719
f 2582/384/1866 2775/237/1717 2781/1342/2824
f 2778/1343/2825 2786/242/1722 2780/1344/2826
f 2781/1342/2824 2775/237/1717 2779/1345/2827
f 2777/1346/2828 2783/240/1720 2786/242/1722
f 2778/1343/2825 2777/1346/2828 2786/242/1722
f 2780/1344/2826 2786/242/1722 2782/1347/2829
f 2782/1347/2829 2786/242/1722 2255/1348/2830
f 2312/1349/2831 2786/242/1722 2310/1350/2832
f 2786/242/1722 2312/1349/2831 2255/1348/2830
f 2618/1316/2799 2582/384/1866 2781/1342/2824
f 2816/1351/2833 2781/1342/2824 2814/1352/2834
f 2816/1351/2833 2618/1316/2799 2781/1342/2824
f 2815/1353/2835 2782/1347/2829 2255/1348/2830
f 2817/993/2477 2815/1353/2835 2249/964/2448
f 2815/1353/2835 2255/1348/2830 2249/964/2448
f 2661/640/2123 2696/1317/2800 2722/641/2124
f 2832/1354/2836 2834/1355/2837 2696/1317/2800
f 2696/1317/2800 2834/1355/2837 2824/1356/2838
f 2825/1336/2818 2696/1317/2800 2824/1356/2838
f 2824/1356/2838 2834/1355/2837 2827/1357/2839
f 2722/641/2124 2696/1317/2800 2825/1336/2818
f 2696/1317/2800 2618/1316/2799 2832/1354/2836
f 2618/1316/2799 2816/1351/2833 2832/1354/2836
f 2675/1358/2840 3066/1057/2541 3075/1051/2535
f 3075/1051/2535 2670/653/2136 2675/1358/2840
f 3066/1057/2541 2675/1358/2840 3062/1359/2841
f 2853/582/2065 2859/1360/2842 2861/584/2067
f 2861/584/2067 2864/1361/2843 2860/583/2066
f 2493/878/2361 3040/879/2362 2850/1171/2654
f 2850/1171/2654 3040/879/2362 2921/1362/2844
f 2851/1200/2683 2850/1171/2654 2852/1202/2685
f 2850/1171/2654 2910/1228/2711 2852/1202/2685
f 2910/1228/2711 2922/1363/2845 2911/1364/2846
f 2910/1228/2711 2850/1171/2654 2922/1363/2845
f 2916/1365/2847 2925/1366/2848 2920/1367/2849
f 2853/582/2065 2917/1368/2850 2919/1369/2851
f 2853/582/2065 2919/1369/2851 2859/1360/2842
f 2922/1363/2845 2850/1171/2654 2921/1362/2844
f 2919/1369/2851 2924/1370/2852 2923/1371/2853
f 2859/1360/2842 2919/1369/2851 2923/1371/2853
f 2859/1360/2842 2923/1371/2853 2926/1372/2854
f 3053/602/2085 3058/925/2408 2011/920/2403
f 3053/602/2085 2011/920/2403 2012/922/2405
f 2927/1373/2855 2921/1362/2844 3040/879/2362
f 2927/1373/2855 3040/879/2362 2877/1374/2856
f 2865/1375/2857 3059/1376/2858 3048/601/2084
f 3049/1377/2859 2865/1375/2857 3048/601/2084
f 3048/601/2084 3059/1376/2858 3058/925/2408
f 3048/601/2084 3058/925/2408 3053/602/2085
f 3054/930/2413 2877/1374/2856 3040/879/2362
f 2877/1374/2856 3054/930/2413 3058/925/2408
f 3059/1376/2858 2877/1374/2856 3058/925/2408
f 2862/1378/2860 2877/1374/2856 2865/1375/2857
f 2877/1374/2856 3059/1376/2858 2865/1375/2857
f 2487/1379/2861 2488/669/2152 2489/671/2154
f 2512/1380/2862 2487/1379/2861 2526/906/2389
f 2487/1379/2861 2512/1380/2862 2545/1381/2863
f 2526/906/2389 2487/1379/2861 2489/671/2154
f 2488/669/2152 2487/1379/2861 2466/1382/2864
f 2466/1382/2864 2465/1383/2865 2488/669/2152
f 2514/1384/2866 2513/1385/2867 2515/1087/2571
f 2510/1192/2675 2516/1386/2868 2517/1189/2672
f 2513/1385/2867 2509/1387/2869 2515/1087/2571
f 2521/1388/2870 2517/1189/2672 2516/1386/2868
f 2525/1187/2670 2517/1189/2672 2521/1388/2870
f 2524/1186/2669 2517/1189/2672 2525/1187/2670
f 2515/1087/2571 2766/643/2126 2520/1389/2871
f 2518/1390/2872 2515/1087/2571 2520/1389/2871
f 2519/1391/2873 2526/906/2389 2525/1187/2670
f 2512/1380/2862 2526/906/2389 2519/1391/2873
f 2515/1087/2571 2518/1390/2872 2522/1392/2874
f 2521/1388/2870 2519/1391/2873 2525/1187/2670
f 2539/645/2128 2553/1393/2875 2538/644/2127
f 2520/1389/2871 2766/643/2126 2538/644/2127
f 2511/1394/2876 2520/1389/2871 2538/644/2127
f 2553/1393/2875 2540/1395/2877 2543/1396/2878
f 2538/644/2127 2553/1393/2875 2543/1396/2878
f 2548/1397/2879 2538/644/2127 2543/1396/2878
f 2512/1380/2862 2546/1398/2880 2545/1381/2863
f 2545/1381/2863 2541/1399/2881 2487/1379/2861
f 2548/1397/2879 2543/1396/2878 3080/1400/2882
f 2767/1067/2551 2773/1082/2566 2768/1401/2883
f 2515/1087/2571 2509/1387/2869 2772/1086/2570
f 3079/1402/2884 2549/1403/2885 3083/1404/2886
f 3083/1404/2886 3028/1405/2887 3079/1402/2884
f 3083/1404/2886 2549/1403/2885 2551/1406/2888
f 2547/1407/2889 3024/1408/2890 3088/1409/2891
f 3082/1410/2892 3024/1408/2890 2547/1407/2889
f 3084/1411/2893 3024/1408/2890 3082/1410/2892
f 2551/1406/2888 3085/1412/2894 3083/1404/2886
f 3079/1402/2884 2542/1413/2895 2549/1403/2885
f 2742/1414/2896 2722/641/2124 2737/1340/2822
f 2743/1415/2897 2741/1339/2821 2706/981/2465
f 2746/1416/2898 2706/981/2465 2745/987/2471
f 2748/1417/2899 2756/752/2235 2749/754/2237
f 2690/605/2088 2735/702/2185 1819/606/2089
f 2735/702/2185 2690/605/2088 2744/1418/2900
f 2690/605/2088 2742/1414/2896 2744/1418/2900
f 2742/1414/2896 2690/605/2088 2722/641/2124
f 2743/1415/2897 2706/981/2465 2787/1419/2901
f 2706/981/2465 2746/1416/2898 2747/1420/2902
f 2747/1420/2902 2790/1421/2903 2706/981/2465
f 2792/1422/2904 2787/1419/2901 2706/981/2465
f 2744/1418/2900 2788/1423/2905 2793/1424/2906
f 2792/1422/2904 2706/981/2465 2790/1421/2903
f 2792/1425/2907 2795/1426/2908 2821/1427/2909
f 2789/1428/2910 2797/683/2166 2794/1429/2911
f 2794/1429/2911 2797/683/2166 2820/711/2194
f 2796/1430/2912 2749/754/2237 2797/683/2166
f 2797/683/2166 2789/1428/2910 2796/1430/2912
f 2744/1418/2900 2793/1424/2906 2735/702/2185
f 2821/1427/2909 2795/1426/2908 2819/1431/2913
f 2836/1432/2914 2854/1433/2915 2843/1434/2916
f 2981/1435/2917 2843/1434/2916 2854/1433/2915
f 2838/1436/2918 2912/1437/2919 2932/1438/2920
f 3007/1148/2631 3004/1147/2630 2840/1439/2921
f 2847/1440/2922 2844/1441/2923 2943/1442/2924
f 2846/1443/2925 2844/1441/2923 2847/1440/2922
f 2843/1434/2916 2845/1444/2926 2836/1432/2914
f 2943/1442/2924 2848/1445/2927 2847/1440/2922
f 2943/1442/2924 2853/582/2065 2848/1445/2927
f 2848/1445/2927 2853/582/2065 2855/1446/2928
f 2855/1446/2928 2853/582/2065 2857/581/2064
f 2854/1433/2915 2836/1432/2914 2856/579/2062
f 2876/1447/2929 2854/1433/2915 2856/579/2062
f 2876/1447/2929 2856/579/2062 2881/578/2061
f 2874/590/2073 2980/1448/2930 2875/1449/2931
f 2913/1450/2932 2917/1368/2850 2943/1442/2924
f 2916/1365/2847 2912/1437/2919 2838/1436/2918
f 2916/1365/2847 2838/1436/2918 2925/1366/2848
f 2943/1442/2924 2917/1368/2850 2853/582/2065
f 2929/1451/2933 2841/1155/2638 2930/1452/2934
f 3021/1161/2644 2841/1155/2638 2929/1451/2933
f 2931/1453/2935 2909/1227/2710 2933/1454/2936
f 2909/1227/2710 2910/1228/2711 2933/1454/2936
f 2942/1455/2937 2929/1451/2933 2912/1437/2919
f 2912/1437/2919 2929/1451/2933 2932/1438/2920
f 2970/1456/2938 3013/1162/2645 3021/1161/2644
f 2970/1456/2938 3021/1161/2644 2942/1455/2937
f 2928/1457/2939 2970/1456/2938 2942/1455/2937
f 2928/1457/2939 2942/1455/2937 2936/1458/2940
f 2929/1451/2933 2942/1455/2937 3021/1161/2644
f 2940/1459/2941 2944/1460/2942 2842/1461/2943
f 2935/1462/2944 2941/1463/2945 2972/1464/2946
f 2939/1465/2947 2934/1466/2948 2943/1442/2924
f 2938/1467/2949 2944/1460/2942 2940/1459/2941
f 2939/1465/2947 2943/1442/2924 2844/1441/2923
f 2869/576/2059 2974/1468/2950 2872/592/2075
f 2972/1464/2946 2941/1463/2945 2978/1469/2951
f 2979/1470/2952 2843/1434/2916 2981/1435/2917
f 2975/589/2072 2972/1464/2946 2980/1448/2930
f 2980/1448/2930 2972/1464/2946 2978/1469/2951
f 2975/589/2072 2980/1448/2930 2874/590/2073
f 2982/1471/2953 2980/1448/2930 2978/1469/2951
f 2837/1472/2954 2980/1448/2930 2982/1471/2953
f 3034/1473/2955 3086/1474/2956 3027/1475/2956
f 3010/1163/2646 3026/758/2241 3022/748/2231
f 3024/1408/2890 3087/1476/2957 3088/1409/2891
f 3022/748/2231 3026/758/2241 3030/718/2201
f 3036/759/2242 2397/722/2205 3030/718/2201
f 3026/758/2241 3029/1477/2958 3036/759/2242
f 3036/759/2242 3038/1478/2959 2397/722/2205
f 3084/1411/2893 3031/1479/2960 3024/1408/2890
l 134 135
l 1263 761
l 522 520
l 538 540
l 338 340
l 366 368
l 897 895
l 903 904
l 905 908
l 621 609
l 701 699
l 1520 1523
l 654 659
l 658 660
l 1000 1002
l 1371 1373
l 1393 1394
l 1487 1488
l 188 189
l 205 207
l 513 515
l 549 551
l 556 557
l 525 571
l 578 581
l 1106 1107
l 331 272
l 342 343
l 1525 1532
l 926 928
l 726 727
l 871 1511
l 429 432
l 750 785
l 1533 1534
l 1227 1228
l 655 653
l 1421 1457
l 1448 1449
l 1449 1450
l 1184 1185
l 527 530
l 564 567
l 1166 1164
l 702 1530
l 653 658
l 1348 1349
l 1005 1006
l 1369 1370
l 135 132
l 250 251
l 514 516
l 27 1106
l 279 281
l 1529 1524
l 934 938
l 1536 1537
l 1243 1247
l 1374 1372
l 1295 1386
l 1479 1481
l 1678 1679
l 2807 2305
l 2066 2064
l 2082 2084
l 1882 1884
l 1910 1912
l 2441 2439
l 2447 2448
l 2449 2452
l 2165 2153
l 2245 2243
l 3064 3067
l 2198 2203
l 2202 2204
l 2544 2546
l 2915 2917
l 2937 2938
l 3031 3032
l 1732 1733
l 1749 1751
l 2057 2059
l 2093 2095
l 2100 2101
l 2069 2115
l 2122 2125
l 2650 2651
l 1875 1816
l 1886 1887
l 3069 3076
l 2470 2472
l 2270 2271
l 2415 3055
l 1973 1976
l 2294 2329
l 3077 3078
l 2771 2772
l 2199 2197
l 2965 3001
l 2992 2993
l 2993 2994
l 2728 2729
l 2071 2074
l 2108 2111
l 2710 2708
l 2246 3074
l 2197 2202
l 2892 2893
l 2549 2550
l 2913 2914
l 1679 1676
l 1794 1795
l 2058 2060
l 1571 2650
l 1823 1825
l 3073 3068
l 2478 2482
l 3080 3081
l 2787 2791
l 2918 2916
l 2839 2930
l 3023 3025
